Date,Hour,Day,Load_kW,BattSoC_Wh,PV_to_Batt_kWh,PV_to_Load_kWh,PV_total_kWh,Grid_kWh,Batt_to_Load_kWh,eta_inv_vec
2025-01-01,0,Wednesday,7.00747450509898,77824.0,0.0,0.0,0.0,7.00747450509898,0.0,0.0
2025-01-01,1,Wednesday,7.00747450509898,77824.0,0.0,0.0,0.0,7.00747450509898,0.0,0.0
2025-01-01,2,Wednesday,7.1362207558488295,77824.0,0.0,0.0,0.0,7.1362207558488295,0.0,0.0
2025-01-01,3,Wednesday,7.283359328134372,77824.0,0.0,0.0,0.0,7.283359328134372,0.0,0.0
2025-01-01,4,Wednesday,7.283359328134372,77824.0,0.0,0.0,0.0,7.283359328134372,0.0,0.0
2025-01-01,5,Wednesday,7.412105578884224,77824.0,0.0,0.0,0.0,7.412105578884224,0.0,0.0
2025-01-01,6,Wednesday,7.7063827234553095,77824.0,0.0,0.0,0.0,7.7063827234553095,0.0,0.0
2025-01-01,7,Wednesday,7.7063827234553095,77824.0,0.0,0.022342735154653282,0.022342735154653282,7.686855172930143,0.0,0.0
2025-01-01,8,Wednesday,7.982267546490701,77824.0,0.0,0.9820418103276652,0.9820418103276652,7.123963004264321,0.0,0.937015060670328
2025-01-01,9,Wednesday,7.982267546490701,77824.0,0.0,2.1698001156516695,2.1698001156516695,6.050788928831359,0.0,0.9479304851351759
2025-01-01,10,Wednesday,8.111013797240552,77824.0,0.0,3.072559515803624,3.072559515803624,5.344069606439244,0.0,0.9435799892227318
2025-01-01,11,Wednesday,8.111013797240552,77824.0,0.0,2.71712706034187,2.71712706034187,5.675378411042087,0.0,0.9457640280733319
2025-01-01,12,Wednesday,8.258152369526094,77824.0,0.0,3.429972515721178,3.429972515721178,5.176404978009277,0.0,0.9409934166178268
2025-01-01,13,Wednesday,8.258152369526094,77824.0,0.0,2.972937941898459,2.972937941898459,5.600513089753283,0.0,0.9442371861374328
2025-01-01,14,Wednesday,8.111013797240552,77824.0,0.0,3.210995740315363,3.210995740315363,5.230669293832625,0.0,0.9426174387083655
2025-01-01,15,Wednesday,8.111013797240552,77824.0,0.0,2.078001351878874,2.078001351878874,6.250191500896997,0.0,0.9480837348997699
2025-01-01,16,Wednesday,7.982267546490701,77824.0,0.0,0.9700636603396776,0.9700636603396776,7.108551047214586,0.0,0.9365999607637134
2025-01-01,17,Wednesday,7.982267546490701,77824.0,0.0,0.033043528687869486,0.033043528687869486,7.952866407201776,0.0,0.0
2025-01-01,18,Wednesday,7.835128974205158,77824.0,0.0,0.0,0.0,7.835128974205158,0.0,0.0
2025-01-01,19,Wednesday,7.7063827234553095,77824.0,0.0,0.0,0.0,7.7063827234553095,0.0,0.0
2025-01-01,20,Wednesday,7.559244151169766,77824.0,0.0,0.0,0.0,7.559244151169766,0.0,0.0
2025-01-01,21,Wednesday,7.283359328134372,77824.0,0.0,0.0,0.0,7.283359328134372,0.0,0.0
2025-01-01,22,Wednesday,7.1362207558488295,77824.0,0.0,0.0,0.0,7.1362207558488295,0.0,0.0
2025-01-01,23,Wednesday,7.00747450509898,77824.0,0.0,0.0,0.0,7.00747450509898,0.0,0.0
2025-01-02,0,Thursday,7.00747450509898,77824.0,0.0,0.0,0.0,7.00747450509898,0.0,0.0
2025-01-02,1,Thursday,7.00747450509898,77824.0,0.0,0.0,0.0,7.00747450509898,0.0,0.0
2025-01-02,2,Thursday,7.1362207558488295,77824.0,0.0,0.0,0.0,7.1362207558488295,0.0,0.0
2025-01-02,3,Thursday,7.283359328134372,77824.0,0.0,0.0,0.0,7.283359328134372,0.0,0.0
2025-01-02,4,Thursday,7.283359328134372,77824.0,0.0,0.0,0.0,7.283359328134372,0.0,0.0
2025-01-02,5,Thursday,7.412105578884224,77824.0,0.0,0.0,0.0,7.412105578884224,0.0,0.0
2025-01-02,6,Thursday,7.7063827234553095,77824.0,0.0,0.0,0.0,7.7063827234553095,0.0,0.0
2025-01-02,7,Thursday,7.7063827234553095,77824.0,0.0,0.05626947298942206,0.05626947298942206,7.657203204062554,0.0,0.2125371033149003
2025-01-02,8,Thursday,7.982267546490701,77824.0,0.0,1.0416996323428849,1.0416996323428849,7.771937715227465,0.0,0.938893545249685
2025-01-02,9,Thursday,7.982267546490701,77824.0,0.0,2.243375613748804,2.243375613748804,5.981291207337364,0.0,0.9477548812467141
2025-01-02,10,Thursday,8.111013797240552,77824.0,0.0,3.096004381572566,3.096004381572566,5.323473195493769,0.0,0.9434208488507934
2025-01-02,11,Thursday,8.111013797240552,77824.0,0.0,4.144359399941411,4.144359399941411,4.396632487356836,0.0,0.9350543125185853
2025-01-02,12,Thursday,8.258152369526094,77824.0,0.0,4.065631009098633,4.065631009098633,4.646645851767478,0.0,0.9357468176490615
2025-01-02,13,Thursday,8.258152369526094,77824.0,0.0,3.9859958299423135,3.9859958299423135,4.714763602146692,0.0,0.936439060609126
2025-01-02,14,Thursday,8.111013797240552,77824.0,0.0,3.2975508667830282,3.2975508667830282,5.177456133039501,0.0,0.9419893565169729
2025-01-02,15,Thursday,8.111013797240552,77824.0,0.0,2.3236945965647844,2.3236945965647844,6.031562998368526,0.0,0.9475152373610318
2025-01-02,16,Thursday,7.982267546490701,77824.0,0.0,1.5977302532685718,1.5977302532685718,6.544087474334262,0.0,0.9472122141238378
2025-01-02,17,Thursday,7.982267546490701,77824.0,0.0,0.14359368243417342,0.14359368243417342,7.853054541111666,0.0,0.6857084856956958
2025-01-02,18,Thursday,7.835128974205158,77824.0,0.0,0.0,0.0,7.835128974205158,0.0,0.0
2025-01-02,19,Thursday,6.0,71302.26086956522,0.0,0.0,0.0,0.0,6.521739130434782,0.9082345737162401
2025-01-02,20,Thursday,6.0,64696.038013007696,0.0,0.0,0.0,0.0,6.606222856557519,0.9073024996154092
2025-01-02,21,Thursday,6.0,58083.02856737815,0.0,0.0,0.0,0.0,6.613009445629547,0.9072275353639845
2025-01-02,22,Thursday,6.0,51469.47268848525,0.0,0.0,0.0,0.0,6.613555878892904,0.907221498917243
2025-01-02,23,Thursday,6.0,44855.872804486775,0.0,0.0,0.0,0.0,6.613599883998474,0.9072210127892202
2025-01-03,0,Friday,6.0,38242.26937663714,0.0,0.0,0.0,0.0,6.613603427849631,0.9072209736399804
2025-01-03,1,Friday,6.0,31628.665663391166,0.0,0.0,0.0,0.0,6.613603713245971,0.9072209704871814
2025-01-03,2,Friday,6.0,25015.06192716142,0.0,0.0,0.0,0.0,6.613603736229747,0.9072209702332776
2025-01-03,3,Friday,7.283359328134372,25015.06192716142,0.0,0.0,0.0,7.283359328134372,0.0,0.0
2025-01-03,4,Friday,7.283359328134372,25015.06192716142,0.0,0.0,0.0,7.283359328134372,0.0,0.0
2025-01-03,5,Friday,7.412105578884224,25015.06192716142,0.0,0.0,0.0,7.412105578884224,0.0,0.0
2025-01-03,6,Friday,7.7063827234553095,25015.06192716142,0.0,0.0,0.0,7.7063827234553095,0.0,0.0
2025-01-03,7,Friday,7.7063827234553095,25072.079722609822,0.06736507023676983,0.0,0.06736507023676983,7.7063827234553095,0.0,0.0
2025-01-03,8,Friday,7.982267546490701,25936.24499980863,1.0209892216432026,0.0,1.0209892216432026,7.982267546490701,0.0,0.0
2025-01-03,9,Friday,7.982267546490701,28309.217642153308,2.803606619027265,0.0,2.803606619027265,7.982267546490701,0.0,0.0
2025-01-03,10,Friday,8.111013797240552,31087.97470482354,3.2830305560848694,0.0,3.2830305560848694,8.111013797240552,0.0,0.0
2025-01-03,11,Friday,8.111013797240552,33105.3383062032,2.383463612216041,0.0,2.383463612216041,8.111013797240552,0.0,0.0
2025-01-03,12,Friday,8.258152369526094,33645.276552088064,0.6379232583705842,0.0,0.6379232583705842,8.258152369526094,0.0,0.0
2025-01-03,13,Friday,8.258152369526094,36092.07332122726,2.890827940854443,0.0,2.890827940854443,8.258152369526094,0.0,0.0
2025-01-03,14,Friday,8.111013797240552,39030.50761347843,3.4716851278960013,0.0,3.4716851278960013,8.111013797240552,0.0,0.0
2025-01-03,15,Friday,8.111013797240552,41149.956283581094,2.504074515716753,0.0,2.504074515716753,8.111013797240552,0.0,0.0
2025-01-03,16,Friday,7.982267546490701,41941.706636078445,0.9354328361263635,0.0,0.9354328361263635,7.982267546490701,0.0,0.0
2025-01-03,17,Friday,7.982267546490701,41988.54087307016,0.055333455803060476,0.0,0.055333455803060476,7.982267546490701,0.0,0.0
2025-01-03,18,Friday,7.835128974205158,41988.54087307016,0.0,0.0,0.0,7.835128974205158,0.0,0.0
2025-01-03,19,Friday,7.7063827234553095,41988.54087307016,0.0,0.0,0.0,7.7063827234553095,0.0,0.0
2025-01-03,20,Friday,7.559244151169766,41988.54087307016,0.0,0.0,0.0,7.559244151169766,0.0,0.0
2025-01-03,21,Friday,7.283359328134372,41988.54087307016,0.0,0.0,0.0,7.283359328134372,0.0,0.0
2025-01-03,22,Friday,7.1362207558488295,41988.54087307016,0.0,0.0,0.0,7.1362207558488295,0.0,0.0
2025-01-03,23,Friday,7.00747450509898,41988.54087307016,0.0,0.0,0.0,7.00747450509898,0.0,0.0
2025-01-04,0,Saturday,7.00747450509898,41988.54087307016,0.0,0.0,0.0,7.00747450509898,0.0,0.0
2025-01-04,1,Saturday,7.00747450509898,41988.54087307016,0.0,0.0,0.0,7.00747450509898,0.0,0.0
2025-01-04,2,Saturday,7.1362207558488295,41988.54087307016,0.0,0.0,0.0,7.1362207558488295,0.0,0.0
2025-01-04,3,Saturday,7.283359328134372,41988.54087307016,0.0,0.0,0.0,7.283359328134372,0.0,0.0
2025-01-04,4,Saturday,7.283359328134372,41988.54087307016,0.0,0.0,0.0,7.283359328134372,0.0,0.0
2025-01-04,5,Saturday,7.412105578884224,41988.54087307016,0.0,0.0,0.0,7.412105578884224,0.0,0.0
2025-01-04,6,Saturday,7.7063827234553095,41988.54087307016,0.0,0.0,0.0,7.7063827234553095,0.0,0.0
2025-01-04,7,Saturday,7.7063827234553095,42017.02027385343,0.03364768523543015,0.0,0.03364768523543015,7.7063827234553095,0.0,0.0
2025-01-04,8,Saturday,7.982267546490701,42498.296285974466,0.5686153262299629,0.0,0.5686153262299629,7.982267546490701,0.0,0.0
2025-01-04,9,Saturday,7.982267546490701,43894.20748784162,1.6492334615632644,0.0,1.6492334615632644,7.982267546490701,0.0,0.0
2025-01-04,10,Saturday,8.111013797240552,46053.75438381695,2.5514495462846547,0.0,2.5514495462846547,8.111013797240552,0.0,0.0
2025-01-04,11,Saturday,8.111013797240552,48464.82231353561,2.848615228873646,0.0,2.848615228873646,8.111013797240552,0.0,0.0
2025-01-04,12,Saturday,8.258152369526094,50573.38814009458,2.491216713798415,0.0,2.491216713798415,8.258152369526094,0.0,0.0
2025-01-04,13,Saturday,8.258152369526094,52489.14382972917,2.2634164575077724,0.0,2.2634164575077724,8.258152369526094,0.0,0.0
2025-01-04,14,Saturday,8.111013797240552,54284.00959654007,2.120588098784143,0.0,2.120588098784143,8.111013797240552,0.0,0.0
2025-01-04,15,Saturday,8.111013797240552,55527.29895348777,1.4689146466773473,0.0,1.4689146466773473,8.111013797240552,0.0,0.0
2025-01-04,16,Saturday,7.982267546490701,56274.416603212194,0.8827004368199705,0.0,0.8827004368199705,7.982267546490701,0.0,0.0
2025-01-04,17,Saturday,7.982267546490701,56302.61511715078,0.033315824596629226,0.0,0.033315824596629226,7.982267546490701,0.0,0.0
2025-01-04,18,Saturday,7.835128974205158,56302.61511715078,0.0,0.0,0.0,7.835128974205158,0.0,0.0
2025-01-04,19,Saturday,7.7063827234553095,56302.61511715078,0.0,0.0,0.0,7.7063827234553095,0.0,0.0
2025-01-04,20,Saturday,7.559244151169766,56302.61511715078,0.0,0.0,0.0,7.559244151169766,0.0,0.0
2025-01-04,21,Saturday,7.283359328134372,56302.61511715078,0.0,0.0,0.0,7.283359328134372,0.0,0.0
2025-01-04,22,Saturday,7.1362207558488295,56302.61511715078,0.0,0.0,0.0,7.1362207558488295,0.0,0.0
2025-01-04,23,Saturday,7.00747450509898,56302.61511715078,0.0,0.0,0.0,7.00747450509898,0.0,0.0
2025-01-05,0,Sunday,7.00747450509898,56302.61511715078,0.0,0.0,0.0,7.00747450509898,0.0,0.0
2025-01-05,1,Sunday,7.00747450509898,56302.61511715078,0.0,0.0,0.0,7.00747450509898,0.0,0.0
2025-01-05,2,Sunday,7.1362207558488295,56302.61511715078,0.0,0.0,0.0,7.1362207558488295,0.0,0.0
2025-01-05,3,Sunday,7.283359328134372,56302.61511715078,0.0,0.0,0.0,7.283359328134372,0.0,0.0
2025-01-05,4,Sunday,7.283359328134372,56302.61511715078,0.0,0.0,0.0,7.283359328134372,0.0,0.0
2025-01-05,5,Sunday,7.412105578884224,56302.61511715078,0.0,0.0,0.0,7.412105578884224,0.0,0.0
2025-01-05,6,Sunday,7.7063827234553095,56302.61511715078,0.0,0.0,0.0,7.7063827234553095,0.0,0.0
2025-01-05,7,Sunday,7.7063827234553095,56350.45766589262,0.05652475040388431,0.0,0.05652475040388431,7.7063827234553095,0.0,0.0
2025-01-05,8,Sunday,7.982267546490701,57210.43061745117,1.016036095886755,0.0,1.016036095886755,7.982267546490701,0.0,0.0
2025-01-05,9,Sunday,7.982267546490701,59057.474939078325,2.18223572971072,0.0,2.18223572971072,7.982267546490701,0.0,0.0
2025-01-05,10,Sunday,8.111013797240552,62215.20640117898,3.7307791376425437,0.0,3.7307791376425437,8.111013797240552,0.0,0.0
2025-01-05,11,Sunday,8.111013797240552,65732.91427601298,4.156082082743393,0.0,4.156082082743393,8.111013797240552,0.0,0.0
2025-01-05,12,Sunday,8.258152369526094,69465.47829083586,4.409929129044053,0.0,4.409929129044053,8.258152369526094,0.0,0.0
2025-01-05,13,Sunday,8.258152369526094,72798.199911892,3.9375255447260797,0.0,3.9375255447260797,8.258152369526094,0.0,0.0
2025-01-05,14,Sunday,8.111013797240552,74896.68063662638,2.479301423362903,0.0,2.479301423362903,8.111013797240552,0.0,0.0
2025-01-05,15,Sunday,8.111013797240552,76276.08972612482,1.6297366369310615,0.0,1.6297366369310615,8.111013797240552,0.0,0.0
2025-01-05,16,Sunday,7.982267546490701,76837.8727006278,0.6637322477587363,0.0,0.6637322477587363,7.982267546490701,0.0,0.0
2025-01-05,17,Sunday,7.982267546490701,76866.1792479682,0.03344346330386035,0.0,0.03344346330386035,7.982267546490701,0.0,0.0
2025-01-05,18,Sunday,7.835128974205158,76866.1792479682,0.0,0.0,0.0,7.835128974205158,0.0,0.0
2025-01-05,19,Sunday,7.7063827234553095,76866.1792479682,0.0,0.0,0.0,7.7063827234553095,0.0,0.0
2025-01-05,20,Sunday,7.559244151169766,76866.1792479682,0.0,0.0,0.0,7.559244151169766,0.0,0.0
2025-01-05,21,Sunday,7.283359328134372,76866.1792479682,0.0,0.0,0.0,7.283359328134372,0.0,0.0
2025-01-05,22,Sunday,7.1362207558488295,76866.1792479682,0.0,0.0,0.0,7.1362207558488295,0.0,0.0
2025-01-05,23,Sunday,7.00747450509898,76866.1792479682,0.0,0.0,0.0,7.00747450509898,0.0,0.0
2025-01-06,0,Monday,7.00747450509898,76866.1792479682,0.0,0.0,0.0,7.00747450509898,0.0,0.0
2025-01-06,1,Monday,7.00747450509898,76866.1792479682,0.0,0.0,0.0,7.00747450509898,0.0,0.0
2025-01-06,2,Monday,7.1362207558488295,76866.1792479682,0.0,0.0,0.0,7.1362207558488295,0.0,0.0
2025-01-06,3,Monday,7.283359328134372,76866.1792479682,0.0,0.0,0.0,7.283359328134372,0.0,0.0
2025-01-06,4,Monday,7.283359328134372,76866.1792479682,0.0,0.0,0.0,7.283359328134372,0.0,0.0
2025-01-06,5,Monday,7.412105578884224,76866.1792479682,0.0,0.0,0.0,7.412105578884224,0.0,0.0
2025-01-06,6,Monday,7.7063827234553095,76866.1792479682,0.0,0.0,0.0,7.7063827234553095,0.0,0.0
2025-01-06,7,Monday,7.7063827234553095,76885.21977908527,0.022495901603330634,0.0,0.022495901603330634,7.7063827234553095,0.0,0.0
2025-01-06,8,Monday,7.982267546490701,77008.78609910913,0.1459904537144023,0.0,0.1459904537144023,7.982267546490701,0.0,0.0
2025-01-06,9,Monday,7.982267546490701,77274.6249465641,0.3140818141008697,0.0,0.3140818141008697,7.982267546490701,0.0,0.0
2025-01-06,10,Monday,8.111013797240552,77663.20789691087,0.4591008392565792,0.0,0.4591008392565792,8.111013797240552,0.0,0.0
2025-01-06,11,Monday,8.111013797240552,77824.0,0.18997176640964314,0.35795755237743315,0.5479293187870763,7.798158896462676,0.0,0.8662387695863518
2025-01-06,12,Monday,8.258152369526094,77824.0,0.0,0.5810476210912088,0.5810476210912088,7.779992691979225,0.0,0.9107544364062866
2025-01-06,13,Monday,8.258152369526094,77824.0,0.0,3.7865925451761866,3.7865925451761866,4.981929208113019,0.0,0.9381326270281846
2025-01-06,14,Monday,8.111013797240552,77824.0,0.0,3.232328110251326,3.232328110251326,5.230278958827785,0.0,0.9424644252141706
2025-01-06,15,Monday,8.111013797240552,77824.0,0.0,2.5428071776735046,2.5428071776735046,5.834333757360852,0.0,0.9466443240315365
2025-01-06,16,Monday,7.982267546490701,77824.0,0.0,1.3675652651442443,1.3675652651442443,6.752399545298793,0.0,0.9452144937275804
2025-01-06,17,Monday,7.982267546490701,77824.0,0.0,0.044519789826717664,0.044519789826717664,7.942290833418878,0.0,0.0068902100138810655
2025-01-06,18,Monday,7.835128974205158,77824.0,0.0,0.0,0.0,7.835128974205158,0.0,0.0
2025-01-06,19,Monday,7.7063827234553095,77824.0,0.0,0.0,0.0,7.7063827234553095,0.0,0.0
2025-01-06,20,Monday,7.559244151169766,77824.0,0.0,0.0,0.0,7.559244151169766,0.0,0.0
2025-01-06,21,Monday,7.283359328134372,77824.0,0.0,0.0,0.0,7.283359328134372,0.0,0.0
2025-01-06,22,Monday,7.1362207558488295,77824.0,0.0,0.0,0.0,7.1362207558488295,0.0,0.0
2025-01-06,23,Monday,7.00747450509898,77824.0,0.0,0.0,0.0,7.00747450509898,0.0,0.0
2025-01-07,0,Tuesday,7.00747450509898,77824.0,0.0,0.0,0.0,7.00747450509898,0.0,0.0
2025-01-07,1,Tuesday,7.00747450509898,77824.0,0.0,0.0,0.0,7.00747450509898,0.0,0.0
2025-01-07,2,Tuesday,7.1362207558488295,77824.0,0.0,0.0,0.0,7.1362207558488295,0.0,0.0
2025-01-07,3,Tuesday,7.283359328134372,77824.0,0.0,0.0,0.0,7.283359328134372,0.0,0.0
2025-01-07,4,Tuesday,7.283359328134372,77824.0,0.0,0.0,0.0,7.283359328134372,0.0,0.0
2025-01-07,5,Tuesday,7.412105578884224,77824.0,0.0,0.0,0.0,7.412105578884224,0.0,0.0
2025-01-07,6,Tuesday,7.7063827234553095,77824.0,0.0,0.0,0.0,7.7063827234553095,0.0,0.0
2025-01-07,7,Tuesday,7.7063827234553095,77824.0,0.0,0.022575321243385557,0.022575321243385557,7.686651892688591,0.0,0.0
2025-01-07,8,Tuesday,7.982267546490701,77824.0,0.0,0.1802748683232909,0.1802748683232909,7.8247073115761445,0.0,0.7474598495953515
2025-01-07,9,Tuesday,7.982267546490701,77824.0,0.0,0.5277782255435138,0.5277782255435138,7.607499165060467,0.0,0.9037405786516063
2025-01-07,10,Tuesday,8.111013797240552,77824.0,0.0,0.6614226209151534,0.6614226209151534,7.543147058189386,0.0,0.9190137714071406
2025-01-07,11,Tuesday,8.111013797240552,77824.0,0.0,0.5941305812665718,0.5941305812665718,7.592300320352349,0.0,0.9122680029896783
2025-01-07,12,Tuesday,8.258152369526094,77824.0,0.0,1.6884665540323296,1.6884665540323296,6.794835058732254,0.0,0.9476534924443222
2025-01-07,13,Tuesday,8.258152369526094,77824.0,0.0,4.427830248783984,4.427830248783984,4.2719060102758775,0.0,0.9325004874086826
2025-01-07,14,Tuesday,8.111013797240552,77824.0,0.0,3.500812340372579,3.500812340372579,5.00973004420298,0.0,0.9404446774599045
2025-01-07,15,Tuesday,8.111013797240552,77824.0,0.0,2.2975174379269765,2.2975174379269765,6.058360153664298,0.0,0.9475985327177315
2025-01-07,16,Tuesday,7.982267546490701,77824.0,0.0,1.1190593460999338,1.1190593460999338,6.9748695018217575,0.0,0.9409231925299647
2025-01-07,17,Tuesday,7.982267546490701,77824.0,0.0,0.10025868405340117,0.10025868405340117,7.892648611466241,0.0,0.55413797654288
2025-01-07,18,Tuesday,7.835128974205158,77824.0,0.0,0.0,0.0,7.835128974205158,0.0,0.0
2025-01-07,19,Tuesday,7.7063827234553095,77824.0,0.0,0.0,0.0,7.7063827234553095,0.0,0.0
2025-01-07,20,Tuesday,7.559244151169766,77824.0,0.0,0.0,0.0,7.559244151169766,0.0,0.0
2025-01-07,21,Tuesday,7.283359328134372,77824.0,0.0,0.0,0.0,7.283359328134372,0.0,0.0
2025-01-07,22,Tuesday,7.1362207558488295,77824.0,0.0,0.0,0.0,7.1362207558488295,0.0,0.0
2025-01-07,23,Tuesday,7.00747450509898,77824.0,0.0,0.0,0.0,7.00747450509898,0.0,0.0
2025-01-08,0,Wednesday,7.00747450509898,77824.0,0.0,0.0,0.0,7.00747450509898,0.0,0.0
2025-01-08,1,Wednesday,7.00747450509898,77824.0,0.0,0.0,0.0,7.00747450509898,0.0,0.0
2025-01-08,2,Wednesday,7.1362207558488295,77824.0,0.0,0.0,0.0,7.1362207558488295,0.0,0.0
2025-01-08,3,Wednesday,7.283359328134372,77824.0,0.0,0.0,0.0,7.283359328134372,0.0,0.0
2025-01-08,4,Wednesday,7.283359328134372,77824.0,0.0,0.0,0.0,7.283359328134372,0.0,0.0
2025-01-08,5,Wednesday,7.412105578884224,77824.0,0.0,0.0,0.0,7.412105578884224,0.0,0.0
2025-01-08,6,Wednesday,7.7063827234553095,77824.0,0.0,0.0,0.0,7.7063827234553095,0.0,0.0
2025-01-08,7,Wednesday,7.7063827234553095,77824.0,0.0,0.05712039770429622,0.05712039770429622,7.656459495861754,0.0,0.22414273937852652
2025-01-08,8,Wednesday,7.982267546490701,77824.0,0.0,0.9495827403596475,0.9495827403596475,7.780067573634461,0.0,0.9358579570173804
2025-01-08,9,Wednesday,7.982267546490701,77824.0,0.0,1.9916306426813706,1.9916306426813706,6.211578331317352,0.0,0.9481527381971004
2025-01-08,10,Wednesday,8.111013797240552,77824.0,0.0,3.1092984047843166,3.1092984047843166,5.310328490690832,0.0,0.9433298864618725
2025-01-08,11,Wednesday,8.111013797240552,77824.0,0.0,4.112739304338039,4.112739304338039,4.425327391282494,0.0,0.9353333900585096
2025-01-08,12,Wednesday,8.258152369526094,77824.0,0.0,4.515371313943025,4.515371313943025,4.2459436890049815,0.0,0.9316946213720833
2025-01-08,13,Wednesday,8.258152369526094,77824.0,0.0,4.257300970253626,4.257300970253626,4.489973174756013,0.0,0.9340476236774828
2025-01-08,14,Wednesday,8.111013797240552,77824.0,0.0,3.395590206150849,3.395590206150849,5.0979529823547045,0.0,0.9412558558325155
2025-01-08,15,Wednesday,8.111013797240552,77824.0,0.0,2.365964521705745,2.365964521705745,5.995384734530418,0.0,0.9473706855297166
2025-01-08,16,Wednesday,7.982267546490701,77824.0,0.0,1.1751558090654504,1.1751558090654504,6.9246247902740645,0.0,0.9421552006481424
2025-01-08,17,Wednesday,7.982267546490701,77824.0,0.0,0.13419205181089858,0.13419205181089858,7.862159293966382,0.0,0.6644091581184782
2025-01-08,18,Wednesday,7.835128974205158,77824.0,0.0,0.0,0.0,7.835128974205158,0.0,0.0
2025-01-08,19,Wednesday,7.7063827234553095,77824.0,0.0,0.0,0.0,7.7063827234553095,0.0,0.0
2025-01-08,20,Wednesday,7.559244151169766,77824.0,0.0,0.0,0.0,7.559244151169766,0.0,0.0
2025-01-08,21,Wednesday,7.283359328134372,77824.0,0.0,0.0,0.0,7.283359328134372,0.0,0.0
2025-01-08,22,Wednesday,7.1362207558488295,77824.0,0.0,0.0,0.0,7.1362207558488295,0.0,0.0
2025-01-08,23,Wednesday,7.00747450509898,77824.0,0.0,0.0,0.0,7.00747450509898,0.0,0.0
2025-01-09,0,Thursday,7.00747450509898,77824.0,0.0,0.0,0.0,7.00747450509898,0.0,0.0
2025-01-09,1,Thursday,7.00747450509898,77824.0,0.0,0.0,0.0,7.00747450509898,0.0,0.0
2025-01-09,2,Thursday,7.1362207558488295,77824.0,0.0,0.0,0.0,7.1362207558488295,0.0,0.0
2025-01-09,3,Thursday,7.283359328134372,77824.0,0.0,0.0,0.0,7.283359328134372,0.0,0.0
2025-01-09,4,Thursday,7.283359328134372,77824.0,0.0,0.0,0.0,7.283359328134372,0.0,0.0
2025-01-09,5,Thursday,7.412105578884224,77824.0,0.0,0.0,0.0,7.412105578884224,0.0,0.0
2025-01-09,6,Thursday,7.7063827234553095,77824.0,0.0,0.0,0.0,7.7063827234553095,0.0,0.0
2025-01-09,7,Thursday,7.7063827234553095,77824.0,0.0,0.06869251279197353,0.06869251279197353,7.6463454672751245,0.0,0.3534056253041951
2025-01-09,8,Thursday,7.982267546490701,77824.0,0.0,1.0277904790854269,1.0277904790854269,7.637201956394962,0.0,0.938482131294363
2025-01-09,9,Thursday,7.982267546490701,77824.0,0.0,2.260461841184575,2.260461841184575,5.966934652387446,0.0,0.9477079245653977
2025-01-09,10,Thursday,8.111013797240552,77824.0,0.0,3.4014423013716835,3.4014423013716835,5.04861866447674,0.0,0.9412113718585959
2025-01-09,11,Thursday,8.111013797240552,77824.0,0.0,4.160981733742383,4.160981733742383,4.390468637641037,0.0,0.9349071084806428
2025-01-09,12,Thursday,8.258152369526094,77824.0,0.0,4.611221360811593,4.611221360811593,4.16264192197558,0.0,0.9308039011893107
2025-01-09,13,Thursday,8.258152369526094,77824.0,0.0,3.783438292778309,3.783438292778309,4.9125952028403725,0.0,0.9381589257542567
2025-01-09,14,Thursday,8.111013797240552,77824.0,0.0,3.513359983274433,3.513359983274433,4.9797282709286534,0.0,0.940346392818212
2025-01-09,15,Thursday,8.111013797240552,77824.0,0.0,2.3981219359314796,2.3981219359314796,5.968701750848728,0.0,0.9472527512556342
2025-01-09,16,Thursday,7.982267546490701,77824.0,0.0,1.2253042984740987,1.2253042984740987,6.879628322028504,0.0,0.9431115072526968
2025-01-09,17,Thursday,7.982267546490701,77824.0,0.0,0.12348679607324656,0.12348679607324656,7.8716288190387775,0.0,0.636187633770598
2025-01-09,18,Thursday,7.835128974205158,77824.0,0.0,0.0,0.0,7.835128974205158,0.0,0.0
2025-01-09,19,Thursday,6.0,71302.26086956522,0.0,0.0,0.0,0.0,6.521739130434782,0.9082345737162401
2025-01-09,20,Thursday,6.0,64696.038013007696,0.0,0.0,0.0,0.0,6.606222856557519,0.9073024996154092
2025-01-09,21,Thursday,6.0,58083.02856737815,0.0,0.0,0.0,0.0,6.613009445629547,0.9072275353639845
2025-01-09,22,Thursday,6.0,51469.47268848525,0.0,0.0,0.0,0.0,6.613555878892904,0.907221498917243
2025-01-09,23,Thursday,6.0,44855.872804486775,0.0,0.0,0.0,0.0,6.613599883998474,0.9072210127892202
2025-01-10,0,Friday,6.0,38242.26937663714,0.0,0.0,0.0,0.0,6.613603427849631,0.9072209736399804
2025-01-10,1,Friday,6.0,31628.665663391166,0.0,0.0,0.0,0.0,6.613603713245971,0.9072209704871814
2025-01-10,2,Friday,6.0,25015.06192716142,0.0,0.0,0.0,0.0,6.613603736229747,0.9072209702332776
2025-01-10,3,Friday,7.283359328134372,25015.06192716142,0.0,0.0,0.0,7.283359328134372,0.0,0.0
2025-01-10,4,Friday,7.283359328134372,25015.06192716142,0.0,0.0,0.0,7.283359328134372,0.0,0.0
2025-01-10,5,Friday,7.412105578884224,25015.06192716142,0.0,0.0,0.0,7.412105578884224,0.0,0.0
2025-01-10,6,Friday,7.7063827234553095,25015.06192716142,0.0,0.0,0.0,7.7063827234553095,0.0,0.0
2025-01-10,7,Friday,7.7063827234553095,25063.216572397356,0.05689348444699645,0.0,0.05689348444699645,7.7063827234553095,0.0,0.0
2025-01-10,8,Friday,7.982267546490701,25877.402563340547,0.961939970396019,0.0,0.961939970396019,7.982267546490701,0.0,0.0
2025-01-10,9,Friday,7.982267546490701,27675.816565076155,2.1247802477972666,0.0,2.1247802477972666,7.982267546490701,0.0,0.0
2025-01-10,10,Friday,8.111013797240552,31167.665940260227,4.1255309253119945,0.0,4.1255309253119945,8.111013797240552,0.0,0.0
2025-01-10,11,Friday,8.111013797240552,35295.81409698192,4.877301697450012,0.0,4.877301697450012,8.111013797240552,0.0,0.0
2025-01-10,12,Friday,8.258152369526094,38394.83527342998,3.6614144334216157,0.0,3.6614144334216157,8.258152369526094,0.0,0.0
2025-01-10,13,Friday,8.258152369526094,39371.022899485244,1.1533407680237173,0.0,1.1533407680237173,8.258152369526094,0.0,0.0
2025-01-10,14,Friday,8.111013797240552,39843.73857680779,0.5585015091239872,0.0,0.5585015091239872,8.111013797240552,0.0,0.0
2025-01-10,15,Friday,8.111013797240552,40194.87342755312,0.4148568652473167,0.0,0.4148568652473167,8.111013797240552,0.0,0.0
2025-01-10,16,Friday,7.982267546490701,40385.30626007515,0.22499153180769832,0.0,0.22499153180769832,7.982267546490701,0.0,0.0
2025-01-10,17,Friday,7.982267546490701,40423.51597348218,0.045143801284292046,0.0,0.045143801284292046,7.982267546490701,0.0,0.0
2025-01-10,18,Friday,7.835128974205158,40423.51597348218,0.0,0.0,0.0,7.835128974205158,0.0,0.0
2025-01-10,19,Friday,7.7063827234553095,40423.51597348218,0.0,0.0,0.0,7.7063827234553095,0.0,0.0
2025-01-10,20,Friday,7.559244151169766,40423.51597348218,0.0,0.0,0.0,7.559244151169766,0.0,0.0
2025-01-10,21,Friday,7.283359328134372,40423.51597348218,0.0,0.0,0.0,7.283359328134372,0.0,0.0
2025-01-10,22,Friday,7.1362207558488295,40423.51597348218,0.0,0.0,0.0,7.1362207558488295,0.0,0.0
2025-01-10,23,Friday,7.00747450509898,40423.51597348218,0.0,0.0,0.0,7.00747450509898,0.0,0.0
2025-01-11,0,Saturday,7.00747450509898,40423.51597348218,0.0,0.0,0.0,7.00747450509898,0.0,0.0
2025-01-11,1,Saturday,7.00747450509898,40423.51597348218,0.0,0.0,0.0,7.00747450509898,0.0,0.0
2025-01-11,2,Saturday,7.1362207558488295,40423.51597348218,0.0,0.0,0.0,7.1362207558488295,0.0,0.0
2025-01-11,3,Saturday,7.283359328134372,40423.51597348218,0.0,0.0,0.0,7.283359328134372,0.0,0.0
2025-01-11,4,Saturday,7.283359328134372,40423.51597348218,0.0,0.0,0.0,7.283359328134372,0.0,0.0
2025-01-11,5,Saturday,7.412105578884224,40423.51597348218,0.0,0.0,0.0,7.412105578884224,0.0,0.0
2025-01-11,6,Saturday,7.7063827234553095,40423.51597348218,0.0,0.0,0.0,7.7063827234553095,0.0,0.0
2025-01-11,7,Saturday,7.7063827234553095,40637.41877624891,0.25272070270170777,0.0,0.25272070270170777,7.7063827234553095,0.0,0.0
2025-01-11,8,Saturday,7.982267546490701,41540.110205642726,1.0665068872800314,0.0,1.0665068872800314,7.982267546490701,0.0,0.0
2025-01-11,9,Saturday,7.982267546490701,43188.06887175361,1.947021108354064,0.0,1.947021108354064,7.982267546490701,0.0,0.0
2025-01-11,10,Saturday,8.111013797240552,45843.00873630921,3.136743696308605,0.0,3.136743696308605,8.111013797240552,0.0,0.0
2025-01-11,11,Saturday,8.111013797240552,49662.83909627424,4.513032088805564,0.0,4.513032088805564,8.111013797240552,0.0,0.0
2025-01-11,12,Saturday,8.258152369526094,52648.33063291878,3.527282061253006,0.0,3.527282061253006,8.258152369526094,0.0,0.0
2025-01-11,13,Saturday,8.258152369526094,55312.73096106881,3.1479209926158074,0.0,3.1479209926158074,8.258152369526094,0.0,0.0
2025-01-11,14,Saturday,8.111013797240552,55792.53771892536,0.5668794398116196,0.0,0.5668794398116196,8.111013797240552,0.0,0.0
2025-01-11,15,Saturday,8.111013797240552,56142.07367532405,0.41296781238029606,0.0,0.41296781238029606,8.111013797240552,0.0,0.0
2025-01-11,16,Saturday,7.982267546490701,56331.73827032217,0.22408387877849925,0.0,0.22408387877849925,7.982267546490701,0.0,0.0
2025-01-11,17,Saturday,7.982267546490701,56369.80393919346,0.04497361634131722,0.0,0.04497361634131722,7.982267546490701,0.0,0.0
2025-01-11,18,Saturday,7.835128974205158,56369.80393919346,0.0,0.0,0.0,7.835128974205158,0.0,0.0
2025-01-11,19,Saturday,7.7063827234553095,56369.80393919346,0.0,0.0,0.0,7.7063827234553095,0.0,0.0
2025-01-11,20,Saturday,7.559244151169766,56369.80393919346,0.0,0.0,0.0,7.559244151169766,0.0,0.0
2025-01-11,21,Saturday,7.283359328134372,56369.80393919346,0.0,0.0,0.0,7.283359328134372,0.0,0.0
2025-01-11,22,Saturday,7.1362207558488295,56369.80393919346,0.0,0.0,0.0,7.1362207558488295,0.0,0.0
2025-01-11,23,Saturday,7.00747450509898,56369.80393919346,0.0,0.0,0.0,7.00747450509898,0.0,0.0
2025-01-12,0,Sunday,7.00747450509898,56369.80393919346,0.0,0.0,0.0,7.00747450509898,0.0,0.0
2025-01-12,1,Sunday,7.00747450509898,56369.80393919346,0.0,0.0,0.0,7.00747450509898,0.0,0.0
2025-01-12,2,Sunday,7.1362207558488295,56369.80393919346,0.0,0.0,0.0,7.1362207558488295,0.0,0.0
2025-01-12,3,Sunday,7.283359328134372,56369.80393919346,0.0,0.0,0.0,7.283359328134372,0.0,0.0
2025-01-12,4,Sunday,7.283359328134372,56369.80393919346,0.0,0.0,0.0,7.283359328134372,0.0,0.0
2025-01-12,5,Sunday,7.412105578884224,56369.80393919346,0.0,0.0,0.0,7.412105578884224,0.0,0.0
2025-01-12,6,Sunday,7.7063827234553095,56369.80393919346,0.0,0.0,0.0,7.7063827234553095,0.0,0.0
2025-01-12,7,Sunday,7.7063827234553095,56389.098948990315,0.022796561669252837,0.0,0.022796561669252837,7.7063827234553095,0.0,0.0
2025-01-12,8,Sunday,7.982267546490701,57031.04283371937,0.7584403174965235,0.0,0.7584403174965235,7.982267546490701,0.0,0.0
2025-01-12,9,Sunday,7.982267546490701,58359.80702550977,1.5699009827391197,0.0,1.5699009827391197,7.982267546490701,0.0,0.0
2025-01-12,10,Sunday,8.111013797240552,60339.48564282747,2.3389397652619355,0.0,2.3389397652619355,8.111013797240552,0.0,0.0
2025-01-12,11,Sunday,8.111013797240552,62574.732462423584,2.640887074192004,0.0,2.640887074192004,8.111013797240552,0.0,0.0
2025-01-12,12,Sunday,8.258152369526094,64761.951872415455,2.5841439153968193,0.0,2.5841439153968193,8.258152369526094,0.0,0.0
2025-01-12,13,Sunday,8.258152369526094,66775.26057244494,2.378672849751288,0.0,2.378672849751288,8.258152369526094,0.0,0.0
2025-01-12,14,Sunday,8.111013797240552,68545.27985340371,2.091232609828425,0.0,2.091232609828425,8.111013797240552,0.0,0.0
2025-01-12,15,Sunday,8.111013797240552,69587.60747316504,1.231483482704802,0.0,1.231483482704802,8.111013797240552,0.0,0.0
2025-01-12,16,Sunday,7.982267546490701,70215.89820290991,0.7423094633091415,0.0,0.7423094633091415,7.982267546490701,0.0,0.0
2025-01-12,17,Sunday,7.982267546490701,70254.21354897648,0.04526860357580693,0.0,0.04526860357580693,7.982267546490701,0.0,0.0
2025-01-12,18,Sunday,7.835128974205158,70254.21354897648,0.0,0.0,0.0,7.835128974205158,0.0,0.0
2025-01-12,19,Sunday,7.7063827234553095,70254.21354897648,0.0,0.0,0.0,7.7063827234553095,0.0,0.0
2025-01-12,20,Sunday,7.559244151169766,70254.21354897648,0.0,0.0,0.0,7.559244151169766,0.0,0.0
2025-01-12,21,Sunday,7.283359328134372,70254.21354897648,0.0,0.0,0.0,7.283359328134372,0.0,0.0
2025-01-12,22,Sunday,7.1362207558488295,70254.21354897648,0.0,0.0,0.0,7.1362207558488295,0.0,0.0
2025-01-12,23,Sunday,7.00747450509898,70254.21354897648,0.0,0.0,0.0,7.00747450509898,0.0,0.0
2025-01-13,0,Monday,7.00747450509898,70254.21354897648,0.0,0.0,0.0,7.00747450509898,0.0,0.0
2025-01-13,1,Monday,7.00747450509898,70254.21354897648,0.0,0.0,0.0,7.00747450509898,0.0,0.0
2025-01-13,2,Monday,7.1362207558488295,70254.21354897648,0.0,0.0,0.0,7.1362207558488295,0.0,0.0
2025-01-13,3,Monday,7.283359328134372,70254.21354897648,0.0,0.0,0.0,7.283359328134372,0.0,0.0
2025-01-13,4,Monday,7.283359328134372,70254.21354897648,0.0,0.0,0.0,7.283359328134372,0.0,0.0
2025-01-13,5,Monday,7.412105578884224,70254.21354897648,0.0,0.0,0.0,7.412105578884224,0.0,0.0
2025-01-13,6,Monday,7.7063827234553095,70254.21354897648,0.0,0.0,0.0,7.7063827234553095,0.0,0.0
2025-01-13,7,Monday,7.7063827234553095,70293.48919194794,0.04640316986230582,0.0,0.04640316986230582,7.7063827234553095,0.0,0.0
2025-01-13,8,Monday,7.982267546490701,71203.83674627908,1.075552403510323,0.0,1.075552403510323,7.982267546490701,0.0,0.0
2025-01-13,9,Monday,7.982267546490701,73109.85884398808,2.251916467047501,0.0,2.251916467047501,7.982267546490701,0.0,0.0
2025-01-13,10,Monday,8.111013797240552,75992.66213236656,3.4059585165152173,0.0,3.4059585165152173,8.111013797240552,0.0,0.0
2025-01-13,11,Monday,8.111013797240552,77824.0,2.163678955143474,2.0438929489189497,4.207571904062424,6.32465135988539,0.0,0.9481202305342687
2025-01-13,12,Monday,8.258152369526094,77824.0,0.0,4.669166232078286,4.669166232078286,4.052567953383251,0.0,0.9302614064168807
2025-01-13,13,Monday,8.258152369526094,77824.0,0.0,4.431426887520516,4.431426887520516,4.3418862311485995,0.0,0.9324675277813369
2025-01-13,14,Monday,8.111013797240552,77824.0,0.0,3.6753297667945115,3.6753297667945115,4.855244418887719,0.0,0.9390502629569123
2025-01-13,15,Monday,8.111013797240552,77824.0,0.0,2.5618187546486726,2.5618187546486726,5.825621050799806,0.0,0.9465556365884058
2025-01-13,16,Monday,7.982267546490701,77824.0,0.0,1.295594616560265,1.295594616560265,6.817232778803923,0.0,0.9442528144663076
2025-01-13,17,Monday,7.982267546490701,77824.0,0.0,0.0458018497304614,0.0458018497304614,7.941181447250737,0.0,0.034460844722568065
2025-01-13,18,Monday,7.835128974205158,77824.0,0.0,0.0,0.0,7.835128974205158,0.0,0.0
2025-01-13,19,Monday,7.7063827234553095,77824.0,0.0,0.0,0.0,7.7063827234553095,0.0,0.0
2025-01-13,20,Monday,7.559244151169766,77824.0,0.0,0.0,0.0,7.559244151169766,0.0,0.0
2025-01-13,21,Monday,7.283359328134372,77824.0,0.0,0.0,0.0,7.283359328134372,0.0,0.0
2025-01-13,22,Monday,7.1362207558488295,77824.0,0.0,0.0,0.0,7.1362207558488295,0.0,0.0
2025-01-13,23,Monday,7.00747450509898,77824.0,0.0,0.0,0.0,7.00747450509898,0.0,0.0
2025-01-14,0,Tuesday,7.00747450509898,77824.0,0.0,0.0,0.0,7.00747450509898,0.0,0.0
2025-01-14,1,Tuesday,7.00747450509898,77824.0,0.0,0.0,0.0,7.00747450509898,0.0,0.0
2025-01-14,2,Tuesday,7.1362207558488295,77824.0,0.0,0.0,0.0,7.1362207558488295,0.0,0.0
2025-01-14,3,Tuesday,7.283359328134372,77824.0,0.0,0.0,0.0,7.283359328134372,0.0,0.0
2025-01-14,4,Tuesday,7.283359328134372,77824.0,0.0,0.0,0.0,7.283359328134372,0.0,0.0
2025-01-14,5,Tuesday,7.412105578884224,77824.0,0.0,0.0,0.0,7.412105578884224,0.0,0.0
2025-01-14,6,Tuesday,7.7063827234553095,77824.0,0.0,0.0,0.0,7.7063827234553095,0.0,0.0
2025-01-14,7,Tuesday,7.7063827234553095,77824.0,0.0,0.06915201213800558,0.06915201213800558,7.645943864846693,0.0,0.357644387304886
2025-01-14,8,Tuesday,7.982267546490701,77824.0,0.0,0.9621629898214872,0.9621629898214872,7.655360963157665,0.0,0.9363186473062091
2025-01-14,9,Tuesday,7.982267546490701,77824.0,0.0,2.032088727096081,2.032088727096081,6.1747191067379426,0.0,0.9481301058902795
2025-01-14,10,Tuesday,8.111013797240552,77824.0,0.0,3.211088570036578,3.211088570036578,5.218710538605298,0.0,0.9426167754519709
2025-01-14,11,Tuesday,8.111013797240552,77824.0,0.0,4.195253198853307,4.195253198853307,4.3542235568582655,0.0,0.934602549523868
2025-01-14,12,Tuesday,8.258152369526094,77824.0,0.0,4.668744352971949,4.668744352971949,4.112903012931486,0.0,0.9302653667494871
2025-01-14,13,Tuesday,8.258152369526094,77824.0,0.0,4.402917806819222,4.402917806819222,4.36706451861399,0.0,0.9327284245485385
2025-01-14,14,Tuesday,8.111013797240552,77824.0,0.0,3.5895487319203307,3.5895487319203307,4.93034337035451,0.0,0.9397428942939859
2025-01-14,15,Tuesday,8.111013797240552,77824.0,0.0,2.4351595073906163,2.4351595073906163,5.937011145874917,0.0,0.9471087815177954
2025-01-14,16,Tuesday,7.982267546490701,77824.0,0.0,1.2314232758355186,1.2314232758355186,6.874290338096932,0.0,0.9432196739807562
2025-01-14,17,Tuesday,7.982267546490701,77824.0,0.0,0.1898398426870615,0.1898398426870615,7.812159905689245,0.0,0.7596129409840569
2025-01-14,18,Tuesday,7.835128974205158,77824.0,0.0,0.0,0.0,7.835128974205158,0.0,0.0
2025-01-14,19,Tuesday,7.7063827234553095,77824.0,0.0,0.0,0.0,7.7063827234553095,0.0,0.0
2025-01-14,20,Tuesday,7.559244151169766,77824.0,0.0,0.0,0.0,7.559244151169766,0.0,0.0
2025-01-14,21,Tuesday,7.283359328134372,77824.0,0.0,0.0,0.0,7.283359328134372,0.0,0.0
2025-01-14,22,Tuesday,7.1362207558488295,77824.0,0.0,0.0,0.0,7.1362207558488295,0.0,0.0
2025-01-14,23,Tuesday,7.00747450509898,77824.0,0.0,0.0,0.0,7.00747450509898,0.0,0.0
2025-01-15,0,Wednesday,7.00747450509898,77824.0,0.0,0.0,0.0,7.00747450509898,0.0,0.0
2025-01-15,1,Wednesday,7.00747450509898,77824.0,0.0,0.0,0.0,7.00747450509898,0.0,0.0
2025-01-15,2,Wednesday,7.1362207558488295,77824.0,0.0,0.0,0.0,7.1362207558488295,0.0,0.0
2025-01-15,3,Wednesday,7.283359328134372,77824.0,0.0,0.0,0.0,7.283359328134372,0.0,0.0
2025-01-15,4,Wednesday,7.283359328134372,77824.0,0.0,0.0,0.0,7.283359328134372,0.0,0.0
2025-01-15,5,Wednesday,7.412105578884224,77824.0,0.0,0.0,0.0,7.412105578884224,0.0,0.0
2025-01-15,6,Wednesday,7.7063827234553095,77824.0,0.0,0.0,0.0,7.7063827234553095,0.0,0.0
2025-01-15,7,Wednesday,7.7063827234553095,77824.0,0.0,0.05787204786910173,0.05787204786910173,7.655802553617715,0.0,0.2341102618901166
2025-01-15,8,Wednesday,7.982267546490701,77824.0,0.0,0.9411775738781357,0.9411775738781357,7.772945184600272,0.0,0.935541159340429
2025-01-15,9,Wednesday,7.982267546490701,77824.0,0.0,1.97943719476291,1.97943719476291,6.223014826862144,0.0,0.9481560432265143
2025-01-15,10,Wednesday,8.111013797240552,77824.0,0.0,3.20784613872964,3.20784613872964,5.221552030172073,0.0,0.9426399286593338
2025-01-15,11,Wednesday,8.111013797240552,77824.0,0.0,4.254169797727024,4.254169797727024,4.301370998338163,0.0,0.9340757339225323
2025-01-15,12,Wednesday,8.258152369526094,77824.0,0.0,4.717050444227556,4.717050444227556,4.072374131666706,0.0,0.92981091296611
2025-01-15,13,Wednesday,8.258152369526094,77824.0,0.0,4.447068699413203,4.447068699413203,4.329966012472913,0.0,0.9323240347817628
2025-01-15,14,Wednesday,8.111013797240552,77824.0,0.0,3.6436419855310054,3.6436419855310054,4.883811549852577,0.0,0.9393076876005769
2025-01-15,15,Wednesday,8.111013797240552,77824.0,0.0,2.29046647468042,2.29046647468042,6.067133667774778,0.0,0.947620128170177
2025-01-15,16,Wednesday,7.982267546490701,77824.0,0.0,1.6355840963672401,1.6355840963672401,6.509850756009705,0.0,0.9474162137018939
2025-01-15,17,Wednesday,7.982267546490701,77824.0,0.0,0.23747400957244072,0.23747400957244072,7.768530155839058,0.0,0.8054273953468023
2025-01-15,18,Wednesday,7.835128974205158,77824.0,0.0,0.0,0.0,7.835128974205158,0.0,0.0
2025-01-15,19,Wednesday,7.7063827234553095,77824.0,0.0,0.0,0.0,7.7063827234553095,0.0,0.0
2025-01-15,20,Wednesday,7.559244151169766,77824.0,0.0,0.0,0.0,7.559244151169766,0.0,0.0
2025-01-15,21,Wednesday,7.283359328134372,77824.0,0.0,0.0,0.0,7.283359328134372,0.0,0.0
2025-01-15,22,Wednesday,7.1362207558488295,77824.0,0.0,0.0,0.0,7.1362207558488295,0.0,0.0
2025-01-15,23,Wednesday,7.00747450509898,77824.0,0.0,0.0,0.0,7.00747450509898,0.0,0.0
2025-01-16,0,Thursday,7.00747450509898,77824.0,0.0,0.0,0.0,7.00747450509898,0.0,0.0
2025-01-16,1,Thursday,7.00747450509898,77824.0,0.0,0.0,0.0,7.00747450509898,0.0,0.0
2025-01-16,2,Thursday,7.1362207558488295,77824.0,0.0,0.0,0.0,7.1362207558488295,0.0,0.0
2025-01-16,3,Thursday,7.283359328134372,77824.0,0.0,0.0,0.0,7.283359328134372,0.0,0.0
2025-01-16,4,Thursday,7.283359328134372,77824.0,0.0,0.0,0.0,7.283359328134372,0.0,0.0
2025-01-16,5,Thursday,7.412105578884224,77824.0,0.0,0.0,0.0,7.412105578884224,0.0,0.0
2025-01-16,6,Thursday,7.7063827234553095,77824.0,0.0,0.0,0.0,7.7063827234553095,0.0,0.0
2025-01-16,7,Thursday,7.7063827234553095,77824.0,0.0,0.05777277331903308,0.05777277331903308,7.655889319574475,0.0,0.23280867508217867
2025-01-16,8,Thursday,7.982267546490701,77824.0,0.0,0.9263387076439954,0.9263387076439954,7.777390843646962,0.0,0.9349635916063505
2025-01-16,9,Thursday,7.982267546490701,77824.0,0.0,2.002533255653628,2.002533255653628,6.203586645724481,0.0,0.948148383644428
2025-01-16,10,Thursday,8.111013797240552,77824.0,0.0,3.2785483074366586,3.2785483074366586,5.157891032764121,0.0,0.9421288698276632
2025-01-16,11,Thursday,8.111013797240552,77824.0,0.0,4.383968132318089,4.383968132318089,4.187264002472286,0.0,0.9329013784925267
2025-01-16,12,Thursday,8.258152369526094,77824.0,0.0,4.854714851067013,4.854714851067013,3.9556307016149646,0.0,0.9285052885369501
2025-01-16,13,Thursday,8.258152369526094,77824.0,0.0,4.573047949091397,4.573047949091397,4.224358124334899,0.0,0.931159655504387
2025-01-16,14,Thursday,8.111013797240552,77824.0,0.0,3.6197321963030538,3.6197321963030538,4.908992641559248,0.0,0.939500722356116
2025-01-16,15,Thursday,8.111013797240552,77824.0,0.0,2.312564644668528,2.312564644668528,6.0469904507873204,0.0,0.9475512478581545
2025-01-16,16,Thursday,7.982267546490701,77824.0,0.0,1.6153739022047977,1.6153739022047977,6.528150467538631,0.0,0.9473110042550629
2025-01-16,17,Thursday,7.982267546490701,77824.0,0.0,0.20139994341445036,0.20139994341445036,7.801018582970488,0.0,0.7727465341795633
2025-01-16,18,Thursday,7.835128974205158,77824.0,0.0,0.0,0.0,7.835128974205158,0.0,0.0
2025-01-16,19,Thursday,6.0,71302.26086956522,0.0,0.0,0.0,0.0,6.521739130434782,0.9082345737162401
2025-01-16,20,Thursday,6.0,64696.038013007696,0.0,0.0,0.0,0.0,6.606222856557519,0.9073024996154092
2025-01-16,21,Thursday,6.0,58083.02856737815,0.0,0.0,0.0,0.0,6.613009445629547,0.9072275353639845
2025-01-16,22,Thursday,6.0,51469.47268848525,0.0,0.0,0.0,0.0,6.613555878892904,0.907221498917243
2025-01-16,23,Thursday,6.0,44855.872804486775,0.0,0.0,0.0,0.0,6.613599883998474,0.9072210127892202
2025-01-17,0,Friday,6.0,38242.26937663714,0.0,0.0,0.0,0.0,6.613603427849631,0.9072209736399804
2025-01-17,1,Friday,6.0,31628.665663391166,0.0,0.0,0.0,0.0,6.613603713245971,0.9072209704871814
2025-01-17,2,Friday,6.0,25015.06192716142,0.0,0.0,0.0,0.0,6.613603736229747,0.9072209702332776
2025-01-17,3,Friday,7.283359328134372,25015.06192716142,0.0,0.0,0.0,7.283359328134372,0.0,0.0
2025-01-17,4,Friday,7.283359328134372,25015.06192716142,0.0,0.0,0.0,7.283359328134372,0.0,0.0
2025-01-17,5,Friday,7.412105578884224,25015.06192716142,0.0,0.0,0.0,7.412105578884224,0.0,0.0
2025-01-17,6,Friday,7.7063827234553095,25015.06192716142,0.0,0.0,0.0,7.7063827234553095,0.0,0.0
2025-01-17,7,Friday,7.7063827234553095,25072.727923020622,0.06813090248015657,0.0,0.06813090248015657,7.7063827234553095,0.0,0.0
2025-01-17,8,Friday,7.982267546490701,26006.832376347487,1.1036205734013023,0.0,1.1036205734013023,7.982267546490701,0.0,0.0
2025-01-17,9,Friday,7.982267546490701,27867.759827262107,2.198638292668502,0.0,2.198638292668502,7.982267546490701,0.0,0.0
2025-01-17,10,Friday,8.111013797240552,30679.951608006668,3.3225328222407424,0.0,3.3225328222407424,8.111013797240552,0.0,0.0
2025-01-17,11,Friday,8.111013797240552,34214.3745641337,4.17583052472475,0.0,4.17583052472475,8.111013797240552,0.0,0.0
2025-01-17,12,Friday,8.258152369526094,38044.13315731562,4.5247620429843085,0.0,4.5247620429843085,8.258152369526094,0.0,0.0
2025-01-17,13,Friday,8.258152369526094,41705.27210133021,4.32554223064105,0.0,4.32554223064105,8.258152369526094,0.0,0.0
2025-01-17,14,Friday,8.111013797240552,44742.13088800049,3.587971156273958,0.0,3.587971156273958,8.111013797240552,0.0,0.0
2025-01-17,15,Friday,8.111013797240552,46899.65716752976,2.5490622395194595,0.0,2.5490622395194595,8.111013797240552,0.0,0.0
2025-01-17,16,Friday,7.982267546490701,48154.00154133558,1.4819758669728484,0.0,1.4819758669728484,7.982267546490701,0.0,0.0
2025-01-17,17,Friday,7.982267546490701,48304.511948569845,0.17782420514445335,0.0,0.17782420514445335,7.982267546490701,0.0,0.0
2025-01-17,18,Friday,7.835128974205158,48304.511948569845,0.0,0.0,0.0,7.835128974205158,0.0,0.0
2025-01-17,19,Friday,7.7063827234553095,48304.511948569845,0.0,0.0,0.0,7.7063827234553095,0.0,0.0
2025-01-17,20,Friday,7.559244151169766,48304.511948569845,0.0,0.0,0.0,7.559244151169766,0.0,0.0
2025-01-17,21,Friday,7.283359328134372,48304.511948569845,0.0,0.0,0.0,7.283359328134372,0.0,0.0
2025-01-17,22,Friday,7.1362207558488295,48304.511948569845,0.0,0.0,0.0,7.1362207558488295,0.0,0.0
2025-01-17,23,Friday,7.00747450509898,48304.511948569845,0.0,0.0,0.0,7.00747450509898,0.0,0.0
2025-01-18,0,Saturday,7.00747450509898,48304.511948569845,0.0,0.0,0.0,7.00747450509898,0.0,0.0
2025-01-18,1,Saturday,7.00747450509898,48304.511948569845,0.0,0.0,0.0,7.00747450509898,0.0,0.0
2025-01-18,2,Saturday,7.1362207558488295,48304.511948569845,0.0,0.0,0.0,7.1362207558488295,0.0,0.0
2025-01-18,3,Saturday,7.283359328134372,48304.511948569845,0.0,0.0,0.0,7.283359328134372,0.0,0.0
2025-01-18,4,Saturday,7.283359328134372,48304.511948569845,0.0,0.0,0.0,7.283359328134372,0.0,0.0
2025-01-18,5,Saturday,7.412105578884224,48304.511948569845,0.0,0.0,0.0,7.412105578884224,0.0,0.0
2025-01-18,6,Saturday,7.7063827234553095,48304.511948569845,0.0,0.0,0.0,7.7063827234553095,0.0,0.0
2025-01-18,7,Saturday,7.7063827234553095,48371.31333166097,0.07892412936096237,0.0,0.07892412936096237,7.7063827234553095,0.0,0.0
2025-01-18,8,Saturday,7.982267546490701,49220.27106270638,1.0030218939572522,0.0,1.0030218939572522,7.982267546490701,0.0,0.0
2025-01-18,9,Saturday,7.982267546490701,51207.62920593089,2.348012929140492,0.0,2.348012929140492,7.982267546490701,0.0,0.0
2025-01-18,10,Saturday,8.111013797240552,54194.23443537607,3.5285978608756814,0.0,3.5285978608756814,8.111013797240552,0.0,0.0
2025-01-18,11,Saturday,8.111013797240552,57646.80215290427,4.0791206492535395,0.0,4.0791206492535395,8.111013797240552,0.0,0.0
2025-01-18,12,Saturday,8.258152369526094,61478.89280971315,4.527517316645662,0.0,4.527517316645662,8.258152369526094,0.0,0.0
2025-01-18,13,Saturday,8.258152369526094,65271.85614927285,4.481289389838969,0.0,4.481289389838969,8.258152369526094,0.0,0.0
2025-01-18,14,Saturday,8.111013797240552,68319.29465696386,3.600470826667075,0.0,3.600470826667075,8.111013797240552,0.0,0.0
2025-01-18,15,Saturday,8.111013797240552,70689.32951542396,2.800135702339432,0.0,2.800135702339432,8.111013797240552,0.0,0.0
2025-01-18,16,Saturday,7.982267546490701,71273.77120391087,0.6905029400837801,0.0,0.6905029400837801,7.982267546490701,0.0,0.0
2025-01-18,17,Saturday,7.982267546490701,71385.93972011343,0.13252423936974525,0.0,0.13252423936974525,7.982267546490701,0.0,0.0
2025-01-18,18,Saturday,7.835128974205158,71385.93972011343,0.0,0.0,0.0,7.835128974205158,0.0,0.0
2025-01-18,19,Saturday,7.7063827234553095,71385.93972011343,0.0,0.0,0.0,7.7063827234553095,0.0,0.0
2025-01-18,20,Saturday,7.559244151169766,71385.93972011343,0.0,0.0,0.0,7.559244151169766,0.0,0.0
2025-01-18,21,Saturday,7.283359328134372,71385.93972011343,0.0,0.0,0.0,7.283359328134372,0.0,0.0
2025-01-18,22,Saturday,7.1362207558488295,71385.93972011343,0.0,0.0,0.0,7.1362207558488295,0.0,0.0
2025-01-18,23,Saturday,7.00747450509898,71385.93972011343,0.0,0.0,0.0,7.00747450509898,0.0,0.0
2025-01-19,0,Sunday,7.00747450509898,71385.93972011343,0.0,0.0,0.0,7.00747450509898,0.0,0.0
2025-01-19,1,Sunday,7.00747450509898,71385.93972011343,0.0,0.0,0.0,7.00747450509898,0.0,0.0
2025-01-19,2,Sunday,7.1362207558488295,71385.93972011343,0.0,0.0,0.0,7.1362207558488295,0.0,0.0
2025-01-19,3,Sunday,7.283359328134372,71385.93972011343,0.0,0.0,0.0,7.283359328134372,0.0,0.0
2025-01-19,4,Sunday,7.283359328134372,71385.93972011343,0.0,0.0,0.0,7.283359328134372,0.0,0.0
2025-01-19,5,Sunday,7.412105578884224,71385.93972011343,0.0,0.0,0.0,7.412105578884224,0.0,0.0
2025-01-19,6,Sunday,7.7063827234553095,71385.93972011343,0.0,0.0,0.0,7.7063827234553095,0.0,0.0
2025-01-19,7,Sunday,7.7063827234553095,71433.61421689691,0.056326201303747,0.0,0.056326201303747,7.7063827234553095,0.0,0.0
2025-01-19,8,Sunday,7.982267546490701,72229.68507723852,0.9405374058856476,0.0,0.9405374058856476,7.982267546490701,0.0,0.0
2025-01-19,9,Sunday,7.982267546490701,73920.34415023758,1.9974705493845153,0.0,1.9974705493845153,7.982267546490701,0.0,0.0
2025-01-19,10,Sunday,8.111013797240552,76653.40783160923,3.229044992168769,0.0,3.229044992168769,8.111013797240552,0.0,0.0
2025-01-19,11,Sunday,8.111013797240552,77824.0,1.3830247736185832,2.860102246258891,4.243127019877474,5.611284434010281,0.0,0.9449412974644568
2025-01-19,12,Sunday,8.258152369526094,77824.0,0.0,4.738881051904771,4.738881051904771,4.004086180295301,0.0,0.9296048914144077
2025-01-19,13,Sunday,8.258152369526094,77824.0,0.0,4.491250409686815,4.491250409686815,4.29181843758486,0.0,0.9319174156551053
2025-01-19,14,Sunday,8.111013797240552,77824.0,0.0,3.5529730322145507,3.5529730322145507,4.965490223470569,0.0,0.9400340326555265
2025-01-19,15,Sunday,8.111013797240552,77824.0,0.0,2.3669963037636506,2.3669963037636506,5.997209570568266,0.0,0.9473670064807312
2025-01-19,16,Sunday,7.982267546490701,77824.0,0.0,1.5796795866264095,1.5796795866264095,6.560558041368769,0.0,0.9471042115395282
2025-01-19,17,Sunday,7.982267546490701,77824.0,0.0,0.252092262498629,0.252092262498629,7.75544778515717,0.0,0.8159740802356592
2025-01-19,18,Sunday,7.835128974205158,77824.0,0.0,0.0,0.0,7.835128974205158,0.0,0.0
2025-01-19,19,Sunday,7.7063827234553095,77824.0,0.0,0.0,0.0,7.7063827234553095,0.0,0.0
2025-01-19,20,Sunday,7.559244151169766,77824.0,0.0,0.0,0.0,7.559244151169766,0.0,0.0
2025-01-19,21,Sunday,7.283359328134372,77824.0,0.0,0.0,0.0,7.283359328134372,0.0,0.0
2025-01-19,22,Sunday,7.1362207558488295,77824.0,0.0,0.0,0.0,7.1362207558488295,0.0,0.0
2025-01-19,23,Sunday,7.00747450509898,77824.0,0.0,0.0,0.0,7.00747450509898,0.0,0.0
2025-01-20,0,Monday,7.00747450509898,77824.0,0.0,0.0,0.0,7.00747450509898,0.0,0.0
2025-01-20,1,Monday,7.00747450509898,77824.0,0.0,0.0,0.0,7.00747450509898,0.0,0.0
2025-01-20,2,Monday,7.1362207558488295,77824.0,0.0,0.0,0.0,7.1362207558488295,0.0,0.0
2025-01-20,3,Monday,7.283359328134372,77824.0,0.0,0.0,0.0,7.283359328134372,0.0,0.0
2025-01-20,4,Monday,7.283359328134372,77824.0,0.0,0.0,0.0,7.283359328134372,0.0,0.0
2025-01-20,5,Monday,7.412105578884224,77824.0,0.0,0.0,0.0,7.412105578884224,0.0,0.0
2025-01-20,6,Monday,7.7063827234553095,77824.0,0.0,0.0,0.0,7.7063827234553095,0.0,0.0
2025-01-20,7,Monday,7.7063827234553095,77824.0,0.0,0.07888441954093493,0.07888441954093493,7.637437740776532,0.0,0.4358094977955797
2025-01-20,8,Monday,7.982267546490701,77824.0,0.0,0.937655280257477,0.937655280257477,7.594060423536035,0.0,0.9354062016464553
2025-01-20,9,Monday,7.982267546490701,77824.0,0.0,2.0434760063158275,2.0434760063158275,6.166361423728323,0.0,0.9481206038896417
2025-01-20,10,Monday,8.111013797240552,77824.0,0.0,3.2638976410579987,3.2638976410579987,5.1711736248903595,0.0,0.9422358193107527
2025-01-20,11,Monday,8.111013797240552,77824.0,0.0,4.325909073378967,4.325909073378967,4.238788641222454,0.0,0.9334289350841947
2025-01-20,12,Monday,8.258152369526094,77824.0,0.0,4.665990206472138,4.665990206472138,4.120550613462553,0.0,0.9302912171513006
2025-01-20,13,Monday,8.258152369526094,77824.0,0.0,4.4697857629972795,4.4697857629972795,4.3078600535550144,0.0,0.9321152016480972
2025-01-20,14,Monday,8.111013797240552,77824.0,0.0,3.634965460803285,3.634965460803285,4.892217561934056,0.0,0.9393778581433082
2025-01-20,15,Monday,8.111013797240552,77824.0,0.0,2.571515054980368,2.571515054980368,5.81617070793636,0.0,0.9465096750886146
2025-01-20,16,Monday,7.982267546490701,77824.0,0.0,1.5369675340117546,1.5369675340117546,6.600250637313447,0.0,0.9468192992586785
2025-01-20,17,Monday,7.982267546490701,77824.0,0.0,0.24208655983969365,0.24208655983969365,7.764515930890706,0.0,0.8088949453373165
2025-01-20,18,Monday,7.835128974205158,77824.0,0.0,0.0,0.0,7.835128974205158,0.0,0.0
2025-01-20,19,Monday,7.7063827234553095,77824.0,0.0,0.0,0.0,7.7063827234553095,0.0,0.0
2025-01-20,20,Monday,7.559244151169766,77824.0,0.0,0.0,0.0,7.559244151169766,0.0,0.0
2025-01-20,21,Monday,7.283359328134372,77824.0,0.0,0.0,0.0,7.283359328134372,0.0,0.0
2025-01-20,22,Monday,7.1362207558488295,77824.0,0.0,0.0,0.0,7.1362207558488295,0.0,0.0
2025-01-20,23,Monday,7.00747450509898,77824.0,0.0,0.0,0.0,7.00747450509898,0.0,0.0
2025-01-21,0,Tuesday,7.00747450509898,77824.0,0.0,0.0,0.0,7.00747450509898,0.0,0.0
2025-01-21,1,Tuesday,7.00747450509898,77824.0,0.0,0.0,0.0,7.00747450509898,0.0,0.0
2025-01-21,2,Tuesday,7.1362207558488295,77824.0,0.0,0.0,0.0,7.1362207558488295,0.0,0.0
2025-01-21,3,Tuesday,7.283359328134372,77824.0,0.0,0.0,0.0,7.283359328134372,0.0,0.0
2025-01-21,4,Tuesday,7.283359328134372,77824.0,0.0,0.0,0.0,7.283359328134372,0.0,0.0
2025-01-21,5,Tuesday,7.412105578884224,77824.0,0.0,0.0,0.0,7.412105578884224,0.0,0.0
2025-01-21,6,Tuesday,7.7063827234553095,77824.0,0.0,0.0,0.0,7.7063827234553095,0.0,0.0
2025-01-21,7,Tuesday,7.7063827234553095,77824.0,0.0,0.044928233689857267,0.044928233689857267,7.667115447210374,0.0,0.01584465938345779
2025-01-21,8,Tuesday,7.982267546490701,77824.0,0.0,1.0070111104475652,1.0070111104475652,7.967109585852322,0.0,0.9378381736642339
2025-01-21,9,Tuesday,7.982267546490701,77824.0,0.0,2.1785237133264825,2.1785237133264825,6.0413199809298845,0.0,0.9479120050406143
2025-01-21,10,Tuesday,8.111013797240552,77824.0,0.0,3.3927424985400503,3.3927424985400503,5.05579352008183,0.0,0.9412774745893855
2025-01-21,11,Tuesday,8.111013797240552,77824.0,0.0,4.449960273491392,4.449960273491392,4.131798797398238,0.0,0.9322974815908384
2025-01-21,12,Tuesday,8.258152369526094,77824.0,0.0,4.735317912201216,4.735317912201216,4.0641636536527725,0.0,0.9296385447392345
2025-01-21,13,Tuesday,8.258152369526094,77824.0,0.0,4.480809993372103,4.480809993372103,4.300895372109207,0.0,0.9320136750126281
2025-01-21,14,Tuesday,8.111013797240552,77824.0,0.0,3.6498799688181944,3.6498799688181944,4.879362656301992,0.0,0.9392571540835276
2025-01-21,15,Tuesday,8.111013797240552,77824.0,0.0,2.5577131948113876,2.5577131948113876,5.828780901736143,0.0,0.9465749498354696
2025-01-21,16,Tuesday,7.982267546490701,77824.0,0.0,1.5431457910168793,1.5431457910168793,6.5945995542561135,0.0,0.9468631547123385
2025-01-21,17,Tuesday,7.982267546490701,77824.0,0.0,0.18607875544731772,0.18607875544731772,7.814885984953298,0.0,0.7549845580144576
2025-01-21,18,Tuesday,7.835128974205158,77824.0,0.0,0.0,0.0,7.835128974205158,0.0,0.0
2025-01-21,19,Tuesday,7.7063827234553095,77824.0,0.0,0.0,0.0,7.7063827234553095,0.0,0.0
2025-01-21,20,Tuesday,7.559244151169766,77824.0,0.0,0.0,0.0,7.559244151169766,0.0,0.0
2025-01-21,21,Tuesday,7.283359328134372,77824.0,0.0,0.0,0.0,7.283359328134372,0.0,0.0
2025-01-21,22,Tuesday,7.1362207558488295,77824.0,0.0,0.0,0.0,7.1362207558488295,0.0,0.0
2025-01-21,23,Tuesday,7.00747450509898,77824.0,0.0,0.0,0.0,7.00747450509898,0.0,0.0
2025-01-22,0,Wednesday,7.00747450509898,77824.0,0.0,0.0,0.0,7.00747450509898,0.0,0.0
2025-01-22,1,Wednesday,7.00747450509898,77824.0,0.0,0.0,0.0,7.00747450509898,0.0,0.0
2025-01-22,2,Wednesday,7.1362207558488295,77824.0,0.0,0.0,0.0,7.1362207558488295,0.0,0.0
2025-01-22,3,Wednesday,7.283359328134372,77824.0,0.0,0.0,0.0,7.283359328134372,0.0,0.0
2025-01-22,4,Wednesday,7.283359328134372,77824.0,0.0,0.0,0.0,7.283359328134372,0.0,0.0
2025-01-22,5,Wednesday,7.412105578884224,77824.0,0.0,0.0,0.0,7.412105578884224,0.0,0.0
2025-01-22,6,Wednesday,7.7063827234553095,77824.0,0.0,0.0,0.0,7.7063827234553095,0.0,0.0
2025-01-22,7,Wednesday,7.7063827234553095,77824.0,0.0,0.14469988456350982,0.14469988456350982,7.579915024346802,0.0,0.6880316752637324
2025-01-22,8,Wednesday,7.982267546490701,77824.0,0.0,0.9150761423196445,0.9150761423196445,7.384146243856345,0.0,0.9345090567242358
2025-01-22,9,Wednesday,7.982267546490701,77824.0,0.0,2.4651781862327726,2.4651781862327726,5.7937227720908275,0.0,0.9469859604728748
2025-01-22,10,Wednesday,8.111013797240552,77824.0,0.0,3.059627304009011,3.059627304009011,5.3584609011233475,0.0,0.9436670620688494
2025-01-22,11,Wednesday,8.111013797240552,77824.0,0.0,4.084946452200951,4.084946452200951,4.448925850846363,0.0,0.9355776480153796
2025-01-22,12,Wednesday,8.258152369526094,77824.0,0.0,4.113434702182192,4.113434702182192,4.602136683790258,0.0,0.9353272659655159
2025-01-22,13,Wednesday,8.258152369526094,77824.0,0.0,4.637889258419354,4.637889258419354,4.137105303594296,0.0,0.9305545959536721
2025-01-22,14,Wednesday,8.111013797240552,77824.0,0.0,3.925525752341897,3.925525752341897,4.640743568383117,0.0,0.9369588644991299
2025-01-22,15,Wednesday,8.111013797240552,77824.0,0.0,1.7244330652939053,1.7244330652939053,6.576077092816147,0.0,0.9477854304817871
2025-01-22,16,Wednesday,7.982267546490701,77824.0,0.0,1.2406749449750198,1.2406749449750198,6.86516859152014,0.0,0.9433798853151532
2025-01-22,17,Wednesday,7.982267546490701,77824.0,0.0,0.16421279166869449,0.16421279166869449,7.835098254147591,0.0,0.7238381727160893
2025-01-22,18,Wednesday,7.835128974205158,77824.0,0.0,0.0,0.0,7.835128974205158,0.0,0.0
2025-01-22,19,Wednesday,7.7063827234553095,77824.0,0.0,0.0,0.0,7.7063827234553095,0.0,0.0
2025-01-22,20,Wednesday,7.559244151169766,77824.0,0.0,0.0,0.0,7.559244151169766,0.0,0.0
2025-01-22,21,Wednesday,7.283359328134372,77824.0,0.0,0.0,0.0,7.283359328134372,0.0,0.0
2025-01-22,22,Wednesday,7.1362207558488295,77824.0,0.0,0.0,0.0,7.1362207558488295,0.0,0.0
2025-01-22,23,Wednesday,7.00747450509898,77824.0,0.0,0.0,0.0,7.00747450509898,0.0,0.0
2025-01-23,0,Thursday,7.00747450509898,77824.0,0.0,0.0,0.0,7.00747450509898,0.0,0.0
2025-01-23,1,Thursday,7.00747450509898,77824.0,0.0,0.0,0.0,7.00747450509898,0.0,0.0
2025-01-23,2,Thursday,7.1362207558488295,77824.0,0.0,0.0,0.0,7.1362207558488295,0.0,0.0
2025-01-23,3,Thursday,7.283359328134372,77824.0,0.0,0.0,0.0,7.283359328134372,0.0,0.0
2025-01-23,4,Thursday,7.283359328134372,77824.0,0.0,0.0,0.0,7.283359328134372,0.0,0.0
2025-01-23,5,Thursday,7.412105578884224,77824.0,0.0,0.0,0.0,7.412105578884224,0.0,0.0
2025-01-23,6,Thursday,7.7063827234553095,77824.0,0.0,0.0,0.0,7.7063827234553095,0.0,0.0
2025-01-23,7,Thursday,7.7063827234553095,77824.0,0.0,0.06755227367404214,0.06755227367404214,7.647342036264197,0.0,0.3426378164632395
2025-01-23,8,Thursday,7.982267546490701,77824.0,0.0,0.9565853340071082,0.9565853340071082,7.670893351890994,0.0,0.9361163535571779
2025-01-23,9,Thursday,7.982267546490701,77824.0,0.0,2.0637732404695646,2.0637732404695646,6.146932260075314,0.0,0.9481003746526331
2025-01-23,10,Thursday,8.111013797240552,77824.0,0.0,3.445239001958601,3.445239001958601,5.00790302814198,0.0,0.9408760591949644
2025-01-23,11,Thursday,8.111013797240552,77824.0,0.0,4.601477329877256,4.601477329877256,3.9980649334611664,0.0,0.9308948352260942
2025-01-23,12,Thursday,8.258152369526094,77824.0,0.0,5.1252212464174765,5.1252212464174765,3.725662481229074,0.0,0.9258985019521867
2025-01-23,13,Thursday,8.258152369526094,77824.0,0.0,4.874254377683673,4.874254377683673,3.970740784416453,0.0,0.9283187661416208
2025-01-23,14,Thursday,8.111013797240552,77824.0,0.0,3.919660867075133,3.919660867075133,4.6542537944146085,0.0,0.9370090010471855
2025-01-23,15,Thursday,8.111013797240552,77824.0,0.0,2.5543596436567078,2.5543596436567078,5.837228718123437,0.0,0.9465906599352479
2025-01-23,16,Thursday,7.982267546490701,77824.0,0.0,1.8148407584487924,1.8148407584487924,6.350251800834144,0.0,0.9480222164909833
2025-01-23,17,Thursday,7.982267546490701,77824.0,0.0,0.2945401240598614,0.2945401240598614,7.71699849429678,0.0,0.8405718514060627
2025-01-23,18,Thursday,7.835128974205158,77824.0,0.0,0.0,0.0,7.835128974205158,0.0,0.0
2025-01-23,19,Thursday,6.0,71302.26086956522,0.0,0.0,0.0,0.0,6.521739130434782,0.9082345737162401
2025-01-23,20,Thursday,6.0,64696.038013007696,0.0,0.0,0.0,0.0,6.606222856557519,0.9073024996154092
2025-01-23,21,Thursday,6.0,58083.02856737815,0.0,0.0,0.0,0.0,6.613009445629547,0.9072275353639845
2025-01-23,22,Thursday,6.0,51469.47268848525,0.0,0.0,0.0,0.0,6.613555878892904,0.907221498917243
2025-01-23,23,Thursday,6.0,44855.872804486775,0.0,0.0,0.0,0.0,6.613599883998474,0.9072210127892202
2025-01-24,0,Friday,6.0,38242.26937663714,0.0,0.0,0.0,0.0,6.613603427849631,0.9072209736399804
2025-01-24,1,Friday,6.0,31628.665663391166,0.0,0.0,0.0,0.0,6.613603713245971,0.9072209704871814
2025-01-24,2,Friday,6.0,25015.06192716142,0.0,0.0,0.0,0.0,6.613603736229747,0.9072209702332776
2025-01-24,3,Friday,7.283359328134372,25015.06192716142,0.0,0.0,0.0,7.283359328134372,0.0,0.0
2025-01-24,4,Friday,7.283359328134372,25015.06192716142,0.0,0.0,0.0,7.283359328134372,0.0,0.0
2025-01-24,5,Friday,7.412105578884224,25015.06192716142,0.0,0.0,0.0,7.412105578884224,0.0,0.0
2025-01-24,6,Friday,7.7063827234553095,25015.06192716142,0.0,0.0,0.0,7.7063827234553095,0.0,0.0
2025-01-24,7,Friday,7.7063827234553095,25073.14565217425,0.0686244388147836,0.0,0.0686244388147836,7.7063827234553095,0.0,0.0
2025-01-24,8,Friday,7.982267546490701,25925.882792481134,1.0074871695497207,0.0,1.0074871695497207,7.982267546490701,0.0,0.0
2025-01-24,9,Friday,7.982267546490701,27762.530880695278,2.169952845243554,0.0,2.169952845243554,7.982267546490701,0.0,0.0
2025-01-24,10,Friday,8.111013797240552,30814.809039668104,3.606188751149369,0.0,3.606188751149369,8.111013797240552,0.0,0.0
2025-01-24,11,Friday,8.111013797240552,34885.63935871023,4.80958213497416,0.0,4.80958213497416,8.111013797240552,0.0,0.0
2025-01-24,12,Friday,8.258152369526094,39389.18463540094,5.320823814615678,0.0,5.320823814615678,8.258152369526094,0.0,0.0
2025-01-24,13,Friday,8.258152369526094,43662.461050533086,5.048767031110765,0.0,5.048767031110765,8.258152369526094,0.0,0.0
2025-01-24,14,Friday,8.111013797240552,47099.146519707596,4.060356178136233,0.0,4.060356178136233,8.111013797240552,0.0,0.0
2025-01-24,15,Friday,8.111013797240552,49321.082081120476,2.6251601623498084,0.0,2.6251601623498084,8.111013797240552,0.0,0.0
2025-01-24,16,Friday,7.982267546490701,50883.58958643364,1.8460627425722742,0.0,1.8460627425722742,7.982267546490701,0.0,0.0
2025-01-24,17,Friday,7.982267546490701,51137.87949060109,0.3004370323339393,0.0,0.3004370323339393,7.982267546490701,0.0,0.0
2025-01-24,18,Friday,7.835128974205158,51137.87949060109,0.0,0.0,0.0,7.835128974205158,0.0,0.0
2025-01-24,19,Friday,7.7063827234553095,51137.87949060109,0.0,0.0,0.0,7.7063827234553095,0.0,0.0
2025-01-24,20,Friday,7.559244151169766,51137.87949060109,0.0,0.0,0.0,7.559244151169766,0.0,0.0
2025-01-24,21,Friday,7.283359328134372,51137.87949060109,0.0,0.0,0.0,7.283359328134372,0.0,0.0
2025-01-24,22,Friday,7.1362207558488295,51137.87949060109,0.0,0.0,0.0,7.1362207558488295,0.0,0.0
2025-01-24,23,Friday,7.00747450509898,51137.87949060109,0.0,0.0,0.0,7.00747450509898,0.0,0.0
2025-01-25,0,Saturday,7.00747450509898,51137.87949060109,0.0,0.0,0.0,7.00747450509898,0.0,0.0
2025-01-25,1,Saturday,7.00747450509898,51137.87949060109,0.0,0.0,0.0,7.00747450509898,0.0,0.0
2025-01-25,2,Saturday,7.1362207558488295,51137.87949060109,0.0,0.0,0.0,7.1362207558488295,0.0,0.0
2025-01-25,3,Saturday,7.283359328134372,51137.87949060109,0.0,0.0,0.0,7.283359328134372,0.0,0.0
2025-01-25,4,Saturday,7.283359328134372,51137.87949060109,0.0,0.0,0.0,7.283359328134372,0.0,0.0
2025-01-25,5,Saturday,7.412105578884224,51137.87949060109,0.0,0.0,0.0,7.412105578884224,0.0,0.0
2025-01-25,6,Saturday,7.7063827234553095,51137.87949060109,0.0,0.0,0.0,7.7063827234553095,0.0,0.0
2025-01-25,7,Saturday,7.7063827234553095,51205.18502956728,0.07951977666137429,0.0,0.07951977666137429,7.7063827234553095,0.0,0.0
2025-01-25,8,Saturday,7.982267546490701,52306.94113457812,1.3016967214211317,0.0,1.3016967214211317,7.982267546490701,0.0,0.0
2025-01-25,9,Saturday,7.982267546490701,54312.431201998384,2.369435334853816,0.0,2.369435334853816,7.982267546490701,0.0,0.0
2025-01-25,10,Saturday,8.111013797240552,57237.54754355823,3.4559503090262798,0.0,3.4559503090262798,8.111013797240552,0.0,0.0
2025-01-25,11,Saturday,8.111013797240552,60968.15836044264,4.407621475525067,0.0,4.407621475525067,8.111013797240552,0.0,0.0
2025-01-25,12,Saturday,8.258152369526094,65332.850254674224,5.156772086757538,0.0,5.156772086757538,8.258152369526094,0.0,0.0
2025-01-25,13,Saturday,8.258152369526094,69314.2686401744,4.703944217273362,0.0,4.703944217273362,8.258152369526094,0.0,0.0
2025-01-25,14,Saturday,8.111013797240552,72640.60711755886,3.9299840233748236,0.0,3.9299840233748236,8.111013797240552,0.0,0.0
2025-01-25,15,Saturday,8.111013797240552,74941.3860803857,2.7183116290487215,0.0,2.7183116290487215,8.111013797240552,0.0,0.0
2025-01-25,16,Saturday,7.982267546490701,76399.9403400851,1.7232446357506996,0.0,1.7232446357506996,7.982267546490701,0.0,0.0
2025-01-25,17,Saturday,7.982267546490701,76661.67871975618,0.3092372160575195,0.0,0.3092372160575195,7.982267546490701,0.0,0.0
2025-01-25,18,Saturday,7.835128974205158,76661.67871975618,0.0,0.0,0.0,7.835128974205158,0.0,0.0
2025-01-25,19,Saturday,7.7063827234553095,76661.67871975618,0.0,0.0,0.0,7.7063827234553095,0.0,0.0
2025-01-25,20,Saturday,7.559244151169766,76661.67871975618,0.0,0.0,0.0,7.559244151169766,0.0,0.0
2025-01-25,21,Saturday,7.283359328134372,76661.67871975618,0.0,0.0,0.0,7.283359328134372,0.0,0.0
2025-01-25,22,Saturday,7.1362207558488295,76661.67871975618,0.0,0.0,0.0,7.1362207558488295,0.0,0.0
2025-01-25,23,Saturday,7.00747450509898,76661.67871975618,0.0,0.0,0.0,7.00747450509898,0.0,0.0
2025-01-26,0,Sunday,7.00747450509898,76661.67871975618,0.0,0.0,0.0,7.00747450509898,0.0,0.0
2025-01-26,1,Sunday,7.00747450509898,76661.67871975618,0.0,0.0,0.0,7.00747450509898,0.0,0.0
2025-01-26,2,Sunday,7.1362207558488295,76661.67871975618,0.0,0.0,0.0,7.1362207558488295,0.0,0.0
2025-01-26,3,Sunday,7.283359328134372,76661.67871975618,0.0,0.0,0.0,7.283359328134372,0.0,0.0
2025-01-26,4,Sunday,7.283359328134372,76661.67871975618,0.0,0.0,0.0,7.283359328134372,0.0,0.0
2025-01-26,5,Sunday,7.412105578884224,76661.67871975618,0.0,0.0,0.0,7.412105578884224,0.0,0.0
2025-01-26,6,Sunday,7.7063827234553095,76661.67871975618,0.0,0.0,0.0,7.7063827234553095,0.0,0.0
2025-01-26,7,Sunday,7.7063827234553095,76680.38314695653,0.022098803403056023,0.0,0.022098803403056023,7.7063827234553095,0.0,0.0
2025-01-26,8,Sunday,7.982267546490701,77089.69790312507,0.48359493876245085,0.0,0.48359493876245085,7.982267546490701,0.0,0.0
2025-01-26,9,Sunday,7.982267546490701,77824.0,0.8675591881792618,0.15915663956994497,1.0267158277492068,7.843164643506569,0.0,0.7154080523404361
2025-01-26,10,Sunday,8.111013797240552,77824.0,0.0,1.476719053650452,1.476719053650452,7.1073799303157745,0.0,0.9463415011725459
2025-01-26,11,Sunday,8.111013797240552,77824.0,0.0,1.5387232094101801,1.5387232094101801,6.727664046952398,0.0,0.9468318550090351
2025-01-26,12,Sunday,8.258152369526094,77824.0,0.0,1.6863482620278405,1.6863482620278405,6.741298529055365,0.0,0.9476450009222547
2025-01-26,13,Sunday,8.258152369526094,77824.0,0.0,1.5889394437476516,1.5889394437476516,6.827689374922226,0.0,0.9471605066078603
2025-01-26,14,Sunday,8.111013797240552,77824.0,0.0,1.598362624786004,1.598362624786004,6.67280314147694,0.0,0.947215869301213
2025-01-26,15,Sunday,8.111013797240552,77824.0,0.0,1.0523561973146593,1.0523561973146593,7.164045731499325,0.0,0.9391985581111195
2025-01-26,16,Sunday,7.982267546490701,77824.0,0.0,0.750626850146004,0.750626850146004,7.312529273920914,0.0,0.925879761726712
2025-01-26,17,Sunday,7.982267546490701,77824.0,0.0,0.19706022736859213,0.19706022736859213,7.808936173946949,0.0,0.76799858715067
2025-01-26,18,Sunday,7.835128974205158,77824.0,0.0,0.0,0.0,7.835128974205158,0.0,0.0
2025-01-26,19,Sunday,7.7063827234553095,77824.0,0.0,0.0,0.0,7.7063827234553095,0.0,0.0
2025-01-26,20,Sunday,7.559244151169766,77824.0,0.0,0.0,0.0,7.559244151169766,0.0,0.0
2025-01-26,21,Sunday,7.283359328134372,77824.0,0.0,0.0,0.0,7.283359328134372,0.0,0.0
2025-01-26,22,Sunday,7.1362207558488295,77824.0,0.0,0.0,0.0,7.1362207558488295,0.0,0.0
2025-01-26,23,Sunday,7.00747450509898,77824.0,0.0,0.0,0.0,7.00747450509898,0.0,0.0
2025-01-27,0,Monday,7.00747450509898,77824.0,0.0,0.0,0.0,7.00747450509898,0.0,0.0
2025-01-27,1,Monday,7.00747450509898,77824.0,0.0,0.0,0.0,7.00747450509898,0.0,0.0
2025-01-27,2,Monday,7.1362207558488295,77824.0,0.0,0.0,0.0,7.1362207558488295,0.0,0.0
2025-01-27,3,Monday,7.283359328134372,77824.0,0.0,0.0,0.0,7.283359328134372,0.0,0.0
2025-01-27,4,Monday,7.283359328134372,77824.0,0.0,0.0,0.0,7.283359328134372,0.0,0.0
2025-01-27,5,Monday,7.412105578884224,77824.0,0.0,0.0,0.0,7.412105578884224,0.0,0.0
2025-01-27,6,Monday,7.7063827234553095,77824.0,0.0,0.0,0.0,7.7063827234553095,0.0,0.0
2025-01-27,7,Monday,7.7063827234553095,77824.0,0.0,0.055801464396241264,0.055801464396241264,7.657612243572995,0.0,0.20600300529420623
2025-01-27,8,Monday,7.982267546490701,77824.0,0.0,1.0902628734855162,1.0902628734855162,7.768899989416924,0.0,0.9402159494763792
2025-01-27,9,Monday,7.982267546490701,77824.0,0.0,2.367396205471402,2.367396205471402,5.867697058932333,0.0,0.9473655786473785
2025-01-27,10,Monday,8.111013797240552,77824.0,0.0,3.568354562790888,3.568354562790888,4.8995043263030205,0.0,0.9399119117248373
2025-01-27,11,Monday,8.111013797240552,77824.0,0.0,4.330623834388485,4.330623834388485,4.244129116456388,0.0,0.9333862285245464
2025-01-27,12,Monday,8.258152369526094,77824.0,0.0,4.705836797279179,4.705836797279179,4.085407272274873,0.0,0.9299165847409957
2025-01-27,13,Monday,8.258152369526094,77824.0,0.0,4.553632320394663,4.553632320394663,4.235379064755855,0.0,0.93134008715722
2025-01-27,14,Monday,8.111013797240552,77824.0,0.0,4.0563272978841365,4.0563272978841365,4.522084589048411,0.0,0.9358281285435265
2025-01-27,15,Monday,8.111013797240552,77824.0,0.0,2.721572498132016,2.721572498132016,5.691435904499258,0.0,0.9457397248970356
2025-01-27,16,Monday,7.982267546490701,77824.0,0.0,1.4496043476012153,1.4496043476012153,6.679866550426277,0.0,0.9460948808309645
2025-01-27,17,Monday,7.982267546490701,77824.0,0.0,0.5330793761789623,0.5330793761789623,7.503141061055195,0.0,0.904506814298465
2025-01-27,18,Monday,7.835128974205158,77824.0,0.0,0.0,0.0,7.835128974205158,0.0,0.0
2025-01-27,19,Monday,7.7063827234553095,77824.0,0.0,0.0,0.0,7.7063827234553095,0.0,0.0
2025-01-27,20,Monday,7.559244151169766,77824.0,0.0,0.0,0.0,7.559244151169766,0.0,0.0
2025-01-27,21,Monday,7.283359328134372,77824.0,0.0,0.0,0.0,7.283359328134372,0.0,0.0
2025-01-27,22,Monday,7.1362207558488295,77824.0,0.0,0.0,0.0,7.1362207558488295,0.0,0.0
2025-01-27,23,Monday,7.00747450509898,77824.0,0.0,0.0,0.0,7.00747450509898,0.0,0.0
2025-01-28,0,Tuesday,7.00747450509898,77824.0,0.0,0.0,0.0,7.00747450509898,0.0,0.0
2025-01-28,1,Tuesday,7.00747450509898,77824.0,0.0,0.0,0.0,7.00747450509898,0.0,0.0
2025-01-28,2,Tuesday,7.1362207558488295,77824.0,0.0,0.0,0.0,7.1362207558488295,0.0,0.0
2025-01-28,3,Tuesday,7.283359328134372,77824.0,0.0,0.0,0.0,7.283359328134372,0.0,0.0
2025-01-28,4,Tuesday,7.283359328134372,77824.0,0.0,0.0,0.0,7.283359328134372,0.0,0.0
2025-01-28,5,Tuesday,7.412105578884224,77824.0,0.0,0.0,0.0,7.412105578884224,0.0,0.0
2025-01-28,6,Tuesday,7.7063827234553095,77824.0,0.0,0.0,0.0,7.7063827234553095,0.0,0.0
2025-01-28,7,Tuesday,7.7063827234553095,77824.0,0.0,0.07904325882104477,0.07904325882104477,7.637298915245716,0.0,0.43692533895427804
2025-01-28,8,Tuesday,7.982267546490701,77824.0,0.0,0.9789887094061893,0.9789887094061893,7.575909821485476,0.0,0.9369105380759347
2025-01-28,9,Tuesday,7.982267546490701,77824.0,0.0,2.047194760966396,2.047194760966396,6.160131118699604,0.0,0.9481172108901049
2025-01-28,10,Tuesday,8.111013797240552,77824.0,0.0,3.418277245385596,3.418277245385596,5.032132683693655,0.0,0.9410829786932207
2025-01-28,11,Tuesday,8.111013797240552,77824.0,0.0,4.549970087589071,4.549970087589071,4.043209364396844,0.0,0.9313740815687699
2025-01-28,12,Tuesday,8.258152369526094,77824.0,0.0,5.081846301725732,5.081846301725732,3.7617074341798133,0.0,0.9263199112991234
2025-01-28,13,Tuesday,8.258152369526094,77824.0,0.0,4.851743800587266,4.851743800587266,3.98859882687033,0.0,0.928533624333733
2025-01-28,14,Tuesday,8.111013797240552,77824.0,0.0,3.905623240454384,3.905623240454384,4.6658364196364435,0.0,0.9371287991062843
2025-01-28,15,Tuesday,8.111013797240552,77824.0,0.0,2.5486506165435556,2.5486506165435556,5.842020600198747,0.0,0.9466172682109999
2025-01-28,16,Tuesday,7.982267546490701,77824.0,0.0,1.3530060314470458,1.3530060314470458,6.765527616797363,0.0,0.9450352493835625
2025-01-28,17,Tuesday,7.982267546490701,77824.0,0.0,0.5181104907870693,0.5181104907870693,7.517116503464963,0.0,0.9022996343735642
2025-01-28,18,Tuesday,7.835128974205158,77824.0,0.0,0.0,0.0,7.835128974205158,0.0,0.0
2025-01-28,19,Tuesday,7.7063827234553095,77824.0,0.0,0.0,0.0,7.7063827234553095,0.0,0.0
2025-01-28,20,Tuesday,7.559244151169766,77824.0,0.0,0.0,0.0,7.559244151169766,0.0,0.0
2025-01-28,21,Tuesday,7.283359328134372,77824.0,0.0,0.0,0.0,7.283359328134372,0.0,0.0
2025-01-28,22,Tuesday,7.1362207558488295,77824.0,0.0,0.0,0.0,7.1362207558488295,0.0,0.0
2025-01-28,23,Tuesday,7.00747450509898,77824.0,0.0,0.0,0.0,7.00747450509898,0.0,0.0
2025-01-29,0,Wednesday,7.00747450509898,77824.0,0.0,0.0,0.0,7.00747450509898,0.0,0.0
2025-01-29,1,Wednesday,7.00747450509898,77824.0,0.0,0.0,0.0,7.00747450509898,0.0,0.0
2025-01-29,2,Wednesday,7.1362207558488295,77824.0,0.0,0.0,0.0,7.1362207558488295,0.0,0.0
2025-01-29,3,Wednesday,7.283359328134372,77824.0,0.0,0.0,0.0,7.283359328134372,0.0,0.0
2025-01-29,4,Wednesday,7.283359328134372,77824.0,0.0,0.0,0.0,7.283359328134372,0.0,0.0
2025-01-29,5,Wednesday,7.412105578884224,77824.0,0.0,0.0,0.0,7.412105578884224,0.0,0.0
2025-01-29,6,Wednesday,7.7063827234553095,77824.0,0.0,0.0,0.0,7.7063827234553095,0.0,0.0
2025-01-29,7,Wednesday,7.7063827234553095,77824.0,0.0,0.11201399779158797,0.11201399779158797,7.6084824893854615,0.0,0.599928489515569
2025-01-29,8,Wednesday,7.982267546490701,77824.0,0.0,1.021819206240239,1.021819206240239,7.399900016180882,0.0,0.93830074835495
2025-01-29,9,Wednesday,7.982267546490701,77824.0,0.0,2.2661965356195197,2.2661965356195197,5.96221233646407,0.0,0.9476916647403558
2025-01-29,10,Wednesday,8.111013797240552,77824.0,0.0,3.593018664705642,3.593018664705642,4.876193649432396,0.0,0.9397151409859477
2025-01-29,11,Wednesday,8.111013797240552,77824.0,0.0,4.74885341255149,4.74885341255149,3.871572815848001,0.0,0.9295106483775943
2025-01-29,12,Wednesday,8.258152369526094,77824.0,0.0,4.7820640174391915,4.7820640174391915,4.035421915364681,0.0,0.9291962094043807
2025-01-29,13,Wednesday,8.258152369526094,77824.0,0.0,4.461640506514859,4.461640506514859,4.319699895466378,0.0,0.9321901379759957
2025-01-29,14,Wednesday,8.111013797240552,77824.0,0.0,3.8467171053654385,3.8467171053654385,4.704435635495583,0.0,0.937628306779457
2025-01-29,15,Wednesday,8.111013797240552,77824.0,0.0,2.7918486104409848,2.7918486104409848,5.6241833261178105,0.0,0.9453443666072698
2025-01-29,16,Wednesday,7.982267546490701,77824.0,0.0,1.542175068891591,1.542175068891591,6.597275358476799,0.0,0.9468563248187571
2025-01-29,17,Wednesday,7.982267546490701,77824.0,0.0,0.49069311875621474,0.49069311875621474,7.540882457603305,0.0,0.8978806993952517
2025-01-29,18,Wednesday,7.835128974205158,77824.0,0.0,0.0,0.0,7.835128974205158,0.0,0.0
2025-01-29,19,Wednesday,7.7063827234553095,77824.0,0.0,0.0,0.0,7.7063827234553095,0.0,0.0
2025-01-29,20,Wednesday,7.559244151169766,77824.0,0.0,0.0,0.0,7.559244151169766,0.0,0.0
2025-01-29,21,Wednesday,7.283359328134372,77824.0,0.0,0.0,0.0,7.283359328134372,0.0,0.0
2025-01-29,22,Wednesday,7.1362207558488295,77824.0,0.0,0.0,0.0,7.1362207558488295,0.0,0.0
2025-01-29,23,Wednesday,7.00747450509898,77824.0,0.0,0.0,0.0,7.00747450509898,0.0,0.0
2025-01-30,0,Thursday,7.00747450509898,77824.0,0.0,0.0,0.0,7.00747450509898,0.0,0.0
2025-01-30,1,Thursday,7.00747450509898,77824.0,0.0,0.0,0.0,7.00747450509898,0.0,0.0
2025-01-30,2,Thursday,7.1362207558488295,77824.0,0.0,0.0,0.0,7.1362207558488295,0.0,0.0
2025-01-30,3,Thursday,7.283359328134372,77824.0,0.0,0.0,0.0,7.283359328134372,0.0,0.0
2025-01-30,4,Thursday,7.283359328134372,77824.0,0.0,0.0,0.0,7.283359328134372,0.0,0.0
2025-01-30,5,Thursday,7.412105578884224,77824.0,0.0,0.0,0.0,7.412105578884224,0.0,0.0
2025-01-30,6,Thursday,7.7063827234553095,77824.0,0.0,0.0,0.0,7.7063827234553095,0.0,0.0
2025-01-30,7,Thursday,7.7063827234553095,77824.0,0.0,0.07838804679059166,0.07838804679059166,7.637871570560332,0.0,0.43229330051016024
2025-01-30,8,Thursday,7.982267546490701,77824.0,0.0,1.0102477983042446,1.0102477983042446,7.5673803591817395,0.0,0.9379408619091965
2025-01-30,9,Thursday,7.982267546490701,77824.0,0.0,2.135744759432764,2.135744759432764,6.0792253800343055,0.0,0.9479962968578114
2025-01-30,10,Thursday,8.111013797240552,77824.0,0.0,3.494063982681577,3.494063982681577,4.964272066502481,0.0,0.9404974038460047
2025-01-30,11,Thursday,8.111013797240552,77824.0,0.0,4.586245522805451,4.586245522805451,4.013329390021608,0.0,0.9310368112165933
2025-01-30,12,Thursday,8.258152369526094,77824.0,0.0,5.116909936695341,5.116909936695341,3.7323224343199293,0.0,0.9259793464332285
2025-01-30,13,Thursday,8.258152369526094,77824.0,0.0,4.883625799135512,4.883625799135512,3.962122575103537,0.0,0.9282292046132833
2025-01-30,14,Thursday,8.111013797240552,77824.0,0.0,3.9472248390557256,3.9472248390557256,4.630280893093386,0.0,0.9367729356582415
2025-01-30,15,Thursday,8.111013797240552,77824.0,0.0,2.6156678008179206,2.6156678008179206,5.783241332985559,0.0,0.9462943326616633
2025-01-30,16,Thursday,7.982267546490701,77824.0,0.0,1.466553310806993,1.466553310806993,6.663866014255987,0.0,0.9462514471270639
2025-01-30,17,Thursday,7.982267546490701,77824.0,0.0,0.5318960917961979,0.5318960917961979,7.504125472236488,0.0,0.9043372092884047
2025-01-30,18,Thursday,7.835128974205158,77824.0,0.0,0.0,0.0,7.835128974205158,0.0,0.0
2025-01-30,19,Thursday,6.0,71302.26086956522,0.0,0.0,0.0,0.0,6.521739130434782,0.9082345737162401
2025-01-30,20,Thursday,6.0,64696.038013007696,0.0,0.0,0.0,0.0,6.606222856557519,0.9073024996154092
2025-01-30,21,Thursday,6.0,58083.02856737815,0.0,0.0,0.0,0.0,6.613009445629547,0.9072275353639845
2025-01-30,22,Thursday,6.0,51469.47268848525,0.0,0.0,0.0,0.0,6.613555878892904,0.907221498917243
2025-01-30,23,Thursday,6.0,44855.872804486775,0.0,0.0,0.0,0.0,6.613599883998474,0.9072210127892202
2025-01-31,0,Friday,6.0,38242.26937663714,0.0,0.0,0.0,0.0,6.613603427849631,0.9072209736399804
2025-01-31,1,Friday,6.0,31628.665663391166,0.0,0.0,0.0,0.0,6.613603713245971,0.9072209704871814
2025-01-31,2,Friday,6.0,25015.06192716142,0.0,0.0,0.0,0.0,6.613603736229747,0.9072209702332776
2025-01-31,3,Friday,7.283359328134372,25015.06192716142,0.0,0.0,0.0,7.283359328134372,0.0,0.0
2025-01-31,4,Friday,7.283359328134372,25015.06192716142,0.0,0.0,0.0,7.283359328134372,0.0,0.0
2025-01-31,5,Friday,7.412105578884224,25015.06192716142,0.0,0.0,0.0,7.412105578884224,0.0,0.0
2025-01-31,6,Friday,7.7063827234553095,25015.06192716142,0.0,0.0,0.0,7.7063827234553095,0.0,0.0
2025-01-31,7,Friday,7.7063827234553095,25090.363453928778,0.08896683219205914,0.0,0.08896683219205914,7.7063827234553095,0.0,0.0
2025-01-31,8,Friday,7.982267546490701,25955.926891593772,1.0226411125531618,0.0,1.0226411125531618,7.982267546490701,0.0,0.0
2025-01-31,9,Friday,7.982267546490701,27754.16538226299,2.124572885951341,0.0,2.124572885951341,7.982267546490701,0.0,0.0
2025-01-31,10,Friday,8.111013797240552,30687.65636929797,3.465844738935466,0.0,3.465844738935466,8.111013797240552,0.0,0.0
2025-01-31,11,Friday,8.111013797240552,34588.52809755114,4.608780397274541,0.0,4.608780397274541,8.111013797240552,0.0,0.0
2025-01-31,12,Friday,8.258152369526094,38968.8638667904,5.175254925849783,0.0,5.175254925849783,8.258152369526094,0.0,0.0
2025-01-31,13,Friday,8.258152369526094,43083.552259662865,4.86139932995329,0.0,4.86139932995329,8.258152369526094,0.0,0.0
2025-01-31,14,Friday,8.111013797240552,46499.58572978763,4.035956368294851,0.0,4.035956368294851,8.111013797240552,0.0,0.0
2025-01-31,15,Friday,8.111013797240552,48916.56366952887,2.8555977548927713,0.0,2.8555977548927713,8.111013797240552,0.0,0.0
2025-01-31,16,Friday,7.982267546490701,50198.73428482559,1.5148518611728659,0.0,1.5148518611728659,7.982267546490701,0.0,0.0
2025-01-31,17,Friday,7.982267546490701,50641.0012728251,0.5225271597347774,0.0,0.5225271597347774,7.982267546490701,0.0,0.0
2025-01-31,18,Friday,7.835128974205158,50641.0012728251,0.0,0.0,0.0,7.835128974205158,0.0,0.0
2025-01-31,19,Friday,7.7063827234553095,50641.0012728251,0.0,0.0,0.0,7.7063827234553095,0.0,0.0
2025-01-31,20,Friday,7.559244151169766,50641.0012728251,0.0,0.0,0.0,7.559244151169766,0.0,0.0
2025-01-31,21,Friday,7.283359328134372,50641.0012728251,0.0,0.0,0.0,7.283359328134372,0.0,0.0
2025-01-31,22,Friday,7.1362207558488295,50641.0012728251,0.0,0.0,0.0,7.1362207558488295,0.0,0.0
2025-01-31,23,Friday,7.00747450509898,50641.0012728251,0.0,0.0,0.0,7.00747450509898,0.0,0.0
2025-02-01,0,Saturday,7.00747450509898,50641.0012728251,0.0,0.0,0.0,7.00747450509898,0.0,0.0
2025-02-01,1,Saturday,7.00747450509898,50641.0012728251,0.0,0.0,0.0,7.00747450509898,0.0,0.0
2025-02-01,2,Saturday,7.1362207558488295,50641.0012728251,0.0,0.0,0.0,7.1362207558488295,0.0,0.0
2025-02-01,3,Saturday,7.283359328134372,50641.0012728251,0.0,0.0,0.0,7.283359328134372,0.0,0.0
2025-02-01,4,Saturday,7.283359328134372,50641.0012728251,0.0,0.0,0.0,7.283359328134372,0.0,0.0
2025-02-01,5,Saturday,7.412105578884224,50641.0012728251,0.0,0.0,0.0,7.412105578884224,0.0,0.0
2025-02-01,6,Saturday,7.7063827234553095,50641.0012728251,0.0,0.0,0.0,7.7063827234553095,0.0,0.0
2025-02-01,7,Saturday,7.7063827234553095,50706.55907142438,0.07745486601994632,0.0,0.07745486601994632,7.7063827234553095,0.0,0.0
2025-02-01,8,Saturday,7.982267546490701,51699.372206901775,1.1729833831254708,0.0,1.1729833831254708,7.982267546490701,0.0,0.0
2025-02-01,9,Saturday,7.982267546490701,53768.67383728567,2.444827068033899,0.0,2.444827068033899,7.982267546490701,0.0,0.0
2025-02-01,10,Saturday,8.111013797240552,56951.24705091074,3.7601290331109047,0.0,3.7601290331109047,8.111013797240552,0.0,0.0
2025-02-01,11,Saturday,8.111013797240552,60501.98859068909,4.195110514861012,0.0,4.195110514861012,8.111013797240552,0.0,0.0
2025-02-01,12,Saturday,8.258152369526094,63803.44656609018,3.9005883452281234,0.0,3.9005883452281234,8.258152369526094,0.0,0.0
2025-02-01,13,Saturday,8.258152369526094,66435.03691241179,3.1091568363913202,0.0,3.1091568363913202,8.258152369526094,0.0,0.0
2025-02-01,14,Saturday,8.111013797240552,68057.48496273124,1.9168809668235463,0.0,1.9168809668235463,8.111013797240552,0.0,0.0
2025-02-01,15,Saturday,8.111013797240552,69886.47077395707,2.1609000605220174,0.0,2.1609000605220174,8.111013797240552,0.0,0.0
2025-02-01,16,Saturday,7.982267546490701,70099.78644786388,0.25202702493715523,0.0,0.25202702493715523,7.982267546490701,0.0,0.0
2025-02-01,17,Saturday,7.982267546490701,70493.23067847075,0.4648443178247601,0.0,0.4648443178247601,7.982267546490701,0.0,0.0
2025-02-01,18,Saturday,7.835128974205158,70493.23067847075,0.0,0.0,0.0,7.835128974205158,0.0,0.0
2025-02-01,19,Saturday,7.7063827234553095,70493.23067847075,0.0,0.0,0.0,7.7063827234553095,0.0,0.0
2025-02-01,20,Saturday,7.559244151169766,70493.23067847075,0.0,0.0,0.0,7.559244151169766,0.0,0.0
2025-02-01,21,Saturday,7.283359328134372,70493.23067847075,0.0,0.0,0.0,7.283359328134372,0.0,0.0
2025-02-01,22,Saturday,7.1362207558488295,70493.23067847075,0.0,0.0,0.0,7.1362207558488295,0.0,0.0
2025-02-01,23,Saturday,7.00747450509898,70493.23067847075,0.0,0.0,0.0,7.00747450509898,0.0,0.0
2025-02-02,0,Sunday,7.00747450509898,70493.23067847075,0.0,0.0,0.0,7.00747450509898,0.0,0.0
2025-02-02,1,Sunday,7.00747450509898,70493.23067847075,0.0,0.0,0.0,7.00747450509898,0.0,0.0
2025-02-02,2,Sunday,7.1362207558488295,70493.23067847075,0.0,0.0,0.0,7.1362207558488295,0.0,0.0
2025-02-02,3,Sunday,7.283359328134372,70493.23067847075,0.0,0.0,0.0,7.283359328134372,0.0,0.0
2025-02-02,4,Sunday,7.283359328134372,70493.23067847075,0.0,0.0,0.0,7.283359328134372,0.0,0.0
2025-02-02,5,Sunday,7.412105578884224,70493.23067847075,0.0,0.0,0.0,7.412105578884224,0.0,0.0
2025-02-02,6,Sunday,7.7063827234553095,70493.23067847075,0.0,0.0,0.0,7.7063827234553095,0.0,0.0
2025-02-02,7,Sunday,7.7063827234553095,70568.26332210474,0.08864915363183944,0.0,0.08864915363183944,7.7063827234553095,0.0,0.0
2025-02-02,8,Sunday,7.982267546490701,71713.21950024775,1.352736505367438,0.0,1.352736505367438,7.982267546490701,0.0,0.0
2025-02-02,9,Sunday,7.982267546490701,73293.45802729993,1.8670114922639307,0.0,1.8670114922639307,7.982267546490701,0.0,0.0
2025-02-02,10,Sunday,8.111013797240552,75544.25296920679,2.659256783916416,0.0,2.659256783916416,8.111013797240552,0.0,0.0
2025-02-02,11,Sunday,8.111013797240552,77824.0,2.693462938082707,1.1108605291401266,3.8043234672228334,7.140121694772082,0.0,0.9407272958632193
2025-02-02,12,Sunday,8.258152369526094,77824.0,0.0,4.170487085870267,4.170487085870267,4.531025882739041,0.0,0.9348227794905684
2025-02-02,13,Sunday,8.258152369526094,77824.0,0.0,4.16141385697874,4.16141385697874,4.562477124554233,0.0,0.934903277178719
2025-02-02,14,Sunday,8.111013797240552,77824.0,0.0,0.8824071911273345,0.8824071911273345,7.3272966911890896,0.0,0.9331064202521254
2025-02-02,15,Sunday,8.111013797240552,77824.0,0.0,0.45965998244151446,0.45965998244151446,7.703547700528854,0.0,0.8921979975450797
2025-02-02,16,Sunday,7.982267546490701,77824.0,0.0,0.27446694403770666,0.27446694403770666,7.74963263152108,0.0,0.8299067100240352
2025-02-02,17,Sunday,7.982267546490701,77824.0,0.0,0.08812725314004997,0.08812725314004997,7.912787017709633,0.0,0.4940363352243427
2025-02-02,18,Sunday,7.835128974205158,77824.0,0.0,0.0,0.0,7.835128974205158,0.0,0.0
2025-02-02,19,Sunday,7.7063827234553095,77824.0,0.0,0.0,0.0,7.7063827234553095,0.0,0.0
2025-02-02,20,Sunday,7.559244151169766,77824.0,0.0,0.0,0.0,7.559244151169766,0.0,0.0
2025-02-02,21,Sunday,7.283359328134372,77824.0,0.0,0.0,0.0,7.283359328134372,0.0,0.0
2025-02-02,22,Sunday,7.1362207558488295,77824.0,0.0,0.0,0.0,7.1362207558488295,0.0,0.0
2025-02-02,23,Sunday,7.00747450509898,77824.0,0.0,0.0,0.0,7.00747450509898,0.0,0.0
2025-02-03,0,Monday,7.00747450509898,77824.0,0.0,0.0,0.0,7.00747450509898,0.0,0.0
2025-02-03,1,Monday,7.00747450509898,77824.0,0.0,0.0,0.0,7.00747450509898,0.0,0.0
2025-02-03,2,Monday,7.1362207558488295,77824.0,0.0,0.0,0.0,7.1362207558488295,0.0,0.0
2025-02-03,3,Monday,7.283359328134372,77824.0,0.0,0.0,0.0,7.283359328134372,0.0,0.0
2025-02-03,4,Monday,7.283359328134372,77824.0,0.0,0.0,0.0,7.283359328134372,0.0,0.0
2025-02-03,5,Monday,7.412105578884224,77824.0,0.0,0.0,0.0,7.412105578884224,0.0,0.0
2025-02-03,6,Monday,7.7063827234553095,77824.0,0.0,0.0,0.0,7.7063827234553095,0.0,0.0
2025-02-03,7,Monday,7.7063827234553095,77824.0,0.0,0.14462613775488742,0.14462613775488742,7.579979479057538,0.0,0.6878779076113766
2025-02-03,8,Monday,7.982267546490701,77824.0,0.0,1.3427669112188958,1.3427669112188958,7.1047908378566085,0.0,0.9449047078691876
2025-02-03,9,Monday,7.982267546490701,77824.0,0.0,2.310899801042234,2.310899801042234,5.907866450142864,0.0,0.9475565591317309
2025-02-03,10,Monday,8.111013797240552,77824.0,0.0,2.809551287950965,2.809551287950965,5.58191548368136,0.0,0.945241574245749
2025-02-03,11,Monday,8.111013797240552,77824.0,0.0,2.571869761825783,2.571869761825783,5.801527485938472,0.0,0.9465079845082256
2025-02-03,12,Monday,8.258152369526094,77824.0,0.0,1.968838441473843,1.968838441473843,6.487807129717457,0.0,0.9481575505350733
2025-02-03,13,Monday,8.258152369526094,77824.0,0.0,5.131936061675763,5.131936061675763,3.635562640072047,0.0,0.9258331537525939
2025-02-03,14,Monday,8.111013797240552,77824.0,0.0,3.9416953021090526,3.9416953021090526,4.644129214191315,0.0,0.936820379777863
2025-02-03,15,Monday,8.111013797240552,77824.0,0.0,0.7783042842818393,0.7783042842818393,7.418339047816085,0.0,0.927642772542215
2025-02-03,16,Monday,7.982267546490701,77824.0,0.0,0.24246096671423828,0.24246096671423828,7.768596241264443,0.0,0.8091705340093598
2025-02-03,17,Monday,7.982267546490701,77824.0,0.0,0.07737544637989141,0.07737544637989141,7.922788111787593,0.0,0.42498014450910393
2025-02-03,18,Monday,7.835128974205158,77824.0,0.0,0.0,0.0,7.835128974205158,0.0,0.0
2025-02-03,19,Monday,7.7063827234553095,77824.0,0.0,0.0,0.0,7.7063827234553095,0.0,0.0
2025-02-03,20,Monday,7.559244151169766,77824.0,0.0,0.0,0.0,7.559244151169766,0.0,0.0
2025-02-03,21,Monday,7.283359328134372,77824.0,0.0,0.0,0.0,7.283359328134372,0.0,0.0
2025-02-03,22,Monday,7.1362207558488295,77824.0,0.0,0.0,0.0,7.1362207558488295,0.0,0.0
2025-02-03,23,Monday,7.00747450509898,77824.0,0.0,0.0,0.0,7.00747450509898,0.0,0.0
2025-02-04,0,Tuesday,7.00747450509898,77824.0,0.0,0.0,0.0,7.00747450509898,0.0,0.0
2025-02-04,1,Tuesday,7.00747450509898,77824.0,0.0,0.0,0.0,7.00747450509898,0.0,0.0
2025-02-04,2,Tuesday,7.1362207558488295,77824.0,0.0,0.0,0.0,7.1362207558488295,0.0,0.0
2025-02-04,3,Tuesday,7.283359328134372,77824.0,0.0,0.0,0.0,7.283359328134372,0.0,0.0
2025-02-04,4,Tuesday,7.283359328134372,77824.0,0.0,0.0,0.0,7.283359328134372,0.0,0.0
2025-02-04,5,Tuesday,7.412105578884224,77824.0,0.0,0.0,0.0,7.412105578884224,0.0,0.0
2025-02-04,6,Tuesday,7.7063827234553095,77824.0,0.0,0.0,0.0,7.7063827234553095,0.0,0.0
2025-02-04,7,Tuesday,7.7063827234553095,77824.0,0.0,0.10263276400790008,0.10263276400790008,7.616681687712405,0.0,0.5642335113916762
2025-02-04,8,Tuesday,7.982267546490701,77824.0,0.0,1.198391437799724,1.198391437799724,7.339903567967816,0.0,0.942614191870371
2025-02-04,9,Tuesday,7.982267546490701,77824.0,0.0,2.3570198044500272,2.3570198044500272,5.871595244206285,0.0,0.9474022833071298
2025-02-04,10,Tuesday,8.111013797240552,77824.0,0.0,3.7899569028844105,3.7899569028844105,4.699930664983659,0.0,0.9381045588181447
2025-02-04,11,Tuesday,8.111013797240552,77824.0,0.0,4.932013049619525,4.932013049619525,3.7156070675418293,0.0,0.9277657291529929
2025-02-04,12,Tuesday,8.258152369526094,77824.0,0.0,5.476046982602944,5.476046982602944,3.431688083919961,0.0,0.922447512486582
2025-02-04,13,Tuesday,8.258152369526094,77824.0,0.0,5.261989907194953,5.261989907194953,3.646938343935685,0.0,0.9245618385444975
2025-02-04,14,Tuesday,8.111013797240552,77824.0,0.0,4.3173991250697075,4.3173991250697075,4.318896448075942,0.0,0.9335059576077244
2025-02-04,15,Tuesday,8.111013797240552,77824.0,0.0,2.936974567958879,2.936974567958879,5.506414703535166,0.0,0.944466459871273
2025-02-04,16,Tuesday,7.982267546490701,77824.0,0.0,1.5908063475337308,1.5908063475337308,6.554927469064565,0.0,0.9471716281571898
2025-02-04,17,Tuesday,7.982267546490701,77824.0,0.0,0.5915943190553585,0.5915943190553585,7.449943259821904,0.0,0.9119803294489591
2025-02-04,18,Tuesday,7.835128974205158,77824.0,0.0,0.0,0.0,7.835128974205158,0.0,0.0
2025-02-04,19,Tuesday,7.7063827234553095,77824.0,0.0,0.0,0.0,7.7063827234553095,0.0,0.0
2025-02-04,20,Tuesday,7.559244151169766,77824.0,0.0,0.0,0.0,7.559244151169766,0.0,0.0
2025-02-04,21,Tuesday,7.283359328134372,77824.0,0.0,0.0,0.0,7.283359328134372,0.0,0.0
2025-02-04,22,Tuesday,7.1362207558488295,77824.0,0.0,0.0,0.0,7.1362207558488295,0.0,0.0
2025-02-04,23,Tuesday,7.00747450509898,77824.0,0.0,0.0,0.0,7.00747450509898,0.0,0.0
2025-02-05,0,Wednesday,7.00747450509898,77824.0,0.0,0.0,0.0,7.00747450509898,0.0,0.0
2025-02-05,1,Wednesday,7.00747450509898,77824.0,0.0,0.0,0.0,7.00747450509898,0.0,0.0
2025-02-05,2,Wednesday,7.1362207558488295,77824.0,0.0,0.0,0.0,7.1362207558488295,0.0,0.0
2025-02-05,3,Wednesday,7.283359328134372,77824.0,0.0,0.0,0.0,7.283359328134372,0.0,0.0
2025-02-05,4,Wednesday,7.283359328134372,77824.0,0.0,0.0,0.0,7.283359328134372,0.0,0.0
2025-02-05,5,Wednesday,7.412105578884224,77824.0,0.0,0.0,0.0,7.412105578884224,0.0,0.0
2025-02-05,6,Wednesday,7.7063827234553095,77824.0,0.0,0.0,0.0,7.7063827234553095,0.0,0.0
2025-02-05,7,Wednesday,7.7063827234553095,77824.0,0.0,0.10202009821319068,0.10202009821319068,7.617217157616981,0.0,0.5616733141056491
2025-02-05,8,Wednesday,7.982267546490701,77824.0,0.0,1.0350766106549716,1.0350766106549716,7.429961381743872,0.0,0.9386995556807239
2025-02-05,9,Wednesday,7.982267546490701,77824.0,0.0,2.2441925049952887,2.2441925049952887,5.980976164554667,0.0,0.9477526874878264
2025-02-05,10,Wednesday,8.111013797240552,77824.0,0.0,3.6960417079652945,3.6960417079652945,4.783227008538908,0.0,0.9388810416277529
2025-02-05,11,Wednesday,8.111013797240552,77824.0,0.0,4.916988488423623,4.916988488423623,3.725369887241853,0.0,0.9279098270434372
2025-02-05,12,Wednesday,8.258152369526094,77824.0,0.0,5.489528615855381,5.489528615855381,3.419054198462147,0.0,0.922313498239385
2025-02-05,13,Wednesday,8.258152369526094,77824.0,0.0,5.255859765079922,5.255859765079922,3.6529794836489238,0.0,0.9246219973463136
2025-02-05,14,Wednesday,8.111013797240552,77824.0,0.0,4.276475361522805,4.276475361522805,4.354596766385714,0.0,0.933875242427295
2025-02-05,15,Wednesday,8.111013797240552,77824.0,0.0,2.8535918414838353,2.8535918414838353,5.5793599631239985,0.0,0.9449805183945605
2025-02-05,16,Wednesday,7.982267546490701,77824.0,0.0,1.4875978857023642,1.4875978857023642,6.646804076356712,0.0,0.9464347543928359
2025-02-05,17,Wednesday,7.982267546490701,77824.0,0.0,0.6150303391784214,0.6150303391784214,7.429285762886453,0.0,0.9145391321553668
2025-02-05,18,Wednesday,7.835128974205158,77824.0,0.0,0.0,0.0,7.835128974205158,0.0,0.0
2025-02-05,19,Wednesday,7.7063827234553095,77824.0,0.0,0.0,0.0,7.7063827234553095,0.0,0.0
2025-02-05,20,Wednesday,7.559244151169766,77824.0,0.0,0.0,0.0,7.559244151169766,0.0,0.0
2025-02-05,21,Wednesday,7.283359328134372,77824.0,0.0,0.0,0.0,7.283359328134372,0.0,0.0
2025-02-05,22,Wednesday,7.1362207558488295,77824.0,0.0,0.0,0.0,7.1362207558488295,0.0,0.0
2025-02-05,23,Wednesday,7.00747450509898,77824.0,0.0,0.0,0.0,7.00747450509898,0.0,0.0
2025-02-06,0,Thursday,7.00747450509898,77824.0,0.0,0.0,0.0,7.00747450509898,0.0,0.0
2025-02-06,1,Thursday,7.00747450509898,77824.0,0.0,0.0,0.0,7.00747450509898,0.0,0.0
2025-02-06,2,Thursday,7.1362207558488295,77824.0,0.0,0.0,0.0,7.1362207558488295,0.0,0.0
2025-02-06,3,Thursday,7.283359328134372,77824.0,0.0,0.0,0.0,7.283359328134372,0.0,0.0
2025-02-06,4,Thursday,7.283359328134372,77824.0,0.0,0.0,0.0,7.283359328134372,0.0,0.0
2025-02-06,5,Thursday,7.412105578884224,77824.0,0.0,0.0,0.0,7.412105578884224,0.0,0.0
2025-02-06,6,Thursday,7.7063827234553095,77824.0,0.0,0.0,0.0,7.7063827234553095,0.0,0.0
2025-02-06,7,Thursday,7.7063827234553095,77824.0,0.0,0.1130918357637619,0.1130918357637619,7.607540458997781,0.0,0.6036491735461736
2025-02-06,8,Thursday,7.982267546490701,77824.0,0.0,1.108092125706787,1.108092125706787,7.346813595389572,0.0,0.940660182577261
2025-02-06,9,Thursday,7.982267546490701,77824.0,0.0,2.3585346320495355,2.3585346320495355,5.874616909772117,0.0,0.9473969696268263
2025-02-06,10,Thursday,8.111013797240552,77824.0,0.0,3.7891345841948745,3.7891345841948745,4.700689905794846,0.0,0.9381114209564554
2025-02-06,11,Thursday,8.111013797240552,77824.0,0.0,4.95507940037735,4.95507940037735,3.695018048862498,0.0,0.9275441830936679
2025-02-06,12,Thursday,8.258152369526094,77824.0,0.0,5.498555841948638,5.498555841948638,3.4130065572416877,0.0,0.9222237091164117
2025-02-06,13,Thursday,8.258152369526094,77824.0,0.0,5.285301243192635,5.285301243192635,3.6276337590461347,0.0,0.9243328642682898
2025-02-06,14,Thursday,8.111013797240552,77824.0,0.0,4.326935924412488,4.326935924412488,4.311461174548875,0.0,0.9334196358617919
2025-02-06,15,Thursday,8.111013797240552,77824.0,0.0,3.089836795595392,3.089836795595392,5.371105177454387,0.0,0.9434628725949256
2025-02-06,16,Thursday,7.982267546490701,77824.0,0.0,1.7283919493831297,1.7283919493831297,6.433127594632498,0.0,0.9477985750968472
2025-02-06,17,Thursday,7.982267546490701,77824.0,0.0,0.607075189161317,0.607075189161317,7.435651797190143,0.0,0.9136950308124008
2025-02-06,18,Thursday,7.835128974205158,77824.0,0.0,0.0,0.0,7.835128974205158,0.0,0.0
2025-02-06,19,Thursday,6.0,71302.26086956522,0.0,0.0,0.0,0.0,6.521739130434782,0.9082345737162401
2025-02-06,20,Thursday,6.0,64696.038013007696,0.0,0.0,0.0,0.0,6.606222856557519,0.9073024996154092
2025-02-06,21,Thursday,6.0,58083.02856737815,0.0,0.0,0.0,0.0,6.613009445629547,0.9072275353639845
2025-02-06,22,Thursday,6.0,51469.47268848525,0.0,0.0,0.0,0.0,6.613555878892904,0.907221498917243
2025-02-06,23,Thursday,6.0,44855.872804486775,0.0,0.0,0.0,0.0,6.613599883998474,0.9072210127892202
2025-02-07,0,Friday,6.0,38242.26937663714,0.0,0.0,0.0,0.0,6.613603427849631,0.9072209736399804
2025-02-07,1,Friday,6.0,31628.665663391166,0.0,0.0,0.0,0.0,6.613603713245971,0.9072209704871814
2025-02-07,2,Friday,6.0,25015.06192716142,0.0,0.0,0.0,0.0,6.613603736229747,0.9072209702332776
2025-02-07,3,Friday,7.283359328134372,25015.06192716142,0.0,0.0,0.0,7.283359328134372,0.0,0.0
2025-02-07,4,Friday,7.283359328134372,25015.06192716142,0.0,0.0,0.0,7.283359328134372,0.0,0.0
2025-02-07,5,Friday,7.412105578884224,25015.06192716142,0.0,0.0,0.0,7.412105578884224,0.0,0.0
2025-02-07,6,Friday,7.7063827234553095,25015.06192716142,0.0,0.0,0.0,7.7063827234553095,0.0,0.0
2025-02-07,7,Friday,7.7063827234553095,25043.534125717902,0.033639175988281415,0.0,0.033639175988281415,7.7063827234553095,0.0,0.0
2025-02-07,8,Friday,7.982267546490701,25627.97229081441,0.6904987772879332,0.0,0.6904987772879332,7.982267546490701,0.0,0.0
2025-02-07,9,Friday,7.982267546490701,27387.99023871836,2.0794162900566544,0.0,2.0794162900566544,7.982267546490701,0.0,0.0
2025-02-07,10,Friday,8.111013797240552,30047.462564002806,3.1420986829920157,0.0,3.1420986829920157,8.111013797240552,0.0,0.0
2025-02-07,11,Friday,8.111013797240552,32857.68926392208,3.320211129394228,0.0,3.320211129394228,8.111013797240552,0.0,0.0
2025-02-07,12,Friday,8.258152369526094,35663.150393784905,3.314580729989155,0.0,3.314580729989155,8.258152369526094,0.0,0.0
2025-02-07,13,Friday,8.258152369526094,38462.425933776074,3.307272613411116,0.0,3.307272613411116,8.258152369526094,0.0,0.0
2025-02-07,14,Friday,8.111013797240552,41667.15147133721,3.7863014385174045,0.0,3.7863014385174045,8.111013797240552,0.0,0.0
2025-02-07,15,Friday,8.111013797240552,42548.98892670988,1.0418684491643067,0.0,1.0418684491643067,8.111013797240552,0.0,0.0
2025-02-07,16,Friday,7.982267546490701,43685.09681951113,1.34228248204307,0.0,1.34228248204307,7.982267546490701,0.0,0.0
2025-02-07,17,Friday,7.982267546490701,44187.465850850254,0.5935361901454645,0.0,0.5935361901454645,7.982267546490701,0.0,0.0
2025-02-07,18,Friday,7.835128974205158,44187.465850850254,0.0,0.0,0.0,7.835128974205158,0.0,0.0
2025-02-07,19,Friday,7.7063827234553095,44187.465850850254,0.0,0.0,0.0,7.7063827234553095,0.0,0.0
2025-02-07,20,Friday,7.559244151169766,44187.465850850254,0.0,0.0,0.0,7.559244151169766,0.0,0.0
2025-02-07,21,Friday,7.283359328134372,44187.465850850254,0.0,0.0,0.0,7.283359328134372,0.0,0.0
2025-02-07,22,Friday,7.1362207558488295,44187.465850850254,0.0,0.0,0.0,7.1362207558488295,0.0,0.0
2025-02-07,23,Friday,7.00747450509898,44187.465850850254,0.0,0.0,0.0,7.00747450509898,0.0,0.0
2025-02-08,0,Saturday,7.00747450509898,44187.465850850254,0.0,0.0,0.0,7.00747450509898,0.0,0.0
2025-02-08,1,Saturday,7.00747450509898,44187.465850850254,0.0,0.0,0.0,7.00747450509898,0.0,0.0
2025-02-08,2,Saturday,7.1362207558488295,44187.465850850254,0.0,0.0,0.0,7.1362207558488295,0.0,0.0
2025-02-08,3,Saturday,7.283359328134372,44187.465850850254,0.0,0.0,0.0,7.283359328134372,0.0,0.0
2025-02-08,4,Saturday,7.283359328134372,44187.465850850254,0.0,0.0,0.0,7.283359328134372,0.0,0.0
2025-02-08,5,Saturday,7.412105578884224,44187.465850850254,0.0,0.0,0.0,7.412105578884224,0.0,0.0
2025-02-08,6,Saturday,7.7063827234553095,44187.465850850254,0.0,0.0,0.0,7.7063827234553095,0.0,0.0
2025-02-08,7,Saturday,7.7063827234553095,44216.08929616925,0.03381787017840498,0.0,0.03381787017840498,7.7063827234553095,0.0,0.0
2025-02-08,8,Saturday,7.982267546490701,44425.53356477771,0.2474530583748334,0.0,0.2474530583748334,7.982267546490701,0.0,0.0
2025-02-08,9,Saturday,7.982267546490701,44947.43441823714,0.616612539531466,0.0,0.616612539531466,7.982267546490701,0.0,0.0
2025-02-08,10,Saturday,8.111013797240552,45629.41844381383,0.8057467220896651,0.0,0.8057467220896651,8.111013797240552,0.0,0.0
2025-02-08,11,Saturday,8.111013797240552,46254.85709175116,0.7389398014382398,0.0,0.7389398014382398,8.111013797240552,0.0,0.0
2025-02-08,12,Saturday,8.258152369526094,46814.4019105068,0.6610879238606363,0.0,0.6610879238606363,8.258152369526094,0.0,0.0
2025-02-08,13,Saturday,8.258152369526094,50842.494151506246,4.759088186436013,0.0,4.759088186436013,8.258152369526094,0.0,0.0
2025-02-08,14,Saturday,8.111013797240552,54363.515748718426,4.1599971611675155,0.0,4.1599971611675155,8.111013797240552,0.0,0.0
2025-02-08,15,Saturday,8.111013797240552,57108.63987405613,3.24329409893395,0.0,3.24329409893395,8.111013797240552,0.0,0.0
2025-02-08,16,Saturday,7.982267546490701,58788.84862961949,1.9851237660247694,0.0,1.9851237660247694,7.982267546490701,0.0,0.0
2025-02-08,17,Saturday,7.982267546490701,59334.34228047764,0.6444868275734338,0.0,0.6444868275734338,7.982267546490701,0.0,0.0
2025-02-08,18,Saturday,7.835128974205158,59334.34228047764,0.0,0.0,0.0,7.835128974205158,0.0,0.0
2025-02-08,19,Saturday,7.7063827234553095,59334.34228047764,0.0,0.0,0.0,7.7063827234553095,0.0,0.0
2025-02-08,20,Saturday,7.559244151169766,59334.34228047764,0.0,0.0,0.0,7.559244151169766,0.0,0.0
2025-02-08,21,Saturday,7.283359328134372,59334.34228047764,0.0,0.0,0.0,7.283359328134372,0.0,0.0
2025-02-08,22,Saturday,7.1362207558488295,59334.34228047764,0.0,0.0,0.0,7.1362207558488295,0.0,0.0
2025-02-08,23,Saturday,7.00747450509898,59334.34228047764,0.0,0.0,0.0,7.00747450509898,0.0,0.0
2025-02-09,0,Sunday,7.00747450509898,59334.34228047764,0.0,0.0,0.0,7.00747450509898,0.0,0.0
2025-02-09,1,Sunday,7.00747450509898,59334.34228047764,0.0,0.0,0.0,7.00747450509898,0.0,0.0
2025-02-09,2,Sunday,7.1362207558488295,59334.34228047764,0.0,0.0,0.0,7.1362207558488295,0.0,0.0
2025-02-09,3,Sunday,7.283359328134372,59334.34228047764,0.0,0.0,0.0,7.283359328134372,0.0,0.0
2025-02-09,4,Sunday,7.283359328134372,59334.34228047764,0.0,0.0,0.0,7.283359328134372,0.0,0.0
2025-02-09,5,Sunday,7.412105578884224,59334.34228047764,0.0,0.0,0.0,7.412105578884224,0.0,0.0
2025-02-09,6,Sunday,7.7063827234553095,59334.34228047764,0.0,0.0,0.0,7.7063827234553095,0.0,0.0
2025-02-09,7,Sunday,7.7063827234553095,59363.28262377526,0.03419227705294961,0.0,0.03419227705294961,7.7063827234553095,0.0,0.0
2025-02-09,8,Sunday,7.982267546490701,59527.0648256284,0.19350449179245288,0.0,0.19350449179245288,7.982267546490701,0.0,0.0
2025-02-09,9,Sunday,7.982267546490701,59844.454367188155,0.3749876436197536,0.0,0.3749876436197536,7.982267546490701,0.0,0.0
2025-02-09,10,Sunday,8.111013797240552,63284.17809061158,4.063945797995539,0.0,4.063945797995539,8.111013797240552,0.0,0.0
2025-02-09,11,Sunday,8.111013797240552,66865.80856176573,4.2316049990006475,0.0,4.2316049990006475,8.111013797240552,0.0,0.0
2025-02-09,12,Sunday,8.258152369526094,72886.25176176573,7.113,0.0,7.113,8.258152369526094,0.0,0.0
2025-02-09,13,Sunday,8.258152369526094,77303.66797485233,5.219064523968089,0.0,5.219064523968089,8.258152369526094,0.0,0.0
2025-02-09,14,Sunday,8.111013797240552,77824.0,0.6147590089173758,3.4256561163800283,4.040415125297404,5.116990351524407,0.0,0.941026506283089
2025-02-09,15,Sunday,8.111013797240552,77824.0,0.0,3.1464819625600224,3.1464819625600224,5.298137015345468,0.0,0.9430727447404749
2025-02-09,16,Sunday,7.982267546490701,77824.0,0.0,1.0456460662394407,1.0456460662394407,7.045453256060966,0.0,0.939007513887273
2025-02-09,17,Sunday,7.982267546490701,77824.0,0.0,0.5483462718973646,0.5483462718973646,7.493111340443187,0.0,0.9066242127715899
2025-02-09,18,Sunday,7.835128974205158,77824.0,0.0,0.0,0.0,7.835128974205158,0.0,0.0
2025-02-09,19,Sunday,7.7063827234553095,77824.0,0.0,0.0,0.0,7.7063827234553095,0.0,0.0
2025-02-09,20,Sunday,7.559244151169766,77824.0,0.0,0.0,0.0,7.559244151169766,0.0,0.0
2025-02-09,21,Sunday,7.283359328134372,77824.0,0.0,0.0,0.0,7.283359328134372,0.0,0.0
2025-02-09,22,Sunday,7.1362207558488295,77824.0,0.0,0.0,0.0,7.1362207558488295,0.0,0.0
2025-02-09,23,Sunday,7.00747450509898,77824.0,0.0,0.0,0.0,7.00747450509898,0.0,0.0
2025-02-10,0,Monday,7.00747450509898,77824.0,0.0,0.0,0.0,7.00747450509898,0.0,0.0
2025-02-10,1,Monday,7.00747450509898,77824.0,0.0,0.0,0.0,7.00747450509898,0.0,0.0
2025-02-10,2,Monday,7.1362207558488295,77824.0,0.0,0.0,0.0,7.1362207558488295,0.0,0.0
2025-02-10,3,Monday,7.283359328134372,77824.0,0.0,0.0,0.0,7.283359328134372,0.0,0.0
2025-02-10,4,Monday,7.283359328134372,77824.0,0.0,0.0,0.0,7.283359328134372,0.0,0.0
2025-02-10,5,Monday,7.412105578884224,77824.0,0.0,0.0,0.0,7.412105578884224,0.0,0.0
2025-02-10,6,Monday,7.7063827234553095,77824.0,0.0,0.0,0.0,7.7063827234553095,0.0,0.0
2025-02-10,7,Monday,7.7063827234553095,77824.0,0.0,0.1369490478870909,0.1369490478870909,7.586689255601992,0.0,0.67095968580303
2025-02-10,8,Monday,7.982267546490701,77824.0,0.0,1.1262030436017663,1.1262030436017663,7.264412548219517,0.0,0.9410904441784615
2025-02-10,9,Monday,7.982267546490701,77824.0,0.0,2.4180482753035326,2.4180482753035326,5.820445527312855,0.0,0.9471763544226087
2025-02-10,10,Monday,8.111013797240552,77824.0,0.0,3.928914398430276,3.928914398430276,4.575707721334052,0.0,0.9369298735677969
2025-02-10,11,Monday,8.111013797240552,77824.0,0.0,5.1857033157204135,5.1857033157204135,3.495305462880422,0.0,0.9253088478604153
2025-02-10,12,Monday,8.258152369526094,77824.0,0.0,5.76316334802033,5.76316334802033,3.1920816338174323,0.0,0.919573534497765
2025-02-10,13,Monday,8.258152369526094,77824.0,0.0,5.542266297452687,5.542266297452687,3.416457031663506,0.0,0.9217883393880703
2025-02-10,14,Monday,8.111013797240552,77824.0,0.0,4.54660019504714,4.54660019504714,4.129560905769273,0.0,0.9314053513158554
2025-02-10,15,Monday,8.111013797240552,77824.0,0.0,3.13111924121704,3.13111924121704,5.34048964120684,0.0,0.9431794652835214
2025-02-10,16,Monday,7.982267546490701,77824.0,0.0,1.6636072892238742,1.6636072892238742,6.491641324673356,0.0,0.9475486038476352
2025-02-10,17,Monday,7.982267546490701,77824.0,0.0,0.6329761958077517,0.6329761958077517,7.412480621414599,0.0,0.9163570329884125
2025-02-10,18,Monday,7.835128974205158,77824.0,0.0,0.0,0.0,7.835128974205158,0.0,0.0
2025-02-10,19,Monday,7.7063827234553095,77824.0,0.0,0.0,0.0,7.7063827234553095,0.0,0.0
2025-02-10,20,Monday,7.559244151169766,77824.0,0.0,0.0,0.0,7.559244151169766,0.0,0.0
2025-02-10,21,Monday,7.283359328134372,77824.0,0.0,0.0,0.0,7.283359328134372,0.0,0.0
2025-02-10,22,Monday,7.1362207558488295,77824.0,0.0,0.0,0.0,7.1362207558488295,0.0,0.0
2025-02-10,23,Monday,7.00747450509898,77824.0,0.0,0.0,0.0,7.00747450509898,0.0,0.0
2025-02-11,0,Tuesday,7.00747450509898,77824.0,0.0,0.0,0.0,7.00747450509898,0.0,0.0
2025-02-11,1,Tuesday,7.00747450509898,77824.0,0.0,0.0,0.0,7.00747450509898,0.0,0.0
2025-02-11,2,Tuesday,7.1362207558488295,77824.0,0.0,0.0,0.0,7.1362207558488295,0.0,0.0
2025-02-11,3,Tuesday,7.283359328134372,77824.0,0.0,0.0,0.0,7.283359328134372,0.0,0.0
2025-02-11,4,Tuesday,7.283359328134372,77824.0,0.0,0.0,0.0,7.283359328134372,0.0,0.0
2025-02-11,5,Tuesday,7.412105578884224,77824.0,0.0,0.0,0.0,7.412105578884224,0.0,0.0
2025-02-11,6,Tuesday,7.7063827234553095,77824.0,0.0,0.0,0.0,7.7063827234553095,0.0,0.0
2025-02-11,7,Tuesday,7.7063827234553095,77824.0,0.0,0.14761288350409568,0.14761288350409568,7.57736906327273,0.0,0.6939819300841465
2025-02-11,8,Tuesday,7.982267546490701,77824.0,0.0,1.3032989838510243,1.3032989838510243,7.123024899415542,0.0,0.9443651682905103
2025-02-11,9,Tuesday,7.982267546490701,77824.0,0.0,2.661602331480667,2.661602331480667,5.594419239484104,0.0,0.9460601588102786
2025-02-11,10,Tuesday,8.111013797240552,77824.0,0.0,4.043146147383547,4.043146147383547,4.47720728526805,0.0,0.9359431317664272
2025-02-11,11,Tuesday,8.111013797240552,77824.0,0.0,5.262628036675362,5.262628036675362,3.4317692595711975,0.0,0.9245555748910007
2025-02-11,12,Tuesday,8.258152369526094,77824.0,0.0,5.7600291643346,5.7600291643346,3.198958647876802,0.0,0.9196051218725381
2025-02-11,13,Tuesday,8.258152369526094,77824.0,0.0,5.551802513085442,5.551802513085442,3.4079596442008038,0.0,0.921693224040168
2025-02-11,14,Tuesday,8.111013797240552,77824.0,0.0,4.532962719711215,4.532962719711215,4.141912824835261,0.0,0.931531787013201
2025-02-11,15,Tuesday,8.111013797240552,77824.0,0.0,3.329972721190374,3.329972721190374,5.164137129548656,0.0,0.9417492893189665
2025-02-11,16,Tuesday,7.982267546490701,77824.0,0.0,1.7579009759982325,1.7579009759982325,6.409540651393221,0.0,0.9478882834179256
2025-02-11,17,Tuesday,7.982267546490701,77824.0,0.0,0.6885097867641745,0.6885097867641745,7.362268704592982,0.0,0.9213146089248255
2025-02-11,18,Tuesday,7.835128974205158,77824.0,0.0,0.0,0.0,7.835128974205158,0.0,0.0
2025-02-11,19,Tuesday,7.7063827234553095,77824.0,0.0,0.0,0.0,7.7063827234553095,0.0,0.0
2025-02-11,20,Tuesday,7.559244151169766,77824.0,0.0,0.0,0.0,7.559244151169766,0.0,0.0
2025-02-11,21,Tuesday,7.283359328134372,77824.0,0.0,0.0,0.0,7.283359328134372,0.0,0.0
2025-02-11,22,Tuesday,7.1362207558488295,77824.0,0.0,0.0,0.0,7.1362207558488295,0.0,0.0
2025-02-11,23,Tuesday,7.00747450509898,77824.0,0.0,0.0,0.0,7.00747450509898,0.0,0.0
2025-02-12,0,Wednesday,7.00747450509898,77824.0,0.0,0.0,0.0,7.00747450509898,0.0,0.0
2025-02-12,1,Wednesday,7.00747450509898,77824.0,0.0,0.0,0.0,7.00747450509898,0.0,0.0
2025-02-12,2,Wednesday,7.1362207558488295,77824.0,0.0,0.0,0.0,7.1362207558488295,0.0,0.0
2025-02-12,3,Wednesday,7.283359328134372,77824.0,0.0,0.0,0.0,7.283359328134372,0.0,0.0
2025-02-12,4,Wednesday,7.283359328134372,77824.0,0.0,0.0,0.0,7.283359328134372,0.0,0.0
2025-02-12,5,Wednesday,7.412105578884224,77824.0,0.0,0.0,0.0,7.412105578884224,0.0,0.0
2025-02-12,6,Wednesday,7.7063827234553095,77824.0,0.0,0.0,0.0,7.7063827234553095,0.0,0.0
2025-02-12,7,Wednesday,7.7063827234553095,77824.0,0.0,0.14846097180325366,0.14846097180325366,7.576627834099265,0.0,0.6956701506666251
2025-02-12,8,Wednesday,7.982267546490701,77824.0,0.0,1.1735832324931135,1.1735832324931135,7.206662063530807,0.0,0.942123100707051
2025-02-12,9,Wednesday,7.982267546490701,77824.0,0.0,2.5127591667784728,2.5127591667784728,5.73330551183207,0.0,0.9467805443072124
2025-02-12,10,Wednesday,8.111013797240552,77824.0,0.0,4.035540656523868,4.035540656523868,4.481280986850877,0.0,0.9360093835380948
2025-02-12,11,Wednesday,8.111013797240552,77824.0,0.0,5.300440302826868,5.300440302826868,3.3978150299275756,0.0,0.9241839884635376
2025-02-12,12,Wednesday,8.258152369526094,77824.0,0.0,5.88864523394663,5.88864523394663,3.0880703125182762,0.0,0.9183052628855246
2025-02-12,13,Wednesday,8.258152369526094,77824.0,0.0,5.674966070560042,5.674966070560042,3.3073687206986255,0.0,0.920460669576411
2025-02-12,14,Wednesday,8.111013797240552,77824.0,0.0,4.670845747227972,4.670845747227972,4.026650483458041,0.0,0.9302456386765775
2025-02-12,15,Wednesday,8.111013797240552,77824.0,0.0,3.15675292998707,3.15675292998707,5.321285934015572,0.0,0.9430010237756615
2025-02-12,16,Wednesday,7.982267546490701,77824.0,0.0,1.6573419758848977,1.6573419758848977,6.497536125485157,0.0,0.9475203308473191
2025-02-12,17,Wednesday,7.982267546490701,77824.0,0.0,0.6447153763935607,0.6447153763935607,7.401930666085059,0.0,0.9174852869839258
2025-02-12,18,Wednesday,7.835128974205158,77824.0,0.0,0.0,0.0,7.835128974205158,0.0,0.0
2025-02-12,19,Wednesday,7.7063827234553095,77824.0,0.0,0.0,0.0,7.7063827234553095,0.0,0.0
2025-02-12,20,Wednesday,7.559244151169766,77824.0,0.0,0.0,0.0,7.559244151169766,0.0,0.0
2025-02-12,21,Wednesday,7.283359328134372,77824.0,0.0,0.0,0.0,7.283359328134372,0.0,0.0
2025-02-12,22,Wednesday,7.1362207558488295,77824.0,0.0,0.0,0.0,7.1362207558488295,0.0,0.0
2025-02-12,23,Wednesday,7.00747450509898,77824.0,0.0,0.0,0.0,7.00747450509898,0.0,0.0
2025-02-13,0,Thursday,7.00747450509898,77824.0,0.0,0.0,0.0,7.00747450509898,0.0,0.0
2025-02-13,1,Thursday,7.00747450509898,77824.0,0.0,0.0,0.0,7.00747450509898,0.0,0.0
2025-02-13,2,Thursday,7.1362207558488295,77824.0,0.0,0.0,0.0,7.1362207558488295,0.0,0.0
2025-02-13,3,Thursday,7.283359328134372,77824.0,0.0,0.0,0.0,7.283359328134372,0.0,0.0
2025-02-13,4,Thursday,7.283359328134372,77824.0,0.0,0.0,0.0,7.283359328134372,0.0,0.0
2025-02-13,5,Thursday,7.412105578884224,77824.0,0.0,0.0,0.0,7.412105578884224,0.0,0.0
2025-02-13,6,Thursday,7.7063827234553095,77824.0,0.0,0.0,0.0,7.7063827234553095,0.0,0.0
2025-02-13,7,Thursday,7.7063827234553095,77824.0,0.0,0.15760561471144643,0.15760561471144643,7.568635416197505,0.0,0.7127128761320826
2025-02-13,8,Thursday,7.982267546490701,77824.0,0.0,1.1783759219837888,1.1783759219837888,7.184416038594933,0.0,0.9422205139925273
2025-02-13,9,Thursday,7.982267546490701,77824.0,0.0,2.48986761352242,2.48986761352242,5.753563421033581,0.0,0.9468809792466263
2025-02-13,10,Thursday,8.111013797240552,77824.0,0.0,4.01379431237451,4.01379431237451,4.500457582694623,0.0,0.9361983893043158
2025-02-13,11,Thursday,8.111013797240552,77824.0,0.0,5.2352962102346545,5.2352962102346545,3.454801711665514,0.0,0.9248236336471839
2025-02-13,12,Thursday,8.258152369526094,77824.0,0.0,5.798831321705737,5.798831321705737,3.163400928371443,0.0,0.9192137450267249
2025-02-13,13,Thursday,8.258152369526094,77824.0,0.0,5.573848344495315,5.573848344495315,3.390772259119273,0.0,0.9214731581852738
2025-02-13,14,Thursday,8.111013797240552,77824.0,0.0,4.62434068842946,4.62434068842946,4.062868269483382,0.0,0.9306813338148034
2025-02-13,15,Thursday,8.111013797240552,77824.0,0.0,3.182879593091568,3.182879593091568,5.296879503423693,0.0,0.942817264639952
2025-02-13,16,Thursday,7.982267546490701,77824.0,0.0,1.7660797933941204,1.7660797933941204,6.400431552544152,0.0,0.9479106269822248
2025-02-13,17,Thursday,7.982267546490701,77824.0,0.0,0.6666624149274608,0.6666624149274608,7.381927978157296,0.0,0.919475393221883
2025-02-13,18,Thursday,7.835128974205158,77824.0,0.0,0.0,0.0,7.835128974205158,0.0,0.0
2025-02-13,19,Thursday,6.0,71302.26086956522,0.0,0.0,0.0,0.0,6.521739130434782,0.9082345737162401
2025-02-13,20,Thursday,6.0,64696.038013007696,0.0,0.0,0.0,0.0,6.606222856557519,0.9073024996154092
2025-02-13,21,Thursday,6.0,58083.02856737815,0.0,0.0,0.0,0.0,6.613009445629547,0.9072275353639845
2025-02-13,22,Thursday,6.0,51469.47268848525,0.0,0.0,0.0,0.0,6.613555878892904,0.907221498917243
2025-02-13,23,Thursday,6.0,44855.872804486775,0.0,0.0,0.0,0.0,6.613599883998474,0.9072210127892202
2025-02-14,0,Friday,6.0,38242.26937663714,0.0,0.0,0.0,0.0,6.613603427849631,0.9072209736399804
2025-02-14,1,Friday,6.0,31628.665663391166,0.0,0.0,0.0,0.0,6.613603713245971,0.9072209704871814
2025-02-14,2,Friday,6.0,25015.06192716142,0.0,0.0,0.0,0.0,6.613603736229747,0.9072209702332776
2025-02-14,3,Friday,7.283359328134372,25015.06192716142,0.0,0.0,0.0,7.283359328134372,0.0,0.0
2025-02-14,4,Friday,7.283359328134372,25015.06192716142,0.0,0.0,0.0,7.283359328134372,0.0,0.0
2025-02-14,5,Friday,7.412105578884224,25015.06192716142,0.0,0.0,0.0,7.412105578884224,0.0,0.0
2025-02-14,6,Friday,7.7063827234553095,25015.06192716142,0.0,0.0,0.0,7.7063827234553095,0.0,0.0
2025-02-14,7,Friday,7.7063827234553095,25160.64167153963,0.17199875280979304,0.0,0.17199875280979304,7.7063827234553095,0.0,0.0
2025-02-14,8,Friday,7.982267546490701,26147.832833829045,1.1663411652757754,0.0,1.1663411652757754,7.982267546490701,0.0,0.0
2025-02-14,9,Friday,7.982267546490701,28319.152048332944,2.5653582401983672,0.0,2.5653582401983672,7.982267546490701,0.0,0.0
2025-02-14,10,Friday,8.111013797240552,31841.79500268336,4.161912753249549,0.0,4.161912753249549,8.111013797240552,0.0,0.0
2025-02-14,11,Friday,8.111013797240552,36499.185391055864,5.502587887963726,0.0,5.502587887963726,8.111013797240552,0.0,0.0
2025-02-14,12,Friday,8.258152369526094,41690.27559329324,6.133140598106547,0.0,6.133140598106547,8.258152369526094,0.0,0.0
2025-02-14,13,Friday,8.258152369526094,46689.306812203526,5.906227810621787,0.0,5.906227810621787,8.258152369526094,0.0,0.0
2025-02-14,14,Friday,8.111013797240552,50806.645592073204,4.8645306945530224,0.0,4.8645306945530224,8.111013797240552,0.0,0.0
2025-02-14,15,Friday,8.111013797240552,53596.53593004626,3.2961842367356513,0.0,3.2961842367356513,8.111013797240552,0.0,0.0
2025-02-14,16,Friday,7.982267546490701,55080.45746155305,1.753215420022202,0.0,1.753215420022202,7.982267546490701,0.0,0.0
2025-02-14,17,Friday,7.982267546490701,55647.75506332886,0.67024763914912,0.0,0.67024763914912,7.982267546490701,0.0,0.0
2025-02-14,18,Friday,7.835128974205158,55647.75506332886,0.0,0.0,0.0,7.835128974205158,0.0,0.0
2025-02-14,19,Friday,7.7063827234553095,55647.75506332886,0.0,0.0,0.0,7.7063827234553095,0.0,0.0
2025-02-14,20,Friday,7.559244151169766,55647.75506332886,0.0,0.0,0.0,7.559244151169766,0.0,0.0
2025-02-14,21,Friday,7.283359328134372,55647.75506332886,0.0,0.0,0.0,7.283359328134372,0.0,0.0
2025-02-14,22,Friday,7.1362207558488295,55647.75506332886,0.0,0.0,0.0,7.1362207558488295,0.0,0.0
2025-02-14,23,Friday,7.00747450509898,55647.75506332886,0.0,0.0,0.0,7.00747450509898,0.0,0.0
2025-02-15,0,Saturday,7.00747450509898,55647.75506332886,0.0,0.0,0.0,7.00747450509898,0.0,0.0
2025-02-15,1,Saturday,7.00747450509898,55647.75506332886,0.0,0.0,0.0,7.00747450509898,0.0,0.0
2025-02-15,2,Saturday,7.1362207558488295,55647.75506332886,0.0,0.0,0.0,7.1362207558488295,0.0,0.0
2025-02-15,3,Saturday,7.283359328134372,55647.75506332886,0.0,0.0,0.0,7.283359328134372,0.0,0.0
2025-02-15,4,Saturday,7.283359328134372,55647.75506332886,0.0,0.0,0.0,7.283359328134372,0.0,0.0
2025-02-15,5,Saturday,7.412105578884224,55647.75506332886,0.0,0.0,0.0,7.412105578884224,0.0,0.0
2025-02-15,6,Saturday,7.7063827234553095,55647.75506332886,0.0,0.0,0.0,7.7063827234553095,0.0,0.0
2025-02-15,7,Saturday,7.7063827234553095,55784.345442829406,0.16137804761405525,0.0,0.16137804761405525,7.7063827234553095,0.0,0.0
2025-02-15,8,Saturday,7.982267546490701,56832.43412583899,1.238290031911136,0.0,1.238290031911136,7.982267546490701,0.0,0.0
2025-02-15,9,Saturday,7.982267546490701,59076.7796454779,2.651636956095113,0.0,2.651636956095113,7.982267546490701,0.0,0.0
2025-02-15,10,Saturday,8.111013797240552,62631.25715881367,4.199524472277614,0.0,4.199524472277614,8.111013797240552,0.0,0.0
2025-02-15,11,Saturday,8.111013797240552,67247.6815361227,5.454187591338667,0.0,5.454187591338667,8.111013797240552,0.0,0.0
2025-02-15,12,Saturday,8.258152369526094,72355.75859656559,6.035062689559171,0.0,6.035062689559171,8.258152369526094,0.0,0.0
2025-02-15,13,Saturday,8.258152369526094,77284.95809592576,5.8237234160682565,0.0,5.8237234160682565,8.258152369526094,0.0,0.0
2025-02-15,14,Saturday,8.111013797240552,77824.0,0.6368642533958396,4.184516412535816,4.821380665931655,4.45374645268425,0.0,0.9346981154950057
2025-02-15,15,Saturday,8.111013797240552,77824.0,0.0,3.3089788544229504,3.3089788544229504,5.172762312770696,0.0,0.9419050278264148
2025-02-15,16,Saturday,7.982267546490701,77824.0,0.0,1.7867350838824863,1.7867350838824863,6.383479525533074,0.0,0.9479623441836232
2025-02-15,17,Saturday,7.982267546490701,77824.0,0.0,0.6754098674913328,0.6754098674913328,7.374017581282459,0.0,0.9202280124309874
2025-02-15,18,Saturday,7.835128974205158,77824.0,0.0,0.0,0.0,7.835128974205158,0.0,0.0
2025-02-15,19,Saturday,7.7063827234553095,77824.0,0.0,0.0,0.0,7.7063827234553095,0.0,0.0
2025-02-15,20,Saturday,7.559244151169766,77824.0,0.0,0.0,0.0,7.559244151169766,0.0,0.0
2025-02-15,21,Saturday,7.283359328134372,77824.0,0.0,0.0,0.0,7.283359328134372,0.0,0.0
2025-02-15,22,Saturday,7.1362207558488295,77824.0,0.0,0.0,0.0,7.1362207558488295,0.0,0.0
2025-02-15,23,Saturday,7.00747450509898,77824.0,0.0,0.0,0.0,7.00747450509898,0.0,0.0
2025-02-16,0,Sunday,7.00747450509898,77824.0,0.0,0.0,0.0,7.00747450509898,0.0,0.0
2025-02-16,1,Sunday,7.00747450509898,77824.0,0.0,0.0,0.0,7.00747450509898,0.0,0.0
2025-02-16,2,Sunday,7.1362207558488295,77824.0,0.0,0.0,0.0,7.1362207558488295,0.0,0.0
2025-02-16,3,Sunday,7.283359328134372,77824.0,0.0,0.0,0.0,7.283359328134372,0.0,0.0
2025-02-16,4,Sunday,7.283359328134372,77824.0,0.0,0.0,0.0,7.283359328134372,0.0,0.0
2025-02-16,5,Sunday,7.412105578884224,77824.0,0.0,0.0,0.0,7.412105578884224,0.0,0.0
2025-02-16,6,Sunday,7.7063827234553095,77824.0,0.0,0.0,0.0,7.7063827234553095,0.0,0.0
2025-02-16,7,Sunday,7.7063827234553095,77824.0,0.0,0.18127328665540995,0.18127328665540995,7.547949870918481,0.0,0.7487889104158378
2025-02-16,8,Sunday,7.982267546490701,77824.0,0.0,1.5569801985204568,1.5569801985204568,6.8747105154209915,0.0,0.9469580668396795
2025-02-16,9,Sunday,7.982267546490701,77824.0,0.0,2.614858576015214,2.614858576015214,5.629914195398303,0.0,0.9462983669188691
2025-02-16,10,Sunday,8.111013797240552,77824.0,0.0,4.178513961525726,4.178513961525726,4.354598906198038,0.0,0.9347514820059788
2025-02-16,11,Sunday,8.111013797240552,77824.0,0.0,5.404138954094913,5.404138954094913,3.3120632457494157,0.0,0.9231606563440793
2025-02-16,12,Sunday,8.258152369526094,77824.0,0.0,5.979064959116631,5.979064959116631,3.0144967141432,0.0,0.9173871508615264
2025-02-16,13,Sunday,8.258152369526094,77824.0,0.0,5.754835177071471,5.754835177071471,3.242711115093374,0.0,0.9196574587177304
2025-02-16,14,Sunday,8.111013797240552,77824.0,0.0,4.797271210523895,4.797271210523895,3.919759859502924,0.0,0.92905193073348
2025-02-16,15,Sunday,8.111013797240552,77824.0,0.0,3.3423100531091894,3.3423100531091894,5.16109316968709,0.0,0.9416572775760527
2025-02-16,16,Sunday,7.982267546490701,77824.0,0.0,1.8588642455168705,1.8588642455168705,6.319375153914665,0.0,0.9480928849681374
2025-02-16,17,Sunday,7.982267546490701,77824.0,0.0,0.6898715253101557,0.6898715253101557,7.36090837603646,0.0,0.9214248675774318
2025-02-16,18,Sunday,7.835128974205158,77824.0,0.0,0.0,0.0,7.835128974205158,0.0,0.0
2025-02-16,19,Sunday,7.7063827234553095,77824.0,0.0,0.0,0.0,7.7063827234553095,0.0,0.0
2025-02-16,20,Sunday,7.559244151169766,77824.0,0.0,0.0,0.0,7.559244151169766,0.0,0.0
2025-02-16,21,Sunday,7.283359328134372,77824.0,0.0,0.0,0.0,7.283359328134372,0.0,0.0
2025-02-16,22,Sunday,7.1362207558488295,77824.0,0.0,0.0,0.0,7.1362207558488295,0.0,0.0
2025-02-16,23,Sunday,7.00747450509898,77824.0,0.0,0.0,0.0,7.00747450509898,0.0,0.0
2025-02-17,0,Monday,7.00747450509898,77824.0,0.0,0.0,0.0,7.00747450509898,0.0,0.0
2025-02-17,1,Monday,7.00747450509898,77824.0,0.0,0.0,0.0,7.00747450509898,0.0,0.0
2025-02-17,2,Monday,7.1362207558488295,77824.0,0.0,0.0,0.0,7.1362207558488295,0.0,0.0
2025-02-17,3,Monday,7.283359328134372,77824.0,0.0,0.0,0.0,7.283359328134372,0.0,0.0
2025-02-17,4,Monday,7.283359328134372,77824.0,0.0,0.0,0.0,7.283359328134372,0.0,0.0
2025-02-17,5,Monday,7.412105578884224,77824.0,0.0,0.0,0.0,7.412105578884224,0.0,0.0
2025-02-17,6,Monday,7.7063827234553095,77824.0,0.0,0.0,0.0,7.7063827234553095,0.0,0.0
2025-02-17,7,Monday,7.7063827234553095,77824.0,0.0,0.19094888123211415,0.19094888123211415,7.539493401258442,0.0,0.7609425895968499
2025-02-17,8,Monday,7.982267546490701,77824.0,0.0,1.5662802307672892,1.5662802307672892,6.850010678398009,0.0,0.9470193621475379
2025-02-17,9,Monday,7.982267546490701,77824.0,0.0,2.5553738493622764,2.5553738493622764,5.683278459262718,0.0,0.9465859150058618
2025-02-17,10,Monday,8.111013797240552,77824.0,0.0,4.167099443871292,4.167099443871292,4.363722039243094,0.0,0.9348528463355729
2025-02-17,11,Monday,8.111013797240552,77824.0,0.0,5.442720886026811,5.442720886026811,3.2772778407339294,0.0,0.9227783724266208
2025-02-17,12,Monday,8.258152369526094,77824.0,0.0,6.021384092676034,6.021384092676034,2.979569507370716,0.0,0.9169562844923086
2025-02-17,13,Monday,8.258152369526094,77824.0,0.0,5.790950615673294,5.790950615673294,3.2136062373111747,0.0,0.9192932888149774
2025-02-17,14,Monday,8.111013797240552,77824.0,0.0,4.814667874509652,4.814667874509652,3.9062265255762476,0.0,0.9288866540946988
2025-02-17,15,Monday,8.111013797240552,77824.0,0.0,3.3095298314717465,3.3095298314717465,5.190544610047288,0.0,0.9419009540723562
2025-02-17,16,Monday,7.982267546490701,77824.0,0.0,1.7916563163855563,1.7916563163855563,6.379082892406048,0.0,0.9479736893052527
2025-02-17,17,Monday,7.982267546490701,77824.0,0.0,0.6780316285055695,0.6780316285055695,7.371649209367631,0.0,0.9204493017083141
2025-02-17,18,Monday,7.835128974205158,77824.0,0.0,0.0,0.0,7.835128974205158,0.0,0.0
2025-02-17,19,Monday,7.7063827234553095,77824.0,0.0,0.0,0.0,7.7063827234553095,0.0,0.0
2025-02-17,20,Monday,7.559244151169766,77824.0,0.0,0.0,0.0,7.559244151169766,0.0,0.0
2025-02-17,21,Monday,7.283359328134372,77824.0,0.0,0.0,0.0,7.283359328134372,0.0,0.0
2025-02-17,22,Monday,7.1362207558488295,77824.0,0.0,0.0,0.0,7.1362207558488295,0.0,0.0
2025-02-17,23,Monday,7.00747450509898,77824.0,0.0,0.0,0.0,7.00747450509898,0.0,0.0
2025-02-18,0,Tuesday,7.00747450509898,77824.0,0.0,0.0,0.0,7.00747450509898,0.0,0.0
2025-02-18,1,Tuesday,7.00747450509898,77824.0,0.0,0.0,0.0,7.00747450509898,0.0,0.0
2025-02-18,2,Tuesday,7.1362207558488295,77824.0,0.0,0.0,0.0,7.1362207558488295,0.0,0.0
2025-02-18,3,Tuesday,7.283359328134372,77824.0,0.0,0.0,0.0,7.283359328134372,0.0,0.0
2025-02-18,4,Tuesday,7.283359328134372,77824.0,0.0,0.0,0.0,7.283359328134372,0.0,0.0
2025-02-18,5,Tuesday,7.412105578884224,77824.0,0.0,0.0,0.0,7.412105578884224,0.0,0.0
2025-02-18,6,Tuesday,7.7063827234553095,77824.0,0.0,0.0,0.0,7.7063827234553095,0.0,0.0
2025-02-18,7,Tuesday,7.7063827234553095,77824.0,0.0,0.19225079604587164,0.19225079604587164,7.538355527711218,0.0,0.7624837206941162
2025-02-18,8,Tuesday,7.982267546490701,77824.0,0.0,1.5530656369862283,1.5530656369862283,6.857289644387835,0.0,0.9469316672337332
2025-02-18,9,Tuesday,7.982267546490701,77824.0,0.0,2.8857429585761247,2.8857429585761247,5.386296225066831,0.0,0.9447852932683495
2025-02-18,10,Tuesday,8.111013797240552,77824.0,0.0,4.322334095995846,4.322334095995846,4.231519995075793,0.0,0.9334613013649427
2025-02-18,11,Tuesday,8.111013797240552,77824.0,0.0,5.401806258048734,5.401806258048734,3.3207555528490635,0.0,0.9231837431963602
2025-02-18,12,Tuesday,8.258152369526094,77824.0,0.0,5.770756863768541,5.770756863768541,3.1970568930846612,0.0,0.9194969857930615
2025-02-18,13,Tuesday,8.258152369526094,77824.0,0.0,5.6898225761471055,5.6898225761471055,3.287966396484748,0.0,0.9203114918375763
2025-02-18,14,Tuesday,8.111013797240552,77824.0,0.0,4.816436353036517,4.816436353036517,3.9000231581069684,0.0,0.9288698393349215
2025-02-18,15,Tuesday,8.111013797240552,77824.0,0.0,3.564403005168064,3.564403005168064,4.96569067284195,0.0,0.9399433287789015
2025-02-18,16,Tuesday,7.982267546490701,77824.0,0.0,2.08230965562114,2.08230965562114,6.122877130700368,0.0,0.9480783039865841
2025-02-18,17,Tuesday,7.982267546490701,77824.0,0.0,0.8171191465281705,0.8171191465281705,7.246309258625078,0.0,0.9298780204454481
2025-02-18,18,Tuesday,7.835128974205158,77824.0,0.0,0.0,0.0,7.835128974205158,0.0,0.0
2025-02-18,19,Tuesday,7.7063827234553095,77824.0,0.0,0.0,0.0,7.7063827234553095,0.0,0.0
2025-02-18,20,Tuesday,7.559244151169766,77824.0,0.0,0.0,0.0,7.559244151169766,0.0,0.0
2025-02-18,21,Tuesday,7.283359328134372,77824.0,0.0,0.0,0.0,7.283359328134372,0.0,0.0
2025-02-18,22,Tuesday,7.1362207558488295,77824.0,0.0,0.0,0.0,7.1362207558488295,0.0,0.0
2025-02-18,23,Tuesday,7.00747450509898,77824.0,0.0,0.0,0.0,7.00747450509898,0.0,0.0
2025-02-19,0,Wednesday,7.00747450509898,77824.0,0.0,0.0,0.0,7.00747450509898,0.0,0.0
2025-02-19,1,Wednesday,7.00747450509898,77824.0,0.0,0.0,0.0,7.00747450509898,0.0,0.0
2025-02-19,2,Wednesday,7.1362207558488295,77824.0,0.0,0.0,0.0,7.1362207558488295,0.0,0.0
2025-02-19,3,Wednesday,7.283359328134372,77824.0,0.0,0.0,0.0,7.283359328134372,0.0,0.0
2025-02-19,4,Wednesday,7.283359328134372,77824.0,0.0,0.0,0.0,7.283359328134372,0.0,0.0
2025-02-19,5,Wednesday,7.412105578884224,77824.0,0.0,0.0,0.0,7.412105578884224,0.0,0.0
2025-02-19,6,Wednesday,7.7063827234553095,77824.0,0.0,0.0,0.0,7.7063827234553095,0.0,0.0
2025-02-19,7,Wednesday,7.7063827234553095,77824.0,0.0,0.21424323016067948,0.21424323016067948,7.5191341402948755,0.0,0.7856592571546737
2025-02-19,8,Wednesday,7.982267546490701,77824.0,0.0,1.624608334644481,1.624608334644481,6.76969839799483,0.0,0.9473601124948124
2025-02-19,9,Wednesday,7.982267546490701,77824.0,0.0,2.663020643505045,2.663020643505045,5.585569986904101,0.0,0.9460527693314923
2025-02-19,10,Wednesday,8.111013797240552,77824.0,0.0,4.2817259341233465,4.2817259341233465,4.2628120536194825,0.0,0.933827966650469
2025-02-19,11,Wednesday,8.111013797240552,77824.0,0.0,5.5510534108803675,5.5510534108803675,3.1864713237625173,0.0,0.9217006973653883
2025-02-19,12,Wednesday,8.258152369526094,77824.0,0.0,6.1340399917909565,6.1340399917909565,2.887090878330235,0.0,0.9158058256126449
2025-02-19,13,Wednesday,8.258152369526094,77824.0,0.0,5.88846402846996,5.88846402846996,3.135097191401967,0.0,0.9183070993519383
2025-02-19,14,Wednesday,8.111013797240552,77824.0,0.0,4.908321833075173,4.908321833075173,3.8290343512843545,0.0,0.9279928717102331
2025-02-19,15,Wednesday,8.111013797240552,77824.0,0.0,3.416825226102982,3.416825226102982,5.098763816222443,0.0,0.9410940773119952
2025-02-19,16,Wednesday,7.982267546490701,77824.0,0.0,1.8635691116208222,1.8635691116208222,6.316163385563165,0.0,0.9480988374964825
2025-02-19,17,Wednesday,7.982267546490701,77824.0,0.0,0.7199931868983044,0.7199931868983044,7.3337740781622145,0.0,0.9237421263625474
2025-02-19,18,Wednesday,7.835128974205158,77824.0,0.0,0.0,0.0,7.835128974205158,0.0,0.0
2025-02-19,19,Wednesday,7.7063827234553095,77824.0,0.0,0.0,0.0,7.7063827234553095,0.0,0.0
2025-02-19,20,Wednesday,7.559244151169766,77824.0,0.0,0.0,0.0,7.559244151169766,0.0,0.0
2025-02-19,21,Wednesday,7.283359328134372,77824.0,0.0,0.0,0.0,7.283359328134372,0.0,0.0
2025-02-19,22,Wednesday,7.1362207558488295,77824.0,0.0,0.0,0.0,7.1362207558488295,0.0,0.0
2025-02-19,23,Wednesday,7.00747450509898,77824.0,0.0,0.0,0.0,7.00747450509898,0.0,0.0
2025-02-20,0,Thursday,7.00747450509898,77824.0,0.0,0.0,0.0,7.00747450509898,0.0,0.0
2025-02-20,1,Thursday,7.00747450509898,77824.0,0.0,0.0,0.0,7.00747450509898,0.0,0.0
2025-02-20,2,Thursday,7.1362207558488295,77824.0,0.0,0.0,0.0,7.1362207558488295,0.0,0.0
2025-02-20,3,Thursday,7.283359328134372,77824.0,0.0,0.0,0.0,7.283359328134372,0.0,0.0
2025-02-20,4,Thursday,7.283359328134372,77824.0,0.0,0.0,0.0,7.283359328134372,0.0,0.0
2025-02-20,5,Thursday,7.412105578884224,77824.0,0.0,0.0,0.0,7.412105578884224,0.0,0.0
2025-02-20,6,Thursday,7.7063827234553095,77824.0,0.0,0.0,0.0,7.7063827234553095,0.0,0.0
2025-02-20,7,Thursday,7.7063827234553095,77824.0,0.0,0.20109361051709568,0.20109361051709568,7.530626907863368,0.0,0.7724181771898709
2025-02-20,8,Thursday,7.982267546490701,77824.0,0.0,1.5736042211958652,1.5736042211958652,6.827561067544024,0.0,0.9470662416155078
2025-02-20,9,Thursday,7.982267546490701,77824.0,0.0,2.842201130156891,2.842201130156891,5.425102441350317,0.0,0.945048754316726
2025-02-20,10,Thursday,8.111013797240552,77824.0,0.0,4.323165512777912,4.323165512777912,4.229691723812547,0.0,0.9334537753192983
2025-02-20,11,Thursday,8.111013797240552,77824.0,0.0,5.366468003038621,5.366468003038621,3.3521314705522673,0.0,0.9235331154999438
2025-02-20,12,Thursday,8.258152369526094,77824.0,0.0,6.023550217257155,6.023550217257155,2.9733516759379244,0.0,0.9169342109013725
2025-02-20,13,Thursday,8.258152369526094,77824.0,0.0,5.785584733056037,5.785584733056037,3.2184018263087166,0.0,0.919347433219392
2025-02-20,14,Thursday,8.111013797240552,77824.0,0.0,4.7823801464053215,4.7823801464053215,3.9341783305772964,0.0,0.9291932120044744
2025-02-20,15,Thursday,8.111013797240552,77824.0,0.0,3.52228502208,3.52228502208,5.001774630641875,0.0,0.9402762896507072
2025-02-20,16,Thursday,7.982267546490701,77824.0,0.0,2.163225431721129,2.163225431721129,6.049939443004749,0.0,0.9479439814073463
2025-02-20,17,Thursday,7.982267546490701,77824.0,0.0,0.907712982121016,0.907712982121016,7.1648295411561165,0.0,0.9342040741308758
2025-02-20,18,Thursday,7.835128974205158,77824.0,0.0,0.0,0.0,7.835128974205158,0.0,0.0
2025-02-20,19,Thursday,6.0,71302.26086956522,0.0,0.0,0.0,0.0,6.521739130434782,0.9082345737162401
2025-02-20,20,Thursday,6.0,64696.038013007696,0.0,0.0,0.0,0.0,6.606222856557519,0.9073024996154092
2025-02-20,21,Thursday,6.0,58083.02856737815,0.0,0.0,0.0,0.0,6.613009445629547,0.9072275353639845
2025-02-20,22,Thursday,6.0,51469.47268848525,0.0,0.0,0.0,0.0,6.613555878892904,0.907221498917243
2025-02-20,23,Thursday,6.0,44855.872804486775,0.0,0.0,0.0,0.0,6.613599883998474,0.9072210127892202
2025-02-21,0,Friday,6.0,38242.26937663714,0.0,0.0,0.0,0.0,6.613603427849631,0.9072209736399804
2025-02-21,1,Friday,6.0,31628.665663391166,0.0,0.0,0.0,0.0,6.613603713245971,0.9072209704871814
2025-02-21,2,Friday,6.0,25015.06192716142,0.0,0.0,0.0,0.0,6.613603736229747,0.9072209702332776
2025-02-21,3,Friday,7.283359328134372,25015.06192716142,0.0,0.0,0.0,7.283359328134372,0.0,0.0
2025-02-21,4,Friday,7.283359328134372,25015.06192716142,0.0,0.0,0.0,7.283359328134372,0.0,0.0
2025-02-21,5,Friday,7.412105578884224,25015.06192716142,0.0,0.0,0.0,7.412105578884224,0.0,0.0
2025-02-21,6,Friday,7.7063827234553095,25015.06192716142,0.0,0.0,0.0,7.7063827234553095,0.0,0.0
2025-02-21,7,Friday,7.7063827234553095,25212.37959097553,0.23312578427943373,0.0,0.23312578427943373,7.7063827234553095,0.0,0.0
2025-02-21,8,Friday,7.982267546490701,26560.986324479385,1.5933444393949128,0.0,1.5933444393949128,7.982267546490701,0.0,0.0
2025-02-21,9,Friday,7.982267546490701,28966.02179639647,2.8414880339285076,0.0,2.8414880339285076,7.982267546490701,0.0,0.0
2025-02-21,10,Friday,8.111013797240552,32613.62610674152,4.309551406362298,0.0,4.309551406362298,8.111013797240552,0.0,0.0
2025-02-21,11,Friday,8.111013797240552,37275.400644390866,5.507767648451493,0.0,5.507767648451493,8.111013797240552,0.0,0.0
2025-02-21,12,Friday,8.258152369526094,42308.361488550334,5.946314796974799,0.0,5.946314796974799,8.258152369526094,0.0,0.0
2025-02-21,13,Friday,8.258152369526094,47174.28573211471,5.748965316120489,0.0,5.748965316120489,8.258152369526094,0.0,0.0
2025-02-21,14,Friday,8.111013797240552,51276.51443852417,4.84667852836657,0.0,4.84667852836657,8.111013797240552,0.0,0.0
2025-02-21,15,Friday,8.111013797240552,54254.66602698488,3.518610099788166,0.0,3.518610099788166,8.111013797240552,0.0,0.0
2025-02-21,16,Friday,7.982267546490701,56023.96980198468,2.090387257797495,0.0,2.090387257797495,7.982267546490701,0.0,0.0
2025-02-21,17,Friday,7.982267546490701,56787.245809310996,0.9017911239677638,0.0,0.9017911239677638,7.982267546490701,0.0,0.0
2025-02-21,18,Friday,7.835128974205158,56787.245809310996,0.0,0.0,0.0,7.835128974205158,0.0,0.0
2025-02-21,19,Friday,7.7063827234553095,56787.245809310996,0.0,0.0,0.0,7.7063827234553095,0.0,0.0
2025-02-21,20,Friday,7.559244151169766,56787.245809310996,0.0,0.0,0.0,7.559244151169766,0.0,0.0
2025-02-21,21,Friday,7.283359328134372,56787.245809310996,0.0,0.0,0.0,7.283359328134372,0.0,0.0
2025-02-21,22,Friday,7.1362207558488295,56787.245809310996,0.0,0.0,0.0,7.1362207558488295,0.0,0.0
2025-02-21,23,Friday,7.00747450509898,56787.245809310996,0.0,0.0,0.0,7.00747450509898,0.0,0.0
2025-02-22,0,Saturday,7.00747450509898,56787.245809310996,0.0,0.0,0.0,7.00747450509898,0.0,0.0
2025-02-22,1,Saturday,7.00747450509898,56787.245809310996,0.0,0.0,0.0,7.00747450509898,0.0,0.0
2025-02-22,2,Saturday,7.1362207558488295,56787.245809310996,0.0,0.0,0.0,7.1362207558488295,0.0,0.0
2025-02-22,3,Saturday,7.283359328134372,56787.245809310996,0.0,0.0,0.0,7.283359328134372,0.0,0.0
2025-02-22,4,Saturday,7.283359328134372,56787.245809310996,0.0,0.0,0.0,7.283359328134372,0.0,0.0
2025-02-22,5,Saturday,7.412105578884224,56787.245809310996,0.0,0.0,0.0,7.412105578884224,0.0,0.0
2025-02-22,6,Saturday,7.7063827234553095,56787.245809310996,0.0,0.0,0.0,7.7063827234553095,0.0,0.0
2025-02-22,7,Saturday,7.7063827234553095,56974.74973627311,0.22153110463387674,0.0,0.22153110463387674,7.7063827234553095,0.0,0.0
2025-02-22,8,Saturday,7.982267546490701,58340.84379304588,1.6140052655632977,0.0,1.6140052655632977,7.982267546490701,0.0,0.0
2025-02-22,9,Saturday,7.982267546490701,60791.96047988587,2.895931813374273,0.0,2.895931813374273,7.982267546490701,0.0,0.0
2025-02-22,10,Saturday,8.111013797240552,64464.70019913738,4.339248250533452,0.0,4.339248250533452,8.111013797240552,0.0,0.0
2025-02-22,11,Saturday,8.111013797240552,69216.44415944874,5.614064225320598,0.0,5.614064225320598,8.111013797240552,0.0,0.0
2025-02-22,12,Saturday,8.258152369526094,74193.85497819658,5.880683859579209,0.0,5.880683859579209,8.258152369526094,0.0,0.0
2025-02-22,13,Saturday,8.258152369526094,77824.0,4.28892370250876,1.3414100517859593,5.630333754294719,7.085759984265166,0.0,0.9448871256147113
2025-02-22,14,Saturday,8.111013797240552,77824.0,0.0,4.888184109017565,4.888184109017565,3.723170676607693,0.0,0.9281856174617921
2025-02-22,15,Saturday,8.111013797240552,77824.0,0.0,3.491509460250019,3.491509460250019,5.032283376216492,0.0,0.9405173384723773
2025-02-22,16,Saturday,7.982267546490701,77824.0,0.0,1.9982527665823537,1.9982527665823537,6.196845741550656,0.0,0.9481502493383962
2025-02-22,17,Saturday,7.982267546490701,77824.0,0.0,0.7896176177810543,0.7896176177810543,7.2710252123686585,0.0,0.9283214614638113
2025-02-22,18,Saturday,7.835128974205158,77824.0,0.0,0.0,0.0,7.835128974205158,0.0,0.0
2025-02-22,19,Saturday,7.7063827234553095,77824.0,0.0,0.0,0.0,7.7063827234553095,0.0,0.0
2025-02-22,20,Saturday,7.559244151169766,77824.0,0.0,0.0,0.0,7.559244151169766,0.0,0.0
2025-02-22,21,Saturday,7.283359328134372,77824.0,0.0,0.0,0.0,7.283359328134372,0.0,0.0
2025-02-22,22,Saturday,7.1362207558488295,77824.0,0.0,0.0,0.0,7.1362207558488295,0.0,0.0
2025-02-22,23,Saturday,7.00747450509898,77824.0,0.0,0.0,0.0,7.00747450509898,0.0,0.0
2025-02-23,0,Sunday,7.00747450509898,77824.0,0.0,0.0,0.0,7.00747450509898,0.0,0.0
2025-02-23,1,Sunday,7.00747450509898,77824.0,0.0,0.0,0.0,7.00747450509898,0.0,0.0
2025-02-23,2,Sunday,7.1362207558488295,77824.0,0.0,0.0,0.0,7.1362207558488295,0.0,0.0
2025-02-23,3,Sunday,7.283359328134372,77824.0,0.0,0.0,0.0,7.283359328134372,0.0,0.0
2025-02-23,4,Sunday,7.283359328134372,77824.0,0.0,0.0,0.0,7.283359328134372,0.0,0.0
2025-02-23,5,Sunday,7.412105578884224,77824.0,0.0,0.0,0.0,7.412105578884224,0.0,0.0
2025-02-23,6,Sunday,7.7063827234553095,77824.0,0.0,0.0,0.0,7.7063827234553095,0.0,0.0
2025-02-23,7,Sunday,7.7063827234553095,77824.0,0.0,0.15609664155040293,0.15609664155040293,7.569954258740258,0.0,0.7100390331589305
2025-02-23,8,Sunday,7.982267546490701,77824.0,0.0,1.4843013332634083,1.4843013332634083,6.981051257083182,0.0,0.9464068327090238
2025-02-23,9,Sunday,7.982267546490701,77824.0,0.0,2.787671068165162,2.787671068165162,5.4759101475467675,0.0,0.9453684405197015
2025-02-23,10,Sunday,8.111013797240552,77824.0,0.0,3.4734411298893746,3.4734411298893746,4.991516254250071,0.0,0.940657951787728
2025-02-23,11,Sunday,8.111013797240552,77824.0,0.0,4.1453648669664105,4.1453648669664105,4.406611893325793,0.0,0.9350454179424533
2025-02-23,12,Sunday,8.258152369526094,77824.0,0.0,4.959097905186451,4.959097905186451,3.853019684822115,0.0,0.92750554704003
2025-02-23,13,Sunday,8.258152369526094,77824.0,0.0,5.37770541706799,5.37770541706799,3.5196933450822048,0.0,0.9234220928226216
2025-02-23,14,Sunday,8.111013797240552,77824.0,0.0,5.08570777608549,5.08570777608549,3.6495716250672654,0.0,0.9262824456765283
2025-02-23,15,Sunday,8.111013797240552,77824.0,0.0,3.9124383644956824,3.9124383644956824,4.668191969258002,0.0,0.9370706744309846
2025-02-23,16,Sunday,7.982267546490701,77824.0,0.0,2.237920679812982,2.237920679812982,5.990032197773073,0.0,0.9477693972310738
2025-02-23,17,Sunday,7.982267546490701,77824.0,0.0,0.859137259956391,0.859137259956391,7.208716743633457,0.0,0.9320250055985049
2025-02-23,18,Sunday,7.835128974205158,77824.0,0.0,0.0,0.0,7.835128974205158,0.0,0.0
2025-02-23,19,Sunday,7.7063827234553095,77824.0,0.0,0.0,0.0,7.7063827234553095,0.0,0.0
2025-02-23,20,Sunday,7.559244151169766,77824.0,0.0,0.0,0.0,7.559244151169766,0.0,0.0
2025-02-23,21,Sunday,7.283359328134372,77824.0,0.0,0.0,0.0,7.283359328134372,0.0,0.0
2025-02-23,22,Sunday,7.1362207558488295,77824.0,0.0,0.0,0.0,7.1362207558488295,0.0,0.0
2025-02-23,23,Sunday,7.00747450509898,77824.0,0.0,0.0,0.0,7.00747450509898,0.0,0.0
2025-02-24,0,Monday,7.00747450509898,77824.0,0.0,0.0,0.0,7.00747450509898,0.0,0.0
2025-02-24,1,Monday,7.00747450509898,77824.0,0.0,0.0,0.0,7.00747450509898,0.0,0.0
2025-02-24,2,Monday,7.1362207558488295,77824.0,0.0,0.0,0.0,7.1362207558488295,0.0,0.0
2025-02-24,3,Monday,7.283359328134372,77824.0,0.0,0.0,0.0,7.283359328134372,0.0,0.0
2025-02-24,4,Monday,7.283359328134372,77824.0,0.0,0.0,0.0,7.283359328134372,0.0,0.0
2025-02-24,5,Monday,7.412105578884224,77824.0,0.0,0.0,0.0,7.412105578884224,0.0,0.0
2025-02-24,6,Monday,7.7063827234553095,77824.0,0.0,0.0,0.0,7.7063827234553095,0.0,0.0
2025-02-24,7,Monday,7.7063827234553095,77824.0,0.0,0.24570582629362514,0.24570582629362514,7.491635831274682,0.0,0.811523242440086
2025-02-24,8,Monday,7.982267546490701,77824.0,0.0,1.6818853093702002,1.6818853093702002,6.685622977801872,0.0,0.9476268413512868
2025-02-24,9,Monday,7.982267546490701,77824.0,0.0,3.0214233531611443,3.0214233531611443,5.262244771376647,0.0,0.9439212724566491
2025-02-24,10,Monday,8.111013797240552,77824.0,0.0,4.518649569392132,4.518649569392132,4.059026818480557,0.0,0.9316642985502064
2025-02-24,11,Monday,8.111013797240552,77824.0,0.0,5.687960785465288,5.687960785465288,3.0767073016375344,0.0,0.9203301923041399
2025-02-24,12,Monday,8.258152369526094,77824.0,0.0,5.931595464490976,5.931595464490976,3.072077294746017,0.0,0.9178695792470758
2025-02-24,13,Monday,8.258152369526094,77824.0,0.0,5.675506141005808,5.675506141005808,3.309246657549858,0.0,0.9204552484504963
2025-02-24,14,Monday,8.111013797240552,77824.0,0.0,4.986050205259355,4.986050205259355,3.7510495207953376,0.0,0.9272461143058527
2025-02-24,15,Monday,8.111013797240552,77824.0,0.0,3.6402016618490642,3.6402016618490642,4.904419093313263,0.0,0.9393355272739417
2025-02-24,16,Monday,7.982267546490701,77824.0,0.0,2.1030057447868584,2.1030057447868584,6.1056109368581835,0.0,0.948049720101462
2025-02-24,17,Monday,7.982267546490701,77824.0,0.0,0.8270851029715348,0.8270851029715348,7.237355636137061,0.0,0.9304113844839422
2025-02-24,18,Monday,7.835128974205158,77824.0,0.0,0.0,0.0,7.835128974205158,0.0,0.0
2025-02-24,19,Monday,7.7063827234553095,77824.0,0.0,0.0,0.0,7.7063827234553095,0.0,0.0
2025-02-24,20,Monday,7.559244151169766,77824.0,0.0,0.0,0.0,7.559244151169766,0.0,0.0
2025-02-24,21,Monday,7.283359328134372,77824.0,0.0,0.0,0.0,7.283359328134372,0.0,0.0
2025-02-24,22,Monday,7.1362207558488295,77824.0,0.0,0.0,0.0,7.1362207558488295,0.0,0.0
2025-02-24,23,Monday,7.00747450509898,77824.0,0.0,0.0,0.0,7.00747450509898,0.0,0.0
2025-02-25,0,Tuesday,7.00747450509898,77824.0,0.0,0.0,0.0,7.00747450509898,0.0,0.0
2025-02-25,1,Tuesday,7.00747450509898,77824.0,0.0,0.0,0.0,7.00747450509898,0.0,0.0
2025-02-25,2,Tuesday,7.1362207558488295,77824.0,0.0,0.0,0.0,7.1362207558488295,0.0,0.0
2025-02-25,3,Tuesday,7.283359328134372,77824.0,0.0,0.0,0.0,7.283359328134372,0.0,0.0
2025-02-25,4,Tuesday,7.283359328134372,77824.0,0.0,0.0,0.0,7.283359328134372,0.0,0.0
2025-02-25,5,Tuesday,7.412105578884224,77824.0,0.0,0.0,0.0,7.412105578884224,0.0,0.0
2025-02-25,6,Tuesday,7.7063827234553095,77824.0,0.0,0.0,0.0,7.7063827234553095,0.0,0.0
2025-02-25,7,Tuesday,7.7063827234553095,77824.0,0.0,0.29080690492059524,0.29080690492059524,7.452217488554709,0.0,0.8387021849077113
2025-02-25,8,Tuesday,7.982267546490701,77824.0,0.0,1.7100768334944056,1.7100768334944056,6.619734628709473,0.0,0.9477355003866251
2025-02-25,9,Tuesday,7.982267546490701,77824.0,0.0,3.0239420124566645,3.0239420124566645,5.259665209990734,0.0,0.9439046542740023
2025-02-25,10,Tuesday,8.111013797240552,77824.0,0.0,4.545282026398971,4.545282026398971,4.035216580519893,0.0,0.9314175799204193
2025-02-25,11,Tuesday,8.111013797240552,77824.0,0.0,5.6145523365453895,5.6145523365453895,3.142995685080993,0.0,0.9210661978904682
2025-02-25,12,Tuesday,8.258152369526094,77824.0,0.0,6.500268301063669,6.500268301063669,2.5703338306638797,0.0,0.9120337984943282
2025-02-25,13,Tuesday,8.258152369526094,77824.0,0.0,5.983039523066434,5.983039523066434,3.074254819900319,0.0,0.9173467154335503
2025-02-25,14,Tuesday,8.111013797240552,77824.0,0.0,5.1126314157403145,5.1126314157403145,3.6554609426113815,0.0,0.9260209461717498
2025-02-25,15,Tuesday,8.111013797240552,77824.0,0.0,3.6954110891046494,3.6954110891046494,4.860087127675602,0.0,0.9388862049970432
2025-02-25,16,Tuesday,7.982267546490701,77824.0,0.0,2.1903993478270714,2.1903993478270714,6.028558601936812,0.0,0.9478858110715181
2025-02-25,17,Tuesday,7.982267546490701,77824.0,0.0,0.8588784006031202,0.8588784006031202,7.208854829591579,0.0,0.9320125653286102
2025-02-25,18,Tuesday,7.835128974205158,77824.0,0.0,0.0,0.0,7.835128974205158,0.0,0.0
2025-02-25,19,Tuesday,7.7063827234553095,77824.0,0.0,0.0,0.0,7.7063827234553095,0.0,0.0
2025-02-25,20,Tuesday,7.559244151169766,77824.0,0.0,0.0,0.0,7.559244151169766,0.0,0.0
2025-02-25,21,Tuesday,7.283359328134372,77824.0,0.0,0.0,0.0,7.283359328134372,0.0,0.0
2025-02-25,22,Tuesday,7.1362207558488295,77824.0,0.0,0.0,0.0,7.1362207558488295,0.0,0.0
2025-02-25,23,Tuesday,7.00747450509898,77824.0,0.0,0.0,0.0,7.00747450509898,0.0,0.0
2025-02-26,0,Wednesday,7.00747450509898,77824.0,0.0,0.0,0.0,7.00747450509898,0.0,0.0
2025-02-26,1,Wednesday,7.00747450509898,77824.0,0.0,0.0,0.0,7.00747450509898,0.0,0.0
2025-02-26,2,Wednesday,7.1362207558488295,77824.0,0.0,0.0,0.0,7.1362207558488295,0.0,0.0
2025-02-26,3,Wednesday,7.283359328134372,77824.0,0.0,0.0,0.0,7.283359328134372,0.0,0.0
2025-02-26,4,Wednesday,7.283359328134372,77824.0,0.0,0.0,0.0,7.283359328134372,0.0,0.0
2025-02-26,5,Wednesday,7.412105578884224,77824.0,0.0,0.0,0.0,7.412105578884224,0.0,0.0
2025-02-26,6,Wednesday,7.7063827234553095,77824.0,0.0,0.0,0.0,7.7063827234553095,0.0,0.0
2025-02-26,7,Wednesday,7.7063827234553095,77824.0,0.0,0.1794579805970117,0.1794579805970117,7.549536448413521,0.0,0.7463613422727352
2025-02-26,8,Wednesday,7.982267546490701,77824.0,0.0,1.282796140405233,1.282796140405233,7.072709569736324,0.0,0.9440608575309839
2025-02-26,9,Wednesday,7.982267546490701,77824.0,0.0,2.3249409860920567,2.3249409860920567,5.897126054503653,0.0,0.9475111505485938
2025-02-26,10,Wednesday,8.111013797240552,77824.0,0.0,3.88450311017765,3.88450311017765,4.614434286568237,0.0,0.9373084918996915
2025-02-26,11,Wednesday,8.111013797240552,77824.0,0.0,4.593972549677806,4.593972549677806,4.020342788991822,0.0,0.9309648136813331
2025-02-26,12,Wednesday,8.258152369526094,77824.0,0.0,3.951934757278276,3.951934757278276,4.762995774785257,0.0,0.9367324895579089
2025-02-26,13,Wednesday,8.258152369526094,77824.0,0.0,5.892411291817349,5.892411291817349,3.014519925587055,0.0,0.9182670917587675
2025-02-26,14,Wednesday,8.111013797240552,77824.0,0.0,5.703342955295984,5.703342955295984,3.1356812558211793,0.0,0.9201756390606937
2025-02-26,15,Wednesday,8.111013797240552,77824.0,0.0,3.7617021531205435,3.7617021531205435,4.822658448672053,0.0,0.9383397113769337
2025-02-26,16,Wednesday,7.982267546490701,77824.0,0.0,2.390711311526817,2.390711311526817,5.851133152549239,0.0,0.9472805221793716
2025-02-26,17,Wednesday,7.982267546490701,77824.0,0.0,0.46168518326291497,0.46168518326291497,7.566789434081117,0.0,0.8925935979474094
2025-02-26,18,Wednesday,7.835128974205158,77824.0,0.0,0.0,0.0,7.835128974205158,0.0,0.0
2025-02-26,19,Wednesday,7.7063827234553095,77824.0,0.0,0.0,0.0,7.7063827234553095,0.0,0.0
2025-02-26,20,Wednesday,7.559244151169766,77824.0,0.0,0.0,0.0,7.559244151169766,0.0,0.0
2025-02-26,21,Wednesday,7.283359328134372,77824.0,0.0,0.0,0.0,7.283359328134372,0.0,0.0
2025-02-26,22,Wednesday,7.1362207558488295,77824.0,0.0,0.0,0.0,7.1362207558488295,0.0,0.0
2025-02-26,23,Wednesday,7.00747450509898,77824.0,0.0,0.0,0.0,7.00747450509898,0.0,0.0
2025-02-27,0,Thursday,7.00747450509898,77824.0,0.0,0.0,0.0,7.00747450509898,0.0,0.0
2025-02-27,1,Thursday,7.00747450509898,77824.0,0.0,0.0,0.0,7.00747450509898,0.0,0.0
2025-02-27,2,Thursday,7.1362207558488295,77824.0,0.0,0.0,0.0,7.1362207558488295,0.0,0.0
2025-02-27,3,Thursday,7.283359328134372,77824.0,0.0,0.0,0.0,7.283359328134372,0.0,0.0
2025-02-27,4,Thursday,7.283359328134372,77824.0,0.0,0.0,0.0,7.283359328134372,0.0,0.0
2025-02-27,5,Thursday,7.412105578884224,77824.0,0.0,0.0,0.0,7.412105578884224,0.0,0.0
2025-02-27,6,Thursday,7.7063827234553095,77824.0,0.0,0.0,0.0,7.7063827234553095,0.0,0.0
2025-02-27,7,Thursday,7.7063827234553095,77824.0,0.0,0.3240403815517752,0.3240403815517752,7.423171429979058,0.0,0.8537963993016163
2025-02-27,8,Thursday,7.982267546490701,77824.0,0.0,1.8286678270747871,1.8286678270747871,6.499023040529295,0.0,0.9480473817259027
2025-02-27,9,Thursday,7.982267546490701,77824.0,0.0,2.9719074439126163,2.9719074439126163,5.305633929104278,0.0,0.9442438166337374
2025-02-27,10,Thursday,8.111013797240552,77824.0,0.0,4.638458749289265,4.638458749289265,3.950169604149857,0.0,0.9305492651994827
2025-02-27,11,Thursday,8.111013797240552,77824.0,0.0,5.96557537515715,5.96557537515715,2.8373151044881695,0.0,0.9175243393950702
2025-02-27,12,Thursday,8.258152369526094,77824.0,0.0,6.588573760340627,6.588573760340627,2.515234421864479,0.0,0.9111175789679811
2025-02-27,13,Thursday,8.258152369526094,77824.0,0.0,6.324346633281443,6.324346633281443,2.7840401461098887,0.0,0.913851556729505
2025-02-27,14,Thursday,8.111013797240552,77824.0,0.0,5.296737844184191,5.296737844184191,3.5126032789695367,0.0,0.9242204105441166
2025-02-27,15,Thursday,8.111013797240552,77824.0,0.0,3.7107889986559055,3.7107889986559055,4.852906212049218,0.0,0.9387600977246828
2025-02-27,16,Thursday,7.982267546490701,77824.0,0.0,2.1660632247676,2.1660632247676,6.050524508158061,0.0,0.9479382018507537
2025-02-27,17,Thursday,7.982267546490701,77824.0,0.0,0.8354203258696216,0.8354203258696216,7.229937047071002,0.0,0.9308456200691286
2025-02-27,18,Thursday,7.835128974205158,77824.0,0.0,0.0,0.0,7.835128974205158,0.0,0.0
2025-02-27,19,Thursday,6.0,71302.26086956522,0.0,0.0,0.0,0.0,6.521739130434782,0.9082345737162401
2025-02-27,20,Thursday,6.0,64696.038013007696,0.0,0.0,0.0,0.0,6.606222856557519,0.9073024996154092
2025-02-27,21,Thursday,6.0,58083.02856737815,0.0,0.0,0.0,0.0,6.613009445629547,0.9072275353639845
2025-02-27,22,Thursday,6.0,51469.47268848525,0.0,0.0,0.0,0.0,6.613555878892904,0.907221498917243
2025-02-27,23,Thursday,6.0,44855.872804486775,0.0,0.0,0.0,0.0,6.613599883998474,0.9072210127892202
2025-02-28,0,Friday,6.0,38242.26937663714,0.0,0.0,0.0,0.0,6.613603427849631,0.9072209736399804
2025-02-28,1,Friday,6.0,31628.665663391166,0.0,0.0,0.0,0.0,6.613603713245971,0.9072209704871814
2025-02-28,2,Friday,6.0,25015.06192716142,0.0,0.0,0.0,0.0,6.613603736229747,0.9072209702332776
2025-02-28,3,Friday,7.283359328134372,25015.06192716142,0.0,0.0,0.0,7.283359328134372,0.0,0.0
2025-02-28,4,Friday,7.283359328134372,25015.06192716142,0.0,0.0,0.0,7.283359328134372,0.0,0.0
2025-02-28,5,Friday,7.412105578884224,25015.06192716142,0.0,0.0,0.0,7.412105578884224,0.0,0.0
2025-02-28,6,Friday,7.7063827234553095,25015.06192716142,0.0,0.0,0.0,7.7063827234553095,0.0,0.0
2025-02-28,7,Friday,7.7063827234553095,25268.18507058942,0.29905853429584317,0.0,0.29905853429584317,7.7063827234553095,0.0,0.0
2025-02-28,8,Friday,7.982267546490701,26686.922911099096,1.6762025525870454,0.0,1.6762025525870454,7.982267546490701,0.0,0.0
2025-02-28,9,Friday,7.982267546490701,29347.49630611945,3.143399568785862,0.0,3.143399568785862,7.982267546490701,0.0,0.0
2025-02-28,10,Friday,8.111013797240552,33064.4610602449,4.391499000620812,0.0,4.391499000620812,8.111013797240552,0.0,0.0
2025-02-28,11,Friday,8.111013797240552,37510.75047534837,5.25317747531128,0.0,5.25317747531128,8.111013797240552,0.0,0.0
2025-02-28,12,Friday,8.258152369526094,42170.799059811885,5.505728478808496,0.0,5.505728478808496,8.258152369526094,0.0,0.0
2025-02-28,13,Friday,8.258152369526094,46795.58707036277,5.464069010575246,0.0,5.464069010575246,8.258152369526094,0.0,0.0
2025-02-28,14,Friday,8.111013797240552,50901.43274754622,4.850951887031481,0.0,4.850951887031481,8.111013797240552,0.0,0.0
2025-02-28,15,Friday,8.111013797240552,53966.888908377834,3.6217582240449158,0.0,3.6217582240449158,8.111013797240552,0.0,0.0
2025-02-28,16,Friday,7.982267546490701,56046.75228448388,2.457305501070474,0.0,2.457305501070474,7.982267546490701,0.0,0.0
2025-02-28,17,Friday,7.982267546490701,56876.26170673257,0.9800442134318216,0.0,0.9800442134318216,7.982267546490701,0.0,0.0
2025-02-28,18,Friday,7.835128974205158,56876.26170673257,0.0,0.0,0.0,7.835128974205158,0.0,0.0
2025-02-28,19,Friday,7.7063827234553095,56876.26170673257,0.0,0.0,0.0,7.7063827234553095,0.0,0.0
2025-02-28,20,Friday,7.559244151169766,56876.26170673257,0.0,0.0,0.0,7.559244151169766,0.0,0.0
2025-02-28,21,Friday,7.283359328134372,56876.26170673257,0.0,0.0,0.0,7.283359328134372,0.0,0.0
2025-02-28,22,Friday,7.1362207558488295,56876.26170673257,0.0,0.0,0.0,7.1362207558488295,0.0,0.0
2025-02-28,23,Friday,7.00747450509898,56876.26170673257,0.0,0.0,0.0,7.00747450509898,0.0,0.0
2025-03-01,0,Saturday,7.00747450509898,56876.26170673257,0.0,0.0,0.0,7.00747450509898,0.0,0.0
2025-03-01,1,Saturday,7.00747450509898,56876.26170673257,0.0,0.0,0.0,7.00747450509898,0.0,0.0
2025-03-01,2,Saturday,7.1362207558488295,56876.26170673257,0.0,0.0,0.0,7.1362207558488295,0.0,0.0
2025-03-01,3,Saturday,7.283359328134372,56876.26170673257,0.0,0.0,0.0,7.283359328134372,0.0,0.0
2025-03-01,4,Saturday,7.283359328134372,56876.26170673257,0.0,0.0,0.0,7.283359328134372,0.0,0.0
2025-03-01,5,Saturday,7.412105578884224,56876.26170673257,0.0,0.0,0.0,7.412105578884224,0.0,0.0
2025-03-01,6,Saturday,7.7063827234553095,56876.26170673257,0.0,0.0,0.0,7.7063827234553095,0.0,0.0
2025-03-01,7,Saturday,7.7063827234553095,57263.94102753639,0.4580332240120721,0.0,0.4580332240120721,7.7063827234553095,0.0,0.0
2025-03-01,8,Saturday,7.982267546490701,58624.19107062117,1.6071007125292762,0.0,1.6071007125292762,7.982267546490701,0.0,0.0
2025-03-01,9,Saturday,7.982267546490701,60904.8405012383,2.694529100445567,0.0,2.694529100445567,7.982267546490701,0.0,0.0
2025-03-01,10,Saturday,8.111013797240552,63878.060823991946,3.5127839352004253,0.0,3.5127839352004253,8.111013797240552,0.0,0.0
2025-03-01,11,Saturday,8.111013797240552,67433.03353944504,4.200109540941739,0.0,4.200109540941739,8.111013797240552,0.0,0.0
2025-03-01,12,Saturday,8.258152369526094,71265.7349316208,4.528238884895743,0.0,4.528238884895743,8.258152369526094,0.0,0.0
2025-03-01,13,Saturday,8.258152369526094,75109.69208020253,4.541537273844198,0.0,4.541537273844198,8.258152369526094,0.0,0.0
2025-03-01,14,Saturday,8.111013797240552,77824.0,3.206885538513087,0.4036396078841227,3.61052514639721,7.75823277994983,0.0,0.8795895464669693
2025-03-01,15,Saturday,8.111013797240552,77824.0,0.0,2.9106355336181906,2.9106355336181906,5.678857437741977,0.0,0.9446315435785152
2025-03-01,16,Saturday,7.982267546490701,77824.0,0.0,1.949636183412083,1.949636183412083,6.232664101005274,0.0,0.9481569770724115
2025-03-01,17,Saturday,7.982267546490701,77824.0,0.0,0.8652175895518088,0.8652175895518088,7.202923556982346,0.0,0.9323145654643294
2025-03-01,18,Saturday,7.835128974205158,77824.0,0.0,0.0,0.0,7.835128974205158,0.0,0.0
2025-03-01,19,Saturday,7.7063827234553095,77824.0,0.0,0.0,0.0,7.7063827234553095,0.0,0.0
2025-03-01,20,Saturday,7.559244151169766,77824.0,0.0,0.0,0.0,7.559244151169766,0.0,0.0
2025-03-01,21,Saturday,7.283359328134372,77824.0,0.0,0.0,0.0,7.283359328134372,0.0,0.0
2025-03-01,22,Saturday,7.1362207558488295,77824.0,0.0,0.0,0.0,7.1362207558488295,0.0,0.0
2025-03-01,23,Saturday,7.00747450509898,77824.0,0.0,0.0,0.0,7.00747450509898,0.0,0.0
2025-03-02,0,Sunday,7.00747450509898,77824.0,0.0,0.0,0.0,7.00747450509898,0.0,0.0
2025-03-02,1,Sunday,7.00747450509898,77824.0,0.0,0.0,0.0,7.00747450509898,0.0,0.0
2025-03-02,2,Sunday,7.1362207558488295,77824.0,0.0,0.0,0.0,7.1362207558488295,0.0,0.0
2025-03-02,3,Sunday,7.283359328134372,77824.0,0.0,0.0,0.0,7.283359328134372,0.0,0.0
2025-03-02,4,Sunday,7.283359328134372,77824.0,0.0,0.0,0.0,7.283359328134372,0.0,0.0
2025-03-02,5,Sunday,7.412105578884224,77824.0,0.0,0.0,0.0,7.412105578884224,0.0,0.0
2025-03-02,6,Sunday,7.7063827234553095,77824.0,0.0,0.0,0.0,7.7063827234553095,0.0,0.0
2025-03-02,7,Sunday,7.7063827234553095,77824.0,0.0,0.5372632852635643,0.5372632852635643,7.236814612134954,0.0,0.9051000437899399
2025-03-02,8,Sunday,7.982267546490701,77824.0,0.0,1.8737074372357352,1.8737074372357352,6.371169497173681,0.0,0.948110647166114
2025-03-02,9,Sunday,7.982267546490701,77824.0,0.0,3.127409591116235,3.127409591116235,5.165393731673312,0.0,0.9432051344416158
2025-03-02,10,Sunday,8.111013797240552,77824.0,0.0,4.835306789883165,4.835306789883165,3.778361915963254,0.0,0.9286902661274196
2025-03-02,11,Sunday,8.111013797240552,77824.0,0.0,5.6274460225258895,5.6274460225258895,3.1461671701771587,0.0,0.9209371140879458
2025-03-02,12,Sunday,8.258152369526094,77824.0,0.0,6.246151390978983,6.246151390978983,2.7934553651697307,0.0,0.9146561350779021
2025-03-02,13,Sunday,8.258152369526094,77824.0,0.0,6.1775041505926325,6.1775041505926325,2.8903749022577765,0.0,0.9153606583423356
2025-03-02,14,Sunday,8.111013797240552,77824.0,0.0,5.323946605735106,5.323946605735106,3.481349090735679,0.0,0.9239525629109631
2025-03-02,15,Sunday,8.111013797240552,77824.0,0.0,3.845777510837751,3.845777510837751,4.735363609092863,0.0,0.9376362315816207
2025-03-02,16,Sunday,7.982267546490701,77824.0,0.0,2.2681345769835417,2.2681345769835417,5.96191664688202,0.0,0.9476861135779647
2025-03-02,17,Sunday,7.982267546490701,77824.0,0.0,1.024674961022064,1.024674961022064,7.059750826573631,0.0,0.9383878572860093
2025-03-02,18,Sunday,7.835128974205158,77824.0,0.0,0.0,0.0,7.835128974205158,0.0,0.0
2025-03-02,19,Sunday,7.7063827234553095,77824.0,0.0,0.0,0.0,7.7063827234553095,0.0,0.0
2025-03-02,20,Sunday,7.559244151169766,77824.0,0.0,0.0,0.0,7.559244151169766,0.0,0.0
2025-03-02,21,Sunday,7.283359328134372,77824.0,0.0,0.0,0.0,7.283359328134372,0.0,0.0
2025-03-02,22,Sunday,7.1362207558488295,77824.0,0.0,0.0,0.0,7.1362207558488295,0.0,0.0
2025-03-02,23,Sunday,7.00747450509898,77824.0,0.0,0.0,0.0,7.00747450509898,0.0,0.0
2025-03-03,0,Monday,7.00747450509898,77824.0,0.0,0.0,0.0,7.00747450509898,0.0,0.0
2025-03-03,1,Monday,7.00747450509898,77824.0,0.0,0.0,0.0,7.00747450509898,0.0,0.0
2025-03-03,2,Monday,7.1362207558488295,77824.0,0.0,0.0,0.0,7.1362207558488295,0.0,0.0
2025-03-03,3,Monday,7.283359328134372,77824.0,0.0,0.0,0.0,7.283359328134372,0.0,0.0
2025-03-03,4,Monday,7.283359328134372,77824.0,0.0,0.0,0.0,7.283359328134372,0.0,0.0
2025-03-03,5,Monday,7.412105578884224,77824.0,0.0,0.0,0.0,7.412105578884224,0.0,0.0
2025-03-03,6,Monday,7.7063827234553095,77824.0,0.0,0.0,0.0,7.7063827234553095,0.0,0.0
2025-03-03,7,Monday,7.7063827234553095,77824.0,0.0,0.5598153435894573,0.5598153435894573,7.217104113158124,0.0,0.908132670493971
2025-03-03,8,Monday,7.982267546490701,77824.0,0.0,1.8261233384730167,1.8261233384730167,6.406823395672778,0.0,0.948042958593108
2025-03-03,9,Monday,7.982267546490701,77824.0,0.0,3.3434672196558872,3.3434672196558872,4.9710045193531425,0.0,0.9416486290245049
2025-03-03,10,Monday,8.111013797240552,77824.0,0.0,4.423617290993131,4.423617290993131,4.153795297717416,0.0,0.9325390783583608
2025-03-03,11,Monday,8.111013797240552,77824.0,0.0,5.273518317340315,5.273518317340315,3.4391399814500057,0.0,0.9244486420250824
2025-03-03,12,Monday,8.258152369526094,77824.0,0.0,5.607579030948864,5.607579030948864,3.333429490327539,0.0,0.9211359761113336
2025-03-03,13,Monday,8.258152369526094,77824.0,0.0,5.23820500027007,5.23820500027007,3.6743082473308064,0.0,0.924795127086917
2025-03-03,14,Monday,8.111013797240552,77824.0,0.0,4.540082230954482,4.540082230954482,4.122300169667978,0.0,0.9314658023927332
2025-03-03,15,Monday,8.111013797240552,77824.0,0.0,3.353561332170872,3.353561332170872,5.143472484953957,0.0,0.9415730536366383
2025-03-03,16,Monday,7.982267546490701,77824.0,0.0,2.048835078742002,2.048835078742002,6.14959604007618,0.0,0.9481156692634092
2025-03-03,17,Monday,7.982267546490701,77824.0,0.0,0.7484857824566765,0.7484857824566765,7.308099002851046,0.0,0.925736973283823
2025-03-03,18,Monday,7.835128974205158,77824.0,0.0,0.0,0.0,7.835128974205158,0.0,0.0
2025-03-03,19,Monday,7.7063827234553095,77824.0,0.0,0.0,0.0,7.7063827234553095,0.0,0.0
2025-03-03,20,Monday,7.559244151169766,77824.0,0.0,0.0,0.0,7.559244151169766,0.0,0.0
2025-03-03,21,Monday,7.283359328134372,77824.0,0.0,0.0,0.0,7.283359328134372,0.0,0.0
2025-03-03,22,Monday,7.1362207558488295,77824.0,0.0,0.0,0.0,7.1362207558488295,0.0,0.0
2025-03-03,23,Monday,7.00747450509898,77824.0,0.0,0.0,0.0,7.00747450509898,0.0,0.0
2025-03-04,0,Tuesday,7.00747450509898,77824.0,0.0,0.0,0.0,7.00747450509898,0.0,0.0
2025-03-04,1,Tuesday,7.00747450509898,77824.0,0.0,0.0,0.0,7.00747450509898,0.0,0.0
2025-03-04,2,Tuesday,7.1362207558488295,77824.0,0.0,0.0,0.0,7.1362207558488295,0.0,0.0
2025-03-04,3,Tuesday,7.283359328134372,77824.0,0.0,0.0,0.0,7.283359328134372,0.0,0.0
2025-03-04,4,Tuesday,7.283359328134372,77824.0,0.0,0.0,0.0,7.283359328134372,0.0,0.0
2025-03-04,5,Tuesday,7.412105578884224,77824.0,0.0,0.0,0.0,7.412105578884224,0.0,0.0
2025-03-04,6,Tuesday,7.7063827234553095,77824.0,0.0,0.0,0.0,7.7063827234553095,0.0,0.0
2025-03-04,7,Tuesday,7.7063827234553095,77824.0,0.0,0.6357927987603955,0.6357927987603955,7.150699817338724,0.0,0.9166319866379445
2025-03-04,8,Tuesday,7.982267546490701,77824.0,0.0,1.639460290397427,1.639460290397427,6.554624890639737,0.0,0.9474354465826755
2025-03-04,9,Tuesday,7.982267546490701,77824.0,0.0,3.25006274557876,3.25006274557876,5.057004130150529,0.0,0.9423363165282472
2025-03-04,10,Tuesday,8.111013797240552,77824.0,0.0,5.452776275577938,5.452776275577938,3.2295821423788604,0.0,0.9226786061560669
2025-03-04,11,Tuesday,8.111013797240552,77824.0,0.0,6.1460882096048355,6.1460882096048355,2.7236928998176477,0.0,0.9156824970316254
2025-03-04,12,Tuesday,8.258152369526094,77824.0,0.0,6.928451364899906,6.928451364899906,2.2311038054710615,0.0,0.9075696370877987
2025-03-04,13,Tuesday,8.258152369526094,77824.0,0.0,4.687791972534762,4.687791972534762,4.216379593232448,0.0,0.9300864074991286
2025-03-04,14,Tuesday,8.111013797240552,77824.0,0.0,3.673654586485971,3.673654586485971,4.8650384103399915,0.0,0.9390639165947429
2025-03-04,15,Tuesday,8.111013797240552,77824.0,0.0,2.9990529473398655,2.9990529473398655,5.43552651077677,0.0,0.9440679815105476
2025-03-04,16,Tuesday,7.982267546490701,77824.0,0.0,2.4749443280026653,2.4749443280026653,5.762577635206669,0.0,0.9469448550559695
2025-03-04,17,Tuesday,7.982267546490701,77824.0,0.0,0.9683093784437561,0.9683093784437561,7.111178741671931,0.0,0.9365380207508129
2025-03-04,18,Tuesday,7.835128974205158,77824.0,0.0,0.0,0.0,7.835128974205158,0.0,0.0
2025-03-04,19,Tuesday,7.7063827234553095,77824.0,0.0,0.0,0.0,7.7063827234553095,0.0,0.0
2025-03-04,20,Tuesday,7.559244151169766,77824.0,0.0,0.0,0.0,7.559244151169766,0.0,0.0
2025-03-04,21,Tuesday,7.283359328134372,77824.0,0.0,0.0,0.0,7.283359328134372,0.0,0.0
2025-03-04,22,Tuesday,7.1362207558488295,77824.0,0.0,0.0,0.0,7.1362207558488295,0.0,0.0
2025-03-04,23,Tuesday,7.00747450509898,77824.0,0.0,0.0,0.0,7.00747450509898,0.0,0.0
2025-03-05,0,Wednesday,7.00747450509898,77824.0,0.0,0.0,0.0,7.00747450509898,0.0,0.0
2025-03-05,1,Wednesday,7.00747450509898,77824.0,0.0,0.0,0.0,7.00747450509898,0.0,0.0
2025-03-05,2,Wednesday,7.1362207558488295,77824.0,0.0,0.0,0.0,7.1362207558488295,0.0,0.0
2025-03-05,3,Wednesday,7.283359328134372,77824.0,0.0,0.0,0.0,7.283359328134372,0.0,0.0
2025-03-05,4,Wednesday,7.283359328134372,77824.0,0.0,0.0,0.0,7.283359328134372,0.0,0.0
2025-03-05,5,Wednesday,7.412105578884224,77824.0,0.0,0.0,0.0,7.412105578884224,0.0,0.0
2025-03-05,6,Wednesday,7.7063827234553095,77824.0,0.0,0.0,0.0,7.7063827234553095,0.0,0.0
2025-03-05,7,Wednesday,7.7063827234553095,77824.0,0.0,0.5234357317666946,0.5234357317666946,7.248899893891219,0.0,0.9031004325059285
2025-03-05,8,Wednesday,7.982267546490701,77824.0,0.0,0.7846758843424929,0.7846758843424929,7.309058472490357,0.0,0.9280278706608028
2025-03-05,9,Wednesday,7.982267546490701,77824.0,0.0,2.0720307973894583,2.0720307973894583,6.155510334088004,0.0,0.9480909608794149
2025-03-05,10,Wednesday,8.111013797240552,77824.0,0.0,2.7641839146177274,2.7641839146177274,5.621350902766077,0.0,0.9455024647440191
2025-03-05,11,Wednesday,8.111013797240552,77824.0,0.0,5.851043732628267,5.851043732628267,2.855446340241735,0.0,0.9186860392242819
2025-03-05,12,Wednesday,8.258152369526094,77824.0,0.0,3.893596481474908,3.893596481474908,4.8600092761175,0.0,0.9372312055506313
2025-03-05,13,Wednesday,8.258152369526094,77824.0,0.0,6.132865050085136,6.132865050085136,2.7976354903740006,0.0,0.9158178496626592
2025-03-05,14,Wednesday,8.111013797240552,77824.0,0.0,6.5497349673603225,6.5497349673603225,2.4125678132557082,0.0,0.9115208541008429
2025-03-05,15,Wednesday,8.111013797240552,77824.0,0.0,4.101663773104816,4.101663773104816,4.559199334830314,0.0,0.9354308454393376
2025-03-05,16,Wednesday,7.982267546490701,77824.0,0.0,2.4148348049938315,2.4148348049938315,5.8363021314205685,0.0,0.9471888430163603
2025-03-05,17,Wednesday,7.982267546490701,77824.0,0.0,0.9740865287593962,0.9740865287593962,7.105755848925938,0.0,0.9367408854036946
2025-03-05,18,Wednesday,7.835128974205158,77824.0,0.0,0.0,0.0,7.835128974205158,0.0,0.0
2025-03-05,19,Wednesday,7.7063827234553095,77824.0,0.0,0.0,0.0,7.7063827234553095,0.0,0.0
2025-03-05,20,Wednesday,7.559244151169766,77824.0,0.0,0.0,0.0,7.559244151169766,0.0,0.0
2025-03-05,21,Wednesday,7.283359328134372,77824.0,0.0,0.0,0.0,7.283359328134372,0.0,0.0
2025-03-05,22,Wednesday,7.1362207558488295,77824.0,0.0,0.0,0.0,7.1362207558488295,0.0,0.0
2025-03-05,23,Wednesday,7.00747450509898,77824.0,0.0,0.0,0.0,7.00747450509898,0.0,0.0
2025-03-06,0,Thursday,7.00747450509898,77824.0,0.0,0.0,0.0,7.00747450509898,0.0,0.0
2025-03-06,1,Thursday,7.00747450509898,77824.0,0.0,0.0,0.0,7.00747450509898,0.0,0.0
2025-03-06,2,Thursday,7.1362207558488295,77824.0,0.0,0.0,0.0,7.1362207558488295,0.0,0.0
2025-03-06,3,Thursday,7.283359328134372,77824.0,0.0,0.0,0.0,7.283359328134372,0.0,0.0
2025-03-06,4,Thursday,7.283359328134372,77824.0,0.0,0.0,0.0,7.283359328134372,0.0,0.0
2025-03-06,5,Thursday,7.412105578884224,77824.0,0.0,0.0,0.0,7.412105578884224,0.0,0.0
2025-03-06,6,Thursday,7.7063827234553095,77824.0,0.0,0.0,0.0,7.7063827234553095,0.0,0.0
2025-03-06,7,Thursday,7.7063827234553095,77824.0,0.0,0.47837331232552827,0.47837331232552827,7.2882844484827976,0.0,0.8957184751729598
2025-03-06,8,Thursday,7.982267546490701,77824.0,0.0,1.3600573916046075,1.3600573916046075,6.824950440182699,0.0,0.9451229843735452
2025-03-06,9,Thursday,7.982267546490701,77824.0,0.0,2.251032985976365,2.251032985976365,5.96113968354289,0.0,0.9477341146165857
2025-03-06,10,Thursday,8.111013797240552,77824.0,0.0,3.2051833941057817,3.2051833941057817,5.225235233353757,0.0,0.9426589216066195
2025-03-06,11,Thursday,8.111013797240552,77824.0,0.0,3.613267181109332,3.613267181109332,4.875239180040495,0.0,0.939552736614935
2025-03-06,12,Thursday,8.258152369526094,77824.0,0.0,3.912348150157546,3.912348150157546,4.766087829008738,0.0,0.9370714442942222
2025-03-06,13,Thursday,8.258152369526094,77824.0,0.0,4.144697736767989,4.144697736767989,4.56846836988773,0.0,0.9350513196578039
2025-03-06,14,Thursday,8.111013797240552,77824.0,0.0,3.9395090096985017,3.9395090096985017,4.611552853834279,0.0,0.9368391263658343
2025-03-06,15,Thursday,8.111013797240552,77824.0,0.0,3.2058864653865085,3.2058864653865085,5.2577839155528405,0.0,0.9426539085413509
2025-03-06,16,Thursday,7.982267546490701,77824.0,0.0,2.303123484744223,2.303123484744223,5.919771609480559,0.0,0.9475811058488921
2025-03-06,17,Thursday,7.982267546490701,77824.0,0.0,0.6582863295835416,0.6582863295835416,7.3896768427463195,0.0,0.9187334959006291
2025-03-06,18,Thursday,7.835128974205158,77824.0,0.0,0.0,0.0,7.835128974205158,0.0,0.0
2025-03-06,19,Thursday,6.0,71302.26086956522,0.0,0.0,0.0,0.0,6.521739130434782,0.9082345737162401
2025-03-06,20,Thursday,6.0,64696.038013007696,0.0,0.0,0.0,0.0,6.606222856557519,0.9073024996154092
2025-03-06,21,Thursday,6.0,58083.02856737815,0.0,0.0,0.0,0.0,6.613009445629547,0.9072275353639845
2025-03-06,22,Thursday,6.0,51469.47268848525,0.0,0.0,0.0,0.0,6.613555878892904,0.907221498917243
2025-03-06,23,Thursday,6.0,44855.872804486775,0.0,0.0,0.0,0.0,6.613599883998474,0.9072210127892202
2025-03-07,0,Friday,6.0,38242.26937663714,0.0,0.0,0.0,0.0,6.613603427849631,0.9072209736399804
2025-03-07,1,Friday,6.0,31628.665663391166,0.0,0.0,0.0,0.0,6.613603713245971,0.9072209704871814
2025-03-07,2,Friday,6.0,25015.06192716142,0.0,0.0,0.0,0.0,6.613603736229747,0.9072209702332776
2025-03-07,3,Friday,7.283359328134372,25015.06192716142,0.0,0.0,0.0,7.283359328134372,0.0,0.0
2025-03-07,4,Friday,7.283359328134372,25015.06192716142,0.0,0.0,0.0,7.283359328134372,0.0,0.0
2025-03-07,5,Friday,7.412105578884224,25015.06192716142,0.0,0.0,0.0,7.412105578884224,0.0,0.0
2025-03-07,6,Friday,7.7063827234553095,25015.06192716142,0.0,0.0,0.0,7.7063827234553095,0.0,0.0
2025-03-07,7,Friday,7.7063827234553095,25316.17309894249,0.35575516514776634,0.0,0.35575516514776634,7.7063827234553095,0.0,0.0
2025-03-07,8,Friday,7.982267546490701,26279.0924335882,1.1376646203281084,0.0,1.1376646203281084,7.982267546490701,0.0,0.0
2025-03-07,9,Friday,7.982267546490701,27869.359891720414,1.8788604183981734,0.0,1.8788604183981734,7.982267546490701,0.0,0.0
2025-03-07,10,Friday,8.111013797240552,30097.317821959597,2.6322754374281443,0.0,2.6322754374281443,8.111013797240552,0.0,0.0
2025-03-07,11,Friday,8.111013797240552,32577.261024408686,2.9299896059181076,0.0,2.9299896059181076,8.111013797240552,0.0,0.0
2025-03-07,12,Friday,8.258152369526094,35207.81612030848,3.1079337144373778,0.0,3.1079337144373778,8.258152369526094,0.0,0.0
2025-03-07,13,Friday,8.258152369526094,37729.929446681606,2.9798125311591845,0.0,2.9798125311591845,8.258152369526094,0.0,0.0
2025-03-07,14,Friday,8.111013797240552,40030.783619957794,2.718400488275265,0.0,2.718400488275265,8.111013797240552,0.0,0.0
2025-03-07,15,Friday,8.111013797240552,41875.75592815546,2.1797876987212406,0.0,2.1797876987212406,8.111013797240552,0.0,0.0
2025-03-07,16,Friday,7.982267546490701,43077.93919464872,1.4203488498266372,0.0,1.4203488498266372,7.982267546490701,0.0,0.0
2025-03-07,17,Friday,7.982267546490701,43617.877440533586,0.6379232583705842,0.0,0.6379232583705842,7.982267546490701,0.0,0.0
2025-03-07,18,Friday,7.835128974205158,43636.60107367203,0.022121494728786002,0.0,0.022121494728786002,7.835128974205158,0.0,0.0
2025-03-07,19,Friday,7.7063827234553095,43636.60107367203,0.0,0.0,0.0,7.7063827234553095,0.0,0.0
2025-03-07,20,Friday,7.559244151169766,43636.60107367203,0.0,0.0,0.0,7.559244151169766,0.0,0.0
2025-03-07,21,Friday,7.283359328134372,43636.60107367203,0.0,0.0,0.0,7.283359328134372,0.0,0.0
2025-03-07,22,Friday,7.1362207558488295,43636.60107367203,0.0,0.0,0.0,7.1362207558488295,0.0,0.0
2025-03-07,23,Friday,7.00747450509898,43636.60107367203,0.0,0.0,0.0,7.00747450509898,0.0,0.0
2025-03-08,0,Saturday,7.00747450509898,43636.60107367203,0.0,0.0,0.0,7.00747450509898,0.0,0.0
2025-03-08,1,Saturday,7.00747450509898,43636.60107367203,0.0,0.0,0.0,7.00747450509898,0.0,0.0
2025-03-08,2,Saturday,7.1362207558488295,43636.60107367203,0.0,0.0,0.0,7.1362207558488295,0.0,0.0
2025-03-08,3,Saturday,7.283359328134372,43636.60107367203,0.0,0.0,0.0,7.283359328134372,0.0,0.0
2025-03-08,4,Saturday,7.283359328134372,43636.60107367203,0.0,0.0,0.0,7.283359328134372,0.0,0.0
2025-03-08,5,Saturday,7.412105578884224,43636.60107367203,0.0,0.0,0.0,7.412105578884224,0.0,0.0
2025-03-08,6,Saturday,7.7063827234553095,43636.60107367203,0.0,0.0,0.0,7.7063827234553095,0.0,0.0
2025-03-08,7,Saturday,7.7063827234553095,44145.584459403624,0.6013508810628486,0.0,0.6013508810628486,7.7063827234553095,0.0,0.0
2025-03-08,8,Saturday,7.982267546490701,45542.989687596295,1.6509986155395526,0.0,1.6509986155395526,7.982267546490701,0.0,0.0
2025-03-08,9,Saturday,7.982267546490701,48398.83127195313,3.3741039512722453,0.0,3.3741039512722453,7.982267546490701,0.0,0.0
2025-03-08,10,Saturday,8.111013797240552,52867.32715752995,5.279413853469776,0.0,5.279413853469776,8.111013797240552,0.0,0.0
2025-03-08,11,Saturday,8.111013797240552,58552.7051245868,6.717128978091742,0.0,6.717128978091742,8.111013797240552,0.0,0.0
2025-03-08,12,Saturday,8.258152369526094,64573.14832458679,7.113,0.0,7.113,8.258152369526094,0.0,0.0
2025-03-08,13,Saturday,8.258152369526094,70567.07848071435,7.081675515273563,0.0,7.081675515273563,8.258152369526094,0.0,0.0
2025-03-08,14,Saturday,8.111013797240552,75549.38836413741,5.886471979469603,0.0,5.886471979469603,8.111013797240552,0.0,0.0
2025-03-08,15,Saturday,8.111013797240552,77824.0,2.6873956000266825,1.4368427255146234,4.124238325541306,6.855213255140772,0.0,0.9459715493151949
2025-03-08,16,Saturday,7.982267546490701,77824.0,0.0,2.233925161303402,2.233925161303402,5.974699382892944,0.0,0.9477798818907935
2025-03-08,17,Saturday,7.982267546490701,77824.0,0.0,0.8743031712239752,0.8743031712239752,7.195052937949265,0.0,0.9327379406421297
2025-03-08,18,Saturday,7.835128974205158,77824.0,0.0,0.05618438051793464,0.05618438051793464,7.785343935993634,0.0,0.2113571888594443
2025-03-08,19,Saturday,7.7063827234553095,77824.0,0.0,0.0,0.0,7.7063827234553095,0.0,0.0
2025-03-08,20,Saturday,7.559244151169766,77824.0,0.0,0.0,0.0,7.559244151169766,0.0,0.0
2025-03-08,21,Saturday,7.283359328134372,77824.0,0.0,0.0,0.0,7.283359328134372,0.0,0.0
2025-03-08,22,Saturday,7.1362207558488295,77824.0,0.0,0.0,0.0,7.1362207558488295,0.0,0.0
2025-03-08,23,Saturday,7.00747450509898,77824.0,0.0,0.0,0.0,7.00747450509898,0.0,0.0
2025-03-09,0,Sunday,7.00747450509898,77824.0,0.0,0.0,0.0,7.00747450509898,0.0,0.0
2025-03-09,1,Sunday,7.00747450509898,77824.0,0.0,0.0,0.0,7.00747450509898,0.0,0.0
2025-03-09,2,Sunday,7.1362207558488295,77824.0,0.0,0.0,0.0,7.1362207558488295,0.0,0.0
2025-03-09,3,Sunday,7.283359328134372,77824.0,0.0,0.0,0.0,7.283359328134372,0.0,0.0
2025-03-09,4,Sunday,7.283359328134372,77824.0,0.0,0.0,0.0,7.283359328134372,0.0,0.0
2025-03-09,5,Sunday,7.412105578884224,77824.0,0.0,0.0,0.0,7.412105578884224,0.0,0.0
2025-03-09,6,Sunday,7.7063827234553095,77824.0,0.0,0.0,0.0,7.7063827234553095,0.0,0.0
2025-03-09,7,Sunday,7.7063827234553095,77824.0,0.0,0.5927912996745386,0.5927912996745386,7.188283127539763,0.0,0.9121164335954436
2025-03-09,8,Sunday,7.982267546490701,77824.0,0.0,1.774731179137729,1.774731179137729,6.444444146470246,0.0,0.9479331021230415
2025-03-09,9,Sunday,7.982267546490701,77824.0,0.0,3.5762753102591724,3.5762753102591724,4.761701285035683,0.0,0.939848846728155
2025-03-09,10,Sunday,8.111013797240552,77824.0,0.0,5.211831424286553,5.211831424286553,3.4575967314561424,0.0,0.9250534019546154
2025-03-09,11,Sunday,8.111013797240552,77824.0,0.0,6.532407067810384,6.532407067810384,2.3703296852617015,0.0,0.9117006235362208
2025-03-09,12,Sunday,8.258152369526094,77824.0,0.0,7.019475964772871,7.019475964772871,2.178474786244199,0.0,0.9066140716775315
2025-03-09,13,Sunday,8.258152369526094,77824.0,0.0,6.635620344323063,6.635620344323063,2.5430029299767485,0.0,0.9106284607244628
2025-03-09,14,Sunday,8.111013797240552,77824.0,0.0,5.737020894399962,5.737020894399962,3.147934016339611,0.0,0.9198368685155314
2025-03-09,15,Sunday,8.111013797240552,77824.0,0.0,4.141603684152423,4.141603684152423,4.491894021950558,0.0,0.9350786837781536
2025-03-09,16,Sunday,7.982267546490701,77824.0,0.0,2.3493203361761434,2.3493203361761434,5.895308147152106,0.0,0.9474290530088992
2025-03-09,17,Sunday,7.982267546490701,77824.0,0.0,0.8945796427063764,0.8945796427063764,7.177094339946876,0.0,0.9336441962656219
2025-03-09,18,Sunday,7.835128974205158,77824.0,0.0,0.05573055400333509,0.05573055400333509,7.7856980913202705,0.0,0.20500340910143303
2025-03-09,19,Sunday,7.7063827234553095,77824.0,0.0,0.0,0.0,7.7063827234553095,0.0,0.0
2025-03-09,20,Sunday,7.559244151169766,77824.0,0.0,0.0,0.0,7.559244151169766,0.0,0.0
2025-03-09,21,Sunday,7.283359328134372,77824.0,0.0,0.0,0.0,7.283359328134372,0.0,0.0
2025-03-09,22,Sunday,7.1362207558488295,77824.0,0.0,0.0,0.0,7.1362207558488295,0.0,0.0
2025-03-09,23,Sunday,7.00747450509898,77824.0,0.0,0.0,0.0,7.00747450509898,0.0,0.0
2025-03-10,0,Monday,7.00747450509898,77824.0,0.0,0.0,0.0,7.00747450509898,0.0,0.0
2025-03-10,1,Monday,7.00747450509898,77824.0,0.0,0.0,0.0,7.00747450509898,0.0,0.0
2025-03-10,2,Monday,7.1362207558488295,77824.0,0.0,0.0,0.0,7.1362207558488295,0.0,0.0
2025-03-10,3,Monday,7.283359328134372,77824.0,0.0,0.0,0.0,7.283359328134372,0.0,0.0
2025-03-10,4,Monday,7.283359328134372,77824.0,0.0,0.0,0.0,7.283359328134372,0.0,0.0
2025-03-10,5,Monday,7.412105578884224,77824.0,0.0,0.0,0.0,7.412105578884224,0.0,0.0
2025-03-10,6,Monday,7.7063827234553095,77824.0,0.0,0.0,0.0,7.7063827234553095,0.0,0.0
2025-03-10,7,Monday,7.7063827234553095,77824.0,0.0,0.6116382322167381,0.6116382322167381,7.17181090849788,0.0,0.9141821777405414
2025-03-10,8,Monday,7.982267546490701,77824.0,0.0,1.7761999580129164,1.7761999580129164,6.43968571805774,0.0,0.9479368006713723
2025-03-10,9,Monday,7.982267546490701,77824.0,0.0,2.8612183257945842,2.8612183257945842,5.405626108003483,0.0,0.944934557823426
2025-03-10,10,Monday,8.111013797240552,77824.0,0.0,4.171097480368706,4.171097480368706,4.366670351652473,0.0,0.934817360488073
2025-03-10,11,Monday,8.111013797240552,77824.0,0.0,4.833411166720798,4.833411166720798,3.8185749616644147,0.0,0.9287083176331985
2025-03-10,12,Monday,8.258152369526094,77824.0,0.0,5.294275008721546,5.294275008721546,3.587156994910684,0.0,0.924244633636417
2025-03-10,13,Monday,8.258152369526094,77824.0,0.0,4.86145808326435,4.86145808326435,3.9896346516759102,0.0,0.9284409512162832
2025-03-10,14,Monday,8.111013797240552,77824.0,0.0,4.414370442958634,4.414370442958634,4.217455618813071,0.0,0.9326237168950607
2025-03-10,15,Monday,8.111013797240552,77824.0,0.0,3.267539178210388,3.267539178210388,5.215998490431888,0.0,0.9422092864884752
2025-03-10,16,Monday,7.982267546490701,77824.0,0.0,2.1316262211457433,2.1316262211457433,6.0742514266491385,0.0,0.9480035576150678
2025-03-10,17,Monday,7.982267546490701,77824.0,0.0,0.9330984550896045,0.9330984550896045,7.141915924212135,0.0,0.93522964407604
2025-03-10,18,Monday,7.835128974205158,77824.0,0.0,0.022354080817518274,0.022354080817518274,7.8152680851108745,0.0,0.0
2025-03-10,19,Monday,7.7063827234553095,77824.0,0.0,0.0,0.0,7.7063827234553095,0.0,0.0
2025-03-10,20,Monday,7.559244151169766,77824.0,0.0,0.0,0.0,7.559244151169766,0.0,0.0
2025-03-10,21,Monday,7.283359328134372,77824.0,0.0,0.0,0.0,7.283359328134372,0.0,0.0
2025-03-10,22,Monday,7.1362207558488295,77824.0,0.0,0.0,0.0,7.1362207558488295,0.0,0.0
2025-03-10,23,Monday,7.00747450509898,77824.0,0.0,0.0,0.0,7.00747450509898,0.0,0.0
2025-03-11,0,Tuesday,7.00747450509898,77824.0,0.0,0.0,0.0,7.00747450509898,0.0,0.0
2025-03-11,1,Tuesday,7.00747450509898,77824.0,0.0,0.0,0.0,7.00747450509898,0.0,0.0
2025-03-11,2,Tuesday,7.1362207558488295,77824.0,0.0,0.0,0.0,7.1362207558488295,0.0,0.0
2025-03-11,3,Tuesday,7.283359328134372,77824.0,0.0,0.0,0.0,7.283359328134372,0.0,0.0
2025-03-11,4,Tuesday,7.283359328134372,77824.0,0.0,0.0,0.0,7.283359328134372,0.0,0.0
2025-03-11,5,Tuesday,7.412105578884224,77824.0,0.0,0.0,0.0,7.412105578884224,0.0,0.0
2025-03-11,6,Tuesday,7.7063827234553095,77824.0,0.0,0.0,0.0,7.7063827234553095,0.0,0.0
2025-03-11,7,Tuesday,7.7063827234553095,77824.0,0.0,0.83210081514683,0.83210081514683,6.97912661101698,0.0,0.9306739558362196
2025-03-11,8,Tuesday,7.982267546490701,77824.0,0.0,2.085660151978578,2.085660151978578,6.13825144152742,0.0,0.9480739557056619
2025-03-11,9,Tuesday,7.982267546490701,77824.0,0.0,3.4687163300710466,3.4687163300710466,4.858097914832982,0.0,0.9406946093178439
2025-03-11,10,Tuesday,8.111013797240552,77824.0,0.0,5.254235202958145,5.254235202958145,3.4155146023053176,0.0,0.924637936355857
2025-03-11,11,Tuesday,8.111013797240552,77824.0,0.0,6.712522978046132,6.712522978046132,2.2146930727867984,0.0,0.9098275200011796
2025-03-11,12,Tuesday,8.258152369526094,77824.0,0.0,6.996554369747033,6.996554369747033,2.2107775442847535,0.0,0.9068549011280423
2025-03-11,13,Tuesday,8.258152369526094,77824.0,0.0,6.041218257885967,6.041218257885967,3.0535694028753975,0.0,0.9167540970262945
2025-03-11,14,Tuesday,8.111013797240552,77824.0,0.0,5.043935556059627,5.043935556059627,3.718167640394002,0.0,0.9266872040642123
2025-03-11,15,Tuesday,8.111013797240552,77824.0,0.0,3.6439343595615683,3.6439343595615683,4.903065820957708,0.0,0.9393053206704465
2025-03-11,16,Tuesday,7.982267546490701,77824.0,0.0,2.6612651475019993,2.6612651475019993,5.607514059365425,0.0,0.946061914179412
2025-03-11,17,Tuesday,7.982267546490701,77824.0,0.0,0.9651257868025266,0.9651257868025266,7.114852234668707,0.0,0.9364248540216096
2025-03-11,18,Tuesday,7.835128974205158,77824.0,0.0,0.03308607492361321,0.03308607492361321,7.805695482468691,0.0,0.0
2025-03-11,19,Tuesday,7.7063827234553095,77824.0,0.0,0.0,0.0,7.7063827234553095,0.0,0.0
2025-03-11,20,Tuesday,7.559244151169766,77824.0,0.0,0.0,0.0,7.559244151169766,0.0,0.0
2025-03-11,21,Tuesday,7.283359328134372,77824.0,0.0,0.0,0.0,7.283359328134372,0.0,0.0
2025-03-11,22,Tuesday,7.1362207558488295,77824.0,0.0,0.0,0.0,7.1362207558488295,0.0,0.0
2025-03-11,23,Tuesday,7.00747450509898,77824.0,0.0,0.0,0.0,7.00747450509898,0.0,0.0
2025-03-12,0,Wednesday,7.00747450509898,77824.0,0.0,0.0,0.0,7.00747450509898,0.0,0.0
2025-03-12,1,Wednesday,7.00747450509898,77824.0,0.0,0.0,0.0,7.00747450509898,0.0,0.0
2025-03-12,2,Wednesday,7.1362207558488295,77824.0,0.0,0.0,0.0,7.1362207558488295,0.0,0.0
2025-03-12,3,Wednesday,7.283359328134372,77824.0,0.0,0.0,0.0,7.283359328134372,0.0,0.0
2025-03-12,4,Wednesday,7.283359328134372,77824.0,0.0,0.0,0.0,7.283359328134372,0.0,0.0
2025-03-12,5,Wednesday,7.412105578884224,77824.0,0.0,0.0,0.0,7.412105578884224,0.0,0.0
2025-03-12,6,Wednesday,7.7063827234553095,77824.0,0.0,0.0,0.0,7.7063827234553095,0.0,0.0
2025-03-12,7,Wednesday,7.7063827234553095,77824.0,0.0,0.5530158628295857,0.5530158628295857,7.223046859342252,0.0,0.90724658168187
2025-03-12,8,Wednesday,7.982267546490701,77824.0,0.0,1.7784084996969431,1.7784084996969431,6.449485265915868,0.0,0.9479422984643254
2025-03-12,9,Wednesday,7.982267546490701,77824.0,0.0,3.7317310308190383,3.7317310308190383,4.621675140415718,0.0,0.9385877094797483
2025-03-12,10,Wednesday,8.111013797240552,77824.0,0.0,6.270443736747984,6.270443736747984,2.5199204441594247,0.0,0.9144064145205091
2025-03-12,11,Wednesday,8.111013797240552,77824.0,0.0,5.016059771997794,5.016059771997794,3.753632427664141,0.0,0.9269566487876976
2025-03-12,12,Wednesday,8.258152369526094,77824.0,0.0,5.6063897080840635,5.6063897080840635,3.3211161647028247,0.0,0.9211478746300023
2025-03-12,13,Wednesday,8.258152369526094,77824.0,0.0,5.446150013954402,5.446150013954402,3.4922783347693525,0.0,0.9227443559141092
2025-03-12,14,Wednesday,8.111013797240552,77824.0,0.0,4.9929124015159125,4.9929124015159125,3.7341911460718027,0.0,0.9271799789151168
2025-03-12,15,Wednesday,8.111013797240552,77824.0,0.0,3.8813371565096517,3.8813371565096517,4.692250599452228,0.0,0.9373353709545214
2025-03-12,16,Wednesday,7.982267546490701,77824.0,0.0,2.6239431780844495,2.6239431780844495,5.645728531906997,0.0,0.9462528933425507
2025-03-12,17,Wednesday,7.982267546490701,77824.0,0.0,1.232102173210302,1.232102173210302,6.874681312511503,0.0,0.943231566109245
2025-03-12,18,Wednesday,7.835128974205158,77824.0,0.0,0.06644607154470575,0.06644607154470575,7.7755886436864845,0.0,0.33183783202681044
2025-03-12,19,Wednesday,7.7063827234553095,77824.0,0.0,0.0,0.0,7.7063827234553095,0.0,0.0
2025-03-12,20,Wednesday,7.559244151169766,77824.0,0.0,0.0,0.0,7.559244151169766,0.0,0.0
2025-03-12,21,Wednesday,7.283359328134372,77824.0,0.0,0.0,0.0,7.283359328134372,0.0,0.0
2025-03-12,22,Wednesday,7.1362207558488295,77824.0,0.0,0.0,0.0,7.1362207558488295,0.0,0.0
2025-03-12,23,Wednesday,7.00747450509898,77824.0,0.0,0.0,0.0,7.00747450509898,0.0,0.0
2025-03-13,0,Thursday,7.00747450509898,77824.0,0.0,0.0,0.0,7.00747450509898,0.0,0.0
2025-03-13,1,Thursday,7.00747450509898,77824.0,0.0,0.0,0.0,7.00747450509898,0.0,0.0
2025-03-13,2,Thursday,7.1362207558488295,77824.0,0.0,0.0,0.0,7.1362207558488295,0.0,0.0
2025-03-13,3,Thursday,7.283359328134372,77824.0,0.0,0.0,0.0,7.283359328134372,0.0,0.0
2025-03-13,4,Thursday,7.283359328134372,77824.0,0.0,0.0,0.0,7.283359328134372,0.0,0.0
2025-03-13,5,Thursday,7.412105578884224,77824.0,0.0,0.0,0.0,7.412105578884224,0.0,0.0
2025-03-13,6,Thursday,7.7063827234553095,77824.0,0.0,0.0,0.0,7.7063827234553095,0.0,0.0
2025-03-13,7,Thursday,7.7063827234553095,77824.0,0.0,0.6273124131800203,0.6273124131800203,7.158111674335972,0.0,0.9157957936385853
2025-03-13,8,Thursday,7.982267546490701,77824.0,0.0,1.868259537656098,1.868259537656098,6.35687053178061,0.0,0.9481044730130198
2025-03-13,9,Thursday,7.982267546490701,77824.0,0.0,3.675078561517198,3.675078561517198,4.6721270447844265,0.0,0.9390523107339126
2025-03-13,10,Thursday,8.111013797240552,77824.0,0.0,5.334257259241105,5.334257259241105,3.352324522168021,0.0,0.9238509502689632
2025-03-13,11,Thursday,8.111013797240552,77824.0,0.0,6.521733881430817,6.521733881430817,2.3871592556674566,0.0,0.9118113062205364
2025-03-13,12,Thursday,8.258152369526094,77824.0,0.0,7.04300841604278,7.04300841604278,2.1573524011496064,0.0,0.9063666855078713
2025-03-13,13,Thursday,8.258152369526094,77824.0,0.0,6.970135758115883,6.970135758115883,2.2565284671338777,0.0,0.9071323054848653
2025-03-13,14,Thursday,8.111013797240552,77824.0,0.0,5.835984371047496,5.835984371047496,3.0817043378226945,0.0,0.9188383667099781
2025-03-13,15,Thursday,8.111013797240552,77824.0,0.0,4.205100963453306,4.205100963453306,4.440396101186061,0.0,0.9345147760789316
2025-03-13,16,Thursday,7.982267546490701,77824.0,0.0,2.455413218410774,2.455413218410774,5.802378609205528,0.0,0.9470265023960043
2025-03-13,17,Thursday,7.982267546490701,77824.0,0.0,0.9749801626506754,0.9749801626506754,7.1051020958171724,0.0,0.9367719809580548
2025-03-13,18,Thursday,7.835128974205158,77824.0,0.0,0.06585042424429383,0.06585042424429383,7.776526483457216,0.0,0.32587198673946854
2025-03-13,19,Thursday,6.0,59411.86196986935,0.0,0.0,0.0,0.0,18.412138030130652,0.3323894264742579
2025-03-13,20,Thursday,6.0,41360.74625405499,0.0,0.0,0.0,0.0,18.051115715814365,0.33903721500374306
2025-03-13,21,Thursday,6.0,23663.57398364875,0.0,0.0,0.0,8.881784197001252e-16,17.697172270406238,0.345817959303818
2025-03-13,22,Thursday,6.0,16384.0,0.0,0.0,0.0,3.482592580373425,7.279573983648749,0.8407085378549124
2025-03-13,23,Thursday,6.0,16384.0,0.0,0.0,0.0,6.0,0.0,0.0
2025-03-14,0,Friday,6.0,16384.0,0.0,0.0,0.0,6.0,0.0,0.0
2025-03-14,1,Friday,6.0,16384.0,0.0,0.0,0.0,6.0,0.0,0.0
2025-03-14,2,Friday,6.0,16384.0,0.0,0.0,0.0,6.0,0.0,0.0
2025-03-14,3,Friday,7.283359328134372,16384.0,0.0,0.0,0.0,7.283359328134372,0.0,0.0
2025-03-14,4,Friday,7.283359328134372,16384.0,0.0,0.0,0.0,7.283359328134372,0.0,0.0
2025-03-14,5,Friday,7.412105578884224,16384.0,0.0,0.0,0.0,7.412105578884224,0.0,0.0
2025-03-14,6,Friday,7.7063827234553095,16384.0,0.0,0.0,0.0,7.7063827234553095,0.0,0.0
2025-03-14,7,Friday,7.7063827234553095,16979.5309864417,0.703604662620153,0.0,0.703604662620153,7.7063827234553095,0.0,0.0
2025-03-14,8,Friday,7.982267546490701,18649.45039478476,1.972967164866562,0.0,1.972967164866562,7.982267546490701,0.0,0.0
2025-03-14,9,Friday,7.982267546490701,21837.791091130195,3.7669431667597344,0.0,3.7669431667597344,7.982267546490701,0.0,0.0
2025-03-14,10,Friday,8.111013797240552,26339.862878863056,5.319082925015192,0.0,5.319082925015192,8.111013797240552,0.0,0.0
2025-03-14,11,Friday,8.111013797240552,32098.36600147841,6.803524483241208,0.0,6.803524483241208,8.111013797240552,0.0,0.0
2025-03-14,12,Friday,8.258152369526094,38098.267622632695,7.088730648811778,0.0,7.088730648811778,8.258152369526094,0.0,0.0
2025-03-14,13,Friday,8.258152369526094,43642.5381847055,6.550414180142721,0.0,6.550414180142721,8.258152369526094,0.0,0.0
2025-03-14,14,Friday,8.111013797240552,48438.75967258959,5.666613289088003,0.0,5.666613289088003,8.111013797240552,0.0,0.0
2025-03-14,15,Friday,8.111013797240552,52008.376880585245,4.2174116351555515,0.0,4.2174116351555515,8.111013797240552,0.0,0.0
2025-03-14,16,Friday,7.982267546490701,54196.80391087544,2.5855706879610043,0.0,2.5855706879610043,7.982267546490701,0.0,0.0
2025-03-14,17,Friday,7.982267546490701,55150.99358688157,1.1273507514250096,0.0,1.1273507514250096,7.982267546490701,0.0,0.0
2025-03-14,18,Friday,7.835128974205158,55206.80140822981,0.06593551671578125,0.0,0.06593551671578125,7.835128974205158,0.0,0.0
2025-03-14,19,Friday,7.7063827234553095,55206.80140822981,0.0,0.0,0.0,7.7063827234553095,0.0,0.0
2025-03-14,20,Friday,7.559244151169766,55206.80140822981,0.0,0.0,0.0,7.559244151169766,0.0,0.0
2025-03-14,21,Friday,7.283359328134372,55206.80140822981,0.0,0.0,0.0,7.283359328134372,0.0,0.0
2025-03-14,22,Friday,7.1362207558488295,55206.80140822981,0.0,0.0,0.0,7.1362207558488295,0.0,0.0
2025-03-14,23,Friday,7.00747450509898,55206.80140822981,0.0,0.0,0.0,7.00747450509898,0.0,0.0
2025-03-15,0,Saturday,7.00747450509898,55206.80140822981,0.0,0.0,0.0,7.00747450509898,0.0,0.0
2025-03-15,1,Saturday,7.00747450509898,55206.80140822981,0.0,0.0,0.0,7.00747450509898,0.0,0.0
2025-03-15,2,Saturday,7.1362207558488295,55206.80140822981,0.0,0.0,0.0,7.1362207558488295,0.0,0.0
2025-03-15,3,Saturday,7.283359328134372,55206.80140822981,0.0,0.0,0.0,7.283359328134372,0.0,0.0
2025-03-15,4,Saturday,7.283359328134372,55206.80140822981,0.0,0.0,0.0,7.283359328134372,0.0,0.0
2025-03-15,5,Saturday,7.412105578884224,55206.80140822981,0.0,0.0,0.0,7.412105578884224,0.0,0.0
2025-03-15,6,Saturday,7.7063827234553095,55206.80140822981,0.0,0.0,0.0,7.7063827234553095,0.0,0.0
2025-03-15,7,Saturday,7.7063827234553095,55806.627737635215,0.7086795007152736,0.0,0.7086795007152736,7.7063827234553095,0.0,0.0
2025-03-15,8,Saturday,7.982267546490701,57437.51953961305,1.9268570439246615,0.0,1.9268570439246615,7.982267546490701,0.0,0.0
2025-03-15,9,Saturday,7.982267546490701,60525.5911040356,3.6484777462459244,0.0,3.6484777462459244,7.982267546490701,0.0,0.0
2025-03-15,10,Saturday,8.111013797240552,65152.34325750444,5.466389595308169,0.0,5.466389595308169,8.111013797240552,0.0,0.0
2025-03-15,11,Saturday,8.111013797240552,70919.86529669851,6.814180103017554,0.0,6.814180103017554,8.111013797240552,0.0,0.0
2025-03-15,12,Saturday,8.258152369526094,76940.3084966985,7.113,0.0,7.113,8.258152369526094,0.0,0.0
2025-03-15,13,Saturday,8.258152369526094,77824.0,1.0440589594771879,6.022791373317776,7.066850332794964,2.994232709246358,0.0,0.9169419440093588
2025-03-15,14,Saturday,8.111013797240552,77824.0,0.0,5.912262763838177,5.912262763838177,2.960872170681026,0.0,0.9180657855913186
2025-03-15,15,Saturday,8.111013797240552,77824.0,0.0,4.2065420925262575,4.2065420925262575,4.442225544982389,0.0,0.9345019216304951
2025-03-15,16,Saturday,7.982267546490701,77824.0,0.0,2.3894173930715326,2.3894173930715326,5.86099815835816,0.0,0.9472853349987266
2025-03-15,17,Saturday,7.982267546490701,77824.0,0.0,0.9840188151606741,0.9840188151606741,7.096728283174398,0.0,0.9370822820378389
2025-03-15,18,Saturday,7.835128974205158,77824.0,0.0,0.06547601736974919,0.06547601736974919,7.776840379218345,0.0,0.32206640640794526
2025-03-15,19,Saturday,7.7063827234553095,77824.0,0.0,0.0,0.0,7.7063827234553095,0.0,0.0
2025-03-15,20,Saturday,7.559244151169766,77824.0,0.0,0.0,0.0,7.559244151169766,0.0,0.0
2025-03-15,21,Saturday,7.283359328134372,77824.0,0.0,0.0,0.0,7.283359328134372,0.0,0.0
2025-03-15,22,Saturday,7.1362207558488295,77824.0,0.0,0.0,0.0,7.1362207558488295,0.0,0.0
2025-03-15,23,Saturday,7.00747450509898,77824.0,0.0,0.0,0.0,7.00747450509898,0.0,0.0
2025-03-16,0,Sunday,7.00747450509898,77824.0,0.0,0.0,0.0,7.00747450509898,0.0,0.0
2025-03-16,1,Sunday,7.00747450509898,77824.0,0.0,0.0,0.0,7.00747450509898,0.0,0.0
2025-03-16,2,Sunday,7.1362207558488295,77824.0,0.0,0.0,0.0,7.1362207558488295,0.0,0.0
2025-03-16,3,Sunday,7.283359328134372,77824.0,0.0,0.0,0.0,7.283359328134372,0.0,0.0
2025-03-16,4,Sunday,7.283359328134372,77824.0,0.0,0.0,0.0,7.283359328134372,0.0,0.0
2025-03-16,5,Sunday,7.412105578884224,77824.0,0.0,0.0,0.0,7.412105578884224,0.0,0.0
2025-03-16,6,Sunday,7.7063827234553095,77824.0,0.0,0.0,0.0,7.7063827234553095,0.0,0.0
2025-03-16,7,Sunday,7.7063827234553095,77824.0,0.0,0.7469098113724156,0.7469098113724156,7.053583548315818,0.0,0.9256312588469984
2025-03-16,8,Sunday,7.982267546490701,77824.0,0.0,2.068919635381782,2.068919635381782,6.162963694266574,0.0,0.9480945870652489
2025-03-16,9,Sunday,7.982267546490701,77824.0,0.0,3.7130071861766774,3.7130071861766774,4.637999632289647,0.0,0.9387418737404122
2025-03-16,10,Sunday,8.111013797240552,77824.0,0.0,5.171929300898486,5.171929300898486,3.4986625246010865,0.0,0.9254433393549336
2025-03-16,11,Sunday,8.111013797240552,77824.0,0.0,6.184961488122442,6.184961488122442,2.673373954558345,0.0,0.9152842079418103
2025-03-16,12,Sunday,8.258152369526094,77824.0,0.0,6.496033709762975,6.496033709762975,2.6097211541625747,0.0,0.9120776729972123
2025-03-16,13,Sunday,8.258152369526094,77824.0,0.0,6.251033250906852,6.251033250906852,2.84179590127654,0.0,0.9146059674948701
2025-03-16,14,Sunday,8.111013797240552,77824.0,0.0,5.401616932908832,5.401616932908832,3.417680270328786,0.0,0.9231856168273628
2025-03-16,15,Sunday,8.111013797240552,77824.0,0.0,4.184810368334456,4.184810368334456,4.440824893103985,0.0,0.9346955008869525
2025-03-16,16,Sunday,7.982267546490701,77824.0,0.0,2.557265522816949,2.557265522816949,5.711516196677895,0.0,0.9465770504230235
2025-03-16,17,Sunday,7.982267546490701,77824.0,0.0,1.088927573083026,1.088927573083026,7.003051388750131,0.0,0.9401818257260343
2025-03-16,18,Sunday,7.835128974205158,77824.0,0.0,0.06562918381842654,0.06562918381842654,7.776510776635006,0.0,0.3236284887853527
2025-03-16,19,Sunday,7.7063827234553095,77824.0,0.0,0.0,0.0,7.7063827234553095,0.0,0.0
2025-03-16,20,Sunday,7.559244151169766,77824.0,0.0,0.0,0.0,7.559244151169766,0.0,0.0
2025-03-16,21,Sunday,7.283359328134372,77824.0,0.0,0.0,0.0,7.283359328134372,0.0,0.0
2025-03-16,22,Sunday,7.1362207558488295,77824.0,0.0,0.0,0.0,7.1362207558488295,0.0,0.0
2025-03-16,23,Sunday,7.00747450509898,77824.0,0.0,0.0,0.0,7.00747450509898,0.0,0.0
2025-03-17,0,Monday,7.00747450509898,77824.0,0.0,0.0,0.0,7.00747450509898,0.0,0.0
2025-03-17,1,Monday,7.00747450509898,77824.0,0.0,0.0,0.0,7.00747450509898,0.0,0.0
2025-03-17,2,Monday,7.1362207558488295,77824.0,0.0,0.0,0.0,7.1362207558488295,0.0,0.0
2025-03-17,3,Monday,7.283359328134372,77824.0,0.0,0.0,0.0,7.283359328134372,0.0,0.0
2025-03-17,4,Monday,7.283359328134372,77824.0,0.0,0.0,0.0,7.283359328134372,0.0,0.0
2025-03-17,5,Monday,7.412105578884224,77824.0,0.0,0.0,0.0,7.412105578884224,0.0,0.0
2025-03-17,6,Monday,7.7063827234553095,77824.0,0.0,0.0,0.0,7.7063827234553095,0.0,0.0
2025-03-17,7,Monday,7.7063827234553095,77824.0,0.0,0.6662642411432828,0.6662642411432828,7.12406777669608,0.0,0.9194406023149659
2025-03-17,8,Monday,7.982267546490701,77824.0,0.0,1.6529265510374798,1.6529265510374798,6.538488152005816,0.0,0.9474999516908894
2025-03-17,9,Monday,7.982267546490701,77824.0,0.0,2.688169095345621,2.688169095345621,5.562579462912629,0.0,0.9459202061612814
2025-03-17,10,Monday,8.111013797240552,77824.0,0.0,3.13206544213277,3.13206544213277,5.296464007944341,0.0,0.9431729116846366
2025-03-17,11,Monday,8.111013797240552,77824.0,0.0,3.439812040837347,3.439812040837347,5.028893135946342,0.0,0.9409178352824316
2025-03-17,12,Monday,8.258152369526094,77824.0,0.0,3.9185472852868948,3.9185472852868948,4.7554728918583,0.0,0.937018514955759
2025-03-17,13,Monday,8.258152369526094,77824.0,0.0,3.6323389247569566,3.6323389247569566,5.0247619856889205,0.0,0.9393990729213842
2025-03-17,14,Monday,8.111013797240552,77824.0,0.0,3.2164826347837314,3.2164826347837314,5.240531032316162,0.0,0.9425781964006873
2025-03-17,15,Monday,8.111013797240552,77824.0,0.0,2.5197543585482762,2.5197543585482762,5.854701554520007,0.0,0.9467492716061781
2025-03-17,16,Monday,7.982267546490701,77824.0,0.0,1.9109832435657894,1.9109832435657894,6.263506652288054,0.0,0.9481424472562477
2025-03-17,17,Monday,7.982267546490701,77824.0,0.0,0.9051048253420195,0.9051048253420195,7.167007657573641,0.0,0.9340945263994744
2025-03-17,18,Monday,7.835128974205158,77824.0,0.0,0.03269464955477109,0.03269464955477109,7.8061160756730805,0.0,0.0
2025-03-17,19,Monday,7.7063827234553095,77824.0,0.0,0.0,0.0,7.7063827234553095,0.0,0.0
2025-03-17,20,Monday,7.559244151169766,77824.0,0.0,0.0,0.0,7.559244151169766,0.0,0.0
2025-03-17,21,Monday,7.283359328134372,77824.0,0.0,0.0,0.0,7.283359328134372,0.0,0.0
2025-03-17,22,Monday,7.1362207558488295,77824.0,0.0,0.0,0.0,7.1362207558488295,0.0,0.0
2025-03-17,23,Monday,7.00747450509898,77824.0,0.0,0.0,0.0,7.00747450509898,0.0,0.0
2025-03-18,0,Tuesday,7.00747450509898,77824.0,0.0,0.0,0.0,7.00747450509898,0.0,0.0
2025-03-18,1,Tuesday,7.00747450509898,77824.0,0.0,0.0,0.0,7.00747450509898,0.0,0.0
2025-03-18,2,Tuesday,7.1362207558488295,77824.0,0.0,0.0,0.0,7.1362207558488295,0.0,0.0
2025-03-18,3,Tuesday,7.283359328134372,77824.0,0.0,0.0,0.0,7.283359328134372,0.0,0.0
2025-03-18,4,Tuesday,7.283359328134372,77824.0,0.0,0.0,0.0,7.283359328134372,0.0,0.0
2025-03-18,5,Tuesday,7.412105578884224,77824.0,0.0,0.0,0.0,7.412105578884224,0.0,0.0
2025-03-18,6,Tuesday,7.7063827234553095,77824.0,0.0,0.0,0.0,7.7063827234553095,0.0,0.0
2025-03-18,7,Tuesday,7.7063827234553095,77824.0,0.0,0.840285188901448,0.840285188901448,6.9719734683554435,0.0,0.9310942096475348
2025-03-18,8,Tuesday,7.982267546490701,77824.0,0.0,2.283911552326486,2.283911552326486,5.962057565858313,0.0,0.9476398788007906
2025-03-18,9,Tuesday,7.982267546490701,77824.0,0.0,3.6993140407045315,3.6993140407045315,4.651930912770361,0.0,0.9388542373929937
2025-03-18,10,Tuesday,8.111013797240552,77824.0,0.0,4.994494671452677,4.994494671452677,3.6563664356069827,0.0,0.9271647248492323
2025-03-18,11,Tuesday,8.111013797240552,77824.0,0.0,5.765137026409972,5.765137026409972,3.0330436966715064,0.0,0.9195536407810131
2025-03-18,12,Tuesday,8.258152369526094,77824.0,0.0,6.184176297697584,6.184176297697584,2.855804631235608,0.0,0.915292258452674
2025-03-18,13,Tuesday,8.258152369526094,77824.0,0.0,5.8291048359208,5.8291048359208,3.189584566000109,0.0,0.918907920873026
2025-03-18,14,Tuesday,8.111013797240552,77824.0,0.0,5.092356547722158,5.092356547722158,3.665577368009619,0.0,0.9262179132467779
2025-03-18,15,Tuesday,8.111013797240552,77824.0,0.0,3.9999330223285354,3.9999330223285354,4.59144466102594,0.0,0.9363185288324003
2025-03-18,16,Tuesday,7.982267546490701,77824.0,0.0,2.706498943402021,2.706498943402021,5.5748296929667065,0.0,0.9458217807244144
2025-03-18,17,Tuesday,7.982267546490701,77824.0,0.0,1.2779047478748145,1.2779047478748145,6.834030909471117,0.0,0.9439857069047711
2025-03-18,18,Tuesday,7.835128974205158,77824.0,0.0,0.07614444195904012,0.07614444195904012,7.766843672579063,0.0,0.41582726792289193
2025-03-18,19,Tuesday,7.7063827234553095,77824.0,0.0,0.0,0.0,7.7063827234553095,0.0,0.0
2025-03-18,20,Tuesday,7.559244151169766,77824.0,0.0,0.0,0.0,7.559244151169766,0.0,0.0
2025-03-18,21,Tuesday,7.283359328134372,77824.0,0.0,0.0,0.0,7.283359328134372,0.0,0.0
2025-03-18,22,Tuesday,7.1362207558488295,77824.0,0.0,0.0,0.0,7.1362207558488295,0.0,0.0
2025-03-18,23,Tuesday,7.00747450509898,77824.0,0.0,0.0,0.0,7.00747450509898,0.0,0.0
2025-03-19,0,Wednesday,7.00747450509898,77824.0,0.0,0.0,0.0,7.00747450509898,0.0,0.0
2025-03-19,1,Wednesday,7.00747450509898,77824.0,0.0,0.0,0.0,7.00747450509898,0.0,0.0
2025-03-19,2,Wednesday,7.1362207558488295,77824.0,0.0,0.0,0.0,7.1362207558488295,0.0,0.0
2025-03-19,3,Wednesday,7.283359328134372,77824.0,0.0,0.0,0.0,7.283359328134372,0.0,0.0
2025-03-19,4,Wednesday,7.283359328134372,77824.0,0.0,0.0,0.0,7.283359328134372,0.0,0.0
2025-03-19,5,Wednesday,7.412105578884224,77824.0,0.0,0.0,0.0,7.412105578884224,0.0,0.0
2025-03-19,6,Wednesday,7.7063827234553095,77824.0,0.0,0.0,0.0,7.7063827234553095,0.0,0.0
2025-03-19,7,Wednesday,7.7063827234553095,77824.0,0.0,0.7064541281233967,0.7064541281233967,7.088941815475461,0.0,0.9227286383403687
2025-03-19,8,Wednesday,7.982267546490701,77824.0,0.0,1.9505283043477177,1.9505283043477177,6.27244963649134,0.0,0.9481570994353308
2025-03-19,9,Wednesday,7.982267546490701,77824.0,0.0,3.7907214681716996,3.7907214681716996,4.56777804806323,0.0,0.9380981776463282
2025-03-19,10,Wednesday,8.111013797240552,77824.0,0.0,5.709866914518785,5.709866914518785,3.022418837483074,0.0,0.9201100553512053
2025-03-19,11,Wednesday,8.111013797240552,77824.0,0.0,7.113,7.113,1.8935081147130859,0.0,0.9056300784957124
2025-03-19,12,Wednesday,8.258152369526094,77824.0,0.0,7.113,7.113,2.1384929586030923,0.0,0.9056300784957124
2025-03-19,13,Wednesday,8.258152369526094,77824.0,0.0,7.113,7.113,2.1384929586030923,0.0,0.9056300784957124
2025-03-19,14,Wednesday,8.111013797240552,77824.0,0.0,6.146084909165509,6.146084909165509,2.823238406448123,0.0,0.915682530823278
2025-03-19,15,Wednesday,8.111013797240552,77824.0,0.0,4.319707184630384,4.319707184630384,4.3533074103645975,0.0,0.9334850754212495
2025-03-19,16,Wednesday,7.982267546490701,77824.0,0.0,2.3847202789365625,2.3847202789365625,5.867471796521105,0.0,0.947302715608366
2025-03-19,17,Wednesday,7.982267546490701,77824.0,0.0,0.9446511416077208,0.9446511416077208,7.132140484330541,0.0,0.9356729711911518
2025-03-19,18,Wednesday,7.835128974205158,77824.0,0.0,0.0868792302249012,0.0868792302249012,7.757902954099792,0.0,0.48689899762551037
2025-03-19,19,Wednesday,7.7063827234553095,77824.0,0.0,0.0,0.0,7.7063827234553095,0.0,0.0
2025-03-19,20,Wednesday,7.559244151169766,77824.0,0.0,0.0,0.0,7.559244151169766,0.0,0.0
2025-03-19,21,Wednesday,7.283359328134372,77824.0,0.0,0.0,0.0,7.283359328134372,0.0,0.0
2025-03-19,22,Wednesday,7.1362207558488295,77824.0,0.0,0.0,0.0,7.1362207558488295,0.0,0.0
2025-03-19,23,Wednesday,7.00747450509898,77824.0,0.0,0.0,0.0,7.00747450509898,0.0,0.0
2025-03-20,0,Thursday,7.00747450509898,77824.0,0.0,0.0,0.0,7.00747450509898,0.0,0.0
2025-03-20,1,Thursday,7.00747450509898,77824.0,0.0,0.0,0.0,7.00747450509898,0.0,0.0
2025-03-20,2,Thursday,7.1362207558488295,77824.0,0.0,0.0,0.0,7.1362207558488295,0.0,0.0
2025-03-20,3,Thursday,7.283359328134372,77824.0,0.0,0.0,0.0,7.283359328134372,0.0,0.0
2025-03-20,4,Thursday,7.283359328134372,77824.0,0.0,0.0,0.0,7.283359328134372,0.0,0.0
2025-03-20,5,Thursday,7.412105578884224,77824.0,0.0,0.0,0.0,7.412105578884224,0.0,0.0
2025-03-20,6,Thursday,7.7063827234553095,77824.0,0.0,0.0,0.0,7.7063827234553095,0.0,0.0
2025-03-20,7,Thursday,7.7063827234553095,77824.0,0.0,0.8242212209286022,0.8242212209286022,6.986013376363712,0.0,0.9302597155376253
2025-03-20,8,Thursday,7.982267546490701,77824.0,0.0,2.1216454807914853,2.1216454807914853,6.107270291129565,0.0,0.9480205139214982
2025-03-20,9,Thursday,7.982267546490701,77824.0,0.0,3.890401870456464,3.890401870456464,4.478495804928971,0.0,0.9372583712281122
2025-03-20,10,Thursday,8.111013797240552,77824.0,0.0,5.735765786967159,5.735765786967159,3.0039140229637207,0.0,0.9198495033093304
2025-03-20,11,Thursday,8.111013797240552,77824.0,0.0,7.062698761088266,7.062698761088266,1.9392248472006113,0.0,0.9061595827488742
2025-03-20,12,Thursday,8.258152369526094,77824.0,0.0,7.113,7.113,2.1349149130379894,0.0,0.9056300784957124
2025-03-20,13,Thursday,8.258152369526094,77824.0,0.0,7.113,7.113,2.1384929586030923,0.0,0.9056300784957124
2025-03-20,14,Thursday,8.111013797240552,77824.0,0.0,6.106573420721692,6.106573420721692,2.8572320592099363,0.0,0.9160867734909165
2025-03-20,15,Thursday,8.111013797240552,77824.0,0.0,4.375535633757561,4.375535633757561,4.303061992268231,0.0,0.9329782220776373
2025-03-20,16,Thursday,7.982267546490701,77824.0,0.0,2.4891470964952482,2.4891470964952482,5.776063515541743,0.0,0.9468840925302137
2025-03-20,17,Thursday,7.982267546490701,77824.0,0.0,1.0272832725453256,1.0272832725453256,7.05818526665993,0.0,0.9384668371295696
2025-03-20,18,Thursday,7.835128974205158,77824.0,0.0,0.08771880927691036,0.08771880927691036,7.756923840381228,0.0,0.4917228809209536
2025-03-20,19,Thursday,6.0,65622.00527329025,0.0,0.0,0.0,0.0,12.201994726709746,0.5015573385393727
2025-03-20,20,Thursday,6.0,53659.265345143445,0.0,0.0,0.0,0.0,11.96273992814681,0.5115884853101601
2025-03-20,21,Thursday,6.0,41931.088944999516,0.0,0.0,0.0,0.0,11.728176400143932,0.5218202550163633
2025-03-20,22,Thursday,6.0,30432.87678799566,0.0,0.0,0.0,0.0,11.498212157003854,0.5322566601166906
2025-03-20,23,Thursday,6.0,19160.119771325215,0.0,0.0,0.0,0.0,11.272757016670445,0.5429017933190244
2025-03-21,0,Friday,6.0,16384.0,0.0,0.0,0.0,4.492839597679142,2.776119771325213,0.9445591654546551
2025-03-21,1,Friday,6.0,16384.0,0.0,0.0,0.0,6.0,0.0,0.0
2025-03-21,2,Friday,6.0,16384.0,0.0,0.0,0.0,6.0,0.0,0.0
2025-03-21,3,Friday,7.283359328134372,16384.0,0.0,0.0,0.0,7.283359328134372,0.0,0.0
2025-03-21,4,Friday,7.283359328134372,16384.0,0.0,0.0,0.0,7.283359328134372,0.0,0.0
2025-03-21,5,Friday,7.412105578884224,16384.0,0.0,0.0,0.0,7.412105578884224,0.0,0.0
2025-03-21,6,Friday,7.7063827234553095,16384.0,0.0,0.0,0.0,7.7063827234553095,0.0,0.0
2025-03-21,7,Friday,7.7063827234553095,17158.89104055526,0.9155139893138705,0.0,0.9155139893138705,7.7063827234553095,0.0,0.0
2025-03-21,8,Friday,7.982267546490701,18938.244546006932,2.102260757858777,0.0,2.102260757858777,7.982267546490701,0.0,0.0
2025-03-21,9,Friday,7.982267546490701,22446.723691374882,4.1451785743950245,0.0,4.1451785743950245,7.982267546490701,0.0,0.0
2025-03-21,10,Friday,8.111013797240552,27909.245307404344,6.453829886613259,0.0,6.453829886613259,8.111013797240552,0.0,0.0
2025-03-21,11,Friday,8.111013797240552,33929.688507404346,7.113,0.0,7.113,8.111013797240552,0.0,0.0
2025-03-21,12,Friday,8.258152369526094,39950.13170740435,7.113,0.0,7.113,8.258152369526094,0.0,0.0
2025-03-21,13,Friday,8.258152369526094,42798.54337494944,3.3653256941695355,0.0,3.3653256941695355,8.258152369526094,0.0,0.0
2025-03-21,14,Friday,8.111013797240552,43423.08296516002,0.7378775876779118,0.0,0.7378775876779118,8.111013797240552,0.0,0.0
2025-03-21,15,Friday,8.111013797240552,43930.19524628411,0.5991402187193832,0.0,0.5991402187193832,8.111013797240552,0.0,0.0
2025-03-21,16,Friday,7.982267546490701,44281.85235957566,0.41547390511762344,0.0,0.41547390511762344,7.982267546490701,0.0,0.0
2025-03-21,17,Friday,7.982267546490701,44449.07626962764,0.19757078219751661,0.0,0.19757078219751661,7.982267546490701,0.0,0.0
2025-03-21,18,Friday,7.835128974205158,44477.02990785549,0.033026510193572015,0.0,0.033026510193572015,7.835128974205158,0.0,0.0
2025-03-21,19,Friday,7.7063827234553095,44477.02990785549,0.0,0.0,0.0,7.7063827234553095,0.0,0.0
2025-03-21,20,Friday,7.559244151169766,44477.02990785549,0.0,0.0,0.0,7.559244151169766,0.0,0.0
2025-03-21,21,Friday,7.283359328134372,44477.02990785549,0.0,0.0,0.0,7.283359328134372,0.0,0.0
2025-03-21,22,Friday,7.1362207558488295,44477.02990785549,0.0,0.0,0.0,7.1362207558488295,0.0,0.0
2025-03-21,23,Friday,7.00747450509898,44477.02990785549,0.0,0.0,0.0,7.00747450509898,0.0,0.0
2025-03-22,0,Saturday,7.00747450509898,44477.02990785549,0.0,0.0,0.0,7.00747450509898,0.0,0.0
2025-03-22,1,Saturday,7.00747450509898,44477.02990785549,0.0,0.0,0.0,7.00747450509898,0.0,0.0
2025-03-22,2,Saturday,7.1362207558488295,44477.02990785549,0.0,0.0,0.0,7.1362207558488295,0.0,0.0
2025-03-22,3,Saturday,7.283359328134372,44477.02990785549,0.0,0.0,0.0,7.283359328134372,0.0,0.0
2025-03-22,4,Saturday,7.283359328134372,44477.02990785549,0.0,0.0,0.0,7.283359328134372,0.0,0.0
2025-03-22,5,Saturday,7.412105578884224,44477.02990785549,0.0,0.0,0.0,7.412105578884224,0.0,0.0
2025-03-22,6,Saturday,7.7063827234553095,44477.02990785549,0.0,0.0,0.0,7.7063827234553095,0.0,0.0
2025-03-22,7,Saturday,7.7063827234553095,45075.131716086165,0.7066420229568434,0.0,0.7066420229568434,7.7063827234553095,0.0,0.0
2025-03-22,8,Saturday,7.982267546490701,46994.02439436012,2.2671227295297274,0.0,2.2671227295297274,7.982267546490701,0.0,0.0
2025-03-22,9,Saturday,7.982267546490701,50421.686075171645,4.049694802471079,0.0,4.049694802471079,7.982267546490701,0.0,0.0
2025-03-22,10,Saturday,8.111013797240552,56427.16657407529,7.095321950500519,0.0,7.095321950500519,8.111013797240552,0.0,0.0
2025-03-22,11,Saturday,8.111013797240552,60787.70062379932,5.151859699579429,0.0,5.151859699579429,8.111013797240552,0.0,0.0
2025-03-22,12,Saturday,8.258152369526094,65524.94483669383,5.5969331437789664,0.0,5.5969331437789664,8.258152369526094,0.0,0.0
2025-03-22,13,Saturday,8.258152369526094,69771.93961822239,5.017715951711435,0.0,5.017715951711435,8.258152369526094,0.0,0.0
2025-03-22,14,Saturday,8.111013797240552,73766.29271526614,4.719226248870214,0.0,4.719226248870214,8.111013797240552,0.0,0.0
2025-03-22,15,Saturday,8.111013797240552,76930.24143742611,3.7381246717390995,0.0,3.7381246717390995,8.111013797240552,0.0,0.0
2025-03-22,16,Saturday,7.982267546490701,77824.0,1.0559529330976831,1.4135683927064022,2.4695213258040853,6.7468087712653055,0.0,0.9457341222710316
2025-03-22,17,Saturday,7.982267546490701,77824.0,0.0,0.9830828626686017,0.9830828626686017,7.099019288657397,0.0,0.9370505031361472
2025-03-22,18,Saturday,7.835128974205158,77824.0,0.0,0.03274570503766354,0.03274570503766354,7.805978813793122,0.0,0.0
2025-03-22,19,Saturday,7.7063827234553095,77824.0,0.0,0.0,0.0,7.7063827234553095,0.0,0.0
2025-03-22,20,Saturday,7.559244151169766,77824.0,0.0,0.0,0.0,7.559244151169766,0.0,0.0
2025-03-22,21,Saturday,7.283359328134372,77824.0,0.0,0.0,0.0,7.283359328134372,0.0,0.0
2025-03-22,22,Saturday,7.1362207558488295,77824.0,0.0,0.0,0.0,7.1362207558488295,0.0,0.0
2025-03-22,23,Saturday,7.00747450509898,77824.0,0.0,0.0,0.0,7.00747450509898,0.0,0.0
2025-03-23,0,Sunday,7.00747450509898,77824.0,0.0,0.0,0.0,7.00747450509898,0.0,0.0
2025-03-23,1,Sunday,7.00747450509898,77824.0,0.0,0.0,0.0,7.00747450509898,0.0,0.0
2025-03-23,2,Sunday,7.1362207558488295,77824.0,0.0,0.0,0.0,7.1362207558488295,0.0,0.0
2025-03-23,3,Sunday,7.283359328134372,77824.0,0.0,0.0,0.0,7.283359328134372,0.0,0.0
2025-03-23,4,Sunday,7.283359328134372,77824.0,0.0,0.0,0.0,7.283359328134372,0.0,0.0
2025-03-23,5,Sunday,7.412105578884224,77824.0,0.0,0.0,0.0,7.412105578884224,0.0,0.0
2025-03-23,6,Sunday,7.7063827234553095,77824.0,0.0,0.0,0.0,7.7063827234553095,0.0,0.0
2025-03-23,7,Sunday,7.7063827234553095,77824.0,0.0,0.8030928812591248,0.8030928812591248,7.004479545234835,0.0,0.9291001514196486
2025-03-23,8,Sunday,7.982267546490701,77824.0,0.0,2.19083186505243,2.19083186505243,6.048540439813258,0.0,0.947884834731377
2025-03-23,9,Sunday,7.982267546490701,77824.0,0.0,4.406383697607692,4.406383697607692,4.014360477669294,0.0,0.9326967512393705
2025-03-23,10,Sunday,8.111013797240552,77824.0,0.0,7.113,7.113,1.8084554052531931,0.0,0.9056300784957124
2025-03-23,11,Sunday,8.111013797240552,77824.0,0.0,5.71462360271445,5.71462360271445,3.1944455264358007,0.0,0.920062224919401
2025-03-23,12,Sunday,8.258152369526094,77824.0,0.0,6.0047381278679675,6.0047381278679675,3.009656283640761,0.0,0.9171258497965864
2025-03-23,13,Sunday,8.258152369526094,77824.0,0.0,5.840435586681133,5.840435586681133,3.169558641439793,0.0,0.9187933524478445
2025-03-23,14,Sunday,8.111013797240552,77824.0,0.0,4.973530991000582,4.973530991000582,3.769848945152111,0.0,0.9273666840319074
2025-03-23,15,Sunday,8.111013797240552,77824.0,0.0,3.943386841735901,3.943386841735901,4.636896496928658,0.0,0.9368058707984362
2025-03-23,16,Sunday,7.982267546490701,77824.0,0.0,2.735573367638635,2.735573367638635,5.547701415227165,0.0,0.9456626221118107
2025-03-23,17,Sunday,7.982267546490701,77824.0,0.0,1.3217875162593409,1.3217875162593409,6.794800750415258,0.0,0.9446252695058406
2025-03-23,18,Sunday,7.835128974205158,77824.0,0.0,0.07662095979936964,0.07662095979936964,7.766369784144897,0.0,0.41940525881891955
2025-03-23,19,Sunday,7.7063827234553095,77824.0,0.0,0.0,0.0,7.7063827234553095,0.0,0.0
2025-03-23,20,Sunday,7.559244151169766,77824.0,0.0,0.0,0.0,7.559244151169766,0.0,0.0
2025-03-23,21,Sunday,7.283359328134372,77824.0,0.0,0.0,0.0,7.283359328134372,0.0,0.0
2025-03-23,22,Sunday,7.1362207558488295,77824.0,0.0,0.0,0.0,7.1362207558488295,0.0,0.0
2025-03-23,23,Sunday,7.00747450509898,77824.0,0.0,0.0,0.0,7.00747450509898,0.0,0.0
2025-03-24,0,Monday,7.00747450509898,77824.0,0.0,0.0,0.0,7.00747450509898,0.0,0.0
2025-03-24,1,Monday,7.00747450509898,77824.0,0.0,0.0,0.0,7.00747450509898,0.0,0.0
2025-03-24,2,Monday,7.1362207558488295,77824.0,0.0,0.0,0.0,7.1362207558488295,0.0,0.0
2025-03-24,3,Monday,7.283359328134372,77824.0,0.0,0.0,0.0,7.283359328134372,0.0,0.0
2025-03-24,4,Monday,7.283359328134372,77824.0,0.0,0.0,0.0,7.283359328134372,0.0,0.0
2025-03-24,5,Monday,7.412105578884224,77824.0,0.0,0.0,0.0,7.412105578884224,0.0,0.0
2025-03-24,6,Monday,7.7063827234553095,77824.0,0.0,0.0,0.0,7.7063827234553095,0.0,0.0
2025-03-24,7,Monday,7.7063827234553095,77824.0,0.0,0.2989819510715045,0.2989819510715045,7.445072498218814,0.0,0.8427341917608329
2025-03-24,8,Monday,7.982267546490701,77824.0,0.0,0.37609938819573396,0.37609938819573396,7.681163323254469,0.0,0.8719441892882922
2025-03-24,9,Monday,7.982267546490701,77824.0,0.0,4.898294147278324,4.898294147278324,3.924780383303726,0.0,0.9280888883198846
2025-03-24,10,Monday,8.111013797240552,77824.0,0.0,6.824221860713379,6.824221860713379,2.094203540900705,0.0,0.9086611357057713
2025-03-24,11,Monday,8.111013797240552,77824.0,0.0,7.113,7.113,1.9708724718791588,0.0,0.9056300784957124
2025-03-24,12,Monday,8.258152369526094,77824.0,0.0,3.852709599430931,3.852709599430931,4.943479157419967,0.0,0.9375777324372115
2025-03-24,13,Monday,8.258152369526094,77824.0,0.0,1.462446209766296,1.462446209766296,6.95555321842022,0.0,0.9462142520087606
2025-03-24,14,Monday,8.111013797240552,77824.0,0.0,0.9639008316505273,0.9639008316505273,7.244559928031268,0.0,0.9363810476751128
2025-03-24,15,Monday,8.111013797240552,77824.0,0.0,4.401450005247136,4.401450005247136,4.195651148397756,0.0,0.9327418344452322
2025-03-24,16,Monday,7.982267546490701,77824.0,0.0,2.8529923317361563,2.8529923317361563,5.454217510387027,0.0,0.9449841220172301
2025-03-24,17,Monday,7.982267546490701,77824.0,0.0,1.1894024367968574,1.1894024367968574,6.91449944990215,0.0,0.9424399795548628
2025-03-24,18,Monday,7.835128974205158,77824.0,0.0,0.2723396322505212,0.2723396322505212,7.591298404627507,0.0,0.8286823278706287
2025-03-24,19,Monday,7.7063827234553095,77824.0,0.0,0.0,0.0,7.7063827234553095,0.0,0.0
2025-03-24,20,Monday,7.559244151169766,77824.0,0.0,0.0,0.0,7.559244151169766,0.0,0.0
2025-03-24,21,Monday,7.283359328134372,77824.0,0.0,0.0,0.0,7.283359328134372,0.0,0.0
2025-03-24,22,Monday,7.1362207558488295,77824.0,0.0,0.0,0.0,7.1362207558488295,0.0,0.0
2025-03-24,23,Monday,7.00747450509898,77824.0,0.0,0.0,0.0,7.00747450509898,0.0,0.0
2025-03-25,0,Tuesday,7.00747450509898,77824.0,0.0,0.0,0.0,7.00747450509898,0.0,0.0
2025-03-25,1,Tuesday,7.00747450509898,77824.0,0.0,0.0,0.0,7.00747450509898,0.0,0.0
2025-03-25,2,Tuesday,7.1362207558488295,77824.0,0.0,0.0,0.0,7.1362207558488295,0.0,0.0
2025-03-25,3,Tuesday,7.283359328134372,77824.0,0.0,0.0,0.0,7.283359328134372,0.0,0.0
2025-03-25,4,Tuesday,7.283359328134372,77824.0,0.0,0.0,0.0,7.283359328134372,0.0,0.0
2025-03-25,5,Tuesday,7.412105578884224,77824.0,0.0,0.0,0.0,7.412105578884224,0.0,0.0
2025-03-25,6,Tuesday,7.7063827234553095,77824.0,0.0,0.0,0.0,7.7063827234553095,0.0,0.0
2025-03-25,7,Tuesday,7.7063827234553095,77824.0,0.0,0.792473018866606,0.792473018866606,7.013761304965896,0.0,0.9284891128716755
2025-03-25,8,Tuesday,7.982267546490701,77824.0,0.0,2.376042294748488,2.376042294748488,5.886444614213928,0.0,0.9473344503991381
2025-03-25,9,Tuesday,7.982267546490701,77824.0,0.0,4.3340353217140395,4.3340353217140395,4.081775625459601,0.0,0.9333553121080334
2025-03-25,10,Tuesday,8.111013797240552,77824.0,0.0,6.906544673715023,6.906544673715023,1.9870666456933606,0.0,0.9077992877806803
2025-03-25,11,Tuesday,8.111013797240552,77824.0,0.0,5.177317308570215,5.177317308570215,3.6460470801726546,0.0,0.9253907443368317
2025-03-25,12,Tuesday,8.258152369526094,77824.0,0.0,5.584807586173204,5.584807586173204,3.34842958283663,0.0,0.9213636690379613
2025-03-25,13,Tuesday,8.258152369526094,77824.0,0.0,5.323602673673463,5.323602673673463,3.598426982205816,0.0,0.9239559513364378
2025-03-25,14,Tuesday,8.111013797240552,77824.0,0.0,4.582405380469858,4.582405380469858,4.088770110655376,0.0,0.9310725720355633
2025-03-25,15,Tuesday,8.111013797240552,77824.0,0.0,3.883887694277784,3.883887694277784,4.675641557482487,0.0,0.9373137179777506
2025-03-25,16,Tuesday,7.982267546490701,77824.0,0.0,2.6766535418408868,2.6766535418408868,5.598846667601565,0.0,0.9459812667081767
2025-03-25,17,Tuesday,7.982267546490701,77824.0,0.0,1.24214089297495,1.24214089297495,6.865977631892555,0.0,0.9434049079321668
2025-03-25,18,Tuesday,7.835128974205158,77824.0,0.0,0.07662095979936964,0.07662095979936964,7.76645861415622,0.0,0.41940525881891955
2025-03-25,19,Tuesday,7.7063827234553095,77824.0,0.0,0.0,0.0,7.7063827234553095,0.0,0.0
2025-03-25,20,Tuesday,7.559244151169766,77824.0,0.0,0.0,0.0,7.559244151169766,0.0,0.0
2025-03-25,21,Tuesday,7.283359328134372,77824.0,0.0,0.0,0.0,7.283359328134372,0.0,0.0
2025-03-25,22,Tuesday,7.1362207558488295,77824.0,0.0,0.0,0.0,7.1362207558488295,0.0,0.0
2025-03-25,23,Tuesday,7.00747450509898,77824.0,0.0,0.0,0.0,7.00747450509898,0.0,0.0
2025-03-26,0,Wednesday,7.00747450509898,77824.0,0.0,0.0,0.0,7.00747450509898,0.0,0.0
2025-03-26,1,Wednesday,7.00747450509898,77824.0,0.0,0.0,0.0,7.00747450509898,0.0,0.0
2025-03-26,2,Wednesday,7.1362207558488295,77824.0,0.0,0.0,0.0,7.1362207558488295,0.0,0.0
2025-03-26,3,Wednesday,7.283359328134372,77824.0,0.0,0.0,0.0,7.283359328134372,0.0,0.0
2025-03-26,4,Wednesday,7.283359328134372,77824.0,0.0,0.0,0.0,7.283359328134372,0.0,0.0
2025-03-26,5,Wednesday,7.412105578884224,77824.0,0.0,0.0,0.0,7.412105578884224,0.0,0.0
2025-03-26,6,Wednesday,7.7063827234553095,77824.0,0.0,0.0,0.0,7.7063827234553095,0.0,0.0
2025-03-26,7,Wednesday,7.7063827234553095,77824.0,0.0,0.94835840148534,0.94835840148534,6.877517480557122,0.0,0.9358122657695277
2025-03-26,8,Wednesday,7.982267546490701,77824.0,0.0,2.37568168843371,2.37568168843371,5.870235086070389,0.0,0.94733575848832
2025-03-26,9,Wednesday,7.982267546490701,77824.0,0.0,3.841544667123824,3.841544667123824,4.524996547044019,0.0,0.9376719156628915
2025-03-26,10,Wednesday,8.111013797240552,77824.0,0.0,5.610726255298,5.610726255298,3.1130443829784626,0.0,0.9211044864745404
2025-03-26,11,Wednesday,8.111013797240552,77824.0,0.0,5.555011733411279,5.555011733411279,3.2501048786799025,0.0,0.9216612043961765
2025-03-26,12,Wednesday,8.258152369526094,77824.0,0.0,6.329914475994336,6.329914475994336,2.7158175998398484,0.0,0.9137941854065963
2025-03-26,13,Wednesday,8.258152369526094,77824.0,0.0,6.537985107105498,6.537985107105498,2.5824982331355635,0.0,0.9116427640797383
2025-03-26,14,Wednesday,8.111013797240552,77824.0,0.0,5.153438281856878,5.153438281856878,3.6478238134435284,0.0,0.925623698985559
2025-03-26,15,Wednesday,8.111013797240552,77824.0,0.0,4.285991743751584,4.285991743751584,4.342159042151291,0.0,0.93378953491382
2025-03-26,16,Wednesday,7.982267546490701,77824.0,0.0,2.5790939220298568,2.5790939220298568,5.694353178236947,0.0,0.9464734123632801
2025-03-26,17,Wednesday,7.982267546490701,77824.0,0.0,1.3166572298905068,1.3166572298905068,6.798395538267812,0.0,0.9445544209918425
2025-03-26,18,Wednesday,7.835128974205158,77824.0,0.0,0.09842068666927296,0.09842068666927296,7.746813464230169,0.0,0.5459866874889828
2025-03-26,19,Wednesday,7.7063827234553095,77824.0,0.0,0.0,0.0,7.7063827234553095,0.0,0.0
2025-03-26,20,Wednesday,7.559244151169766,77824.0,0.0,0.0,0.0,7.559244151169766,0.0,0.0
2025-03-26,21,Wednesday,7.283359328134372,77824.0,0.0,0.0,0.0,7.283359328134372,0.0,0.0
2025-03-26,22,Wednesday,7.1362207558488295,77824.0,0.0,0.0,0.0,7.1362207558488295,0.0,0.0
2025-03-26,23,Wednesday,7.00747450509898,77824.0,0.0,0.0,0.0,7.00747450509898,0.0,0.0
2025-03-27,0,Thursday,7.00747450509898,77824.0,0.0,0.0,0.0,7.00747450509898,0.0,0.0
2025-03-27,1,Thursday,7.00747450509898,77824.0,0.0,0.0,0.0,7.00747450509898,0.0,0.0
2025-03-27,2,Thursday,7.1362207558488295,77824.0,0.0,0.0,0.0,7.1362207558488295,0.0,0.0
2025-03-27,3,Thursday,7.283359328134372,77824.0,0.0,0.0,0.0,7.283359328134372,0.0,0.0
2025-03-27,4,Thursday,7.283359328134372,77824.0,0.0,0.0,0.0,7.283359328134372,0.0,0.0
2025-03-27,5,Thursday,7.412105578884224,77824.0,0.0,0.0,0.0,7.412105578884224,0.0,0.0
2025-03-27,6,Thursday,7.7063827234553095,77824.0,0.0,0.0,0.0,7.7063827234553095,0.0,0.0
2025-03-27,7,Thursday,7.7063827234553095,77824.0,0.0,0.15462737820938688,0.15462737820938688,7.5712383949003055,0.0,0.7073850869595629
2025-03-27,8,Thursday,7.982267546490701,77824.0,0.0,0.6922898819850158,0.6922898819850158,7.517037785039965,0.0,0.9216194598538539
2025-03-27,9,Thursday,7.982267546490701,77824.0,0.0,2.143726713724589,2.143726713724589,6.105352303312425,0.0,0.9479817909125214
2025-03-27,10,Thursday,8.111013797240552,77824.0,0.0,4.248759634871063,4.248759634871063,4.284654367809747,0.0,0.9341242775609491
2025-03-27,11,Thursday,8.111013797240552,77824.0,0.0,6.861979629274896,6.861979629274896,2.02156912159791,0.0,0.9082660731250359
2025-03-27,12,Thursday,8.258152369526094,77824.0,0.0,6.927811901573341,6.927811901573341,2.280470683894734,0.0,0.9075763424648775
2025-03-27,13,Thursday,8.258152369526094,77824.0,0.0,6.747642861744987,6.747642861744987,2.4403513922404274,0.0,0.9094611722004702
2025-03-27,14,Thursday,8.111013797240552,77824.0,0.0,5.68327265556295,5.68327265556295,3.2007337765405506,0.0,0.9203772741702081
2025-03-27,15,Thursday,8.111013797240552,77824.0,0.0,3.729394691225687,3.729394691225687,4.8501861830361666,0.0,0.9386069784243497
2025-03-27,16,Thursday,7.982267546490701,77824.0,0.0,2.892251756859715,2.892251756859715,5.403314248259518,0.0,0.9447453075946608
2025-03-27,17,Thursday,7.982267546490701,77824.0,0.0,1.1822618267979552,1.1822618267979552,6.921178048935824,0.0,0.9422985915539469
2025-03-27,18,Thursday,7.835128974205158,77824.0,0.0,0.06499949952941966,0.06499949952941966,7.776942484189789,0.0,0.3171594623919213
2025-03-27,19,Thursday,6.0,58906.071602878226,0.0,0.0,0.0,0.0,18.917928397121766,0.32350265163975966
2025-03-27,20,Thursday,6.0,40359.08297824905,0.0,0.0,0.0,0.0,18.546988624629183,0.32997270467255485
2025-03-27,21,Thursday,6.0,22175.760797240044,0.0,0.0,0.0,0.0,18.183322181009004,0.33657215876600594
2025-03-27,22,Thursday,6.0,16384.0,0.0,0.0,0.0,4.050654565416595,5.791760797240045,0.9161888160836569
2025-03-27,23,Thursday,6.0,16384.0,0.0,0.0,0.0,6.0,0.0,0.0
2025-03-28,0,Friday,6.0,16384.0,0.0,0.0,0.0,6.0,0.0,0.0
2025-03-28,1,Friday,6.0,16384.0,0.0,0.0,0.0,6.0,0.0,0.0
2025-03-28,2,Friday,6.0,16384.0,0.0,0.0,0.0,6.0,0.0,0.0
2025-03-28,3,Friday,7.283359328134372,16384.0,0.0,0.0,0.0,7.283359328134372,0.0,0.0
2025-03-28,4,Friday,7.283359328134372,16384.0,0.0,0.0,0.0,7.283359328134372,0.0,0.0
2025-03-28,5,Friday,7.412105578884224,16384.0,0.0,0.0,0.0,7.412105578884224,0.0,0.0
2025-03-28,6,Friday,7.7063827234553095,16384.0,0.0,0.0,0.0,7.7063827234553095,0.0,0.0
2025-03-28,7,Friday,7.7063827234553095,17191.203683354102,0.9536905521669471,0.0,0.9536905521669471,7.7063827234553095,0.0,0.0
2025-03-28,8,Friday,7.982267546490701,19278.92044325478,2.4665840736066595,0.0,2.4665840736066595,7.982267546490701,0.0,0.0
2025-03-28,9,Friday,7.982267546490701,22519.98875451198,3.829239498177219,0.0,3.829239498177219,7.982267546490701,0.0,0.0
2025-03-28,10,Friday,8.111013797240552,26506.91804424561,4.710455209987751,0.0,4.710455209987751,8.111013797240552,0.0,0.0
2025-03-28,11,Friday,8.111013797240552,31197.360128029508,5.541637622618031,0.0,5.541637622618031,8.111013797240552,0.0,0.0
2025-03-28,12,Friday,8.258152369526094,36097.79707975166,5.789741200049801,0.0,5.789741200049801,8.258152369526094,0.0,0.0
2025-03-28,13,Friday,8.258152369526094,40513.6081174781,5.2171680502439095,0.0,5.2171680502439095,8.258152369526094,0.0,0.0
2025-03-28,14,Friday,8.111013797240552,44475.01156726117,4.680297081501736,0.0,4.680297081501736,8.111013797240552,0.0,0.0
2025-03-28,15,Friday,8.111013797240552,47593.37828794423,3.6842707002399147,0.0,3.6842707002399147,8.111013797240552,0.0,0.0
2025-03-28,16,Friday,7.982267546490701,49916.14881983014,2.744294106670485,0.0,2.744294106670485,7.982267546490701,0.0,0.0
2025-03-28,17,Friday,7.982267546490701,50994.54256077403,1.274094684480027,0.0,1.274094684480027,7.982267546490701,0.0,0.0
2025-03-28,18,Friday,7.835128974205158,51068.21158280307,0.08703806950501104,0.0,0.08703806950501104,7.835128974205158,0.0,0.0
2025-03-28,19,Friday,7.7063827234553095,51068.21158280307,0.0,0.0,0.0,7.7063827234553095,0.0,0.0
2025-03-28,20,Friday,7.559244151169766,51068.21158280307,0.0,0.0,0.0,7.559244151169766,0.0,0.0
2025-03-28,21,Friday,7.283359328134372,51068.21158280307,0.0,0.0,0.0,7.283359328134372,0.0,0.0
2025-03-28,22,Friday,7.1362207558488295,51068.21158280307,0.0,0.0,0.0,7.1362207558488295,0.0,0.0
2025-03-28,23,Friday,7.00747450509898,51068.21158280307,0.0,0.0,0.0,7.00747450509898,0.0,0.0
2025-03-29,0,Saturday,7.00747450509898,51068.21158280307,0.0,0.0,0.0,7.00747450509898,0.0,0.0
2025-03-29,1,Saturday,7.00747450509898,51068.21158280307,0.0,0.0,0.0,7.00747450509898,0.0,0.0
2025-03-29,2,Saturday,7.1362207558488295,51068.21158280307,0.0,0.0,0.0,7.1362207558488295,0.0,0.0
2025-03-29,3,Saturday,7.283359328134372,51068.21158280307,0.0,0.0,0.0,7.283359328134372,0.0,0.0
2025-03-29,4,Saturday,7.283359328134372,51068.21158280307,0.0,0.0,0.0,7.283359328134372,0.0,0.0
2025-03-29,5,Saturday,7.412105578884224,51068.21158280307,0.0,0.0,0.0,7.412105578884224,0.0,0.0
2025-03-29,6,Saturday,7.7063827234553095,51077.62213801676,0.011118330829027828,0.0,0.011118330829027828,7.7063827234553095,0.0,0.0
2025-03-29,7,Saturday,7.7063827234553095,51415.14443180373,0.3987739765914103,0.0,0.3987739765914103,7.7063827234553095,0.0,0.0
2025-03-29,8,Saturday,7.982267546490701,52911.2636925508,1.7676267258353786,0.0,1.7676267258353786,7.982267546490701,0.0,0.0
2025-03-29,9,Saturday,7.982267546490701,55803.491462773774,3.417093301303141,0.0,3.417093301303141,7.982267546490701,0.0,0.0
2025-03-29,10,Saturday,8.111013797240552,59815.536559787164,4.740128895337174,0.0,4.740128895337174,8.111013797240552,0.0,0.0
2025-03-29,11,Saturday,8.111013797240552,65234.15241870194,6.401956355050541,0.0,6.401956355050541,8.111013797240552,0.0,0.0
2025-03-29,12,Saturday,8.258152369526094,71254.59561870195,7.113,0.0,7.113,8.258152369526094,0.0,0.0
2025-03-29,13,Saturday,8.258152369526094,77275.03881870194,7.113,0.0,7.113,8.258152369526094,0.0,0.0
2025-03-29,14,Saturday,8.111013797240552,77824.0,0.6485836262973229,5.085116146512659,5.733699772809982,3.666622285188489,0.0,0.9262881865573485
2025-03-29,15,Saturday,8.111013797240552,77824.0,0.0,4.462086887404968,4.462086887404968,4.184494344604665,0.0,0.9321860329679555
2025-03-29,16,Saturday,7.982267546490701,77824.0,0.0,2.8081831852093284,2.8081831852093284,5.49540586038648,0.0,0.9452495627826779
2025-03-29,17,Saturday,7.982267546490701,77824.0,0.0,1.3420368459750251,1.3420368459750251,6.777135791689371,0.0,0.9448952559516036
2025-03-29,18,Saturday,7.835128974205158,77824.0,0.0,0.09793565958179469,0.09793565958179469,7.747216981084196,0.0,0.5437844993877599
2025-03-29,19,Saturday,7.7063827234553095,77824.0,0.0,0.0,0.0,7.7063827234553095,0.0,0.0
2025-03-29,20,Saturday,7.559244151169766,77824.0,0.0,0.0,0.0,7.559244151169766,0.0,0.0
2025-03-29,21,Saturday,7.283359328134372,77824.0,0.0,0.0,0.0,7.283359328134372,0.0,0.0
2025-03-29,22,Saturday,7.1362207558488295,77824.0,0.0,0.0,0.0,7.1362207558488295,0.0,0.0
2025-03-29,23,Saturday,7.00747450509898,77824.0,0.0,0.0,0.0,7.00747450509898,0.0,0.0
2025-03-30,0,Sunday,7.00747450509898,77824.0,0.0,0.0,0.0,7.00747450509898,0.0,0.0
2025-03-30,1,Sunday,7.00747450509898,77824.0,0.0,0.0,0.0,7.00747450509898,0.0,0.0
2025-03-30,2,Sunday,7.1362207558488295,77824.0,0.0,0.0,0.0,7.1362207558488295,0.0,0.0
2025-03-30,3,Sunday,7.283359328134372,77824.0,0.0,0.0,0.0,7.283359328134372,0.0,0.0
2025-03-30,4,Sunday,7.283359328134372,77824.0,0.0,0.0,0.0,7.283359328134372,0.0,0.0
2025-03-30,5,Sunday,7.412105578884224,77824.0,0.0,0.0,0.0,7.412105578884224,0.0,0.0
2025-03-30,6,Sunday,7.7063827234553095,77824.0,0.0,0.03319669513654684,0.03319669513654684,7.677368811905968,0.0,0.0
2025-03-30,7,Sunday,7.7063827234553095,77824.0,0.0,1.0894973484545176,1.0894973484545176,6.754162040906062,0.0,0.9401964011939219
2025-03-30,8,Sunday,7.982267546490701,77824.0,0.0,2.250427117796885,2.250427117796885,5.972216243053952,0.0,0.9477357742117777
2025-03-30,9,Sunday,7.982267546490701,77824.0,0.0,3.6755464569975063,3.6755464569975063,4.672993022770507,0.0,0.9390484964505451
2025-03-30,10,Sunday,8.111013797240552,77824.0,0.0,4.843712389508335,4.843712389508335,3.7899570024642077,0.0,0.9286101883208103
2025-03-30,11,Sunday,8.111013797240552,77824.0,0.0,4.9709353296458705,4.9709353296458705,3.725755664277183,0.0,0.9273916682967791
2025-03-30,12,Sunday,8.258152369526094,77824.0,0.0,5.078219669844253,5.078219669844253,3.7841286885114336,0.0,0.9263550893046699
2025-03-30,13,Sunday,8.258152369526094,77824.0,0.0,4.989190431469163,4.989190431469163,3.8674785192095538,0.0,0.9272158540584509
2025-03-30,14,Sunday,8.111013797240552,77824.0,0.0,4.566081245332579,4.566081245332579,4.088958021728796,0.0,0.9312244378954396
2025-03-30,15,Sunday,8.111013797240552,77824.0,0.0,3.823566469987212,3.823566469987212,4.728445187309346,0.0,0.9378231668563767
2025-03-30,16,Sunday,7.982267546490701,77824.0,0.0,2.5136781754959685,2.5136781754959685,5.742751200839383,0.0,0.9467764511807402
2025-03-30,17,Sunday,7.982267546490701,77824.0,0.0,0.8755147009368538,0.8755147009368538,7.194796680056617,0.0,0.9327935697779646
2025-03-30,18,Sunday,7.835128974205158,77824.0,0.0,0.04361213679751856,0.04361213679751856,7.796481909474606,0.0,0.0
2025-03-30,19,Sunday,7.7063827234553095,77824.0,0.0,0.0,0.0,7.7063827234553095,0.0,0.0
2025-03-30,20,Sunday,7.559244151169766,77824.0,0.0,0.0,0.0,7.559244151169766,0.0,0.0
2025-03-30,21,Sunday,7.283359328134372,77824.0,0.0,0.0,0.0,7.283359328134372,0.0,0.0
2025-03-30,22,Sunday,7.1362207558488295,77824.0,0.0,0.0,0.0,7.1362207558488295,0.0,0.0
2025-03-30,23,Sunday,7.00747450509898,77824.0,0.0,0.0,0.0,7.00747450509898,0.0,0.0
2025-03-31,0,Monday,7.00747450509898,77824.0,0.0,0.0,0.0,7.00747450509898,0.0,0.0
2025-03-31,1,Monday,7.00747450509898,77824.0,0.0,0.0,0.0,7.00747450509898,0.0,0.0
2025-03-31,2,Monday,7.1362207558488295,77824.0,0.0,0.0,0.0,7.1362207558488295,0.0,0.0
2025-03-31,3,Monday,7.283359328134372,77824.0,0.0,0.0,0.0,7.283359328134372,0.0,0.0
2025-03-31,4,Monday,7.283359328134372,77824.0,0.0,0.0,0.0,7.283359328134372,0.0,0.0
2025-03-31,5,Monday,7.412105578884224,77824.0,0.0,0.0,0.0,7.412105578884224,0.0,0.0
2025-03-31,6,Monday,7.7063827234553095,77824.0,0.0,0.05541854827454789,0.05541854827454789,7.6579469122633546,0.0,0.20057477162149548
2025-03-31,7,Monday,7.7063827234553095,77824.0,0.0,1.067141901557825,1.067141901557825,7.503043067422254,0.0,0.9396076471371685
2025-03-31,8,Monday,7.982267546490701,77824.0,0.0,2.5787011010484897,2.5787011010484897,5.680448635975814,0.0,0.9464752991416184
2025-03-31,9,Monday,7.982267546490701,77824.0,0.0,4.334548576381931,4.334548576381931,4.084851544039484,0.0,0.9333506596794654
2025-03-31,10,Monday,8.111013797240552,77824.0,0.0,5.927789926022583,5.927789926022583,2.8549424912408092,0.0,0.9179082138847671
2025-03-31,11,Monday,8.111013797240552,77824.0,0.0,7.113,7.113,1.908386728146322,0.0,0.9056300784957124
2025-03-31,12,Monday,8.258152369526094,77824.0,0.0,7.113,7.113,2.1384929586030923,0.0,0.9056300784957124
2025-03-31,13,Monday,8.258152369526094,77824.0,0.0,7.113,7.113,2.1384929586030923,0.0,0.9056300784957124
2025-03-31,14,Monday,8.111013797240552,77824.0,0.0,6.20345985199867,6.20345985199867,2.773875956165524,0.0,0.9150944793552227
2025-03-31,15,Monday,8.111013797240552,77824.0,0.0,4.597481593980812,4.597481593980812,4.114240272930917,0.0,0.9309320998656068
2025-03-31,16,Monday,7.982267546490701,77824.0,0.0,2.784934584135918,2.784934584135918,5.5193117961126,0.0,0.9453841717510076
2025-03-31,17,Monday,7.982267546490701,77824.0,0.0,1.2657921123081708,1.2657921123081708,6.845440710172453,0.0,0.943795255291304
2025-03-31,18,Monday,7.835128974205158,77824.0,0.0,0.1296310953391731,0.1296310953391731,7.718901022121798,0.0,0.6529577939640266
2025-03-31,19,Monday,7.7063827234553095,77824.0,0.0,0.0,0.0,7.7063827234553095,0.0,0.0
2025-03-31,20,Monday,7.559244151169766,77824.0,0.0,0.0,0.0,7.559244151169766,0.0,0.0
2025-03-31,21,Monday,7.283359328134372,77824.0,0.0,0.0,0.0,7.283359328134372,0.0,0.0
2025-03-31,22,Monday,7.1362207558488295,77824.0,0.0,0.0,0.0,7.1362207558488295,0.0,0.0
2025-03-31,23,Monday,7.00747450509898,77824.0,0.0,0.0,0.0,7.00747450509898,0.0,0.0
2025-04-01,0,Tuesday,7.00747450509898,77824.0,0.0,0.0,0.0,7.00747450509898,0.0,0.0
2025-04-01,1,Tuesday,7.00747450509898,77824.0,0.0,0.0,0.0,7.00747450509898,0.0,0.0
2025-04-01,2,Tuesday,7.1362207558488295,77824.0,0.0,0.0,0.0,7.1362207558488295,0.0,0.0
2025-04-01,3,Tuesday,7.283359328134372,77824.0,0.0,0.0,0.0,7.283359328134372,0.0,0.0
2025-04-01,4,Tuesday,7.283359328134372,77824.0,0.0,0.0,0.0,7.283359328134372,0.0,0.0
2025-04-01,5,Tuesday,7.412105578884224,77824.0,0.0,0.0,0.0,7.412105578884224,0.0,0.0
2025-04-01,6,Tuesday,7.7063827234553095,77824.0,0.0,0.06746718120255472,0.06746718120255472,7.647416407084276,0.0,0.3418196367100595
2025-04-01,7,Tuesday,7.7063827234553095,77824.0,0.0,1.1054835951283613,1.1054835951283613,7.347400522623388,0.0,0.9405964928065214
2025-04-01,8,Tuesday,7.982267546490701,77824.0,0.0,2.6280526961678454,2.6280526961678454,5.633927255010813,0.0,0.9462321909493446
2025-04-01,9,Tuesday,7.982267546490701,77824.0,0.0,4.504528942641361,4.504528942641361,3.933053770429945,0.0,0.93179483677803
2025-04-01,10,Tuesday,8.111013797240552,77824.0,0.0,6.2897221288396326,6.2897221288396326,2.5433197230403284,0.0,0.9142080868262125
2025-04-01,11,Tuesday,8.111013797240552,77824.0,0.0,7.113,7.113,1.9333897817254462,0.0,0.9056300784957124
2025-04-01,12,Tuesday,8.258152369526094,77824.0,0.0,7.113,7.113,2.1384929586030923,0.0,0.9056300784957124
2025-04-01,13,Tuesday,8.258152369526094,77824.0,0.0,7.113,7.113,2.1384929586030923,0.0,0.9056300784957124
2025-04-01,14,Tuesday,8.111013797240552,77824.0,0.0,6.61001834614978,6.61001834614978,2.4240939352429143,0.0,0.9108947143987015
2025-04-01,15,Tuesday,8.111013797240552,77824.0,0.0,4.755014997228789,4.755014997228789,3.996261670771405,0.0,0.9294523780308331
2025-04-01,16,Tuesday,7.982267546490701,77824.0,0.0,2.758299595243733,2.758299595243733,5.546744834275968,0.0,0.9455356855448668
2025-04-01,17,Tuesday,7.982267546490701,77824.0,0.0,1.154720323743113,1.154720323743113,6.945029737213818,0.0,0.9417274452203768
2025-04-01,18,Tuesday,7.835128974205158,77824.0,0.0,0.1664251959273673,0.1664251959273673,7.686238158353227,0.0,0.7273647075864872
2025-04-01,19,Tuesday,7.7063827234553095,77824.0,0.0,0.0,0.0,7.7063827234553095,0.0,0.0
2025-04-01,20,Tuesday,7.559244151169766,77824.0,0.0,0.0,0.0,7.559244151169766,0.0,0.0
2025-04-01,21,Tuesday,7.283359328134372,77824.0,0.0,0.0,0.0,7.283359328134372,0.0,0.0
2025-04-01,22,Tuesday,7.1362207558488295,77824.0,0.0,0.0,0.0,7.1362207558488295,0.0,0.0
2025-04-01,23,Tuesday,7.00747450509898,77824.0,0.0,0.0,0.0,7.00747450509898,0.0,0.0
2025-04-02,0,Wednesday,7.00747450509898,77824.0,0.0,0.0,0.0,7.00747450509898,0.0,0.0
2025-04-02,1,Wednesday,7.00747450509898,77824.0,0.0,0.0,0.0,7.00747450509898,0.0,0.0
2025-04-02,2,Wednesday,7.1362207558488295,77824.0,0.0,0.0,0.0,7.1362207558488295,0.0,0.0
2025-04-02,3,Wednesday,7.283359328134372,77824.0,0.0,0.0,0.0,7.283359328134372,0.0,0.0
2025-04-02,4,Wednesday,7.283359328134372,77824.0,0.0,0.0,0.0,7.283359328134372,0.0,0.0
2025-04-02,5,Wednesday,7.412105578884224,77824.0,0.0,0.0,0.0,7.412105578884224,0.0,0.0
2025-04-02,6,Wednesday,7.7063827234553095,77824.0,0.0,0.07884470972090746,0.07884470972090746,7.637472447159237,0.0,0.43552983387979916
2025-04-02,7,Wednesday,7.7063827234553095,77824.0,0.0,1.016845935065799,1.016845935065799,7.285659319333781,0.0,0.9381474444395109
2025-04-02,8,Wednesday,7.982267546490701,77824.0,0.0,2.5299293613662917,2.5299293613662917,5.727493119761344,0.0,0.9467033047267538
2025-04-02,9,Wednesday,7.982267546490701,77824.0,0.0,4.49579149934309,4.49579149934309,3.938895910189678,0.0,0.9318755143749972
2025-04-02,10,Wednesday,8.111013797240552,77824.0,0.0,6.378205992398779,6.378205992398779,2.464504506782067,0.0,0.9132961403511725
2025-04-02,11,Wednesday,8.111013797240552,77824.0,0.0,7.113,7.113,1.939552123238557,0.0,0.9056300784957124
2025-04-02,12,Wednesday,8.258152369526094,77824.0,0.0,7.113,7.113,2.1384929586030923,0.0,0.9056300784957124
2025-04-02,13,Wednesday,8.258152369526094,77824.0,0.0,7.113,7.113,2.1384929586030923,0.0,0.9056300784957124
2025-04-02,14,Wednesday,8.111013797240552,77824.0,0.0,6.576052841679007,6.576052841679007,2.4533161085989263,0.0,0.9112476384635488
2025-04-02,15,Wednesday,8.111013797240552,77824.0,0.0,4.7375278738217785,4.7375278738217785,4.009805764423986,0.0,0.9296176732143963
2025-04-02,16,Wednesday,7.982267546490701,77824.0,0.0,2.751661097422155,2.751661097422155,5.552174398973553,0.0,0.9455729903229604
2025-04-02,17,Wednesday,7.982267546490701,77824.0,0.0,1.1277311817777969,1.1277311817777969,6.969233007948327,0.0,0.9411258126022485
2025-04-02,18,Wednesday,7.835128974205158,77824.0,0.0,0.14315120158243883,0.14315120158243883,7.707141847836611,0.0,0.684769101915243
2025-04-02,19,Wednesday,7.7063827234553095,77824.0,0.0,0.0,0.0,7.7063827234553095,0.0,0.0
2025-04-02,20,Wednesday,7.559244151169766,77824.0,0.0,0.0,0.0,7.559244151169766,0.0,0.0
2025-04-02,21,Wednesday,7.283359328134372,77824.0,0.0,0.0,0.0,7.283359328134372,0.0,0.0
2025-04-02,22,Wednesday,7.1362207558488295,77824.0,0.0,0.0,0.0,7.1362207558488295,0.0,0.0
2025-04-02,23,Wednesday,7.00747450509898,77824.0,0.0,0.0,0.0,7.00747450509898,0.0,0.0
2025-04-03,0,Thursday,7.00747450509898,77824.0,0.0,0.0,0.0,7.00747450509898,0.0,0.0
2025-04-03,1,Thursday,7.00747450509898,77824.0,0.0,0.0,0.0,7.00747450509898,0.0,0.0
2025-04-03,2,Thursday,7.1362207558488295,77824.0,0.0,0.0,0.0,7.1362207558488295,0.0,0.0
2025-04-03,3,Thursday,7.283359328134372,77824.0,0.0,0.0,0.0,7.283359328134372,0.0,0.0
2025-04-03,4,Thursday,7.283359328134372,77824.0,0.0,0.0,0.0,7.283359328134372,0.0,0.0
2025-04-03,5,Thursday,7.412105578884224,77824.0,0.0,0.0,0.0,7.412105578884224,0.0,0.0
2025-04-03,6,Thursday,7.7063827234553095,77824.0,0.0,0.0791226784610997,0.0791226784610997,7.6372295024803085,0.0,0.43748157676361543
2025-04-03,7,Thursday,7.7063827234553095,77824.0,0.0,0.9579415165547082,0.9579415165547082,7.308255046601111,0.0,0.9361658252839166
2025-04-03,8,Thursday,7.982267546490701,77824.0,0.0,2.4990632307315375,2.4990632307315375,5.759706834247945,0.0,0.9468409875845295
2025-04-03,9,Thursday,7.982267546490701,77824.0,0.0,4.664555676457553,4.664555676457553,3.7865046683176136,0.0,0.9303046790466407
2025-04-03,10,Thursday,8.111013797240552,77824.0,0.0,6.7468001927339865,6.7468001927339865,2.148262998742008,0.0,0.9094699665228797
2025-04-03,11,Thursday,8.111013797240552,77824.0,0.0,7.113,7.113,1.9654069189571715,0.0,0.9056300784957124
2025-04-03,12,Thursday,8.258152369526094,77824.0,0.0,7.113,7.113,2.1384929586030923,0.0,0.9056300784957124
2025-04-03,13,Thursday,8.258152369526094,77824.0,0.0,7.113,7.113,2.1384929586030923,0.0,0.9056300784957124
2025-04-03,14,Thursday,8.111013797240552,77824.0,0.0,6.937467985452369,6.937467985452369,2.142373104825168,0.0,0.9074750778319243
2025-04-03,15,Thursday,8.111013797240552,77824.0,0.0,4.9100302011923285,4.9100302011923285,3.878070260205651,0.0,0.9279765063753286
2025-04-03,16,Thursday,7.982267546490701,77824.0,0.0,2.7500547165134677,2.7500547165134677,5.5578806867280965,0.0,0.9455819894780647
2025-04-03,17,Thursday,7.982267546490701,77824.0,0.0,1.1166800478026784,1.1166800478026784,6.97915063233957,0.0,0.9408667809008099
2025-04-03,18,Thursday,7.835128974205158,77824.0,0.0,0.1443680239247089,0.1443680239247089,7.706089450166859,0.0,0.6873384769272723
2025-04-03,19,Thursday,6.0,69094.676382293,0.0,0.0,0.0,8.881784197001252e-16,8.729323617707005,0.7010852464658178
2025-04-03,20,Thursday,6.0,60536.51597277632,0.0,0.0,0.0,0.0,8.558160409516672,0.7151069513951342
2025-04-03,21,Thursday,6.0,52146.162630112914,0.0,0.0,0.0,0.0,8.390353342663403,0.7294090904230369
2025-04-03,22,Thursday,6.0,43920.3260196586,0.0,0.0,0.0,8.881784197001252e-16,8.225836610454316,0.7439972722314977
2025-04-03,23,Thursday,6.0,35855.78032313476,0.0,0.0,0.0,8.881784197001252e-16,8.064545696523838,0.7588772176761277
2025-04-04,0,Friday,6.0,27949.362973601583,0.0,0.0,0.0,0.0,7.906417349533175,0.7740547620296503
2025-04-04,1,Friday,6.0,20197.973415235727,0.0,0.0,0.0,0.0,7.751389558365858,0.7895358572702433
2025-04-04,2,Friday,6.0,16384.0,0.0,0.0,0.0,2.9887312299959437,3.8139734152357256,0.9361904534920759
2025-04-04,3,Friday,7.283359328134372,16384.0,0.0,0.0,0.0,7.283359328134372,0.0,0.0
2025-04-04,4,Friday,7.283359328134372,16384.0,0.0,0.0,0.0,7.283359328134372,0.0,0.0
2025-04-04,5,Friday,7.412105578884224,16384.0,0.0,0.0,0.0,7.412105578884224,0.0,0.0
2025-04-04,6,Friday,7.7063827234553095,16460.20420585796,0.09003332450136808,0.0,0.09003332450136808,7.7063827234553095,0.0,0.0
2025-04-04,7,Friday,7.7063827234553095,17295.36220839972,0.9867178668971697,0.0,0.9867178668971697,7.7063827234553095,0.0,0.0
2025-04-04,8,Friday,7.982267546490701,19446.112734361617,2.54105685959581,0.0,2.54105685959581,7.982267546490701,0.0,0.0
2025-04-04,9,Friday,7.982267546490701,23318.492982763793,4.575118440928845,0.0,4.575118440928845,7.982267546490701,0.0,0.0
2025-04-04,10,Friday,8.111013797240552,28852.317940881167,6.5380729656396195,0.0,6.5380729656396195,8.111013797240552,0.0,0.0
2025-04-04,11,Friday,8.111013797240552,34872.761140881164,7.113,0.0,7.113,8.111013797240552,0.0,0.0
2025-04-04,12,Friday,8.258152369526094,40893.204340881166,7.113,0.0,7.113,8.258152369526094,0.0,0.0
2025-04-04,13,Friday,8.258152369526094,46913.647540881175,7.113,0.0,7.113,8.258152369526094,0.0,0.0
2025-04-04,14,Friday,8.111013797240552,52590.16986545847,6.706666262496811,0.0,6.706666262496811,8.111013797240552,0.0,0.0
2025-04-04,15,Friday,8.111013797240552,56646.569310020684,4.792532425049875,0.0,4.792532425049875,8.111013797240552,0.0,0.0
2025-04-04,16,Friday,7.982267546490701,58949.5181116993,2.7208752382781296,0.0,2.7208752382781296,7.982267546490701,0.0,0.0
2025-04-04,17,Friday,7.982267546490701,60244.996619580634,1.5305747966461878,0.0,1.5305747966461878,7.982267546490701,0.0,0.0
2025-04-04,18,Friday,7.835128974205158,60375.33546623032,0.15399202108894747,0.0,0.15399202108894747,7.835128974205158,0.0,0.0
2025-04-04,19,Friday,7.7063827234553095,60375.33546623032,0.0,0.0,0.0,7.7063827234553095,0.0,0.0
2025-04-04,20,Friday,7.559244151169766,60375.33546623032,0.0,0.0,0.0,7.559244151169766,0.0,0.0
2025-04-04,21,Friday,7.283359328134372,60375.33546623032,0.0,0.0,0.0,7.283359328134372,0.0,0.0
2025-04-04,22,Friday,7.1362207558488295,60375.33546623032,0.0,0.0,0.0,7.1362207558488295,0.0,0.0
2025-04-04,23,Friday,7.00747450509898,60375.33546623032,0.0,0.0,0.0,7.00747450509898,0.0,0.0
2025-04-05,0,Saturday,7.00747450509898,60375.33546623032,0.0,0.0,0.0,7.00747450509898,0.0,0.0
2025-04-05,1,Saturday,7.00747450509898,60375.33546623032,0.0,0.0,0.0,7.00747450509898,0.0,0.0
2025-04-05,2,Saturday,7.1362207558488295,60375.33546623032,0.0,0.0,0.0,7.1362207558488295,0.0,0.0
2025-04-05,3,Saturday,7.283359328134372,60375.33546623032,0.0,0.0,0.0,7.283359328134372,0.0,0.0
2025-04-05,4,Saturday,7.283359328134372,60375.33546623032,0.0,0.0,0.0,7.283359328134372,0.0,0.0
2025-04-05,5,Saturday,7.412105578884224,60375.33546623032,0.0,0.0,0.0,7.412105578884224,0.0,0.0
2025-04-05,6,Saturday,7.7063827234553095,60459.95674292916,0.09997787889749268,0.0,0.09997787889749268,7.7063827234553095,0.0,0.0
2025-04-05,7,Saturday,7.7063827234553095,61316.96717276076,1.0125359520694706,0.0,1.0125359520694706,7.7063827234553095,0.0,0.0
2025-04-05,8,Saturday,7.982267546490701,63467.731597558275,2.5410732807154064,0.0,2.5410732807154064,7.982267546490701,0.0,0.0
2025-04-05,9,Saturday,7.982267546490701,67336.46733457014,4.570812543728573,0.0,4.570812543728573,7.982267546490701,0.0,0.0
2025-04-05,10,Saturday,8.111013797240552,72816.67703865738,6.474727911256173,0.0,6.474727911256173,8.111013797240552,0.0,0.0
2025-04-05,11,Saturday,8.111013797240552,77824.0,5.916024292701587,1.1969757072984137,7.113,7.064857029061739,0.0,0.9425870298629643
2025-04-05,12,Saturday,8.258152369526094,77824.0,0.0,7.113,7.113,1.8887619032815923,0.0,0.9056300784957124
2025-04-05,13,Saturday,8.258152369526094,77824.0,0.0,7.113,7.113,2.1384929586030923,0.0,0.9056300784957124
2025-04-05,14,Saturday,8.111013797240552,77824.0,0.0,6.607204108162927,6.607204108162927,2.4265151608834064,0.0,0.910923969585748
2025-04-05,15,Saturday,8.111013797240552,77824.0,0.0,4.7503829480124296,4.7503829480124296,4.000137989787419,0.0,0.9294961863988456
2025-04-05,16,Saturday,7.982267546490701,77824.0,0.0,2.721692620602675,2.721692620602675,5.578954780660638,0.0,0.9457390669928436
2025-04-05,17,Saturday,7.982267546490701,77824.0,0.0,1.5133228337837872,1.5133228337837872,6.622619447853138,0.0,0.9466428412344325
2025-04-05,18,Saturday,7.835128974205158,77824.0,0.0,0.15220507918771173,0.15220507918771173,7.69824931802322,0.0,0.702897085737355
2025-04-05,19,Saturday,7.7063827234553095,77824.0,0.0,0.0,0.0,7.7063827234553095,0.0,0.0
2025-04-05,20,Saturday,7.559244151169766,77824.0,0.0,0.0,0.0,7.559244151169766,0.0,0.0
2025-04-05,21,Saturday,7.283359328134372,77824.0,0.0,0.0,0.0,7.283359328134372,0.0,0.0
2025-04-05,22,Saturday,7.1362207558488295,77824.0,0.0,0.0,0.0,7.1362207558488295,0.0,0.0
2025-04-05,23,Saturday,7.00747450509898,77824.0,0.0,0.0,0.0,7.00747450509898,0.0,0.0
2025-04-06,0,Sunday,7.00747450509898,77824.0,0.0,0.0,0.0,7.00747450509898,0.0,0.0
2025-04-06,1,Sunday,7.00747450509898,77824.0,0.0,0.0,0.0,7.00747450509898,0.0,0.0
2025-04-06,2,Sunday,7.1362207558488295,77824.0,0.0,0.0,0.0,7.1362207558488295,0.0,0.0
2025-04-06,3,Sunday,7.283359328134372,77824.0,0.0,0.0,0.0,7.283359328134372,0.0,0.0
2025-04-06,4,Sunday,7.283359328134372,77824.0,0.0,0.0,0.0,7.283359328134372,0.0,0.0
2025-04-06,5,Sunday,7.412105578884224,77824.0,0.0,0.0,0.0,7.412105578884224,0.0,0.0
2025-04-06,6,Sunday,7.7063827234553095,77824.0,0.0,0.10005446212183136,0.10005446212183136,7.618935123560829,0.0,0.5532471048048101
2025-04-06,7,Sunday,7.7063827234553095,77824.0,0.0,1.2084240688058796,1.2084240688058796,7.071253461884173,0.0,0.9428037694288944
2025-04-06,8,Sunday,7.982267546490701,77824.0,0.0,2.749485581529136,2.749485581529136,5.519653444747439,0.0,0.9455851752354589
2025-04-06,9,Sunday,7.982267546490701,77824.0,0.0,4.647207409382405,4.647207409382405,3.8076536355621355,0.0,0.9304673370546664
2025-04-06,10,Sunday,8.111013797240552,77824.0,0.0,6.506707381044765,6.506707381044765,2.35944904189762,0.0,0.9119670723601022
2025-04-06,11,Sunday,8.111013797240552,77824.0,0.0,7.113,7.113,1.9485331008280165,0.0,0.9056300784957124
2025-04-06,12,Sunday,8.258152369526094,77824.0,0.0,7.113,7.113,2.1384929586030923,0.0,0.9056300784957124
2025-04-06,13,Sunday,8.258152369526094,77824.0,0.0,7.113,7.113,2.1384929586030923,0.0,0.9056300784957124
2025-04-06,14,Sunday,8.111013797240552,77824.0,0.0,6.683173452417016,6.683173452417016,2.361155043843313,0.0,0.9101334009318113
2025-04-06,15,Sunday,8.111013797240552,77824.0,0.0,4.784778325673284,4.784778325673284,3.9739665555032007,0.0,0.929170470882498
2025-04-06,16,Sunday,7.982267546490701,77824.0,0.0,2.767194516796407,2.767194516796407,5.539631885905276,0.0,0.9454854122545338
2025-04-06,17,Sunday,7.982267546490701,77824.0,0.0,1.5345329100356158,1.5345329100356158,6.603932989480686,0.0,0.946801764659694
2025-04-06,18,Sunday,7.835128974205158,77824.0,0.0,0.1637873293112574,0.1637873293112574,7.6878085484054015,0.0,0.723148992435395
2025-04-06,19,Sunday,7.7063827234553095,77824.0,0.0,0.0,0.0,7.7063827234553095,0.0,0.0
2025-04-06,20,Sunday,7.559244151169766,77824.0,0.0,0.0,0.0,7.559244151169766,0.0,0.0
2025-04-06,21,Sunday,7.283359328134372,77824.0,0.0,0.0,0.0,7.283359328134372,0.0,0.0
2025-04-06,22,Sunday,7.1362207558488295,77824.0,0.0,0.0,0.0,7.1362207558488295,0.0,0.0
2025-04-06,23,Sunday,7.00747450509898,77824.0,0.0,0.0,0.0,7.00747450509898,0.0,0.0
2025-04-07,0,Monday,7.00747450509898,77824.0,0.0,0.0,0.0,7.00747450509898,0.0,0.0
2025-04-07,1,Monday,7.00747450509898,77824.0,0.0,0.0,0.0,7.00747450509898,0.0,0.0
2025-04-07,2,Monday,7.1362207558488295,77824.0,0.0,0.0,0.0,7.1362207558488295,0.0,0.0
2025-04-07,3,Monday,7.283359328134372,77824.0,0.0,0.0,0.0,7.283359328134372,0.0,0.0
2025-04-07,4,Monday,7.283359328134372,77824.0,0.0,0.0,0.0,7.283359328134372,0.0,0.0
2025-04-07,5,Monday,7.412105578884224,77824.0,0.0,0.0,0.0,7.412105578884224,0.0,0.0
2025-04-07,6,Monday,7.7063827234553095,77824.0,0.0,0.11056742577630188,0.11056742577630188,7.6097467933268215,0.0,0.5948205536168534
2025-04-07,7,Monday,7.7063827234553095,77824.0,0.0,1.0452458021542048,1.0452458021542048,7.115735721087407,0.0,0.938996009401272
2025-04-07,8,Monday,7.982267546490701,77824.0,0.0,2.58521649997473,2.58521649997473,5.676134968421836,0.0,0.9464439029069439
2025-04-07,9,Monday,7.982267546490701,77824.0,0.0,4.637619645991182,4.637619645991182,3.8124830504383773,0.0,0.9305571195778414
2025-04-07,10,Monday,8.111013797240552,77824.0,0.0,6.621939141917514,6.621939141917514,2.2570258140141544,0.0,0.9107707660674642
2025-04-07,11,Monday,8.111013797240552,77824.0,0.0,7.113,7.113,1.9566169611545732,0.0,0.9056300784957124
2025-04-07,12,Monday,8.258152369526094,77824.0,0.0,7.113,7.113,2.1384929586030923,0.0,0.9056300784957124
2025-04-07,13,Monday,8.258152369526094,77824.0,0.0,7.113,7.113,2.1384929586030923,0.0,0.9056300784957124
2025-04-07,14,Monday,8.111013797240552,77824.0,0.0,6.8339594559006365,6.8339594559006365,2.231426520680934,0.0,0.908559287868138
2025-04-07,15,Monday,8.111013797240552,77824.0,0.0,4.8608407916266065,4.8608407916266065,3.9154698515639197,0.0,0.9284468422550156
2025-04-07,16,Monday,7.982267546490701,77824.0,0.0,2.732476135504515,2.732476135504515,5.572156648921664,0.0,0.9456797514009799
2025-04-07,17,Monday,7.982267546490701,77824.0,0.0,1.5535006005589884,1.5535006005589884,6.586609187839699,0.0,0.9469346182829216
2025-04-07,18,Monday,7.835128974205158,77824.0,0.0,0.1944563977410772,0.1944563977410772,7.660198354175921,0.0,0.7650470367040249
2025-04-07,19,Monday,7.7063827234553095,77824.0,0.0,0.0,0.0,7.7063827234553095,0.0,0.0
2025-04-07,20,Monday,7.559244151169766,77824.0,0.0,0.0,0.0,7.559244151169766,0.0,0.0
2025-04-07,21,Monday,7.283359328134372,77824.0,0.0,0.0,0.0,7.283359328134372,0.0,0.0
2025-04-07,22,Monday,7.1362207558488295,77824.0,0.0,0.0,0.0,7.1362207558488295,0.0,0.0
2025-04-07,23,Monday,7.00747450509898,77824.0,0.0,0.0,0.0,7.00747450509898,0.0,0.0
2025-04-08,0,Tuesday,7.00747450509898,77824.0,0.0,0.0,0.0,7.00747450509898,0.0,0.0
2025-04-08,1,Tuesday,7.00747450509898,77824.0,0.0,0.0,0.0,7.00747450509898,0.0,0.0
2025-04-08,2,Tuesday,7.1362207558488295,77824.0,0.0,0.0,0.0,7.1362207558488295,0.0,0.0
2025-04-08,3,Tuesday,7.283359328134372,77824.0,0.0,0.0,0.0,7.283359328134372,0.0,0.0
2025-04-08,4,Tuesday,7.283359328134372,77824.0,0.0,0.0,0.0,7.283359328134372,0.0,0.0
2025-04-08,5,Tuesday,7.412105578884224,77824.0,0.0,0.0,0.0,7.412105578884224,0.0,0.0
2025-04-08,6,Tuesday,7.7063827234553095,77824.0,0.0,0.12155236055476597,0.12155236055476597,7.600145960330444,0.0,0.6305554355115004
2025-04-08,7,Tuesday,7.7063827234553095,77824.0,0.0,1.0565322265717372,1.0565322265717372,7.073490692110326,0.0,0.9393157383040334
2025-04-08,8,Tuesday,7.982267546490701,77824.0,0.0,2.611601183000258,2.611601183000258,5.651805357793405,0.0,0.9463145735797014
2025-04-08,9,Tuesday,7.982267546490701,77824.0,0.0,4.689923879802294,4.689923879802294,3.766031395876152,0.0,0.9300663581621317
2025-04-08,10,Tuesday,8.111013797240552,77824.0,0.0,6.677479748659191,6.677479748659191,2.211039489280555,0.0,0.910192711523379
2025-04-08,11,Tuesday,8.111013797240552,77824.0,0.0,7.113,7.113,1.9605230780280474,0.0,0.9056300784957124
2025-04-08,12,Tuesday,8.258152369526094,77824.0,0.0,7.113,7.113,2.1384929586030923,0.0,0.9056300784957124
2025-04-08,13,Tuesday,8.258152369526094,77824.0,0.0,7.113,7.113,2.1384929586030923,0.0,0.9056300784957124
2025-04-08,14,Tuesday,8.111013797240552,77824.0,0.0,6.817960839838148,6.817960839838148,2.2451909072054033,0.0,0.9087266073995509
2025-04-08,15,Tuesday,8.111013797240552,77824.0,0.0,4.828214183428347,4.828214183428347,3.9428634372705798,0.0,0.9287577927653359
2025-04-08,16,Tuesday,7.982267546490701,77824.0,0.0,2.735747142816808,2.735747142816808,5.568463392460419,0.0,0.945661659826027
2025-04-08,17,Tuesday,7.982267546490701,77824.0,0.0,1.5502372332250935,1.5502372332250935,6.589567627149739,0.0,0.9469123694047881
2025-04-08,18,Tuesday,7.835128974205158,77824.0,0.0,0.1842946499617982,0.1842946499617982,7.669343634724403,0.0,0.752722370780159
2025-04-08,19,Tuesday,7.7063827234553095,77824.0,0.0,0.0,0.0,7.7063827234553095,0.0,0.0
2025-04-08,20,Tuesday,7.559244151169766,77824.0,0.0,0.0,0.0,7.559244151169766,0.0,0.0
2025-04-08,21,Tuesday,7.283359328134372,77824.0,0.0,0.0,0.0,7.283359328134372,0.0,0.0
2025-04-08,22,Tuesday,7.1362207558488295,77824.0,0.0,0.0,0.0,7.1362207558488295,0.0,0.0
2025-04-08,23,Tuesday,7.00747450509898,77824.0,0.0,0.0,0.0,7.00747450509898,0.0,0.0
2025-04-09,0,Wednesday,7.00747450509898,77824.0,0.0,0.0,0.0,7.00747450509898,0.0,0.0
2025-04-09,1,Wednesday,7.00747450509898,77824.0,0.0,0.0,0.0,7.00747450509898,0.0,0.0
2025-04-09,2,Wednesday,7.1362207558488295,77824.0,0.0,0.0,0.0,7.1362207558488295,0.0,0.0
2025-04-09,3,Wednesday,7.283359328134372,77824.0,0.0,0.0,0.0,7.283359328134372,0.0,0.0
2025-04-09,4,Wednesday,7.283359328134372,77824.0,0.0,0.0,0.0,7.283359328134372,0.0,0.0
2025-04-09,5,Wednesday,7.412105578884224,77824.0,0.0,0.0,0.0,7.412105578884224,0.0,0.0
2025-04-09,6,Wednesday,7.7063827234553095,77824.0,0.0,0.0770577678196717,0.0770577678196717,7.639034234380916,0.0,0.4226461507172293
2025-04-09,7,Wednesday,7.7063827234553095,77824.0,0.0,1.1724317801784774,1.1724317801784774,7.235635133527876,0.0,0.9420995117833358
2025-04-09,8,Wednesday,7.982267546490701,77824.0,0.0,2.8142737428092306,2.8142737428092306,5.463507923321726,0.0,0.9452139423601358
2025-04-09,9,Wednesday,7.982267546490701,77824.0,0.0,3.9688605164058783,3.9688605164058783,4.418416365870691,0.0,0.936586881248916
2025-04-09,10,Wednesday,8.111013797240552,77824.0,0.0,5.404928118831627,5.404928118831627,3.3019382655590235,0.0,0.9231528452416533
2025-04-09,11,Wednesday,8.111013797240552,77824.0,0.0,6.065096483046289,6.065096483046289,2.791953276000692,0.0,0.9165104772594668
2025-04-09,12,Wednesday,8.258152369526094,77824.0,0.0,6.303793182900412,6.303793182900412,2.7695344958513157,0.0,0.9140632471446227
2025-04-09,13,Wednesday,8.258152369526094,77824.0,0.0,5.011982702910079,5.011982702910079,3.9059466446741578,0.0,0.9269960122830243
2025-04-09,14,Wednesday,8.111013797240552,77824.0,0.0,4.58728538983575,4.58728538983575,4.07123829683773,0.0,0.93102712528265
2025-04-09,15,Wednesday,8.111013797240552,77824.0,0.0,4.155556136689419,4.155556136689419,4.43552508754256,0.0,0.9349551936676386
2025-04-09,16,Wednesday,7.982267546490701,77824.0,0.0,2.18646291729533,2.18646291729533,6.040234929218084,0.0,0.947894625035775
2025-04-09,17,Wednesday,7.982267546490701,77824.0,0.0,0.9177359576972757,0.9177359576972757,7.155846414062559,0.0,0.934617692089623
2025-04-09,18,Wednesday,7.835128974205158,77824.0,0.0,0.05453925940251126,0.05453925940251126,7.786704285291659,0.0,0.18782123246678112
2025-04-09,19,Wednesday,7.7063827234553095,77824.0,0.0,0.0,0.0,7.7063827234553095,0.0,0.0
2025-04-09,20,Wednesday,7.559244151169766,77824.0,0.0,0.0,0.0,7.559244151169766,0.0,0.0
2025-04-09,21,Wednesday,7.283359328134372,77824.0,0.0,0.0,0.0,7.283359328134372,0.0,0.0
2025-04-09,22,Wednesday,7.1362207558488295,77824.0,0.0,0.0,0.0,7.1362207558488295,0.0,0.0
2025-04-09,23,Wednesday,7.00747450509898,77824.0,0.0,0.0,0.0,7.00747450509898,0.0,0.0
2025-04-10,0,Thursday,7.00747450509898,77824.0,0.0,0.0,0.0,7.00747450509898,0.0,0.0
2025-04-10,1,Thursday,7.00747450509898,77824.0,0.0,0.0,0.0,7.00747450509898,0.0,0.0
2025-04-10,2,Thursday,7.1362207558488295,77824.0,0.0,0.0,0.0,7.1362207558488295,0.0,0.0
2025-04-10,3,Thursday,7.283359328134372,77824.0,0.0,0.0,0.0,7.283359328134372,0.0,0.0
2025-04-10,4,Thursday,7.283359328134372,77824.0,0.0,0.0,0.0,7.283359328134372,0.0,0.0
2025-04-10,5,Thursday,7.412105578884224,77824.0,0.0,0.0,0.0,7.412105578884224,0.0,0.0
2025-04-10,6,Thursday,7.7063827234553095,77824.0,0.0,0.13228598044958045,0.13228598044958045,7.590764776542376,0.0,0.6597199939572579
2025-04-10,7,Thursday,7.7063827234553095,77824.0,0.0,1.3182655026283379,1.3182655026283379,6.880180919498683,0.0,0.944576739328518
2025-04-10,8,Thursday,7.982267546490701,77824.0,0.0,2.819224398725185,2.819224398725185,5.452442446006626,0.0,0.9451848809771732
2025-04-10,9,Thursday,7.982267546490701,77824.0,0.0,4.685315217950848,4.685315217950848,3.775202895202262,0.0,0.9301096950610872
2025-04-10,10,Thursday,8.111013797240552,77824.0,0.0,6.37850763964564,6.37850763964564,2.474937591367712,0.0,0.9132930268743661
2025-04-10,11,Thursday,8.111013797240552,77824.0,0.0,7.113,7.113,1.9395731620910555,0.0,0.9056300784957124
2025-04-10,12,Thursday,8.258152369526094,77824.0,0.0,7.113,7.113,2.1384929586030923,0.0,0.9056300784957124
2025-04-10,13,Thursday,8.258152369526094,77824.0,0.0,7.113,7.113,2.1384929586030923,0.0,0.9056300784957124
2025-04-10,14,Thursday,8.111013797240552,77824.0,0.0,6.571749598837816,6.571749598837816,2.4570183974433775,0.0,0.9112923267111854
2025-04-10,15,Thursday,8.111013797240552,77824.0,0.0,4.774138422462314,4.774138422462314,3.9779098717459505,0.0,0.9292713302644009
2025-04-10,16,Thursday,7.982267546490701,77824.0,0.0,2.837975048156055,2.837975048156055,5.476881140646404,0.0,0.9450739448116163
2025-04-10,17,Thursday,7.982267546490701,77824.0,0.0,1.494463102855521,1.494463102855521,6.640508313499179,0.0,0.946491974995759
2025-04-10,18,Thursday,7.835128974205158,77824.0,0.0,0.18376424022285998,0.18376424022285998,7.669894164476135,0.0,0.7520412817861554
2025-04-10,19,Thursday,6.0,69845.71457163955,0.0,0.0,0.0,0.0,7.978285428360452,0.7670821074218784
2025-04-10,20,Thursday,6.0,62023.86611246264,0.0,0.0,0.0,0.0,7.821848459176914,0.7824237495703159
2025-04-10,21,Thursday,6.0,54355.38723091664,0.0,0.0,0.0,0.0,7.668478881545996,0.7980722245617221
2025-04-10,22,Thursday,6.0,46837.27068038135,0.0,0.0,0.0,0.0,7.51811655053529,0.8140336690529566
2025-04-10,23,Thursday,6.0,39466.56817985656,0.0,0.0,0.0,0.0,7.370702500524795,0.8303143424340157
2025-04-11,0,Friday,6.0,32240.38925777343,0.0,0.0,0.0,0.0,7.226178922083132,0.8469206292826961
2025-04-11,1,Friday,6.0,25155.900118476242,0.0,0.0,0.0,0.0,7.084489139297188,0.8638590418683499
2025-04-11,2,Friday,6.0,18210.322530929978,0.0,0.0,0.0,0.0,6.945577587546262,0.881136222705717
2025-04-11,3,Friday,7.283359328134372,18210.322530929978,0.0,0.0,0.0,7.283359328134372,0.0,0.0
2025-04-11,4,Friday,7.283359328134372,18210.322530929978,0.0,0.0,0.0,7.283359328134372,0.0,0.0
2025-04-11,5,Friday,7.412105578884224,18210.322530929978,0.0,0.0,0.0,7.412105578884224,0.0,0.0
2025-04-11,6,Friday,7.7063827234553095,18340.86303992969,0.15423028000911224,0.0,0.15423028000911224,7.7063827234553095,0.0,0.0
2025-04-11,7,Friday,7.7063827234553095,19275.36863860675,1.1040945163953937,0.0,1.1040945163953937,7.7063827234553095,0.0,0.0
2025-04-11,8,Friday,7.982267546490701,21563.292942449076,2.7031241775074712,0.0,2.7031241775074712,7.982267546490701,0.0,0.0
2025-04-11,9,Friday,7.982267546490701,25671.39428477371,4.853616897831561,0.0,4.853616897831561,7.982267546490701,0.0,0.0
2025-04-11,10,Friday,8.111013797240552,31502.662408932054,6.889494475612412,0.0,6.889494475612412,8.111013797240552,0.0,0.0
2025-04-11,11,Friday,8.111013797240552,37523.105608932055,7.113,0.0,7.113,8.111013797240552,0.0,0.0
2025-04-11,12,Friday,8.258152369526094,43543.54880893206,7.113,0.0,7.113,8.258152369526094,0.0,0.0
2025-04-11,13,Friday,8.258152369526094,49563.99200893206,7.113,0.0,7.113,8.258152369526094,0.0,0.0
2025-04-11,14,Friday,8.111013797240552,55469.69609293231,6.97743866257118,0.0,6.97743866257118,8.111013797240552,0.0,0.0
2025-04-11,15,Friday,8.111013797240552,59659.1074414536,4.949682595133847,0.0,4.949682595133847,8.111013797240552,0.0,0.0
2025-04-11,16,Friday,7.982267546490701,62030.19528560774,2.80137977806491,0.0,2.80137977806491,7.982267546490701,0.0,0.0
2025-04-11,17,Friday,7.982267546490701,63374.36446516007,1.588101582646894,0.0,1.588101582646894,7.982267546490701,0.0,0.0
2025-04-11,18,Friday,7.835128974205158,63538.77950676524,0.1942521758095074,0.0,0.1942521758095074,7.835128974205158,0.0,0.0
2025-04-11,19,Friday,7.7063827234553095,63538.77950676524,0.0,0.0,0.0,7.7063827234553095,0.0,0.0
2025-04-11,20,Friday,7.559244151169766,63538.77950676524,0.0,0.0,0.0,7.559244151169766,0.0,0.0
2025-04-11,21,Friday,7.283359328134372,63538.77950676524,0.0,0.0,0.0,7.283359328134372,0.0,0.0
2025-04-11,22,Friday,7.1362207558488295,63538.77950676524,0.0,0.0,0.0,7.1362207558488295,0.0,0.0
2025-04-11,23,Friday,7.00747450509898,63538.77950676524,0.0,0.0,0.0,7.00747450509898,0.0,0.0
2025-04-12,0,Saturday,7.00747450509898,63538.77950676524,0.0,0.0,0.0,7.00747450509898,0.0,0.0
2025-04-12,1,Saturday,7.00747450509898,63538.77950676524,0.0,0.0,0.0,7.00747450509898,0.0,0.0
2025-04-12,2,Saturday,7.1362207558488295,63538.77950676524,0.0,0.0,0.0,7.1362207558488295,0.0,0.0
2025-04-12,3,Saturday,7.283359328134372,63538.77950676524,0.0,0.0,0.0,7.283359328134372,0.0,0.0
2025-04-12,4,Saturday,7.283359328134372,63538.77950676524,0.0,0.0,0.0,7.283359328134372,0.0,0.0
2025-04-12,5,Saturday,7.412105578884224,63538.77950676524,0.0,0.0,0.0,7.412105578884224,0.0,0.0
2025-04-12,6,Saturday,7.7063827234553095,63678.95758105342,0.16561681744823684,0.0,0.16561681744823684,7.7063827234553095,0.0,0.0
2025-04-12,7,Saturday,7.7063827234553095,64986.09320546097,1.5443473823340674,0.0,1.5443473823340674,7.7063827234553095,0.0,0.0
2025-04-12,8,Saturday,7.982267546490701,67311.35296826382,2.7472350694740535,0.0,2.7472350694740535,7.982267546490701,0.0,0.0
2025-04-12,9,Saturday,7.982267546490701,71399.70722388948,4.83028621883939,0.0,4.83028621883939,7.982267546490701,0.0,0.0
2025-04-12,10,Saturday,8.111013797240552,77110.41803319156,6.7470590847141665,0.0,6.7470590847141665,8.111013797240552,0.0,0.0
2025-04-12,11,Saturday,8.111013797240552,77824.0,0.8430788832803024,6.269921116719698,7.113,2.6311027412275365,0.0,0.9144117891714897
2025-04-12,12,Saturday,8.258152369526094,77824.0,0.0,7.113,7.113,2.0791518659681287,0.0,0.9056300784957124
2025-04-12,13,Saturday,8.258152369526094,77824.0,0.0,7.113,7.113,2.1384929586030923,0.0,0.9056300784957124
2025-04-12,14,Saturday,8.111013797240552,77824.0,0.0,6.745622878509438,6.745622878509438,2.3074267691219266,0.0,0.9094822529537644
2025-04-12,15,Saturday,8.111013797240552,77824.0,0.0,4.867924370998489,4.867924370998489,3.9050875143035224,0.0,0.9283792236094282
2025-04-12,16,Saturday,7.982267546490701,77824.0,0.0,2.8069887420063298,2.8069887420063298,5.506615018955671,0.0,0.9452565312343594
2025-04-12,17,Saturday,7.982267546490701,77824.0,0.0,1.591914115757833,1.591914115757833,6.552738692160652,0.0,0.9471781914426392
2025-04-12,18,Saturday,7.835128974205158,77824.0,0.0,0.1950690635357866,0.1950690635357866,7.659602069539234,0.0,0.7657486793718459
2025-04-12,19,Saturday,7.7063827234553095,77824.0,0.0,0.0,0.0,7.7063827234553095,0.0,0.0
2025-04-12,20,Saturday,7.559244151169766,77824.0,0.0,0.0,0.0,7.559244151169766,0.0,0.0
2025-04-12,21,Saturday,7.283359328134372,77824.0,0.0,0.0,0.0,7.283359328134372,0.0,0.0
2025-04-12,22,Saturday,7.1362207558488295,77824.0,0.0,0.0,0.0,7.1362207558488295,0.0,0.0
2025-04-12,23,Saturday,7.00747450509898,77824.0,0.0,0.0,0.0,7.00747450509898,0.0,0.0
2025-04-13,0,Sunday,7.00747450509898,77824.0,0.0,0.0,0.0,7.00747450509898,0.0,0.0
2025-04-13,1,Sunday,7.00747450509898,77824.0,0.0,0.0,0.0,7.00747450509898,0.0,0.0
2025-04-13,2,Sunday,7.1362207558488295,77824.0,0.0,0.0,0.0,7.1362207558488295,0.0,0.0
2025-04-13,3,Sunday,7.283359328134372,77824.0,0.0,0.0,0.0,7.283359328134372,0.0,0.0
2025-04-13,4,Sunday,7.283359328134372,77824.0,0.0,0.0,0.0,7.283359328134372,0.0,0.0
2025-04-13,5,Sunday,7.412105578884224,77824.0,0.0,0.0,0.0,7.412105578884224,0.0,0.0
2025-04-13,6,Sunday,7.7063827234553095,77824.0,0.0,0.17859571021927254,0.17859571021927254,7.550290072723666,0.0,0.7451908123840406
2025-04-13,7,Sunday,7.7063827234553095,77824.0,0.0,1.5941669088566162,1.5941669088566162,6.5778221162630235,0.0,0.9471914564762229
2025-04-13,8,Sunday,7.982267546490701,77824.0,0.0,2.810150913230449,2.810150913230449,5.453604156891,0.0,0.9452380706178064
2025-04-13,9,Sunday,7.982267546490701,77824.0,0.0,4.996377642281234,4.996377642281234,3.4956395019562354,0.0,0.927146569542171
2025-04-13,10,Sunday,8.111013797240552,77824.0,0.0,7.06586116197523,7.06586116197523,1.8874793069132902,0.0,0.9061263116417154
2025-04-13,11,Sunday,8.111013797240552,77824.0,0.0,7.113,7.113,1.9880011652684066,0.0,0.9056300784957124
2025-04-13,12,Sunday,8.258152369526094,77824.0,0.0,7.113,7.113,2.1384929586030923,0.0,0.9056300784957124
2025-04-13,13,Sunday,8.258152369526094,77824.0,0.0,7.113,7.113,2.1384929586030923,0.0,0.9056300784957124
2025-04-13,14,Sunday,8.111013797240552,77824.0,0.0,7.08464602024641,7.08464602024641,2.0157486923819645,0.0,0.9059286280315623
2025-04-13,15,Sunday,8.111013797240552,77824.0,0.0,5.050922582719185,5.050922582719185,3.7640271998669474,0.0,0.9266195844885861
2025-04-13,16,Sunday,7.982267546490701,77824.0,0.0,2.865777306521701,2.865777306521701,5.459556438335041,0.0,0.9449069792202489
2025-04-13,17,Sunday,7.982267546490701,77824.0,0.0,1.6535425796045775,1.6535425796045775,6.497945818779793,0.0,0.9475028176070339
2025-04-13,18,Sunday,7.835128974205158,77824.0,0.0,0.20809955371928798,0.20809955371928798,7.6478128063879565,0.0,0.7796834806580735
2025-04-13,19,Sunday,7.7063827234553095,77824.0,0.0,0.0,0.0,7.7063827234553095,0.0,0.0
2025-04-13,20,Sunday,7.559244151169766,77824.0,0.0,0.0,0.0,7.559244151169766,0.0,0.0
2025-04-13,21,Sunday,7.283359328134372,77824.0,0.0,0.0,0.0,7.283359328134372,0.0,0.0
2025-04-13,22,Sunday,7.1362207558488295,77824.0,0.0,0.0,0.0,7.1362207558488295,0.0,0.0
2025-04-13,23,Sunday,7.00747450509898,77824.0,0.0,0.0,0.0,7.00747450509898,0.0,0.0
2025-04-14,0,Monday,7.00747450509898,77824.0,0.0,0.0,0.0,7.00747450509898,0.0,0.0
2025-04-14,1,Monday,7.00747450509898,77824.0,0.0,0.0,0.0,7.00747450509898,0.0,0.0
2025-04-14,2,Monday,7.1362207558488295,77824.0,0.0,0.0,0.0,7.1362207558488295,0.0,0.0
2025-04-14,3,Monday,7.283359328134372,77824.0,0.0,0.0,0.0,7.283359328134372,0.0,0.0
2025-04-14,4,Monday,7.283359328134372,77824.0,0.0,0.0,0.0,7.283359328134372,0.0,0.0
2025-04-14,5,Monday,7.412105578884224,77824.0,0.0,0.0,0.0,7.412105578884224,0.0,0.0
2025-04-14,6,Monday,7.7063827234553095,77824.0,0.0,0.18868258507483263,0.18868258507483263,7.541474144099906,0.0,0.7582086581089941
2025-04-14,7,Monday,7.7063827234553095,77824.0,0.0,1.5998550354900432,1.5998550354900432,6.554009980808878,0.0,0.9472244615478651
2025-04-14,8,Monday,7.982267546490701,77824.0,0.0,3.011568541333587,3.011568541333587,5.272267726010465,0.0,0.9439861003419697
2025-04-14,9,Monday,7.982267546490701,77824.0,0.0,5.303151474807691,5.303151474807691,3.2264713302755474,0.0,0.9241573128122006
2025-04-14,10,Monday,8.111013797240552,77824.0,0.0,7.113,7.113,1.8661593795090292,0.0,0.9056300784957124
2025-04-14,11,Monday,8.111013797240552,77824.0,0.0,4.8012844896598965,4.8012844896598965,3.980235530452161,0.0,0.9290138239094702
2025-04-14,12,Monday,8.258152369526094,77824.0,0.0,4.7688357625453675,4.7688357625453675,4.049353739535514,0.0,0.9293215619936849
2025-04-14,13,Monday,8.258152369526094,77824.0,0.0,4.598856640107699,4.598856640107699,4.198026565164674,0.0,0.9309192776705885
2025-04-14,14,Monday,8.111013797240552,77824.0,0.0,3.9382773852495983,3.9382773852495983,4.628106375434731,0.0,0.936849684035646
2025-04-14,15,Monday,8.111013797240552,77824.0,0.0,3.540923035542486,3.540923035542486,4.95956680155016,0.0,0.9401293799845274
2025-04-14,16,Monday,7.982267546490701,77824.0,0.0,2.3667483656070774,2.3667483656070774,5.868470356630004,0.0,0.9473678912028208
2025-04-14,17,Monday,7.982267546490701,77824.0,0.0,1.2825875383504481,1.2825875383504481,6.827939407575124,0.0,0.9440576729838759
2025-04-14,18,Monday,7.835128974205158,77824.0,0.0,0.10985832184724008,0.10985832184724008,7.73660201210819,0.0,0.5922673726958583
2025-04-14,19,Monday,7.7063827234553095,77824.0,0.0,0.0,0.0,7.7063827234553095,0.0,0.0
2025-04-14,20,Monday,7.559244151169766,77824.0,0.0,0.0,0.0,7.559244151169766,0.0,0.0
2025-04-14,21,Monday,7.283359328134372,77824.0,0.0,0.0,0.0,7.283359328134372,0.0,0.0
2025-04-14,22,Monday,7.1362207558488295,77824.0,0.0,0.0,0.0,7.1362207558488295,0.0,0.0
2025-04-14,23,Monday,7.00747450509898,77824.0,0.0,0.0,0.0,7.00747450509898,0.0,0.0
2025-04-15,0,Tuesday,7.00747450509898,77824.0,0.0,0.0,0.0,7.00747450509898,0.0,0.0
2025-04-15,1,Tuesday,7.00747450509898,77824.0,0.0,0.0,0.0,7.00747450509898,0.0,0.0
2025-04-15,2,Tuesday,7.1362207558488295,77824.0,0.0,0.0,0.0,7.1362207558488295,0.0,0.0
2025-04-15,3,Tuesday,7.283359328134372,77824.0,0.0,0.0,0.0,7.283359328134372,0.0,0.0
2025-04-15,4,Tuesday,7.283359328134372,77824.0,0.0,0.0,0.0,7.283359328134372,0.0,0.0
2025-04-15,5,Tuesday,7.412105578884224,77824.0,0.0,0.0,0.0,7.412105578884224,0.0,0.0
2025-04-15,6,Tuesday,7.7063827234553095,77824.0,0.0,0.16659538087034212,0.16659538087034212,7.560778360574631,0.0,0.7276320721162767
2025-04-15,7,Tuesday,7.7063827234553095,77824.0,0.0,1.621495067255226,1.621495067255226,6.5855234985277304,0.0,0.9473437527777379
2025-04-15,8,Tuesday,7.982267546490701,77824.0,0.0,3.0997090952548305,3.0997090952548305,5.1926020020136034,0.0,0.9433955521300182
2025-04-15,9,Tuesday,7.982267546490701,77824.0,0.0,5.496410533273773,5.496410533273773,3.056242759208195,0.0,0.922245051290327
2025-04-15,10,Tuesday,8.111013797240552,77824.0,0.0,7.113,7.113,1.8790811999038617,0.0,0.9056300784957124
2025-04-15,11,Tuesday,8.111013797240552,77824.0,0.0,6.277430779738708,6.277430779738708,2.710235173924694,0.0,0.9143345500869027
2025-04-15,12,Tuesday,8.258152369526094,77824.0,0.0,6.140464438765397,6.140464438765397,2.9244355190800695,0.0,0.9157400702085456
2025-04-15,13,Tuesday,8.258152369526094,77824.0,0.0,5.455856439213656,5.455856439213656,3.5118133287674977,0.0,0.9226480348217088
2025-04-15,14,Tuesday,8.111013797240552,77824.0,0.0,5.004454569365369,5.004454569365369,3.724531132150048,0.0,0.9270686648261022
2025-04-15,15,Tuesday,8.111013797240552,77824.0,0.0,4.011791601673939,4.011791601673939,4.5777678277023455,0.0,0.9362157635139058
2025-04-15,16,Tuesday,7.982267546490701,77824.0,0.0,3.0237023985610287,3.0237023985610287,5.292971589268442,0.0,0.9439062361202661
2025-04-15,17,Tuesday,7.982267546490701,77824.0,0.0,1.484526091506383,1.484526091506383,6.651076782807388,0.0,0.946408745644436
2025-04-15,18,Tuesday,7.835128974205158,77824.0,0.0,0.22984972412716823,0.22984972412716823,7.628473774562141,0.0,0.7993859587109492
2025-04-15,19,Tuesday,7.7063827234553095,77824.0,0.0,0.0,0.0,7.7063827234553095,0.0,0.0
2025-04-15,20,Tuesday,7.559244151169766,77824.0,0.0,0.0,0.0,7.559244151169766,0.0,0.0
2025-04-15,21,Tuesday,7.283359328134372,77824.0,0.0,0.0,0.0,7.283359328134372,0.0,0.0
2025-04-15,22,Tuesday,7.1362207558488295,77824.0,0.0,0.0,0.0,7.1362207558488295,0.0,0.0
2025-04-15,23,Tuesday,7.00747450509898,77824.0,0.0,0.0,0.0,7.00747450509898,0.0,0.0
2025-04-16,0,Wednesday,7.00747450509898,77824.0,0.0,0.0,0.0,7.00747450509898,0.0,0.0
2025-04-16,1,Wednesday,7.00747450509898,77824.0,0.0,0.0,0.0,7.00747450509898,0.0,0.0
2025-04-16,2,Wednesday,7.1362207558488295,77824.0,0.0,0.0,0.0,7.1362207558488295,0.0,0.0
2025-04-16,3,Wednesday,7.283359328134372,77824.0,0.0,0.0,0.0,7.283359328134372,0.0,0.0
2025-04-16,4,Wednesday,7.283359328134372,77824.0,0.0,0.0,0.0,7.283359328134372,0.0,0.0
2025-04-16,5,Wednesday,7.412105578884224,77824.0,0.0,0.0,0.0,7.412105578884224,0.0,0.0
2025-04-16,6,Wednesday,7.7063827234553095,77824.0,0.0,0.211656419027462,0.211656419027462,7.521395013225308,0.0,0.7831859193946742
2025-04-16,7,Wednesday,7.7063827234553095,77824.0,0.0,1.5824459118622312,1.5824459118622312,6.529000834899852,0.0,0.9471212277633935
2025-04-16,8,Wednesday,7.982267546490701,77824.0,0.0,3.003487404200416,3.003487404200416,5.279834202544425,0.0,0.9440390277806213
2025-04-16,9,Wednesday,7.982267546490701,77824.0,0.0,5.0359876247729405,5.0359876247729405,3.4658071283451077,0.0,0.9267640825636279
2025-04-16,10,Wednesday,8.111013797240552,77824.0,0.0,6.916896199125258,6.916896199125258,2.021199385078897,0.0,0.9076907872488753
2025-04-16,11,Wednesday,8.111013797240552,77824.0,0.0,7.113,7.113,1.9774294560243648,0.0,0.9056300784957124
2025-04-16,12,Wednesday,8.258152369526094,77824.0,0.0,7.113,7.113,2.1384929586030923,0.0,0.9056300784957124
2025-04-16,13,Wednesday,8.258152369526094,77824.0,0.0,7.113,7.113,2.1384929586030923,0.0,0.9056300784957124
2025-04-16,14,Wednesday,8.111013797240552,77824.0,0.0,6.89706987175556,6.89706987175556,2.1771295643595714,0.0,0.9078985738355537
2025-04-16,15,Wednesday,8.111013797240552,77824.0,0.0,4.978702380932724,4.978702380932724,3.8168648456000813,0.0,0.9273168930461084
2025-04-16,16,Wednesday,7.982267546490701,77824.0,0.0,2.9206130139001942,2.9206130139001942,5.409350449942741,0.0,0.9445692951497493
2025-04-16,17,Wednesday,7.982267546490701,77824.0,0.0,1.6431882469554902,1.6431882469554902,6.507767640476857,0.0,0.9474536616691863
2025-04-16,18,Wednesday,7.835128974205158,77824.0,0.0,0.22937320628683872,0.22937320628683872,7.6286745142291545,0.0,0.798994841680252
2025-04-16,19,Wednesday,7.7063827234553095,77824.0,0.0,0.0,0.0,7.7063827234553095,0.0,0.0
2025-04-16,20,Wednesday,7.559244151169766,77824.0,0.0,0.0,0.0,7.559244151169766,0.0,0.0
2025-04-16,21,Wednesday,7.283359328134372,77824.0,0.0,0.0,0.0,7.283359328134372,0.0,0.0
2025-04-16,22,Wednesday,7.1362207558488295,77824.0,0.0,0.0,0.0,7.1362207558488295,0.0,0.0
2025-04-16,23,Wednesday,7.00747450509898,77824.0,0.0,0.0,0.0,7.00747450509898,0.0,0.0
2025-04-17,0,Thursday,7.00747450509898,77824.0,0.0,0.0,0.0,7.00747450509898,0.0,0.0
2025-04-17,1,Thursday,7.00747450509898,77824.0,0.0,0.0,0.0,7.00747450509898,0.0,0.0
2025-04-17,2,Thursday,7.1362207558488295,77824.0,0.0,0.0,0.0,7.1362207558488295,0.0,0.0
2025-04-17,3,Thursday,7.283359328134372,77824.0,0.0,0.0,0.0,7.283359328134372,0.0,0.0
2025-04-17,4,Thursday,7.283359328134372,77824.0,0.0,0.0,0.0,7.283359328134372,0.0,0.0
2025-04-17,5,Thursday,7.412105578884224,77824.0,0.0,0.0,0.0,7.412105578884224,0.0,0.0
2025-04-17,6,Thursday,7.7063827234553095,77824.0,0.0,0.199766167961892,0.199766167961892,7.531787092656616,0.0,0.770983536198267
2025-04-17,7,Thursday,7.7063827234553095,77824.0,0.0,1.50252830818455,1.50252830818455,6.605879364587292,0.0,0.9465576157205021
2025-04-17,8,Thursday,7.982267546490701,77824.0,0.0,3.2321415583319824,3.2321415583319824,5.075829749721125,0.0,0.9424657684788591
2025-04-17,9,Thursday,7.982267546490701,77824.0,0.0,4.319135831958491,4.319135831958491,4.115161759010932,0.0,0.9334902452793633
2025-04-17,10,Thursday,8.111013797240552,77824.0,0.0,5.802398263045623,5.802398263045623,2.9653557283504934,0.0,0.9191777329634503
2025-04-17,11,Thursday,8.111013797240552,77824.0,0.0,6.533441642637779,6.533441642637779,2.4058894235881976,0.0,0.9116898929172005
2025-04-17,12,Thursday,8.258152369526094,77824.0,0.0,7.113,7.113,2.0975446716220496,0.0,0.9056300784957124
2025-04-17,13,Thursday,8.258152369526094,77824.0,0.0,7.113,7.113,2.1384929586030923,0.0,0.9056300784957124
2025-04-17,14,Thursday,8.111013797240552,77824.0,0.0,6.384830599849832,6.384830599849832,2.6178338917829143,0.0,0.9132277568470004
2025-04-17,15,Thursday,8.111013797240552,77824.0,0.0,4.991058394409034,4.991058394409034,3.7809393885129268,0.0,0.9271978504504854
2025-04-17,16,Thursday,7.982267546490701,77824.0,0.0,3.077480792378356,3.077480792378356,5.271505649769626,0.0,0.9435467209249696
2025-04-17,17,Thursday,7.982267546490701,77824.0,0.0,1.506643908976797,1.506643908976797,6.631758072569898,0.0,0.9465904614612533
2025-04-17,18,Thursday,7.835128974205158,77824.0,0.0,0.13116275982594658,0.13116275982594658,7.717179427722493,0.0,0.6568926214858458
2025-04-17,19,Thursday,6.0,68690.08708371785,0.0,0.0,0.0,0.0,9.133912916282137,0.6700304739155627
2025-04-17,20,Thursday,6.0,59735.270499127524,0.0,0.0,0.0,0.0,8.954816584590331,0.6834310833938739
2025-04-17,21,Thursday,6.0,50956.03855345072,0.0,0.0,0.0,0.0,8.779231945676795,0.6970997050617515
2025-04-17,22,Thursday,6.0,42348.948410630335,0.0,0.0,0.0,0.0,8.607090142820388,0.7110416991629865
2025-04-17,23,Thursday,6.0,33910.62474119858,0.0,0.0,0.0,0.0,8.438323669431751,0.7252625331462463
2025-04-18,0,Friday,6.0,25637.758398618433,0.0,0.0,0.0,0.0,8.272866342580148,0.7397677838091713
2025-04-18,1,Friday,6.0,17527.105121579076,0.0,0.0,0.0,0.0,8.11065327703936,0.7545631394853548
2025-04-18,2,Friday,6.0,16384.0,0.0,0.0,0.0,5.1374550106995045,1.143105121579076,0.9427069833132566
2025-04-18,3,Friday,7.283359328134372,16384.0,0.0,0.0,0.0,7.283359328134372,0.0,0.0
2025-04-18,4,Friday,7.283359328134372,16384.0,0.0,0.0,0.0,7.283359328134372,0.0,0.0
2025-04-18,5,Friday,7.412105578884224,16384.0,0.0,0.0,0.0,7.412105578884224,0.0,0.0
2025-04-18,6,Friday,7.7063827234553095,16468.68609673992,0.10005446212183136,0.0,0.10005446212183136,7.7063827234553095,0.0,0.0
2025-04-18,7,Friday,7.7063827234553095,17604.25061844405,1.3416405029585634,0.0,1.3416405029585634,7.7063827234553095,0.0,0.0
2025-04-18,8,Friday,7.982267546490701,19866.78156902836,2.6731225786676673,0.0,2.6731225786676673,7.982267546490701,0.0,0.0
2025-04-18,9,Friday,7.982267546490701,21554.80936410468,1.9943617616686178,0.0,1.9943617616686178,7.982267546490701,0.0,0.0
2025-04-18,10,Friday,8.111013797240552,24477.249331512765,3.452788241266642,0.0,3.452788241266642,8.111013797240552,0.0,0.0
2025-04-18,11,Friday,8.111013797240552,26875.414670159647,2.833371146794516,0.0,2.833371146794516,8.111013797240552,0.0,0.0
2025-04-18,12,Friday,8.258152369526094,32259.729180555198,6.3614301871402965,0.0,6.3614301871402965,8.258152369526094,0.0,0.0
2025-04-18,13,Friday,8.258152369526094,38280.1723805552,7.113,0.0,7.113,8.258152369526094,0.0,0.0
2025-04-18,14,Friday,8.111013797240552,43930.61797762435,6.67585727442007,0.0,6.67585727442007,8.111013797240552,0.0,0.0
2025-04-18,15,Friday,8.111013797240552,49233.48899007957,6.26520677274954,0.0,6.26520677274954,8.111013797240552,0.0,0.0
2025-04-18,16,Friday,7.982267546490701,51934.12891991723,3.190737157180615,0.0,3.190737157180615,7.982267546490701,0.0,0.0
2025-04-18,17,Friday,7.982267546490701,53546.28180605335,1.9047174930719653,0.0,1.9047174930719653,7.982267546490701,0.0,0.0
2025-04-18,18,Friday,7.835128974205158,53857.35273968283,0.3675223696000564,0.0,0.3675223696000564,7.835128974205158,0.0,0.0
2025-04-18,19,Friday,7.7063827234553095,53857.35273968283,0.0,0.0,0.0,7.7063827234553095,0.0,0.0
2025-04-18,20,Friday,7.559244151169766,53857.35273968283,0.0,0.0,0.0,7.559244151169766,0.0,0.0
2025-04-18,21,Friday,7.283359328134372,53857.35273968283,0.0,0.0,0.0,7.283359328134372,0.0,0.0
2025-04-18,22,Friday,7.1362207558488295,53857.35273968283,0.0,0.0,0.0,7.1362207558488295,0.0,0.0
2025-04-18,23,Friday,7.00747450509898,53857.35273968283,0.0,0.0,0.0,7.00747450509898,0.0,0.0
2025-04-19,0,Saturday,7.00747450509898,53857.35273968283,0.0,0.0,0.0,7.00747450509898,0.0,0.0
2025-04-19,1,Saturday,7.00747450509898,53857.35273968283,0.0,0.0,0.0,7.00747450509898,0.0,0.0
2025-04-19,2,Saturday,7.1362207558488295,53857.35273968283,0.0,0.0,0.0,7.1362207558488295,0.0,0.0
2025-04-19,3,Saturday,7.283359328134372,53857.35273968283,0.0,0.0,0.0,7.283359328134372,0.0,0.0
2025-04-19,4,Saturday,7.283359328134372,53857.35273968283,0.0,0.0,0.0,7.283359328134372,0.0,0.0
2025-04-19,5,Saturday,7.412105578884224,53857.35273968283,0.0,0.0,0.0,7.412105578884224,0.0,0.0
2025-04-19,6,Saturday,7.7063827234553095,54045.624904168864,0.22243875766307583,0.0,0.22243875766307583,7.7063827234553095,0.0,0.0
2025-04-19,7,Saturday,7.7063827234553095,55007.30785654952,1.136203866234241,0.0,1.136203866234241,7.7063827234553095,0.0,0.0
2025-04-19,8,Saturday,7.982267546490701,57328.317682906505,2.7422138780210132,0.0,2.7422138780210132,7.982267546490701,0.0,0.0
2025-04-19,9,Saturday,7.982267546490701,61449.89077239259,4.869533423305853,0.0,4.869533423305853,7.982267546490701,0.0,0.0
2025-04-19,10,Saturday,8.111013797240552,66275.11883476669,5.700883816604556,0.0,5.700883816604556,8.111013797240552,0.0,0.0
2025-04-19,11,Saturday,8.111013797240552,70455.77942110802,4.939343792936359,0.0,4.939343792936359,8.111013797240552,0.0,0.0
2025-04-19,12,Saturday,8.258152369526094,75816.5935404567,6.333665074844834,0.0,6.333665074844834,8.258152369526094,0.0,0.0
2025-04-19,13,Saturday,8.258152369526094,77824.0,2.371699503241144,2.470590315653769,4.842289818894913,6.0988564336447,0.0,0.9469632495598669
2025-04-19,14,Saturday,8.111013797240552,77824.0,0.0,5.646729927182666,5.646729927182666,3.0311303620702965,0.0,0.9207439026813312
2025-04-19,15,Saturday,8.111013797240552,77824.0,0.0,5.090674558532519,5.090674558532519,3.6581666149519476,0.0,0.9262342412753644
2025-04-19,16,Saturday,7.982267546490701,77824.0,0.0,3.1306372251566716,3.1306372251566716,5.227549321286869,0.0,0.9431828028506398
2025-04-19,17,Saturday,7.982267546490701,77824.0,0.0,1.4207167245290162,1.4207167245290162,6.709271743307546,0.0,0.94580879679602
2025-04-19,18,Saturday,7.835128974205158,77824.0,0.0,0.3925700976728886,0.3925700976728886,7.482397535053972,0.0,0.8766507976918151
2025-04-19,19,Saturday,7.7063827234553095,77824.0,0.0,0.0,0.0,7.7063827234553095,0.0,0.0
2025-04-19,20,Saturday,7.559244151169766,77824.0,0.0,0.0,0.0,7.559244151169766,0.0,0.0
2025-04-19,21,Saturday,7.283359328134372,77824.0,0.0,0.0,0.0,7.283359328134372,0.0,0.0
2025-04-19,22,Saturday,7.1362207558488295,77824.0,0.0,0.0,0.0,7.1362207558488295,0.0,0.0
2025-04-19,23,Saturday,7.00747450509898,77824.0,0.0,0.0,0.0,7.00747450509898,0.0,0.0
2025-04-20,0,Sunday,7.00747450509898,77824.0,0.0,0.0,0.0,7.00747450509898,0.0,0.0
2025-04-20,1,Sunday,7.00747450509898,77824.0,0.0,0.0,0.0,7.00747450509898,0.0,0.0
2025-04-20,2,Sunday,7.1362207558488295,77824.0,0.0,0.0,0.0,7.1362207558488295,0.0,0.0
2025-04-20,3,Sunday,7.283359328134372,77824.0,0.0,0.0,0.0,7.283359328134372,0.0,0.0
2025-04-20,4,Sunday,7.283359328134372,77824.0,0.0,0.0,0.0,7.283359328134372,0.0,0.0
2025-04-20,5,Sunday,7.412105578884224,77824.0,0.0,0.0,0.0,7.412105578884224,0.0,0.0
2025-04-20,6,Sunday,7.7063827234553095,77824.0,0.0,0.26718478465189194,0.26718478465189194,7.472863221669556,0.0,0.8256329715947797
2025-04-20,7,Sunday,7.7063827234553095,77824.0,0.0,1.6918362517311403,1.6918362517311403,6.379388721085182,0.0,0.9476668320053496
2025-04-20,8,Sunday,7.982267546490701,77824.0,0.0,3.197641055142816,3.197641055142816,5.103484096304137,0.0,0.942712617234397
2025-04-20,9,Sunday,7.982267546490701,77824.0,0.0,5.025752070273204,5.025752070273204,3.481319653139182,0.0,0.9268630247484536
2025-04-20,10,Sunday,8.111013797240552,77824.0,0.0,6.7226859588259265,6.7226859588259265,2.1915552071207642,0.0,0.9097215429367377
2025-04-20,11,Sunday,8.111013797240552,77824.0,0.0,7.113,7.113,1.963706929076988,0.0,0.9056300784957124
2025-04-20,12,Sunday,8.258152369526094,77824.0,0.0,7.113,7.113,2.1384929586030923,0.0,0.9056300784957124
2025-04-20,13,Sunday,8.258152369526094,77824.0,0.0,7.113,7.113,2.1384929586030923,0.0,0.9056300784957124
2025-04-20,14,Sunday,8.111013797240552,77824.0,0.0,6.436506126392669,6.436506126392669,2.5733749261815824,0.0,0.9126938242047801
2025-04-20,15,Sunday,8.111013797240552,77824.0,0.0,4.890676550196451,4.890676550196451,3.8705080278704846,0.0,0.9281617778113352
2025-04-20,16,Sunday,7.982267546490701,77824.0,0.0,3.106370735463547,3.106370735463547,5.243213691340197,0.0,0.9433499631347194
2025-04-20,17,Sunday,7.982267546490701,77824.0,0.0,1.6299450656497894,1.6299450656497894,6.521539359777972,0.0,0.9473876953677847
2025-04-20,18,Sunday,7.835128974205158,77824.0,0.0,0.22979015939712705,0.22979015939712705,7.628313623152191,0.0,0.7993371590242133
2025-04-20,19,Sunday,7.7063827234553095,77824.0,0.0,0.0,0.0,7.7063827234553095,0.0,0.0
2025-04-20,20,Sunday,7.559244151169766,77824.0,0.0,0.0,0.0,7.559244151169766,0.0,0.0
2025-04-20,21,Sunday,7.283359328134372,77824.0,0.0,0.0,0.0,7.283359328134372,0.0,0.0
2025-04-20,22,Sunday,7.1362207558488295,77824.0,0.0,0.0,0.0,7.1362207558488295,0.0,0.0
2025-04-20,23,Sunday,7.00747450509898,77824.0,0.0,0.0,0.0,7.00747450509898,0.0,0.0
2025-04-21,0,Monday,7.00747450509898,77824.0,0.0,0.0,0.0,7.00747450509898,0.0,0.0
2025-04-21,1,Monday,7.00747450509898,77824.0,0.0,0.0,0.0,7.00747450509898,0.0,0.0
2025-04-21,2,Monday,7.1362207558488295,77824.0,0.0,0.0,0.0,7.1362207558488295,0.0,0.0
2025-04-21,3,Monday,7.283359328134372,77824.0,0.0,0.0,0.0,7.283359328134372,0.0,0.0
2025-04-21,4,Monday,7.283359328134372,77824.0,0.0,0.0,0.0,7.283359328134372,0.0,0.0
2025-04-21,5,Monday,7.412105578884224,77824.0,0.0,0.0,0.0,7.412105578884224,0.0,0.0
2025-04-21,6,Monday,7.7063827234553095,77824.0,0.0,0.2894794623653915,0.2894794623653915,7.4533776733479575,0.0,0.8380254899728148
2025-04-21,7,Monday,7.7063827234553095,77824.0,0.0,1.7005754348318356,1.7005754348318356,6.352513439545162,0.0,0.9477004719257691
2025-04-21,8,Monday,7.982267546490701,77824.0,0.0,3.099899716083761,3.099899716083761,5.19137994382832,0.0,0.9433942494277607
2025-04-21,9,Monday,7.982267546490701,77824.0,0.0,5.198386514148773,5.198386514148773,3.323345999927465,0.0,0.9251849016603191
2025-04-21,10,Monday,8.111013797240552,77824.0,0.0,7.044934742044807,7.044934742044807,1.9190399035445669,0.0,0.9063464287235731
2025-04-21,11,Monday,8.111013797240552,77824.0,0.0,7.113,7.113,1.9865137571053166,0.0,0.9056300784957124
2025-04-21,12,Monday,8.258152369526094,77824.0,0.0,7.113,7.113,2.1384929586030923,0.0,0.9056300784957124
2025-04-21,13,Monday,8.258152369526094,77824.0,0.0,7.113,7.113,2.1384929586030923,0.0,0.9056300784957124
2025-04-21,14,Monday,8.111013797240552,77824.0,0.0,6.914947662865944,6.914947662865944,2.161748432261276,0.0,0.9077112131979764
2025-04-21,15,Monday,8.111013797240552,77824.0,0.0,5.031349188011352,5.031349188011352,3.7723523255417373,0.0,0.9268089290467733
2025-04-21,16,Monday,7.982267546490701,77824.0,0.0,2.991572163617786,2.991572163617786,5.348282543018399,0.0,0.9441166803801826
2025-04-21,17,Monday,7.982267546490701,77824.0,0.0,1.6390837850487205,1.6390837850487205,6.512155521585777,0.0,0.9474335915934261
2025-04-21,18,Monday,7.835128974205158,77824.0,0.0,0.24052653119575768,0.24052653119575768,7.618640204647069,0.0,0.8077372810778066
2025-04-21,19,Monday,7.7063827234553095,77824.0,0.0,0.0,0.0,7.7063827234553095,0.0,0.0
2025-04-21,20,Monday,7.559244151169766,77824.0,0.0,0.0,0.0,7.559244151169766,0.0,0.0
2025-04-21,21,Monday,7.283359328134372,77824.0,0.0,0.0,0.0,7.283359328134372,0.0,0.0
2025-04-21,22,Monday,7.1362207558488295,77824.0,0.0,0.0,0.0,7.1362207558488295,0.0,0.0
2025-04-21,23,Monday,7.00747450509898,77824.0,0.0,0.0,0.0,7.00747450509898,0.0,0.0
2025-04-22,0,Tuesday,7.00747450509898,77824.0,0.0,0.0,0.0,7.00747450509898,0.0,0.0
2025-04-22,1,Tuesday,7.00747450509898,77824.0,0.0,0.0,0.0,7.00747450509898,0.0,0.0
2025-04-22,2,Tuesday,7.1362207558488295,77824.0,0.0,0.0,0.0,7.1362207558488295,0.0,0.0
2025-04-22,3,Tuesday,7.283359328134372,77824.0,0.0,0.0,0.0,7.283359328134372,0.0,0.0
2025-04-22,4,Tuesday,7.283359328134372,77824.0,0.0,0.0,0.0,7.283359328134372,0.0,0.0
2025-04-22,5,Tuesday,7.412105578884224,77824.0,0.0,0.0,0.0,7.412105578884224,0.0,0.0
2025-04-22,6,Tuesday,7.7063827234553095,77824.0,0.0,0.28874199427916725,0.28874199427916725,7.454022220455317,0.0,0.8376467997090247
2025-04-22,7,Tuesday,7.7063827234553095,77824.0,0.0,1.730412471830145,1.730412471830145,6.329381977710461,0.0,0.9478051810277459
2025-04-22,8,Tuesday,7.982267546490701,77824.0,0.0,3.197430376639755,3.197430376639755,5.103253523383777,0.0,0.9427141149157976
2025-04-22,9,Tuesday,7.982267546490701,77824.0,0.0,5.0959638275730645,5.0959638275730645,3.418432368604912,0.0,0.9261828889867731
2025-04-22,10,Tuesday,8.111013797240552,77824.0,0.0,6.839494851680937,6.839494851680937,2.093121851347542,0.0,0.9085013802108
2025-04-22,11,Tuesday,8.111013797240552,77824.0,0.0,7.113,7.113,1.9719519956731038,0.0,0.9056300784957124
2025-04-22,12,Tuesday,8.258152369526094,77824.0,0.0,7.113,7.113,2.1384929586030923,0.0,0.9056300784957124
2025-04-22,13,Tuesday,8.258152369526094,77824.0,0.0,7.113,7.113,2.1384929586030923,0.0,0.9056300784957124
2025-04-22,14,Tuesday,8.111013797240552,77824.0,0.0,6.961072322779293,6.961072322779293,2.1220651468522576,0.0,0.9072274330583411
2025-04-22,15,Tuesday,8.111013797240552,77824.0,0.0,5.047257238546167,5.047257238546167,3.760954080154751,0.0,0.9266550613880917
2025-04-22,16,Tuesday,7.982267546490701,77824.0,0.0,3.0032043271530773,3.0032043271530773,5.338479780858634,0.0,0.9440408779707126
2025-04-22,17,Tuesday,7.982267546490701,77824.0,0.0,1.7117867432161984,1.7117867432161984,6.4470707195244765,0.0,0.9477416352928317
2025-04-22,18,Tuesday,7.835128974205158,77824.0,0.0,0.2723396322505212,0.2723396322505212,7.589926746202209,0.0,0.8286823278706287
2025-04-22,19,Tuesday,7.7063827234553095,77824.0,0.0,0.0,0.0,7.7063827234553095,0.0,0.0
2025-04-22,20,Tuesday,7.559244151169766,77824.0,0.0,0.0,0.0,7.559244151169766,0.0,0.0
2025-04-22,21,Tuesday,7.283359328134372,77824.0,0.0,0.0,0.0,7.283359328134372,0.0,0.0
2025-04-22,22,Tuesday,7.1362207558488295,77824.0,0.0,0.0,0.0,7.1362207558488295,0.0,0.0
2025-04-22,23,Tuesday,7.00747450509898,77824.0,0.0,0.0,0.0,7.00747450509898,0.0,0.0
2025-04-23,0,Wednesday,7.00747450509898,77824.0,0.0,0.0,0.0,7.00747450509898,0.0,0.0
2025-04-23,1,Wednesday,7.00747450509898,77824.0,0.0,0.0,0.0,7.00747450509898,0.0,0.0
2025-04-23,2,Wednesday,7.1362207558488295,77824.0,0.0,0.0,0.0,7.1362207558488295,0.0,0.0
2025-04-23,3,Wednesday,7.283359328134372,77824.0,0.0,0.0,0.0,7.283359328134372,0.0,0.0
2025-04-23,4,Wednesday,7.283359328134372,77824.0,0.0,0.0,0.0,7.283359328134372,0.0,0.0
2025-04-23,5,Wednesday,7.412105578884224,77824.0,0.0,0.0,0.0,7.412105578884224,0.0,0.0
2025-04-23,6,Wednesday,7.7063827234553095,77824.0,0.0,0.31058734993845316,0.31058734993845316,7.434929379609102,0.0,0.8480851152348916
2025-04-23,7,Wednesday,7.7063827234553095,77824.0,0.0,1.7505548558423347,1.7505548558423347,6.295994182645366,0.0,0.9478672939969219
2025-04-23,8,Wednesday,7.982267546490701,77824.0,0.0,3.1279133162991184,3.1279133162991184,5.165663152062187,0.0,0.9432016511966056
2025-04-23,9,Wednesday,7.982267546490701,77824.0,0.0,5.163154311535169,5.163154311535169,3.355866658068998,0.0,0.9255289569432704
2025-04-23,10,Wednesday,8.111013797240552,77824.0,0.0,6.9561597964309225,6.9561597964309225,1.9947928425551993,0.0,0.9072789847937878
2025-04-23,11,Wednesday,8.111013797240552,77824.0,0.0,7.113,7.113,1.9802121493442506,0.0,0.9056300784957124
2025-04-23,12,Wednesday,8.258152369526094,77824.0,0.0,7.113,7.113,2.1384929586030923,0.0,0.9056300784957124
2025-04-23,13,Wednesday,8.258152369526094,77824.0,0.0,7.113,7.113,2.1384929586030923,0.0,0.9056300784957124
2025-04-23,14,Wednesday,8.111013797240552,77824.0,0.0,6.920991677219667,6.920991677219667,2.156548473127364,0.0,0.9076478522409883
2025-04-23,15,Wednesday,8.111013797240552,77824.0,0.0,5.059831353971733,5.059831353971733,3.7480959891632004,0.0,0.926533318309681
2025-04-23,16,Wednesday,7.982267546490701,77824.0,0.0,3.0266093846584634,3.0266093846584634,5.318225831915615,0.0,0.9438870329321987
2025-04-23,17,Wednesday,7.982267546490701,77824.0,0.0,1.7165057612353685,1.7165057612353685,6.443089393006398,0.0,0.9477583015384098
2025-04-23,18,Wednesday,7.835128974205158,77824.0,0.0,0.3158970320304295,0.3158970320304295,7.550704641393883,0.0,0.8503989305108979
2025-04-23,19,Wednesday,7.7063827234553095,77824.0,0.0,0.0,0.0,7.7063827234553095,0.0,0.0
2025-04-23,20,Wednesday,7.559244151169766,77824.0,0.0,0.0,0.0,7.559244151169766,0.0,0.0
2025-04-23,21,Wednesday,7.283359328134372,77824.0,0.0,0.0,0.0,7.283359328134372,0.0,0.0
2025-04-23,22,Wednesday,7.1362207558488295,77824.0,0.0,0.0,0.0,7.1362207558488295,0.0,0.0
2025-04-23,23,Wednesday,7.00747450509898,77824.0,0.0,0.0,0.0,7.00747450509898,0.0,0.0
2025-04-24,0,Thursday,7.00747450509898,77824.0,0.0,0.0,0.0,7.00747450509898,0.0,0.0
2025-04-24,1,Thursday,7.00747450509898,77824.0,0.0,0.0,0.0,7.00747450509898,0.0,0.0
2025-04-24,2,Thursday,7.1362207558488295,77824.0,0.0,0.0,0.0,7.1362207558488295,0.0,0.0
2025-04-24,3,Thursday,7.283359328134372,77824.0,0.0,0.0,0.0,7.283359328134372,0.0,0.0
2025-04-24,4,Thursday,7.283359328134372,77824.0,0.0,0.0,0.0,7.283359328134372,0.0,0.0
2025-04-24,5,Thursday,7.412105578884224,77824.0,0.0,0.0,0.0,7.412105578884224,0.0,0.0
2025-04-24,6,Thursday,7.7063827234553095,77824.0,0.0,0.09921204665410595,0.09921204665410595,7.619671394679621,0.0,0.5495333897889633
2025-04-24,7,Thursday,7.7063827234553095,77824.0,0.0,0.72358911958191,0.72358911958191,7.328628160841964,0.0,0.9240039606200624
2025-04-24,8,Thursday,7.982267546490701,77824.0,0.0,1.2759641814384945,1.2759641814384945,6.862221387095121,0.0,0.9439556142420633
2025-04-24,9,Thursday,7.982267546490701,77824.0,0.0,2.0714195715868904,2.0714195715868904,6.124705819142883,0.0,0.9480916808376036
2025-04-24,10,Thursday,8.111013797240552,77824.0,0.0,2.244457976297473,2.244457976297473,6.089459458689177,0.0,0.9477519734498411
2025-04-24,11,Thursday,8.111013797240552,77824.0,0.0,2.9477117057462685,2.9477117057462685,5.456999190272441,0.0,0.9443984701765472
2025-04-24,12,Thursday,8.258152369526094,77824.0,0.0,2.438431303164291,2.438431303164291,6.070444116804081,0.0,0.9470956572944078
2025-04-24,13,Thursday,8.258152369526094,77824.0,0.0,2.1208529183786924,2.1208529183786924,6.349934310207296,0.0,0.9480218213514576
2025-04-24,14,Thursday,8.111013797240552,77824.0,0.0,1.7228800305886256,1.7228800305886256,6.559352325900303,0.0,0.9477802008289066
2025-04-24,15,Thursday,8.111013797240552,77824.0,0.0,1.5518706465399155,1.5518706465399155,6.7137231378543705,0.0,0.9469235368905841
2025-04-24,16,Thursday,7.982267546490701,77824.0,0.0,1.305650398532634,1.305650398532634,6.807734007835634,0.0,0.9443989887327457
2025-04-24,17,Thursday,7.982267546490701,77824.0,0.0,0.7869583043852434,0.7869583043852434,7.276225050996254,0.0,0.9281640165017732
2025-04-24,18,Thursday,7.835128974205158,77824.0,0.0,0.06591849822148374,0.06591849822148374,7.777004955037692,0.0,0.32655926065828916
2025-04-24,19,Thursday,6.0,59450.6120032701,0.0,0.0,0.0,8.881784197001252e-16,18.373387996729896,0.333090445871455
2025-04-24,20,Thursday,6.0,41437.486516280005,0.0,0.0,0.0,0.0,18.013125486990095,0.33975225478888404
2025-04-24,21,Thursday,6.0,23777.5595682505,0.0,0.0,0.0,8.881784197001252e-16,17.659926948029504,0.34654729988466176
2025-04-24,22,Thursday,6.0,16384.0,0.0,0.0,0.0,3.437781895086384,7.393559568250499,0.8277474393092832
2025-04-24,23,Thursday,6.0,16384.0,0.0,0.0,0.0,6.0,0.0,0.0
2025-04-25,0,Friday,6.0,16384.0,0.0,0.0,0.0,6.0,0.0,0.0
2025-04-25,1,Friday,6.0,16384.0,0.0,0.0,0.0,6.0,0.0,0.0
2025-04-25,2,Friday,6.0,16384.0,0.0,0.0,0.0,6.0,0.0,0.0
2025-04-25,3,Friday,7.283359328134372,16384.0,0.0,0.0,0.0,7.283359328134372,0.0,0.0
2025-04-25,4,Friday,7.283359328134372,16384.0,0.0,0.0,0.0,7.283359328134372,0.0,0.0
2025-04-25,5,Friday,7.412105578884224,16384.0,0.0,0.0,0.0,7.412105578884224,0.0,0.0
2025-04-25,6,Friday,7.7063827234553095,16439.80782134824,0.06593551671578125,0.0,0.06593551671578125,7.7063827234553095,0.0,0.0
2025-04-25,7,Friday,7.7063827234553095,16967.19382827258,0.623093108369963,0.0,0.623093108369963,7.7063827234553095,0.0,0.0
2025-04-25,8,Friday,7.982267546490701,17988.271336977057,1.206377018790735,0.0,1.206377018790735,7.982267546490701,0.0,0.0
2025-04-25,9,Friday,7.982267546490701,19371.482909045153,1.6342291730483183,0.0,1.6342291730483183,7.982267546490701,0.0,0.0
2025-04-25,10,Friday,8.111013797240552,21635.419946433234,2.6747838343431987,0.0,2.6747838343431987,8.111013797240552,0.0,0.0
2025-04-25,11,Friday,8.111013797240552,23999.214301984368,2.7927627074091816,0.0,2.7927627074091816,8.111013797240552,0.0,0.0
2025-04-25,12,Friday,8.258152369526094,26079.54943223255,2.457862866550311,0.0,2.457862866550311,8.258152369526094,0.0,0.0
2025-04-25,13,Friday,8.258152369526094,28519.86059173052,2.883165358575104,0.0,2.883165358575104,8.258152369526094,0.0,0.0
2025-04-25,14,Friday,8.111013797240552,30723.319532299647,2.603330506343487,0.0,2.603330506343487,8.111013797240552,0.0,0.0
2025-04-25,15,Friday,8.111013797240552,32109.012997593367,1.6371614665568504,0.0,1.6371614665568504,8.111013797240552,0.0,0.0
2025-04-25,16,Friday,7.982267546490701,32879.32863111343,0.9101082626654796,0.0,0.9101082626654796,7.982267546490701,0.0,0.0
2025-04-25,17,Friday,7.982267546490701,33348.850609118585,0.5547282348832165,0.0,0.5547282348832165,7.982267546490701,0.0,0.0
2025-04-25,18,Friday,7.835128974205158,33385.8215395183,0.04368021077470849,0.0,0.04368021077470849,7.835128974205158,0.0,0.0
2025-04-25,19,Friday,7.7063827234553095,33385.8215395183,0.0,0.0,0.0,7.7063827234553095,0.0,0.0
2025-04-25,20,Friday,7.559244151169766,33385.8215395183,0.0,0.0,0.0,7.559244151169766,0.0,0.0
2025-04-25,21,Friday,7.283359328134372,33385.8215395183,0.0,0.0,0.0,7.283359328134372,0.0,0.0
2025-04-25,22,Friday,7.1362207558488295,33385.8215395183,0.0,0.0,0.0,7.1362207558488295,0.0,0.0
2025-04-25,23,Friday,7.00747450509898,33385.8215395183,0.0,0.0,0.0,7.00747450509898,0.0,0.0
2025-04-26,0,Saturday,7.00747450509898,33385.8215395183,0.0,0.0,0.0,7.00747450509898,0.0,0.0
2025-04-26,1,Saturday,7.00747450509898,33385.8215395183,0.0,0.0,0.0,7.00747450509898,0.0,0.0
2025-04-26,2,Saturday,7.1362207558488295,33385.8215395183,0.0,0.0,0.0,7.1362207558488295,0.0,0.0
2025-04-26,3,Saturday,7.283359328134372,33385.8215395183,0.0,0.0,0.0,7.283359328134372,0.0,0.0
2025-04-26,4,Saturday,7.283359328134372,33385.8215395183,0.0,0.0,0.0,7.283359328134372,0.0,0.0
2025-04-26,5,Saturday,7.412105578884224,33385.8215395183,0.0,0.0,0.0,7.412105578884224,0.0,0.0
2025-04-26,6,Saturday,7.7063827234553095,33769.16094181821,0.45290572105377747,0.0,0.45290572105377747,7.7063827234553095,0.0,0.0
2025-04-26,7,Saturday,7.7063827234553095,35102.14421198663,1.5748857161725205,0.0,1.5748857161725205,7.7063827234553095,0.0,0.0
2025-04-26,8,Saturday,7.982267546490701,37831.37612732526,3.22451785838684,0.0,3.22451785838684,7.982267546490701,0.0,0.0
2025-04-26,9,Saturday,7.982267546490701,42336.14324054809,5.322267383297297,0.0,5.322267383297297,7.982267546490701,0.0,0.0
2025-04-26,10,Saturday,8.111013797240552,48356.58644054809,7.113,0.0,7.113,8.111013797240552,0.0,0.0
2025-04-26,11,Saturday,8.111013797240552,54377.02964054809,7.113,0.0,7.113,8.111013797240552,0.0,0.0
2025-04-26,12,Saturday,8.258152369526094,60397.4728405481,7.113,0.0,7.113,8.258152369526094,0.0,0.0
2025-04-26,13,Saturday,8.258152369526094,66417.9160405481,7.113,0.0,7.113,8.258152369526094,0.0,0.0
2025-04-26,14,Saturday,8.111013797240552,72415.34677095254,7.085811354447587,0.0,7.085811354447587,8.111013797240552,0.0,0.0
2025-04-26,15,Saturday,8.111013797240552,76755.07367447877,5.127276587341945,0.0,5.127276587341945,8.111013797240552,0.0,0.0
2025-04-26,16,Saturday,7.982267546490701,77824.0,1.262909174765161,1.8024165106389356,3.0653256854040967,6.406955516192271,0.0,0.9479972121872768
2025-04-26,17,Saturday,7.982267546490701,77824.0,0.0,1.7479192353464579,1.7479192353464579,6.40809611236559,0.0,0.9478595488845086
2025-04-26,18,Saturday,7.835128974205158,77824.0,0.0,0.2829897432066179,0.2829897432066179,7.580306170387129,0.0,0.8346237735778838
2025-04-26,19,Saturday,7.7063827234553095,77824.0,0.0,0.0,0.0,7.7063827234553095,0.0,0.0
2025-04-26,20,Saturday,7.559244151169766,77824.0,0.0,0.0,0.0,7.559244151169766,0.0,0.0
2025-04-26,21,Saturday,7.283359328134372,77824.0,0.0,0.0,0.0,7.283359328134372,0.0,0.0
2025-04-26,22,Saturday,7.1362207558488295,77824.0,0.0,0.0,0.0,7.1362207558488295,0.0,0.0
2025-04-26,23,Saturday,7.00747450509898,77824.0,0.0,0.0,0.0,7.00747450509898,0.0,0.0
2025-04-27,0,Sunday,7.00747450509898,77824.0,0.0,0.0,0.0,7.00747450509898,0.0,0.0
2025-04-27,1,Sunday,7.00747450509898,77824.0,0.0,0.0,0.0,7.00747450509898,0.0,0.0
2025-04-27,2,Sunday,7.1362207558488295,77824.0,0.0,0.0,0.0,7.1362207558488295,0.0,0.0
2025-04-27,3,Sunday,7.283359328134372,77824.0,0.0,0.0,0.0,7.283359328134372,0.0,0.0
2025-04-27,4,Sunday,7.283359328134372,77824.0,0.0,0.0,0.0,7.283359328134372,0.0,0.0
2025-04-27,5,Sunday,7.412105578884224,77824.0,0.0,0.0,0.0,7.412105578884224,0.0,0.0
2025-04-27,6,Sunday,7.7063827234553095,77824.0,0.0,0.5166608665717095,0.5166608665717095,7.2548211260716355,0.0,0.9020785678707925
2025-04-27,7,Sunday,7.7063827234553095,77824.0,0.0,1.7086337286905984,1.7086337286905984,6.242126949812009,0.0,0.94773028282448
2025-04-27,8,Sunday,7.982267546490701,77824.0,0.0,3.125375582301879,3.125375582301879,5.168355116170401,0.0,0.9432191921461597
2025-04-27,9,Sunday,7.982267546490701,77824.0,0.0,4.15982775403599,4.15982775403599,4.2548196415431505,0.0,0.9349173388097207
2025-04-27,10,Sunday,8.111013797240552,77824.0,0.0,5.950014511159339,5.950014511159339,2.826380651220857,0.0,0.9176824993126136
2025-04-27,11,Sunday,8.111013797240552,77824.0,0.0,7.113,7.113,1.9099119605104633,0.0,0.9056300784957124
2025-04-27,12,Sunday,8.258152369526094,77824.0,0.0,6.7156924255897685,6.7156924255897685,2.480315963913167,0.0,0.9097944729905474
2025-04-27,13,Sunday,8.258152369526094,77824.0,0.0,6.247915964476035,6.247915964476035,2.8580489279458776,0.0,0.914638002735069
2025-04-27,14,Sunday,8.111013797240552,77824.0,0.0,5.616324009022648,5.616324009022648,3.2309555916313366,0.0,0.9210484658466939
2025-04-27,15,Sunday,8.111013797240552,77824.0,0.0,5.619151704353155,5.619151704353155,3.19427829341896,0.0,0.9210201612230363
2025-04-27,16,Sunday,7.982267546490701,77824.0,0.0,3.3044845106074847,3.3044845106074847,5.090945532607906,0.0,0.9419382301245959
2025-04-27,17,Sunday,7.982267546490701,77824.0,0.0,1.6912432562051267,1.6912432562051267,6.468873201003686,0.0,0.9476644994777484
2025-04-27,18,Sunday,7.835128974205158,77824.0,0.0,0.3139228866919214,0.3139228866919214,7.552510077678225,0.0,0.8495480314588556
2025-04-27,19,Sunday,7.7063827234553095,77824.0,0.0,0.0,0.0,7.7063827234553095,0.0,0.0
2025-04-27,20,Sunday,7.559244151169766,77824.0,0.0,0.0,0.0,7.559244151169766,0.0,0.0
2025-04-27,21,Sunday,7.283359328134372,77824.0,0.0,0.0,0.0,7.283359328134372,0.0,0.0
2025-04-27,22,Sunday,7.1362207558488295,77824.0,0.0,0.0,0.0,7.1362207558488295,0.0,0.0
2025-04-27,23,Sunday,7.00747450509898,77824.0,0.0,0.0,0.0,7.00747450509898,0.0,0.0
2025-04-28,0,Monday,7.00747450509898,77824.0,0.0,0.0,0.0,7.00747450509898,0.0,0.0
2025-04-28,1,Monday,7.00747450509898,77824.0,0.0,0.0,0.0,7.00747450509898,0.0,0.0
2025-04-28,2,Monday,7.1362207558488295,77824.0,0.0,0.0,0.0,7.1362207558488295,0.0,0.0
2025-04-28,3,Monday,7.283359328134372,77824.0,0.0,0.0,0.0,7.283359328134372,0.0,0.0
2025-04-28,4,Monday,7.283359328134372,77824.0,0.0,0.0,0.0,7.283359328134372,0.0,0.0
2025-04-28,5,Monday,7.412105578884224,77824.0,0.0,0.0,0.0,7.412105578884224,0.0,0.0
2025-04-28,6,Monday,7.7063827234553095,77824.0,0.0,0.4830405508431119,0.4830405508431119,7.28420528201843,0.0,0.8965514328399534
2025-04-28,7,Monday,7.7063827234553095,77824.0,0.0,1.5696241557464081,1.5696241557464081,6.369496376893397,0.0,0.9470409169098192
2025-04-28,8,Monday,7.982267546490701,77824.0,0.0,3.264490079189577,3.264490079189577,5.045242152543931,0.0,0.9422315049881352
2025-04-28,9,Monday,7.982267546490701,77824.0,0.0,5.3326399297279545,5.3326399297279545,3.208915267270676,0.0,0.9238668933052032
2025-04-28,10,Monday,8.111013797240552,77824.0,0.0,7.113,7.113,1.8681218457646374,0.0,0.9056300784957124
2025-04-28,11,Monday,8.111013797240552,77824.0,0.0,7.113,7.113,1.9913543863175507,0.0,0.9056300784957124
2025-04-28,12,Monday,8.258152369526094,77824.0,0.0,7.113,7.113,2.1384929586030923,0.0,0.9056300784957124
2025-04-28,13,Monday,8.258152369526094,77824.0,0.0,7.113,7.113,2.1384929586030923,0.0,0.9056300784957124
2025-04-28,14,Monday,8.111013797240552,77824.0,0.0,6.988003770631934,6.988003770631934,2.098894714081106,0.0,0.9069447049802928
2025-04-28,15,Monday,8.111013797240552,77824.0,0.0,5.091927810871763,5.091927810871763,3.7238216793391157,0.0,0.9262220754185557
2025-04-28,16,Monday,7.982267546490701,77824.0,0.0,3.0850109078373493,3.0850109078373493,5.267732601032009,0.0,0.9434956756110501
2025-04-28,17,Monday,7.982267546490701,77824.0,0.0,1.7059363473503195,1.7059363473503195,6.453201158227602,0.0,0.947720432107023
2025-04-28,18,Monday,7.835128974205158,77824.0,0.0,0.29377429181647463,0.29377429181647463,7.570633870362027,0.0,0.8401922705066466
2025-04-28,19,Monday,7.7063827234553095,77824.0,0.0,0.0,0.0,7.7063827234553095,0.0,0.0
2025-04-28,20,Monday,7.559244151169766,77824.0,0.0,0.0,0.0,7.559244151169766,0.0,0.0
2025-04-28,21,Monday,7.283359328134372,77824.0,0.0,0.0,0.0,7.283359328134372,0.0,0.0
2025-04-28,22,Monday,7.1362207558488295,77824.0,0.0,0.0,0.0,7.1362207558488295,0.0,0.0
2025-04-28,23,Monday,7.00747450509898,77824.0,0.0,0.0,0.0,7.00747450509898,0.0,0.0
2025-04-29,0,Tuesday,7.00747450509898,77824.0,0.0,0.0,0.0,7.00747450509898,0.0,0.0
2025-04-29,1,Tuesday,7.00747450509898,77824.0,0.0,0.0,0.0,7.00747450509898,0.0,0.0
2025-04-29,2,Tuesday,7.1362207558488295,77824.0,0.0,0.0,0.0,7.1362207558488295,0.0,0.0
2025-04-29,3,Tuesday,7.283359328134372,77824.0,0.0,0.0,0.0,7.283359328134372,0.0,0.0
2025-04-29,4,Tuesday,7.283359328134372,77824.0,0.0,0.0,0.0,7.283359328134372,0.0,0.0
2025-04-29,5,Tuesday,7.412105578884224,77824.0,0.0,0.0,0.0,7.412105578884224,0.0,0.0
2025-04-29,6,Tuesday,7.7063827234553095,77824.0,0.0,0.5103125278624447,0.5103125278624447,7.260369574103533,0.0,0.9010945519901833
2025-04-29,7,Tuesday,7.7063827234553095,77824.0,0.0,1.6328492107618058,1.6328492107618058,6.308598771818323,0.0,0.9474024625855013
2025-04-29,8,Tuesday,7.982267546490701,77824.0,0.0,3.336032750569681,3.336032750569681,4.9797301854928815,0.0,0.9417041386089613
2025-04-29,9,Tuesday,7.982267546490701,77824.0,0.0,5.399178284198969,5.399178284198969,3.1520604379387906,0.0,0.923209748804372
2025-04-29,10,Tuesday,8.111013797240552,77824.0,0.0,7.113,7.113,1.8725624011573299,0.0,0.9056300784957124
2025-04-29,11,Tuesday,8.111013797240552,77824.0,0.0,7.113,7.113,1.9913543863175507,0.0,0.9056300784957124
2025-04-29,12,Tuesday,8.258152369526094,77824.0,0.0,7.113,7.113,2.1384929586030923,0.0,0.9056300784957124
2025-04-29,13,Tuesday,8.258152369526094,77824.0,0.0,7.113,7.113,2.1384929586030923,0.0,0.9056300784957124
2025-04-29,14,Tuesday,8.111013797240552,77824.0,0.0,6.847644466309108,6.847644466309108,2.219652641483017,0.0,0.9084161090332863
2025-04-29,15,Tuesday,8.111013797240552,77824.0,0.0,5.027077785981885,5.027077785981885,3.7726692771986876,0.0,0.926850213765094
2025-04-29,16,Tuesday,7.982267546490701,77824.0,0.0,3.198219200800977,3.198219200800977,5.166210904057188,0.0,0.9427085066730371
2025-04-29,17,Tuesday,7.982267546490701,77824.0,0.0,1.7342735709236048,1.7342735709236048,6.42909882069319,0.0,0.947817612482296
2025-04-29,18,Tuesday,7.835128974205158,77824.0,0.0,0.28439093257044407,0.28439093257044407,7.579055776220653,0.0,0.8353716624030396
2025-04-29,19,Tuesday,7.7063827234553095,77824.0,0.0,0.0,0.0,7.7063827234553095,0.0,0.0
2025-04-29,20,Tuesday,7.559244151169766,77824.0,0.0,0.0,0.0,7.559244151169766,0.0,0.0
2025-04-29,21,Tuesday,7.283359328134372,77824.0,0.0,0.0,0.0,7.283359328134372,0.0,0.0
2025-04-29,22,Tuesday,7.1362207558488295,77824.0,0.0,0.0,0.0,7.1362207558488295,0.0,0.0
2025-04-29,23,Tuesday,7.00747450509898,77824.0,0.0,0.0,0.0,7.00747450509898,0.0,0.0
2025-04-30,0,Wednesday,7.00747450509898,77824.0,0.0,0.0,0.0,7.00747450509898,0.0,0.0
2025-04-30,1,Wednesday,7.00747450509898,77824.0,0.0,0.0,0.0,7.00747450509898,0.0,0.0
2025-04-30,2,Wednesday,7.1362207558488295,77824.0,0.0,0.0,0.0,7.1362207558488295,0.0,0.0
2025-04-30,3,Wednesday,7.283359328134372,77824.0,0.0,0.0,0.0,7.283359328134372,0.0,0.0
2025-04-30,4,Wednesday,7.283359328134372,77824.0,0.0,0.0,0.0,7.283359328134372,0.0,0.0
2025-04-30,5,Wednesday,7.412105578884224,77824.0,0.0,0.0,0.0,7.412105578884224,0.0,0.0
2025-04-30,6,Wednesday,7.7063827234553095,77824.0,0.0,0.5082388706901508,0.5082388706901508,7.262181950472118,0.0,0.9007674094532493
2025-04-30,7,Wednesday,7.7063827234553095,77824.0,0.0,1.5688279442792077,1.5688279442792077,6.363891094371374,0.0,0.9470358076482007
2025-04-30,8,Wednesday,7.982267546490701,77824.0,0.0,3.3567657244608426,3.3567657244608426,4.962239074487658,0.0,0.9415490124339599
2025-04-30,9,Wednesday,7.982267546490701,77824.0,0.0,5.478366182637768,5.478366182637768,3.0820247909272176,0.0,0.92242446536309
2025-04-30,10,Wednesday,8.111013797240552,77824.0,0.0,7.113,7.113,1.8778688362192764,0.0,0.9056300784957124
2025-04-30,11,Wednesday,8.111013797240552,77824.0,0.0,7.113,7.113,1.9913543863175507,0.0,0.9056300784957124
2025-04-30,12,Wednesday,8.258152369526094,77824.0,0.0,7.113,7.113,2.1384929586030923,0.0,0.9056300784957124
2025-04-30,13,Wednesday,8.258152369526094,77824.0,0.0,7.113,7.113,2.1384929586030923,0.0,0.9056300784957124
2025-04-30,14,Wednesday,8.111013797240552,77824.0,0.0,7.113,7.113,1.9913543863175507,0.0,0.9056300784957124
2025-04-30,15,Wednesday,8.111013797240552,77824.0,0.0,5.241040463172013,5.241040463172013,3.601892105481962,0.0,0.9247673341712094
2025-04-30,16,Wednesday,7.982267546490701,77824.0,0.0,3.1258438544184,3.1258438544184,5.236123172619037,0.0,0.9432159568162521
2025-04-30,17,Wednesday,7.982267546490701,77824.0,0.0,1.8010974358959007,1.8010974358959007,6.368384897238743,0.0,0.9479944224953631
2025-04-30,18,Wednesday,7.835128974205158,77824.0,0.0,0.30725172505614645,0.30725172505614645,7.558419698632618,0.0,0.8465895705114553
2025-04-30,19,Wednesday,7.7063827234553095,77824.0,0.0,0.0,0.0,7.7063827234553095,0.0,0.0
2025-04-30,20,Wednesday,7.559244151169766,77824.0,0.0,0.0,0.0,7.559244151169766,0.0,0.0
2025-04-30,21,Wednesday,7.283359328134372,77824.0,0.0,0.0,0.0,7.283359328134372,0.0,0.0
2025-04-30,22,Wednesday,7.1362207558488295,77824.0,0.0,0.0,0.0,7.1362207558488295,0.0,0.0
2025-04-30,23,Wednesday,7.00747450509898,77824.0,0.0,0.0,0.0,7.00747450509898,0.0,0.0
2025-05-01,0,Thursday,7.00747450509898,77824.0,0.0,0.0,0.0,7.00747450509898,0.0,0.0
2025-05-01,1,Thursday,7.00747450509898,77824.0,0.0,0.0,0.0,7.00747450509898,0.0,0.0
2025-05-01,2,Thursday,7.1362207558488295,77824.0,0.0,0.0,0.0,7.1362207558488295,0.0,0.0
2025-05-01,3,Thursday,7.283359328134372,77824.0,0.0,0.0,0.0,7.283359328134372,0.0,0.0
2025-05-01,4,Thursday,7.283359328134372,77824.0,0.0,0.0,0.0,7.283359328134372,0.0,0.0
2025-05-01,5,Thursday,7.412105578884224,77824.0,0.0,0.0,0.0,7.412105578884224,0.0,0.0
2025-05-01,6,Thursday,7.7063827234553095,77824.0,0.0,0.5785045860059553,0.5785045860059553,7.200769715286104,0.0,0.9104515030863043
2025-05-01,7,Thursday,7.7063827234553095,77824.0,0.0,1.7536974474195826,1.7536974474195826,6.189559070341624,0.0,0.9478763804410374
2025-05-01,8,Thursday,7.982267546490701,77824.0,0.0,3.3217119239949797,3.3217119239949797,4.991123884875715,0.0,0.9418106963598888
2025-05-01,9,Thursday,7.982267546490701,77824.0,0.0,4.894436706235035,4.894436706235035,3.6031163460315128,0.0,0.9281258039320938
2025-05-01,10,Thursday,8.111013797240552,77824.0,0.0,6.514504500501639,6.514504500501639,2.367048056830593,0.0,0.9118862556205031
2025-05-01,11,Thursday,8.111013797240552,77824.0,0.0,7.113,7.113,1.9490792078233463,0.0,0.9056300784957124
2025-05-01,12,Thursday,8.258152369526094,77824.0,0.0,7.113,7.113,2.1384929586030923,0.0,0.9056300784957124
2025-05-01,13,Thursday,8.258152369526094,77824.0,0.0,7.113,7.113,2.1384929586030923,0.0,0.9056300784957124
2025-05-01,14,Thursday,8.111013797240552,77824.0,0.0,6.826770471727955,6.826770471727955,2.237611552966513,0.0,0.9086344816983003
2025-05-01,15,Thursday,8.111013797240552,77824.0,0.0,4.412042262249055,4.412042262249055,4.30252674976037,0.0,0.9326450135477939
2025-05-01,16,Thursday,7.982267546490701,77824.0,0.0,2.8971233649721464,2.8971233649721464,5.415379269515327,0.0,0.9447152791204415
2025-05-01,17,Thursday,7.982267546490701,77824.0,0.0,1.3415419544132432,1.3415419544132432,6.778261123671176,0.0,0.9448888377494334
2025-05-01,18,Thursday,7.835128974205158,77824.0,0.0,0.40679593708466183,0.40679593708466183,7.4699708810216965,0.0,0.8803969313910474
2025-05-01,19,Thursday,6.0,71008.89219343387,0.0,0.0,0.0,0.0,6.815107806566139,0.8980048700188683
2025-05-01,20,Thursday,6.0,64327.41395170236,0.0,0.0,0.0,0.0,6.681478241731509,0.9064704974376531
2025-05-01,21,Thursday,6.0,57708.334768253604,0.0,0.0,0.0,0.0,6.619079183448747,0.9071604781602974
2025-05-01,22,Thursday,6.0,51094.290016030856,0.0,0.0,0.0,0.0,6.614044752222755,0.9072160982619992
2025-05-01,23,Thursday,6.0,44480.650761288234,0.0,0.0,0.0,0.0,6.613639254742624,0.9072205778568962
2025-05-02,0,Friday,6.0,37867.04416279854,0.0,0.0,0.0,0.0,6.6136065984896915,0.907220938613634
2025-05-02,1,Friday,6.0,31253.440194211933,0.0,0.0,0.0,0.0,6.613603968586611,0.9072209676664105
2025-05-02,2,Friday,6.0,24639.836437418882,0.0,0.0,0.0,0.0,6.613603756793052,0.907220970006113
2025-05-02,3,Friday,7.283359328134372,24639.836437418882,0.0,0.0,0.0,7.283359328134372,0.0,0.0
2025-05-02,4,Friday,7.283359328134372,24639.836437418882,0.0,0.0,0.0,7.283359328134372,0.0,0.0
2025-05-02,5,Friday,7.412105578884224,24639.836437418882,0.0,0.0,0.0,7.412105578884224,0.0,0.0
2025-05-02,6,Friday,7.7063827234553095,24983.154471358386,0.40562149567521577,0.0,0.40562149567521577,7.7063827234553095,0.0,0.0
2025-05-02,7,Friday,7.7063827234553095,26068.02639722896,1.2817484946486022,0.0,1.2817484946486022,7.7063827234553095,0.0,0.0
2025-05-02,8,Friday,7.982267546490701,28132.69814111513,2.4393569752908375,0.0,2.4393569752908375,7.982267546490701,0.0,0.0
2025-05-02,9,Friday,7.982267546490701,30518.22480107179,2.8184388704591923,0.0,2.8184388704591923,7.982267546490701,0.0,0.0
2025-05-02,10,Friday,8.111013797240552,33537.48334253506,3.5671769157174804,0.0,3.5671769157174804,8.111013797240552,0.0,0.0
2025-05-02,11,Friday,8.111013797240552,37301.44850593912,4.447028784740144,0.0,4.447028784740144,8.111013797240552,0.0,0.0
2025-05-02,12,Friday,8.258152369526094,41584.668770411605,5.060515435340834,0.0,5.060515435340834,8.258152369526094,0.0,0.0
2025-05-02,13,Friday,8.258152369526094,45786.18273073889,4.963981522125807,0.0,4.963981522125807,8.258152369526094,0.0,0.0
2025-05-02,14,Friday,8.111013797240552,49507.066046330074,4.39612868099148,0.0,4.39612868099148,8.111013797240552,0.0,0.0
2025-05-02,15,Friday,8.111013797240552,52678.29339217272,3.7467241798708075,0.0,3.7467241798708075,8.111013797240552,0.0,0.0
2025-05-02,16,Friday,7.982267546490701,55066.165642734435,2.8212101258999356,0.0,2.8212101258999356,7.982267546490701,0.0,0.0
2025-05-02,17,Friday,7.982267546490701,56453.11389816719,1.6386439690840708,0.0,1.6386439690840708,7.982267546490701,0.0,0.0
2025-05-02,18,Friday,7.835128974205158,56950.68755634449,0.587870579131971,0.0,0.587870579131971,7.835128974205158,0.0,0.0
2025-05-02,19,Friday,7.7063827234553095,56950.68755634449,0.0,0.0,0.0,7.7063827234553095,0.0,0.0
2025-05-02,20,Friday,7.559244151169766,56950.68755634449,0.0,0.0,0.0,7.559244151169766,0.0,0.0
2025-05-02,21,Friday,7.283359328134372,56950.68755634449,0.0,0.0,0.0,7.283359328134372,0.0,0.0
2025-05-02,22,Friday,7.1362207558488295,56950.68755634449,0.0,0.0,0.0,7.1362207558488295,0.0,0.0
2025-05-02,23,Friday,7.00747450509898,56950.68755634449,0.0,0.0,0.0,7.00747450509898,0.0,0.0
2025-05-03,0,Saturday,7.00747450509898,56950.68755634449,0.0,0.0,0.0,7.00747450509898,0.0,0.0
2025-05-03,1,Saturday,7.00747450509898,56950.68755634449,0.0,0.0,0.0,7.00747450509898,0.0,0.0
2025-05-03,2,Saturday,7.1362207558488295,56950.68755634449,0.0,0.0,0.0,7.1362207558488295,0.0,0.0
2025-05-03,3,Saturday,7.283359328134372,56950.68755634449,0.0,0.0,0.0,7.283359328134372,0.0,0.0
2025-05-03,4,Saturday,7.283359328134372,56950.68755634449,0.0,0.0,0.0,7.283359328134372,0.0,0.0
2025-05-03,5,Saturday,7.412105578884224,56950.68755634449,0.0,0.0,0.0,7.412105578884224,0.0,0.0
2025-05-03,6,Saturday,7.7063827234553095,57434.87701691372,0.5720574912207348,0.0,0.5720574912207348,7.7063827234553095,0.0,0.0
2025-05-03,7,Saturday,7.7063827234553095,58892.92170008933,1.7226425840921638,0.0,1.7226425840921638,7.7063827234553095,0.0,0.0
2025-05-03,8,Saturday,7.982267546490701,61825.425280593794,3.464678143318126,0.0,3.464678143318126,7.982267546490701,0.0,0.0
2025-05-03,9,Saturday,7.982267546490701,66296.0269810005,5.28190181995121,0.0,5.28190181995121,7.982267546490701,0.0,0.0
2025-05-03,10,Saturday,8.111013797240552,71956.12212479424,6.6872579676202255,0.0,6.6872579676202255,8.111013797240552,0.0,0.0
2025-05-03,11,Saturday,8.111013797240552,77824.0,6.93274796219961,0.18025203780039067,7.113,7.953473516203011,0.0,0.7474292847117548
2025-05-03,12,Saturday,8.258152369526094,77824.0,0.0,7.113,7.113,3.207511092479118,0.0,0.9056300784957124
2025-05-03,13,Saturday,8.258152369526094,77824.0,0.0,7.113,7.113,2.1384929586030923,0.0,0.9056300784957124
2025-05-03,14,Saturday,8.111013797240552,77824.0,0.0,6.455514346458677,6.455514346458677,2.557021231142662,0.0,0.9124972013174136
2025-05-03,15,Saturday,8.111013797240552,77824.0,0.0,4.887695651199199,4.887695651199199,3.8740056247605175,0.0,0.9281902889064402
2025-05-03,16,Saturday,7.982267546490701,77824.0,0.0,3.1916791261726427,3.1916791261726427,5.167906254782803,0.0,0.9427549535793863
2025-05-03,17,Saturday,7.982267546490701,77824.0,0.0,1.5631327528822794,1.5631327528822794,6.582298957902847,0.0,0.9469988404102316
2025-05-03,18,Saturday,7.835128974205158,77824.0,0.0,0.4247257904442119,0.4247257904442119,7.453024884714321,0.0,0.8847455161728952
2025-05-03,19,Saturday,7.7063827234553095,77824.0,0.0,0.0,0.0,7.7063827234553095,0.0,0.0
2025-05-03,20,Saturday,7.559244151169766,77824.0,0.0,0.0,0.0,7.559244151169766,0.0,0.0
2025-05-03,21,Saturday,7.283359328134372,77824.0,0.0,0.0,0.0,7.283359328134372,0.0,0.0
2025-05-03,22,Saturday,7.1362207558488295,77824.0,0.0,0.0,0.0,7.1362207558488295,0.0,0.0
2025-05-03,23,Saturday,7.00747450509898,77824.0,0.0,0.0,0.0,7.00747450509898,0.0,0.0
2025-05-04,0,Sunday,7.00747450509898,77824.0,0.0,0.0,0.0,7.00747450509898,0.0,0.0
2025-05-04,1,Sunday,7.00747450509898,77824.0,0.0,0.0,0.0,7.00747450509898,0.0,0.0
2025-05-04,2,Sunday,7.1362207558488295,77824.0,0.0,0.0,0.0,7.1362207558488295,0.0,0.0
2025-05-04,3,Sunday,7.283359328134372,77824.0,0.0,0.0,0.0,7.283359328134372,0.0,0.0
2025-05-04,4,Sunday,7.283359328134372,77824.0,0.0,0.0,0.0,7.283359328134372,0.0,0.0
2025-05-04,5,Sunday,7.412105578884224,77824.0,0.0,0.0,0.0,7.412105578884224,0.0,0.0
2025-05-04,6,Sunday,7.7063827234553095,77824.0,0.0,0.5062086161292605,0.5062086161292605,7.2639563929583355,0.0,0.9004443298392425
2025-05-04,7,Sunday,7.7063827234553095,77824.0,0.0,1.8145320142359607,1.8145320142359607,6.154191913101287,0.0,0.9480216227801699
2025-05-04,8,Sunday,7.982267546490701,77824.0,0.0,3.3417510155534607,3.3417510155534607,4.972617936833043,0.0,0.9416614546418228
2025-05-04,9,Sunday,7.982267546490701,77824.0,0.0,4.315366752683142,4.315366752683142,4.1218337395283635,0.0,0.9335243407034781
2025-05-04,10,Sunday,8.111013797240552,77824.0,0.0,5.800488777615472,5.800488777615472,2.966861208453216,0.0,0.9191970119594628
2025-05-04,11,Sunday,8.111013797240552,77824.0,0.0,5.578092404280374,5.578092404280374,3.240016220314671,0.0,0.9214307647804397
2025-05-04,12,Sunday,8.258152369526094,77824.0,0.0,6.09621153970181,6.09621153970181,2.921777351299853,0.0,0.9161926869647398
2025-05-04,13,Sunday,8.258152369526094,77824.0,0.0,5.16951234781926,5.16951234781926,3.7586964316924627,0.0,0.9254669264548769
2025-05-04,14,Sunday,8.111013797240552,77824.0,0.0,4.896366397663418,4.896366397663418,3.806159894440176,0.0,0.9281073382247786
2025-05-04,15,Sunday,8.111013797240552,77824.0,0.0,2.9494612955234936,2.9494612955234936,5.510467958664502,0.0,0.9443873538884687
2025-05-04,16,Sunday,7.982267546490701,77824.0,0.0,2.26447705568734,2.26447705568734,5.950651226657069,0.0,0.9476965661680089
2025-05-04,17,Sunday,7.982267546490701,77824.0,0.0,0.9807598381969951,0.9807598381969951,7.099277952140656,0.0,0.9369712781354235
2025-05-04,18,Sunday,7.835128974205158,77824.0,0.0,0.08692461287636115,0.08692461287636115,7.757755401858377,0.0,0.4871621351763446
2025-05-04,19,Sunday,7.7063827234553095,77824.0,0.0,0.0,0.0,7.7063827234553095,0.0,0.0
2025-05-04,20,Sunday,7.559244151169766,77824.0,0.0,0.0,0.0,7.559244151169766,0.0,0.0
2025-05-04,21,Sunday,7.283359328134372,77824.0,0.0,0.0,0.0,7.283359328134372,0.0,0.0
2025-05-04,22,Sunday,7.1362207558488295,77824.0,0.0,0.0,0.0,7.1362207558488295,0.0,0.0
2025-05-04,23,Sunday,7.00747450509898,77824.0,0.0,0.0,0.0,7.00747450509898,0.0,0.0
2025-05-05,0,Monday,7.00747450509898,77824.0,0.0,0.0,0.0,7.00747450509898,0.0,0.0
2025-05-05,1,Monday,7.00747450509898,77824.0,0.0,0.0,0.0,7.00747450509898,0.0,0.0
2025-05-05,2,Monday,7.1362207558488295,77824.0,0.0,0.0,0.0,7.1362207558488295,0.0,0.0
2025-05-05,3,Monday,7.283359328134372,77824.0,0.0,0.0,0.0,7.283359328134372,0.0,0.0
2025-05-05,4,Monday,7.283359328134372,77824.0,0.0,0.0,0.0,7.283359328134372,0.0,0.0
2025-05-05,5,Monday,7.412105578884224,77824.0,0.0,0.0,0.0,7.412105578884224,0.0,0.0
2025-05-05,6,Monday,7.7063827234553095,77824.0,0.0,0.5091247192038392,0.5091247192038392,7.261407718871154,0.0,0.9009075115409231
2025-05-05,7,Monday,7.7063827234553095,77824.0,0.0,1.7126728949142385,1.7126728949142385,6.240570841406573,0.0,0.947744794543575
2025-05-05,8,Monday,7.982267546490701,77824.0,0.0,3.4983803550414296,3.4983803550414296,4.832474364207883,0.0,0.9404636898527595
2025-05-05,9,Monday,7.982267546490701,77824.0,0.0,6.269931633546481,6.269931633546481,2.3804566592415215,0.0,0.9144116810168663
2025-05-05,10,Monday,8.111013797240552,77824.0,0.0,7.113,7.113,1.932014024521231,0.0,0.9056300784957124
2025-05-05,11,Monday,8.111013797240552,77824.0,0.0,4.787430232970228,4.787430232970228,3.992155020446857,0.0,0.9291453183799706
2025-05-05,12,Monday,8.258152369526094,77824.0,0.0,5.839227409295744,5.839227409295744,3.1039360997381067,0.0,0.9188055713701814
2025-05-05,13,Monday,8.258152369526094,77824.0,0.0,6.547766210884436,6.547766210884436,2.542834498665555,0.0,0.911541283830181
2025-05-05,14,Monday,8.111013797240552,77824.0,0.0,5.166840478578435,5.166840478578435,3.636714814210876,0.0,0.9254929969691535
2025-05-05,15,Monday,8.111013797240552,77824.0,0.0,3.314189950534289,3.314189950534289,5.197117186887775,0.0,0.9418664692361385
2025-05-05,16,Monday,7.982267546490701,77824.0,0.0,3.133924376068225,3.133924376068225,5.178116173897276,0.0,0.9431600288490392
2025-05-05,17,Monday,7.982267546490701,77824.0,0.0,1.627883401810487,1.627883401810487,6.523680718086973,0.0,0.9473771083887593
2025-05-05,18,Monday,7.835128974205158,77824.0,0.0,0.3781964951403487,0.3781964951403487,7.4947490073347725,0.0,0.8725671346544823
2025-05-05,19,Monday,7.7063827234553095,77824.0,0.0,0.0,0.0,7.7063827234553095,0.0,0.0
2025-05-05,20,Monday,7.559244151169766,77824.0,0.0,0.0,0.0,7.559244151169766,0.0,0.0
2025-05-05,21,Monday,7.283359328134372,77824.0,0.0,0.0,0.0,7.283359328134372,0.0,0.0
2025-05-05,22,Monday,7.1362207558488295,77824.0,0.0,0.0,0.0,7.1362207558488295,0.0,0.0
2025-05-05,23,Monday,7.00747450509898,77824.0,0.0,0.0,0.0,7.00747450509898,0.0,0.0
2025-05-06,0,Tuesday,7.00747450509898,77824.0,0.0,0.0,0.0,7.00747450509898,0.0,0.0
2025-05-06,1,Tuesday,7.00747450509898,77824.0,0.0,0.0,0.0,7.00747450509898,0.0,0.0
2025-05-06,2,Tuesday,7.1362207558488295,77824.0,0.0,0.0,0.0,7.1362207558488295,0.0,0.0
2025-05-06,3,Tuesday,7.283359328134372,77824.0,0.0,0.0,0.0,7.283359328134372,0.0,0.0
2025-05-06,4,Tuesday,7.283359328134372,77824.0,0.0,0.0,0.0,7.283359328134372,0.0,0.0
2025-05-06,5,Tuesday,7.412105578884224,77824.0,0.0,0.0,0.0,7.412105578884224,0.0,0.0
2025-05-06,6,Tuesday,7.7063827234553095,77824.0,0.0,0.5272639060444716,0.5272639060444716,7.245554069572441,0.0,0.9036653535910613
2025-05-06,7,Tuesday,7.7063827234553095,77824.0,0.0,1.6371701670797778,1.6371701670797778,6.30090146342857,0.0,0.9474241197608765
2025-05-06,8,Tuesday,7.982267546490701,77824.0,0.0,3.3947161629273648,3.3947161629273648,4.9268433726161955,0.0,0.9412624931849427
2025-05-06,9,Tuesday,7.982267546490701,77824.0,0.0,5.4858280624279745,5.4858280624279745,3.0768435572270665,0.0,0.9223502932401756
2025-05-06,10,Tuesday,8.111013797240552,77824.0,0.0,7.113,7.113,1.8783700432140522,0.0,0.9056300784957124
2025-05-06,11,Tuesday,8.111013797240552,77824.0,0.0,7.113,7.113,1.9913543863175507,0.0,0.9056300784957124
2025-05-06,12,Tuesday,8.258152369526094,77824.0,0.0,7.113,7.113,2.1384929586030923,0.0,0.9056300784957124
2025-05-06,13,Tuesday,8.258152369526094,77824.0,0.0,7.113,7.113,2.1384929586030923,0.0,0.9056300784957124
2025-05-06,14,Tuesday,8.111013797240552,77824.0,0.0,7.113,7.113,1.9913543863175507,0.0,0.9056300784957124
2025-05-06,15,Tuesday,8.111013797240552,77824.0,0.0,5.2062634714495575,5.2062634714495575,3.6318124407382406,0.0,0.9251078736889418
2025-05-06,16,Tuesday,7.982267546490701,77824.0,0.0,3.107719522937377,3.107719522937377,5.251040536598802,0.0,0.9433407168541923
2025-05-06,17,Tuesday,7.982267546490701,77824.0,0.0,1.4898457900193907,1.4898457900193907,6.647106960709563,0.0,0.9464536278401771
2025-05-06,18,Tuesday,7.835128974205158,77824.0,0.0,0.5646000910704957,0.5646000910704957,7.327479559956222,0.0,0.908742292473868
2025-05-06,19,Tuesday,7.7063827234553095,77824.0,0.0,0.0,0.0,7.7063827234553095,0.0,0.0
2025-05-06,20,Tuesday,7.559244151169766,77824.0,0.0,0.0,0.0,7.559244151169766,0.0,0.0
2025-05-06,21,Tuesday,7.283359328134372,77824.0,0.0,0.0,0.0,7.283359328134372,0.0,0.0
2025-05-06,22,Tuesday,7.1362207558488295,77824.0,0.0,0.0,0.0,7.1362207558488295,0.0,0.0
2025-05-06,23,Tuesday,7.00747450509898,77824.0,0.0,0.0,0.0,7.00747450509898,0.0,0.0
2025-05-07,0,Wednesday,7.00747450509898,77824.0,0.0,0.0,0.0,7.00747450509898,0.0,0.0
2025-05-07,1,Wednesday,7.00747450509898,77824.0,0.0,0.0,0.0,7.00747450509898,0.0,0.0
2025-05-07,2,Wednesday,7.1362207558488295,77824.0,0.0,0.0,0.0,7.1362207558488295,0.0,0.0
2025-05-07,3,Wednesday,7.283359328134372,77824.0,0.0,0.0,0.0,7.283359328134372,0.0,0.0
2025-05-07,4,Wednesday,7.283359328134372,77824.0,0.0,0.0,0.0,7.283359328134372,0.0,0.0
2025-05-07,5,Wednesday,7.412105578884224,77824.0,0.0,0.0,0.0,7.412105578884224,0.0,0.0
2025-05-07,6,Wednesday,7.7063827234553095,77824.0,0.0,0.5619002491371666,0.5619002491371666,7.215281905709426,0.0,0.908399697677974
2025-05-07,7,Wednesday,7.7063827234553095,77824.0,0.0,1.7967092584237394,1.7967092584237394,6.155859083646335,0.0,0.9479849536181216
2025-05-07,8,Wednesday,7.982267546490701,77824.0,0.0,3.477391927640171,3.477391927640171,4.850578082516503,0.0,0.9406272634878853
2025-05-07,9,Wednesday,7.982267546490701,77824.0,0.0,5.315141765860267,5.315141765860267,3.2326786549329567,0.0,0.9240392866711178
2025-05-07,10,Wednesday,8.111013797240552,77824.0,0.0,6.984936130014911,6.984936130014911,1.9793761681693711,0.0,0.9069769187222435
2025-05-07,11,Wednesday,8.111013797240552,77824.0,0.0,7.113,7.113,1.9822533155128008,0.0,0.9056300784957124
2025-05-07,12,Wednesday,8.258152369526094,77824.0,0.0,7.113,7.113,2.1384929586030923,0.0,0.9056300784957124
2025-05-07,13,Wednesday,8.258152369526094,77824.0,0.0,7.113,7.113,2.1384929586030923,0.0,0.9056300784957124
2025-05-07,14,Wednesday,8.111013797240552,77824.0,0.0,6.952204060518215,6.952204060518215,2.129694943647497,0.0,0.9073204914599995
2025-05-07,15,Wednesday,8.111013797240552,77824.0,0.0,5.092550842035733,5.092550842035733,3.721466851098702,0.0,0.926216026999884
2025-05-07,16,Wednesday,7.982267546490701,77824.0,0.0,3.317846827413914,3.317846827413914,5.06287678514329,0.0,0.9418393717149004
2025-05-07,17,Wednesday,7.982267546490701,77824.0,0.0,1.5575746796193273,1.5575746796193273,6.5886316467215815,0.0,0.9469620447650785
2025-05-07,18,Wednesday,7.835128974205158,77824.0,0.0,0.47220333547132487,0.47220333547132487,7.410328269907483,0.0,0.8945904391969695
2025-05-07,19,Wednesday,7.7063827234553095,77824.0,0.0,0.0,0.0,7.7063827234553095,0.0,0.0
2025-05-07,20,Wednesday,7.559244151169766,77824.0,0.0,0.0,0.0,7.559244151169766,0.0,0.0
2025-05-07,21,Wednesday,7.283359328134372,77824.0,0.0,0.0,0.0,7.283359328134372,0.0,0.0
2025-05-07,22,Wednesday,7.1362207558488295,77824.0,0.0,0.0,0.0,7.1362207558488295,0.0,0.0
2025-05-07,23,Wednesday,7.00747450509898,77824.0,0.0,0.0,0.0,7.00747450509898,0.0,0.0
2025-05-08,0,Thursday,7.00747450509898,77824.0,0.0,0.0,0.0,7.00747450509898,0.0,0.0
2025-05-08,1,Thursday,7.00747450509898,77824.0,0.0,0.0,0.0,7.00747450509898,0.0,0.0
2025-05-08,2,Thursday,7.1362207558488295,77824.0,0.0,0.0,0.0,7.1362207558488295,0.0,0.0
2025-05-08,3,Thursday,7.283359328134372,77824.0,0.0,0.0,0.0,7.283359328134372,0.0,0.0
2025-05-08,4,Thursday,7.283359328134372,77824.0,0.0,0.0,0.0,7.283359328134372,0.0,0.0
2025-05-08,5,Thursday,7.412105578884224,77824.0,0.0,0.0,0.0,7.412105578884224,0.0,0.0
2025-05-08,6,Thursday,7.7063827234553095,77824.0,0.0,0.6355332348518987,0.6355332348518987,7.15092667619475,0.0,0.9166067621508825
2025-05-08,7,Thursday,7.7063827234553095,77824.0,0.0,1.7918940926371567,1.7918940926371567,6.146043593204343,0.0,0.9479742280783549
2025-05-08,8,Thursday,7.982267546490701,77824.0,0.0,3.4826015834273067,3.4826015834273067,4.8459218261244414,0.0,0.9405867470805986
2025-05-08,9,Thursday,7.982267546490701,77824.0,0.0,5.540626839846157,5.540626839846157,3.031399379216266,0.0,0.9218046868178728
2025-05-08,10,Thursday,8.111013797240552,77824.0,0.0,7.113,7.113,1.8820568967718003,0.0,0.9056300784957124
2025-05-08,11,Thursday,8.111013797240552,77824.0,0.0,7.113,7.113,1.9913543863175507,0.0,0.9056300784957124
2025-05-08,12,Thursday,8.258152369526094,77824.0,0.0,7.113,7.113,2.1384929586030923,0.0,0.9056300784957124
2025-05-08,13,Thursday,8.258152369526094,77824.0,0.0,7.113,7.113,2.1384929586030923,0.0,0.9056300784957124
2025-05-08,14,Thursday,8.111013797240552,77824.0,0.0,7.113,7.113,1.9913543863175507,0.0,0.9056300784957124
2025-05-08,15,Thursday,8.111013797240552,77824.0,0.0,5.251817417954219,5.251817417954219,3.592620167796876,0.0,0.924661654928726
2025-05-08,16,Thursday,7.982267546490701,77824.0,0.0,3.203461450367164,3.203461450367164,5.168255478603666,0.0,0.9426711939089065
2025-05-08,17,Thursday,7.982267546490701,77824.0,0.0,1.5156020734884479,1.5156020734884479,6.6249888511898405,0.0,0.9466604570453662
2025-05-08,18,Thursday,7.835128974205158,77824.0,0.0,0.4981905703894943,0.4981905703894943,7.387092526797579,0.0,0.8991408190148924
2025-05-08,19,Thursday,6.0,71150.96294828027,0.0,0.0,0.0,0.0,6.673037051719729,0.9065639006473705
2025-05-08,20,Thursday,6.0,64532.56572805625,0.0,0.0,0.0,0.0,6.618397220224018,0.9071680128770935
2025-05-08,21,Thursday,6.0,57918.57591047998,0.0,0.0,0.0,0.0,6.613989817576276,0.9072167051365154
2025-05-08,22,Thursday,6.0,51304.9410798723,0.0,0.0,0.0,0.0,6.613634830607685,0.9072206267307544
2025-05-08,23,Thursday,6.0,44691.33483767131,0.0,0.0,0.0,0.0,6.613606242200977,0.9072209425495876
2025-05-09,0,Friday,6.0,38077.73089777764,0.0,0.0,0.0,0.0,6.613603939893668,0.907220967983384
2025-05-09,1,Friday,6.0,31464.127143295314,0.0,0.0,0.0,0.0,6.613603754482328,0.9072209700316397
2025-05-09,2,Friday,6.0,24850.52340374469,0.0,0.0,0.0,0.0,6.613603739550627,0.9072209701965915
2025-05-09,3,Friday,7.283359328134372,24850.52340374469,0.0,0.0,0.0,7.283359328134372,0.0,0.0
2025-05-09,4,Friday,7.283359328134372,24850.52340374469,0.0,0.0,0.0,7.283359328134372,0.0,0.0
2025-05-09,5,Friday,7.412105578884224,24850.52340374469,0.0,0.0,0.0,7.412105578884224,0.0,0.0
2025-05-09,6,Friday,7.7063827234553095,25323.09183406422,0.5583275405476498,0.0,0.5583275405476498,7.7063827234553095,0.0,0.0
2025-05-09,7,Friday,7.7063827234553095,26752.502556597556,1.6888122903276648,0.0,1.6888122903276648,7.7063827234553095,0.0,0.0
2025-05-09,8,Friday,7.982267546490701,29682.098455896434,3.4612427921773117,0.0,3.4612427921773117,7.982267546490701,0.0,0.0
2025-05-09,9,Friday,7.982267546490701,34418.68278727742,5.59615351061081,0.0,5.59615351061081,7.982267546490701,0.0,0.0
2025-05-09,10,Friday,8.111013797240552,40439.12598727743,7.113,0.0,7.113,8.111013797240552,0.0,0.0
2025-05-09,11,Friday,8.111013797240552,46459.56918727743,7.113,0.0,7.113,8.111013797240552,0.0,0.0
2025-05-09,12,Friday,8.258152369526094,52480.012387277435,7.113,0.0,7.113,8.258152369526094,0.0,0.0
2025-05-09,13,Friday,8.258152369526094,58500.455587277436,7.113,0.0,7.113,8.258152369526094,0.0,0.0
2025-05-09,14,Friday,8.111013797240552,64520.89878727743,7.113,0.0,7.113,8.111013797240552,0.0,0.0
2025-05-09,15,Friday,8.111013797240552,69004.50258067284,5.297263461005916,0.0,5.297263461005916,8.111013797240552,0.0,0.0
2025-05-09,16,Friday,7.982267546490701,71688.91846148937,3.171568857297428,0.0,3.171568857297428,7.982267546490701,0.0,0.0
2025-05-09,17,Friday,7.982267546490701,72919.48675397784,1.453885033658382,0.0,1.453885033658382,7.982267546490701,0.0,0.0
2025-05-09,18,Friday,7.835128974205158,73346.14346845368,0.5040840199383821,0.0,0.5040840199383821,7.835128974205158,0.0,0.0
2025-05-09,19,Friday,7.7063827234553095,73346.14346845368,0.0,0.0,0.0,7.7063827234553095,0.0,0.0
2025-05-09,20,Friday,7.559244151169766,73346.14346845368,0.0,0.0,0.0,7.559244151169766,0.0,0.0
2025-05-09,21,Friday,7.283359328134372,73346.14346845368,0.0,0.0,0.0,7.283359328134372,0.0,0.0
2025-05-09,22,Friday,7.1362207558488295,73346.14346845368,0.0,0.0,0.0,7.1362207558488295,0.0,0.0
2025-05-09,23,Friday,7.00747450509898,73346.14346845368,0.0,0.0,0.0,7.00747450509898,0.0,0.0
2025-05-10,0,Saturday,7.00747450509898,73346.14346845368,0.0,0.0,0.0,7.00747450509898,0.0,0.0
2025-05-10,1,Saturday,7.00747450509898,73346.14346845368,0.0,0.0,0.0,7.00747450509898,0.0,0.0
2025-05-10,2,Saturday,7.1362207558488295,73346.14346845368,0.0,0.0,0.0,7.1362207558488295,0.0,0.0
2025-05-10,3,Saturday,7.283359328134372,73346.14346845368,0.0,0.0,0.0,7.283359328134372,0.0,0.0
2025-05-10,4,Saturday,7.283359328134372,73346.14346845368,0.0,0.0,0.0,7.283359328134372,0.0,0.0
2025-05-10,5,Saturday,7.412105578884224,73346.14346845368,0.0,0.0,0.0,7.412105578884224,0.0,0.0
2025-05-10,6,Saturday,7.7063827234553095,73902.64715779218,0.6574949070634426,0.0,0.6574949070634426,7.7063827234553095,0.0,0.0
2025-05-10,7,Saturday,7.7063827234553095,75396.73557087664,1.7652273311489526,0.0,1.7652273311489526,7.7063827234553095,0.0,0.0
2025-05-10,8,Saturday,7.982267546490701,77824.0,2.8677509795880844,0.6664142056934099,3.5341651852814944,7.399821530714661,0.0,0.9194537111626478
2025-05-10,9,Saturday,7.982267546490701,77824.0,0.0,5.599446116881583,5.599446116881583,3.0912576094997544,0.0,0.9212173273521641
2025-05-10,10,Saturday,8.111013797240552,77824.0,0.0,7.113,7.113,1.8860258902574065,0.0,0.9056300784957124
2025-05-10,11,Saturday,8.111013797240552,77824.0,0.0,7.113,7.113,1.9913543863175507,0.0,0.9056300784957124
2025-05-10,12,Saturday,8.258152369526094,77824.0,0.0,7.113,7.113,2.1384929586030923,0.0,0.9056300784957124
2025-05-10,13,Saturday,8.258152369526094,77824.0,0.0,7.113,7.113,2.1384929586030923,0.0,0.9056300784957124
2025-05-10,14,Saturday,8.111013797240552,77824.0,0.0,7.113,7.113,1.9913543863175507,0.0,0.9056300784957124
2025-05-10,15,Saturday,8.111013797240552,77824.0,0.0,5.315388139914751,5.315388139914751,3.537927187773687,0.0,0.9240368606112149
2025-05-10,16,Saturday,7.982267546490701,77824.0,0.0,3.2454021099045978,3.2454021099045978,5.133339928286306,0.0,0.9423700617115772
2025-05-10,17,Saturday,7.982267546490701,77824.0,0.0,1.5443514355647936,1.5443514355647936,6.599684516735021,0.0,0.94687160617069
2025-05-10,18,Saturday,7.835128974205158,77824.0,0.0,0.48948446582381755,0.48948446582381755,7.394823978972468,0.0,0.8976736991916445
2025-05-10,19,Saturday,7.7063827234553095,77824.0,0.0,0.0,0.0,7.7063827234553095,0.0,0.0
2025-05-10,20,Saturday,7.559244151169766,77824.0,0.0,0.0,0.0,7.559244151169766,0.0,0.0
2025-05-10,21,Saturday,7.283359328134372,77824.0,0.0,0.0,0.0,7.283359328134372,0.0,0.0
2025-05-10,22,Saturday,7.1362207558488295,77824.0,0.0,0.0,0.0,7.1362207558488295,0.0,0.0
2025-05-10,23,Saturday,7.00747450509898,77824.0,0.0,0.0,0.0,7.00747450509898,0.0,0.0
2025-05-11,0,Sunday,7.00747450509898,77824.0,0.0,0.0,0.0,7.00747450509898,0.0,0.0
2025-05-11,1,Sunday,7.00747450509898,77824.0,0.0,0.0,0.0,7.00747450509898,0.0,0.0
2025-05-11,2,Sunday,7.1362207558488295,77824.0,0.0,0.0,0.0,7.1362207558488295,0.0,0.0
2025-05-11,3,Sunday,7.283359328134372,77824.0,0.0,0.0,0.0,7.283359328134372,0.0,0.0
2025-05-11,4,Sunday,7.283359328134372,77824.0,0.0,0.0,0.0,7.283359328134372,0.0,0.0
2025-05-11,5,Sunday,7.412105578884224,77824.0,0.0,0.0,0.0,7.412105578884224,0.0,0.0
2025-05-11,6,Sunday,7.7063827234553095,77824.0,0.0,0.5728639947051013,0.5728639947051013,7.205699592083051,0.0,0.9097690630468682
2025-05-11,7,Sunday,7.7063827234553095,77824.0,0.0,1.8538683256669333,1.8538683256669333,6.104120276283751,0.0,0.9480862331059602
2025-05-11,8,Sunday,7.982267546490701,77824.0,0.0,3.4866197733117272,3.4866197733117272,4.841932149696422,0.0,0.9405554583849892
2025-05-11,9,Sunday,7.982267546490701,77824.0,0.0,5.463439285331843,5.463439285331843,3.100533287185544,0.0,0.9225727514996171
2025-05-11,10,Sunday,8.111013797240552,77824.0,0.0,6.932152603704885,6.932152603704885,2.0353694508960647,0.0,0.907530823983958
2025-05-11,11,Sunday,8.111013797240552,77824.0,0.0,7.113,7.113,1.9785103837925542,0.0,0.9056300784957124
2025-05-11,12,Sunday,8.258152369526094,77824.0,0.0,7.113,7.113,2.1384929586030923,0.0,0.9056300784957124
2025-05-11,13,Sunday,8.258152369526094,77824.0,0.0,7.113,7.113,2.1384929586030923,0.0,0.9056300784957124
2025-05-11,14,Sunday,8.111013797240552,77824.0,0.0,6.5894948831661,6.5894948831661,2.4417512673661825,0.0,0.9111080090157048
2025-05-11,15,Sunday,8.111013797240552,77824.0,0.0,5.123522615643111,5.123522615643111,3.6763354322292985,0.0,0.9259150282773146
2025-05-11,16,Sunday,7.982267546490701,77824.0,0.0,3.363874611442021,3.363874611442021,5.023338593314755,0.0,0.9414955925111704
2025-05-11,17,Sunday,7.982267546490701,77824.0,0.0,1.5724382531287588,1.5724382531287588,6.575846045914845,0.0,0.9470588597578964
2025-05-11,18,Sunday,7.835128974205158,77824.0,0.0,0.5052984988607249,0.5052984988607249,7.380508925045165,0.0,0.9002985973966935
2025-05-11,19,Sunday,7.7063827234553095,77824.0,0.0,0.0,0.0,7.7063827234553095,0.0,0.0
2025-05-11,20,Sunday,7.559244151169766,77824.0,0.0,0.0,0.0,7.559244151169766,0.0,0.0
2025-05-11,21,Sunday,7.283359328134372,77824.0,0.0,0.0,0.0,7.283359328134372,0.0,0.0
2025-05-11,22,Sunday,7.1362207558488295,77824.0,0.0,0.0,0.0,7.1362207558488295,0.0,0.0
2025-05-11,23,Sunday,7.00747450509898,77824.0,0.0,0.0,0.0,7.00747450509898,0.0,0.0
2025-05-12,0,Monday,7.00747450509898,77824.0,0.0,0.0,0.0,7.00747450509898,0.0,0.0
2025-05-12,1,Monday,7.00747450509898,77824.0,0.0,0.0,0.0,7.00747450509898,0.0,0.0
2025-05-12,2,Monday,7.1362207558488295,77824.0,0.0,0.0,0.0,7.1362207558488295,0.0,0.0
2025-05-12,3,Monday,7.283359328134372,77824.0,0.0,0.0,0.0,7.283359328134372,0.0,0.0
2025-05-12,4,Monday,7.283359328134372,77824.0,0.0,0.0,0.0,7.283359328134372,0.0,0.0
2025-05-12,5,Monday,7.412105578884224,77824.0,0.0,0.0,0.0,7.412105578884224,0.0,0.0
2025-05-12,6,Monday,7.7063827234553095,77824.0,0.0,0.5865441853746755,0.5865441853746755,7.193743105437843,0.0,0.9113993686624668
2025-05-12,7,Monday,7.7063827234553095,77824.0,0.0,1.7244066929183626,1.7244066929183626,6.213340710774338,0.0,0.9477853420208551
2025-05-12,8,Monday,7.982267546490701,77824.0,0.0,3.5216535972923317,3.5216535972923317,4.811384470261448,0.0,0.9402812545513126
2025-05-12,9,Monday,7.982267546490701,77824.0,0.0,5.676552925435364,5.676552925435364,2.911589055548178,0.0,0.9204447406259717
2025-05-12,10,Monday,8.111013797240552,77824.0,0.0,7.113,7.113,1.8912465291716432,0.0,0.9056300784957124
2025-05-12,11,Monday,8.111013797240552,77824.0,0.0,7.113,7.113,1.9913543863175507,0.0,0.9056300784957124
2025-05-12,12,Monday,8.258152369526094,77824.0,0.0,7.113,7.113,2.1384929586030923,0.0,0.9056300784957124
2025-05-12,13,Monday,8.258152369526094,77824.0,0.0,7.113,7.113,2.1384929586030923,0.0,0.9056300784957124
2025-05-12,14,Monday,8.111013797240552,77824.0,0.0,7.113,7.113,1.9913543863175507,0.0,0.9056300784957124
2025-05-12,15,Monday,8.111013797240552,77824.0,0.0,5.3736993550229695,5.3736993550229695,3.4877592169738323,0.0,0.9234616798513114
2025-05-12,16,Monday,7.982267546490701,77824.0,0.0,3.2271771250973456,3.2271771250973456,5.151101857826586,0.0,0.9425014815399329
2025-05-12,17,Monday,7.982267546490701,77824.0,0.0,1.521918789566696,1.521918789566696,6.619577368238133,0.0,0.9467085952770715
2025-05-12,18,Monday,7.835128974205158,77824.0,0.0,0.494613961957335,0.494613961957335,7.390286449532556,0.0,0.898544775929625
2025-05-12,19,Monday,7.7063827234553095,77824.0,0.0,0.0,0.0,7.7063827234553095,0.0,0.0
2025-05-12,20,Monday,7.559244151169766,77824.0,0.0,0.0,0.0,7.559244151169766,0.0,0.0
2025-05-12,21,Monday,7.283359328134372,77824.0,0.0,0.0,0.0,7.283359328134372,0.0,0.0
2025-05-12,22,Monday,7.1362207558488295,77824.0,0.0,0.0,0.0,7.1362207558488295,0.0,0.0
2025-05-12,23,Monday,7.00747450509898,77824.0,0.0,0.0,0.0,7.00747450509898,0.0,0.0
2025-05-13,0,Tuesday,7.00747450509898,77824.0,0.0,0.0,0.0,7.00747450509898,0.0,0.0
2025-05-13,1,Tuesday,7.00747450509898,77824.0,0.0,0.0,0.0,7.00747450509898,0.0,0.0
2025-05-13,2,Tuesday,7.1362207558488295,77824.0,0.0,0.0,0.0,7.1362207558488295,0.0,0.0
2025-05-13,3,Tuesday,7.283359328134372,77824.0,0.0,0.0,0.0,7.283359328134372,0.0,0.0
2025-05-13,4,Tuesday,7.283359328134372,77824.0,0.0,0.0,0.0,7.283359328134372,0.0,0.0
2025-05-13,5,Tuesday,7.412105578884224,77824.0,0.0,0.0,0.0,7.412105578884224,0.0,0.0
2025-05-13,6,Tuesday,7.7063827234553095,77824.0,0.0,0.5947857885513511,0.5947857885513511,7.186539944261429,0.0,0.9123418805176597
2025-05-13,7,Tuesday,7.7063827234553095,77824.0,0.0,1.740920969639925,1.740920969639925,6.197483367745089,0.0,0.9478384282828637
2025-05-13,8,Tuesday,7.982267546490701,77824.0,0.0,3.5200837584731435,3.5200837584731435,4.8126204222882425,0.0,0.9402935947403703
2025-05-13,9,Tuesday,7.982267546490701,77824.0,0.0,5.633641469867849,5.633641469867849,2.9498544067692603,0.0,0.920875059857565
2025-05-13,10,Tuesday,8.111013797240552,77824.0,0.0,7.113,7.113,1.888338711512036,0.0,0.9056300784957124
2025-05-13,11,Tuesday,8.111013797240552,77824.0,0.0,7.113,7.113,1.9913543863175507,0.0,0.9056300784957124
2025-05-13,12,Tuesday,8.258152369526094,77824.0,0.0,7.113,7.113,2.1384929586030923,0.0,0.9056300784957124
2025-05-13,13,Tuesday,8.258152369526094,77824.0,0.0,7.113,7.113,2.1384929586030923,0.0,0.9056300784957124
2025-05-13,14,Tuesday,8.111013797240552,77824.0,0.0,7.113,7.113,1.9913543863175507,0.0,0.9056300784957124
2025-05-13,15,Tuesday,8.111013797240552,77824.0,0.0,5.3243703566526,5.3243703566526,3.5301993504067912,0.0,0.9239483880139634
2025-05-13,16,Tuesday,7.982267546490701,77824.0,0.0,3.198544606074078,3.198544606074078,5.174741920356444,0.0,0.9427061926777318
2025-05-13,17,Tuesday,7.982267546490701,77824.0,0.0,1.4923753577676997,1.4923753577676997,6.645739629501808,0.0,0.946474705835072
2025-05-13,18,Tuesday,7.835128974205158,77824.0,0.0,0.522294213902936,0.522294213902936,7.365507624865174,0.0,0.9029302528141551
2025-05-13,19,Tuesday,7.7063827234553095,77824.0,0.0,0.0,0.0,7.7063827234553095,0.0,0.0
2025-05-13,20,Tuesday,7.559244151169766,77824.0,0.0,0.0,0.0,7.559244151169766,0.0,0.0
2025-05-13,21,Tuesday,7.283359328134372,77824.0,0.0,0.0,0.0,7.283359328134372,0.0,0.0
2025-05-13,22,Tuesday,7.1362207558488295,77824.0,0.0,0.0,0.0,7.1362207558488295,0.0,0.0
2025-05-13,23,Tuesday,7.00747450509898,77824.0,0.0,0.0,0.0,7.00747450509898,0.0,0.0
2025-05-14,0,Wednesday,7.00747450509898,77824.0,0.0,0.0,0.0,7.00747450509898,0.0,0.0
2025-05-14,1,Wednesday,7.00747450509898,77824.0,0.0,0.0,0.0,7.00747450509898,0.0,0.0
2025-05-14,2,Wednesday,7.1362207558488295,77824.0,0.0,0.0,0.0,7.1362207558488295,0.0,0.0
2025-05-14,3,Wednesday,7.283359328134372,77824.0,0.0,0.0,0.0,7.283359328134372,0.0,0.0
2025-05-14,4,Wednesday,7.283359328134372,77824.0,0.0,0.0,0.0,7.283359328134372,0.0,0.0
2025-05-14,5,Wednesday,7.412105578884224,77824.0,0.0,0.0,0.0,7.412105578884224,0.0,0.0
2025-05-14,6,Wednesday,7.7063827234553095,77824.0,0.0,0.5956372871934479,0.5956372871934479,7.185795734448236,0.0,0.9124376233476187
2025-05-14,7,Wednesday,7.7063827234553095,77824.0,0.0,1.721934674479635,1.721934674479635,6.213782640610359,0.0,0.9477769972032946
2025-05-14,8,Wednesday,7.982267546490701,77824.0,0.0,3.5278755074642656,3.5278755074642656,4.805810254267747,0.0,0.9402322967243829
2025-05-14,9,Wednesday,7.982267546490701,77824.0,0.0,5.670361418205524,5.670361418205524,2.917383453968828,0.0,0.9205068845227911
2025-05-14,10,Wednesday,8.111013797240552,77824.0,0.0,7.113,7.113,1.8908266011104704,0.0,0.9056300784957124
2025-05-14,11,Wednesday,8.111013797240552,77824.0,0.0,7.113,7.113,1.9913543863175507,0.0,0.9056300784957124
2025-05-14,12,Wednesday,8.258152369526094,77824.0,0.0,7.113,7.113,2.1384929586030923,0.0,0.9056300784957124
2025-05-14,13,Wednesday,8.258152369526094,77824.0,0.0,7.113,7.113,2.1384929586030923,0.0,0.9056300784957124
2025-05-14,14,Wednesday,8.111013797240552,77824.0,0.0,7.113,7.113,1.9913543863175507,0.0,0.9056300784957124
2025-05-14,15,Wednesday,8.111013797240552,77824.0,0.0,5.330471225284433,5.330471225284433,3.524950476775749,0.0,0.9238882692158157
2025-05-14,16,Wednesday,7.982267546490701,77824.0,0.0,3.2487079856072585,3.2487079856072585,5.130896508380927,0.0,0.9423461313587612
2025-05-14,17,Wednesday,7.982267546490701,77824.0,0.0,1.586101152583832,1.586101152583832,6.562344075663707,0.0,0.9471434521490535
2025-05-14,18,Wednesday,7.835128974205158,77824.0,0.0,0.5072762512472473,0.5072762512472473,7.378688763395587,0.0,0.9006145708468785
2025-05-14,19,Wednesday,7.7063827234553095,77824.0,0.0,0.0,0.0,7.7063827234553095,0.0,0.0
2025-05-14,20,Wednesday,7.559244151169766,77824.0,0.0,0.0,0.0,7.559244151169766,0.0,0.0
2025-05-14,21,Wednesday,7.283359328134372,77824.0,0.0,0.0,0.0,7.283359328134372,0.0,0.0
2025-05-14,22,Wednesday,7.1362207558488295,77824.0,0.0,0.0,0.0,7.1362207558488295,0.0,0.0
2025-05-14,23,Wednesday,7.00747450509898,77824.0,0.0,0.0,0.0,7.00747450509898,0.0,0.0
2025-05-15,0,Thursday,7.00747450509898,77824.0,0.0,0.0,0.0,7.00747450509898,0.0,0.0
2025-05-15,1,Thursday,7.00747450509898,77824.0,0.0,0.0,0.0,7.00747450509898,0.0,0.0
2025-05-15,2,Thursday,7.1362207558488295,77824.0,0.0,0.0,0.0,7.1362207558488295,0.0,0.0
2025-05-15,3,Thursday,7.283359328134372,77824.0,0.0,0.0,0.0,7.283359328134372,0.0,0.0
2025-05-15,4,Thursday,7.283359328134372,77824.0,0.0,0.0,0.0,7.283359328134372,0.0,0.0
2025-05-15,5,Thursday,7.412105578884224,77824.0,0.0,0.0,0.0,7.412105578884224,0.0,0.0
2025-05-15,6,Thursday,7.7063827234553095,77824.0,0.0,0.6590006167951978,0.6590006167951978,7.1304161843763065,0.0,0.9187975928954003
2025-05-15,7,Thursday,7.7063827234553095,77824.0,0.0,1.8155444575373927,1.8155444575373927,6.121670739944365,0.0,0.9480235644663103
2025-05-15,8,Thursday,7.982267546490701,77824.0,0.0,3.576236778609358,3.576236778609358,4.76142864516958,0.0,0.9398491538091516
2025-05-15,9,Thursday,7.982267546490701,77824.0,0.0,5.569037045615015,5.569037045615015,3.009915529380267,0.0,0.921521206633925
2025-05-15,10,Thursday,8.111013797240552,77824.0,0.0,7.113,7.113,1.8839724715927995,0.0,0.9056300784957124
2025-05-15,11,Thursday,8.111013797240552,77824.0,0.0,7.113,7.113,1.9913543863175507,0.0,0.9056300784957124
2025-05-15,12,Thursday,8.258152369526094,77824.0,0.0,7.113,7.113,2.1384929586030923,0.0,0.9056300784957124
2025-05-15,13,Thursday,8.258152369526094,77824.0,0.0,7.113,7.113,2.1384929586030923,0.0,0.9056300784957124
2025-05-15,14,Thursday,8.111013797240552,77824.0,0.0,6.929658162419815,6.929658162419815,2.1490922749388766,0.0,0.9075569823818508
2025-05-15,15,Thursday,8.111013797240552,77824.0,0.0,5.1555185044849345,5.1555185044849345,3.6660333215236207,0.0,0.9256034195929598
2025-05-15,16,Thursday,7.982267546490701,77824.0,0.0,3.3202734756220598,3.3202734756220598,5.0626738876221005,0.0,0.9418213724692697
2025-05-15,17,Thursday,7.982267546490701,77824.0,0.0,1.668383250947983,1.668383250947983,6.489514493438758,0.0,0.9475696530134149
2025-05-15,18,Thursday,7.835128974205158,77824.0,0.0,0.5797281986978021,0.5797281986978021,7.313262768527099,0.0,0.9105976266765694
2025-05-15,19,Thursday,6.0,71234.92066987001,0.0,0.0,0.0,0.0,6.58907933012998,0.9074918065675971
2025-05-15,20,Thursday,6.0,64623.290728335036,0.0,0.0,0.0,0.0,6.611629941534985,0.9072427743589252
2025-05-15,21,Thursday,6.0,58009.845937617676,0.0,0.0,0.0,0.0,6.613444790717361,0.9072227261149785
2025-05-15,22,Thursday,6.0,51396.25499981793,0.0,0.0,0.0,0.0,6.613590937799743,0.907221111618659
2025-05-15,23,Thursday,6.0,44782.65229243072,0.0,0.0,0.0,0.0,6.613602707387213,0.9072209815989933
2025-05-16,0,Friday,6.0,38169.048637205626,0.0,0.0,0.0,0.0,6.613603655225094,0.9072209711281433
2025-05-16,1,Friday,6.0,31555.444905648463,0.0,0.0,0.0,0.0,6.613603731557161,0.907220970284896
2025-05-16,2,Friday,6.0,24941.841167944065,0.0,0.0,0.0,0.0,6.613603737704399,0.907220970216987
2025-05-16,3,Friday,7.283359328134372,24941.841167944065,0.0,0.0,0.0,7.283359328134372,0.0,0.0
2025-05-16,4,Friday,7.283359328134372,24941.841167944065,0.0,0.0,0.0,7.283359328134372,0.0,0.0
2025-05-16,5,Friday,7.412105578884224,24941.841167944065,0.0,0.0,0.0,7.412105578884224,0.0,0.0
2025-05-16,6,Friday,7.7063827234553095,25551.11537692485,0.7198419293251225,0.0,0.7198419293251225,7.7063827234553095,0.0,0.0
2025-05-16,7,Friday,7.7063827234553095,27154.297454361393,1.8941187115271092,0.0,1.8941187115271092,7.7063827234553095,0.0,0.0
2025-05-16,8,Friday,7.982267546490701,30180.355428275674,3.575210271637854,0.0,3.575210271637854,7.982267546490701,0.0,0.0
2025-05-16,9,Friday,7.982267546490701,34827.330673594886,5.490282662239148,0.0,5.490282662239148,7.982267546490701,0.0,0.0
2025-05-16,10,Friday,8.111013797240552,40847.77387359489,7.113,0.0,7.113,8.111013797240552,0.0,0.0
2025-05-16,11,Friday,8.111013797240552,46868.21707359489,7.113,0.0,7.113,8.111013797240552,0.0,0.0
2025-05-16,12,Friday,8.258152369526094,52888.66027359489,7.113,0.0,7.113,8.258152369526094,0.0,0.0
2025-05-16,13,Friday,8.258152369526094,58909.1034735949,7.113,0.0,7.113,8.258152369526094,0.0,0.0
2025-05-16,14,Friday,8.111013797240552,64644.242153222025,6.775919990107661,0.0,6.775919990107661,8.111013797240552,0.0,0.0
2025-05-16,15,Friday,8.111013797240552,68910.85109559912,5.040889582203576,0.0,5.040889582203576,8.111013797240552,0.0,0.0
2025-05-16,16,Friday,7.982267546490701,71732.02130159595,3.3331406025482235,0.0,3.3331406025482235,7.982267546490701,0.0,0.0
2025-05-16,17,Friday,7.982267546490701,73171.90200680854,1.7011823076708328,0.0,1.7011823076708328,7.982267546490701,0.0,0.0
2025-05-16,18,Friday,7.835128974205158,73640.60588196079,0.5537616672403565,0.0,0.5537616672403565,7.835128974205158,0.0,0.0
2025-05-16,19,Friday,7.7063827234553095,73640.60588196079,0.0,0.0,0.0,7.7063827234553095,0.0,0.0
2025-05-16,20,Friday,7.559244151169766,73640.60588196079,0.0,0.0,0.0,7.559244151169766,0.0,0.0
2025-05-16,21,Friday,7.283359328134372,73640.60588196079,0.0,0.0,0.0,7.283359328134372,0.0,0.0
2025-05-16,22,Friday,7.1362207558488295,73640.60588196079,0.0,0.0,0.0,7.1362207558488295,0.0,0.0
2025-05-16,23,Friday,7.00747450509898,73640.60588196079,0.0,0.0,0.0,7.00747450509898,0.0,0.0
2025-05-17,0,Saturday,7.00747450509898,73640.60588196079,0.0,0.0,0.0,7.00747450509898,0.0,0.0
2025-05-17,1,Saturday,7.00747450509898,73640.60588196079,0.0,0.0,0.0,7.00747450509898,0.0,0.0
2025-05-17,2,Saturday,7.1362207558488295,73640.60588196079,0.0,0.0,0.0,7.1362207558488295,0.0,0.0
2025-05-17,3,Saturday,7.283359328134372,73640.60588196079,0.0,0.0,0.0,7.283359328134372,0.0,0.0
2025-05-17,4,Saturday,7.283359328134372,73640.60588196079,0.0,0.0,0.0,7.283359328134372,0.0,0.0
2025-05-17,5,Saturday,7.412105578884224,73640.60588196079,0.0,0.0,0.0,7.412105578884224,0.0,0.0
2025-05-17,6,Saturday,7.7063827234553095,74224.1424138668,0.6894335206828974,0.0,0.6894335206828974,7.7063827234553095,0.0,0.0
2025-05-17,7,Saturday,7.7063827234553095,76026.91560042197,2.1299305134158657,0.0,2.1299305134158657,7.7063827234553095,0.0,0.0
2025-05-17,8,Saturday,7.982267546490701,77824.0,2.1232093567793306,1.3819846626015408,3.5051940193808715,6.774412951376954,0.0,0.9453848471616467
2025-05-17,9,Saturday,7.982267546490701,77824.0,0.0,5.2222036329469095,5.2222036329469095,3.2921249722792165,0.0,0.9249518786042421
2025-05-17,10,Saturday,8.111013797240552,77824.0,0.0,6.596070886044525,6.596070886044525,2.3150180476596027,0.0,0.9110396804612202
2025-05-17,11,Saturday,8.111013797240552,77824.0,0.0,7.113,7.113,1.954799812475926,0.0,0.9056300784957124
2025-05-17,12,Saturday,8.258152369526094,77824.0,0.0,7.113,7.113,2.1384929586030923,0.0,0.9056300784957124
2025-05-17,13,Saturday,8.258152369526094,77824.0,0.0,6.976128112023693,6.976128112023693,2.25625049232234,0.0,0.9070693995274737
2025-05-17,14,Saturday,8.111013797240552,77824.0,0.0,6.062039976885062,6.062039976885062,2.887257383583113,0.0,0.9165416741128141
2025-05-17,15,Saturday,8.111013797240552,77824.0,0.0,4.899746445276809,4.899746445276809,3.8447330780423528,0.0,0.9280749869850194
2025-05-17,16,Saturday,7.982267546490701,77824.0,0.0,3.480364952317542,3.480364952317542,4.9137298715567415,0.0,0.9406041486749821
2025-05-17,17,Saturday,7.982267546490701,77824.0,0.0,1.9295329294421932,1.9295329294421932,6.258087201974298,0.0,0.9481516960248297
2025-05-17,18,Saturday,7.835128974205158,77824.0,0.0,0.5713672744827559,0.5713672744827559,7.3204732663689445,0.0,0.9095855036971519
2025-05-17,19,Saturday,7.7063827234553095,77824.0,0.0,0.0,0.0,7.7063827234553095,0.0,0.0
2025-05-17,20,Saturday,7.559244151169766,77824.0,0.0,0.0,0.0,7.559244151169766,0.0,0.0
2025-05-17,21,Saturday,7.283359328134372,77824.0,0.0,0.0,0.0,7.283359328134372,0.0,0.0
2025-05-17,22,Saturday,7.1362207558488295,77824.0,0.0,0.0,0.0,7.1362207558488295,0.0,0.0
2025-05-17,23,Saturday,7.00747450509898,77824.0,0.0,0.0,0.0,7.00747450509898,0.0,0.0
2025-05-18,0,Sunday,7.00747450509898,77824.0,0.0,0.0,0.0,7.00747450509898,0.0,0.0
2025-05-18,1,Sunday,7.00747450509898,77824.0,0.0,0.0,0.0,7.00747450509898,0.0,0.0
2025-05-18,2,Sunday,7.1362207558488295,77824.0,0.0,0.0,0.0,7.1362207558488295,0.0,0.0
2025-05-18,3,Sunday,7.283359328134372,77824.0,0.0,0.0,0.0,7.283359328134372,0.0,0.0
2025-05-18,4,Sunday,7.283359328134372,77824.0,0.0,0.0,0.0,7.283359328134372,0.0,0.0
2025-05-18,5,Sunday,7.412105578884224,77824.0,0.0,0.0,0.0,7.412105578884224,0.0,0.0
2025-05-18,6,Sunday,7.7063827234553095,77824.0,0.0,0.5583227930837741,0.5583227930837741,7.218408602300091,0.0,0.9079401761216689
2025-05-18,7,Sunday,7.7063827234553095,77824.0,0.0,2.06151848906033,2.06151848906033,5.928234036421572,0.0,0.9481028271466841
2025-05-18,8,Sunday,7.982267546490701,77824.0,0.0,3.1813428802198325,3.1813428802198325,5.116839376574273,0.0,0.9428281248143596
2025-05-18,9,Sunday,7.982267546490701,77824.0,0.0,3.4508437282206605,3.4508437282206605,4.891392651250306,0.0,0.9408328483612465
2025-05-18,10,Sunday,8.111013797240552,77824.0,0.0,4.305821702921139,4.305821702921139,4.2625082248103325,0.0,0.9336106165924661
2025-05-18,11,Sunday,8.111013797240552,77824.0,0.0,4.202534142980894,4.202534142980894,4.383659829385234,0.0,0.9345376652926318
2025-05-18,12,Sunday,8.258152369526094,77824.0,0.0,4.236819255914957,4.236819255914957,4.496658552620946,0.0,0.9342312960213245
2025-05-18,13,Sunday,8.258152369526094,77824.0,0.0,3.125667609006988,3.125667609006988,5.484060693296345,0.0,0.9432171745839961
2025-05-18,14,Sunday,8.111013797240552,77824.0,0.0,2.988055461443451,2.988055461443451,5.433547828889731,0.0,0.9441395103321675
2025-05-18,15,Sunday,8.111013797240552,77824.0,0.0,0.660208493589095,0.660208493589095,7.518851319578924,0.0,0.9189056267889045
2025-05-18,16,Sunday,7.982267546490701,77824.0,0.0,0.47735482418670705,0.47735482418670705,7.565555714266707,0.0,0.8955344032301331
2025-05-18,17,Sunday,7.982267546490701,77824.0,0.0,0.28291599639799553,0.28291599639799553,7.741574588892091,0.0,0.834584201414911
2025-05-18,18,Sunday,7.835128974205158,77824.0,0.0,0.0872876740880408,0.0872876740880408,7.765922506121632,0.0,0.4892573658521673
2025-05-18,19,Sunday,7.7063827234553095,77824.0,0.0,0.0,0.0,7.7063827234553095,0.0,0.0
2025-05-18,20,Sunday,7.559244151169766,77824.0,0.0,0.0,0.0,7.559244151169766,0.0,0.0
2025-05-18,21,Sunday,7.283359328134372,77824.0,0.0,0.0,0.0,7.283359328134372,0.0,0.0
2025-05-18,22,Sunday,7.1362207558488295,77824.0,0.0,0.0,0.0,7.1362207558488295,0.0,0.0
2025-05-18,23,Sunday,7.00747450509898,77824.0,0.0,0.0,0.0,7.00747450509898,0.0,0.0
2025-05-19,0,Monday,7.00747450509898,77824.0,0.0,0.0,0.0,7.00747450509898,0.0,0.0
2025-05-19,1,Monday,7.00747450509898,77824.0,0.0,0.0,0.0,7.00747450509898,0.0,0.0
2025-05-19,2,Monday,7.1362207558488295,77824.0,0.0,0.0,0.0,7.1362207558488295,0.0,0.0
2025-05-19,3,Monday,7.283359328134372,77824.0,0.0,0.0,0.0,7.283359328134372,0.0,0.0
2025-05-19,4,Monday,7.283359328134372,77824.0,0.0,0.0,0.0,7.283359328134372,0.0,0.0
2025-05-19,5,Monday,7.412105578884224,77824.0,0.0,0.0,0.0,7.412105578884224,0.0,0.0
2025-05-19,6,Monday,7.7063827234553095,77824.0,0.0,0.6224174179755348,0.6224174179755348,7.162389900144692,0.0,0.9153015602433797
2025-05-19,7,Monday,7.7063827234553095,77824.0,0.0,1.7878562463013996,1.7878562463013996,6.151776492311294,0.0,0.9479649615059927
2025-05-19,8,Monday,7.982267546490701,77824.0,0.0,3.576432358274196,3.576432358274196,4.761451611792525,0.0,0.9398475950922555
2025-05-19,9,Monday,7.982267546490701,77824.0,0.0,5.650029838099295,5.650029838099295,2.937608938730449,0.0,0.9207108216414877
2025-05-19,10,Monday,8.111013797240552,77824.0,0.0,7.113,7.113,1.8894485266214458,0.0,0.9056300784957124
2025-05-19,11,Monday,8.111013797240552,77824.0,0.0,7.113,7.113,1.9913543863175507,0.0,0.9056300784957124
2025-05-19,12,Monday,8.258152369526094,77824.0,0.0,7.113,7.113,2.1384929586030923,0.0,0.9056300784957124
2025-05-19,13,Monday,8.258152369526094,77824.0,0.0,7.113,7.113,2.1384929586030923,0.0,0.9056300784957124
2025-05-19,14,Monday,8.111013797240552,77824.0,0.0,7.113,7.113,1.9913543863175507,0.0,0.9056300784957124
2025-05-19,15,Monday,8.111013797240552,77824.0,0.0,5.335157485946045,5.335157485946045,3.5209186590954635,0.0,0.9238420755118188
2025-05-19,16,Monday,7.982267546490701,77824.0,0.0,3.2699413177070937,3.2699413177070937,5.112403641425947,0.0,0.9421917658513381
2025-05-19,17,Monday,7.982267546490701,77824.0,0.0,1.586001820319167,1.586001820319167,6.562665583547246,0.0,0.9471428520876772
2025-05-19,18,Monday,7.835128974205158,77824.0,0.0,0.5306086080471225,0.5306086080471225,7.357694931355535,0.0,0.9041517413023448
2025-05-19,19,Monday,7.7063827234553095,77824.0,0.0,0.0,0.0,7.7063827234553095,0.0,0.0
2025-05-19,20,Monday,7.559244151169766,77824.0,0.0,0.0,0.0,7.559244151169766,0.0,0.0
2025-05-19,21,Monday,7.283359328134372,77824.0,0.0,0.0,0.0,7.283359328134372,0.0,0.0
2025-05-19,22,Monday,7.1362207558488295,77824.0,0.0,0.0,0.0,7.1362207558488295,0.0,0.0
2025-05-19,23,Monday,7.00747450509898,77824.0,0.0,0.0,0.0,7.00747450509898,0.0,0.0
2025-05-20,0,Tuesday,7.00747450509898,77824.0,0.0,0.0,0.0,7.00747450509898,0.0,0.0
2025-05-20,1,Tuesday,7.00747450509898,77824.0,0.0,0.0,0.0,7.00747450509898,0.0,0.0
2025-05-20,2,Tuesday,7.1362207558488295,77824.0,0.0,0.0,0.0,7.1362207558488295,0.0,0.0
2025-05-20,3,Tuesday,7.283359328134372,77824.0,0.0,0.0,0.0,7.283359328134372,0.0,0.0
2025-05-20,4,Tuesday,7.283359328134372,77824.0,0.0,0.0,0.0,7.283359328134372,0.0,0.0
2025-05-20,5,Tuesday,7.412105578884224,77824.0,0.0,0.0,0.0,7.412105578884224,0.0,0.0
2025-05-20,6,Tuesday,7.7063827234553095,77824.0,0.0,0.5795117809508459,0.5795117809508459,7.19988942690427,0.0,0.9105718313171676
2025-05-20,7,Tuesday,7.7063827234553095,77824.0,0.0,1.7664756383269296,1.7664756383269296,6.178304914335221,0.0,0.9479116812298439
2025-05-20,8,Tuesday,7.982267546490701,77824.0,0.0,3.75683109521472,3.75683109521472,4.599180670907237,0.0,0.938380118994307
2025-05-20,9,Tuesday,7.982267546490701,77824.0,0.0,6.04327921657946,6.04327921657946,2.5949191296395275,0.0,0.9167330788167445
2025-05-20,10,Tuesday,8.111013797240552,77824.0,0.0,7.113,7.113,1.9163275270982245,0.0,0.9056300784957124
2025-05-20,11,Tuesday,8.111013797240552,77824.0,0.0,7.113,7.113,1.9913543863175507,0.0,0.9056300784957124
2025-05-20,12,Tuesday,8.258152369526094,77824.0,0.0,7.113,7.113,2.1384929586030923,0.0,0.9056300784957124
2025-05-20,13,Tuesday,8.258152369526094,77824.0,0.0,7.113,7.113,2.1384929586030923,0.0,0.9056300784957124
2025-05-20,14,Tuesday,8.111013797240552,77824.0,0.0,7.113,7.113,1.9913543863175507,0.0,0.9056300784957124
2025-05-20,15,Tuesday,8.111013797240552,77824.0,0.0,5.6072421516893955,5.6072421516893955,3.2868310047605656,0.0,0.9211393464738145
2025-05-20,16,Tuesday,7.982267546490701,77824.0,0.0,3.3320877647162166,3.3320877647162166,5.066416257805816,0.0,0.9417335409159175
2025-05-20,17,Tuesday,7.982267546490701,77824.0,0.0,1.50614487117889,1.50614487117889,6.634799760956438,0.0,0.9465865019698276
2025-05-20,18,Tuesday,7.835128974205158,77824.0,0.0,0.5159117091390112,0.5159117091390112,7.371191667129946,0.0,0.9019637986702728
2025-05-20,19,Tuesday,7.7063827234553095,77824.0,0.0,0.0,0.0,7.7063827234553095,0.0,0.0
2025-05-20,20,Tuesday,7.559244151169766,77824.0,0.0,0.0,0.0,7.559244151169766,0.0,0.0
2025-05-20,21,Tuesday,7.283359328134372,77824.0,0.0,0.0,0.0,7.283359328134372,0.0,0.0
2025-05-20,22,Tuesday,7.1362207558488295,77824.0,0.0,0.0,0.0,7.1362207558488295,0.0,0.0
2025-05-20,23,Tuesday,7.00747450509898,77824.0,0.0,0.0,0.0,7.00747450509898,0.0,0.0
2025-05-21,0,Wednesday,7.00747450509898,77824.0,0.0,0.0,0.0,7.00747450509898,0.0,0.0
2025-05-21,1,Wednesday,7.00747450509898,77824.0,0.0,0.0,0.0,7.00747450509898,0.0,0.0
2025-05-21,2,Wednesday,7.1362207558488295,77824.0,0.0,0.0,0.0,7.1362207558488295,0.0,0.0
2025-05-21,3,Wednesday,7.283359328134372,77824.0,0.0,0.0,0.0,7.283359328134372,0.0,0.0
2025-05-21,4,Wednesday,7.283359328134372,77824.0,0.0,0.0,0.0,7.283359328134372,0.0,0.0
2025-05-21,5,Wednesday,7.412105578884224,77824.0,0.0,0.0,0.0,7.412105578884224,0.0,0.0
2025-05-21,6,Wednesday,7.7063827234553095,77824.0,0.0,0.6279276544028276,0.6279276544028276,7.157573953507239,0.0,0.9158573060914887
2025-05-21,7,Wednesday,7.7063827234553095,77824.0,0.0,1.7354435664417855,1.7354435664417855,6.196434987301889,0.0,0.9478213298909575
2025-05-21,8,Wednesday,7.982267546490701,77824.0,0.0,3.5607971677074017,3.5607971677074017,4.776018014870736,0.0,0.9399719707691354
2025-05-21,9,Wednesday,7.982267546490701,77824.0,0.0,5.721540601170919,5.721540601170919,2.873084141508361,0.0,0.9199926527145197
2025-05-21,10,Wednesday,8.111013797240552,77824.0,0.0,7.113,7.113,1.8943014454200933,0.0,0.9056300784957124
2025-05-21,11,Wednesday,8.111013797240552,77824.0,0.0,7.113,7.113,1.9913543863175507,0.0,0.9056300784957124
2025-05-21,12,Wednesday,8.258152369526094,77824.0,0.0,7.113,7.113,2.1384929586030923,0.0,0.9056300784957124
2025-05-21,13,Wednesday,8.258152369526094,77824.0,0.0,7.113,7.113,2.1384929586030923,0.0,0.9056300784957124
2025-05-21,14,Wednesday,8.111013797240552,77824.0,0.0,7.113,7.113,1.9913543863175507,0.0,0.9056300784957124
2025-05-21,15,Wednesday,8.111013797240552,77824.0,0.0,5.408275641931927,5.408275641931927,3.4580115578177555,0.0,0.9231197078247152
2025-05-21,16,Wednesday,7.982267546490701,77824.0,0.0,3.2665454380662053,3.2665454380662053,5.1176256996260605,0.0,0.9422165303518708
2025-05-21,17,Wednesday,7.982267546490701,77824.0,0.0,1.539343044787519,1.539343044787519,6.604392806943769,0.0,0.9468362700300011
2025-05-21,18,Wednesday,7.835128974205158,77824.0,0.0,0.5348465864180867,0.5348465864180867,7.354037434628897,0.0,0.9047586073184773
2025-05-21,19,Wednesday,7.7063827234553095,77824.0,0.0,0.0,0.0,7.7063827234553095,0.0,0.0
2025-05-21,20,Wednesday,7.559244151169766,77824.0,0.0,0.0,0.0,7.559244151169766,0.0,0.0
2025-05-21,21,Wednesday,7.283359328134372,77824.0,0.0,0.0,0.0,7.283359328134372,0.0,0.0
2025-05-21,22,Wednesday,7.1362207558488295,77824.0,0.0,0.0,0.0,7.1362207558488295,0.0,0.0
2025-05-21,23,Wednesday,7.00747450509898,77824.0,0.0,0.0,0.0,7.00747450509898,0.0,0.0
2025-05-22,0,Thursday,7.00747450509898,77824.0,0.0,0.0,0.0,7.00747450509898,0.0,0.0
2025-05-22,1,Thursday,7.00747450509898,77824.0,0.0,0.0,0.0,7.00747450509898,0.0,0.0
2025-05-22,2,Thursday,7.1362207558488295,77824.0,0.0,0.0,0.0,7.1362207558488295,0.0,0.0
2025-05-22,3,Thursday,7.283359328134372,77824.0,0.0,0.0,0.0,7.283359328134372,0.0,0.0
2025-05-22,4,Thursday,7.283359328134372,77824.0,0.0,0.0,0.0,7.283359328134372,0.0,0.0
2025-05-22,5,Thursday,7.412105578884224,77824.0,0.0,0.0,0.0,7.412105578884224,0.0,0.0
2025-05-22,6,Thursday,7.7063827234553095,77824.0,0.0,0.6415530786442236,0.6415530786442236,7.145665332720258,0.0,0.9171859033415694
2025-05-22,7,Thursday,7.7063827234553095,77824.0,0.0,1.8116324092629859,1.8116324092629859,6.1278592010332105,0.0,0.9480159784651639
2025-05-22,8,Thursday,7.982267546490701,77824.0,0.0,3.5828612620284743,3.5828612620284743,4.755488307715188,0.0,0.9397963176981883
2025-05-22,9,Thursday,7.982267546490701,77824.0,0.0,5.69312387091556,5.69312387091556,2.899409538908907,0.0,0.92027832843764
2025-05-22,10,Thursday,8.111013797240552,77824.0,0.0,7.113,7.113,1.8923710345724656,0.0,0.9056300784957124
2025-05-22,11,Thursday,8.111013797240552,77824.0,0.0,7.113,7.113,1.9913543863175507,0.0,0.9056300784957124
2025-05-22,12,Thursday,8.258152369526094,77824.0,0.0,7.113,7.113,2.1384929586030923,0.0,0.9056300784957124
2025-05-22,13,Thursday,8.258152369526094,77824.0,0.0,7.113,7.113,2.1384929586030923,0.0,0.9056300784957124
2025-05-22,14,Thursday,8.111013797240552,77824.0,0.0,7.113,7.113,1.9913543863175507,0.0,0.9056300784957124
2025-05-22,15,Thursday,8.111013797240552,77824.0,0.0,5.347182309456717,5.347182309456717,3.5105731193285896,0.0,0.9237234856872477
2025-05-22,16,Thursday,7.982267546490701,77824.0,0.0,3.3530142687071485,3.3530142687071485,5.039872420033918,0.0,0.9415771556373734
2025-05-22,17,Thursday,7.982267546490701,77824.0,0.0,1.718876249398882,1.718876249398882,6.444735667179147,0.0,0.9477665274478752
2025-05-22,18,Thursday,7.835128974205158,77824.0,0.0,0.6306800492983686,0.6306800492983686,7.2672784059636975,0.0,0.9161308564159979
2025-05-22,19,Thursday,6.0,71274.71726601083,0.0,0.0,0.0,0.0,6.549282733989163,0.9079309281631751
2025-05-22,20,Thursday,6.0,64666.28504513857,0.0,0.0,0.0,0.0,6.608432220872278,0.9072780965711207
2025-05-22,21,Thursday,6.0,58053.09772950092,0.0,0.0,0.0,0.0,6.613187315637643,0.9072255704439466
2025-05-22,22,Thursday,6.0,51439.52752659766,0.0,0.0,0.0,0.0,6.613570202903262,0.9072213406787829
2025-05-22,23,Thursday,6.0,44825.92648904843,0.0,0.0,0.0,0.0,6.613601037549228,0.9072210000458425
2025-05-23,0,Friday,6.0,38212.3229683001,0.0,0.0,0.0,0.0,6.613603520748325,0.9072209726137201
2025-05-23,1,Friday,6.0,31598.71924757273,0.0,0.0,0.0,0.0,6.613603720727367,0.9072209704045338
2025-05-23,2,Friday,6.0,24985.115510740485,0.0,0.0,0.0,0.0,6.613603736832245,0.9072209702266218
2025-05-23,3,Friday,7.283359328134372,24985.115510740485,0.0,0.0,0.0,7.283359328134372,0.0,0.0
2025-05-23,4,Friday,7.283359328134372,24985.115510740485,0.0,0.0,0.0,7.283359328134372,0.0,0.0
2025-05-23,5,Friday,7.412105578884224,24985.115510740485,0.0,0.0,0.0,7.412105578884224,0.0,0.0
2025-05-23,6,Friday,7.7063827234553095,25545.70585607844,0.6623231868359565,0.0,0.6623231868359565,7.7063827234553095,0.0,0.0
2025-05-23,7,Friday,7.7063827234553095,27126.123622618696,1.8672232591449158,0.0,1.8672232591449158,7.7063827234553095,0.0,0.0
2025-05-23,8,Friday,7.982267546490701,30198.634317653545,3.6300929761753897,0.0,3.6300929761753897,7.982267546490701,0.0,0.0
2025-05-23,9,Friday,7.982267546490701,34990.651857949306,5.661646432296493,0.0,5.661646432296493,7.982267546490701,0.0,0.0
2025-05-23,10,Friday,8.111013797240552,41011.09505794931,7.113,0.0,7.113,8.111013797240552,0.0,0.0
2025-05-23,11,Friday,8.111013797240552,47031.53825794931,7.113,0.0,7.113,8.111013797240552,0.0,0.0
2025-05-23,12,Friday,8.258152369526094,53051.98145794931,7.113,0.0,7.113,8.258152369526094,0.0,0.0
2025-05-23,13,Friday,8.258152369526094,59072.42465794931,7.113,0.0,7.113,8.258152369526094,0.0,0.0
2025-05-23,14,Friday,8.111013797240552,65092.86785794931,7.113,0.0,7.113,8.111013797240552,0.0,0.0
2025-05-23,15,Friday,8.111013797240552,69623.16193185875,5.352426835904342,0.0,5.352426835904342,8.111013797240552,0.0,0.0
2025-05-23,16,Friday,7.982267546490701,72433.67019100151,3.3205437844314383,0.0,3.3205437844314383,7.982267546490701,0.0,0.0
2025-05-23,17,Friday,7.982267546490701,73815.581250051,1.6326926501057266,0.0,1.6326926501057266,7.982267546490701,0.0,0.0
2025-05-23,18,Friday,7.835128974205158,74307.00648872697,0.580606378397885,0.0,0.580606378397885,7.835128974205158,0.0,0.0
2025-05-23,19,Friday,7.7063827234553095,74307.00648872697,0.0,0.0,0.0,7.7063827234553095,0.0,0.0
2025-05-23,20,Friday,7.559244151169766,74307.00648872697,0.0,0.0,0.0,7.559244151169766,0.0,0.0
2025-05-23,21,Friday,7.283359328134372,74307.00648872697,0.0,0.0,0.0,7.283359328134372,0.0,0.0
2025-05-23,22,Friday,7.1362207558488295,74307.00648872697,0.0,0.0,0.0,7.1362207558488295,0.0,0.0
2025-05-23,23,Friday,7.00747450509898,74307.00648872697,0.0,0.0,0.0,7.00747450509898,0.0,0.0
2025-05-24,0,Saturday,7.00747450509898,74307.00648872697,0.0,0.0,0.0,7.00747450509898,0.0,0.0
2025-05-24,1,Saturday,7.00747450509898,74307.00648872697,0.0,0.0,0.0,7.00747450509898,0.0,0.0
2025-05-24,2,Saturday,7.1362207558488295,74307.00648872697,0.0,0.0,0.0,7.1362207558488295,0.0,0.0
2025-05-24,3,Saturday,7.283359328134372,74307.00648872697,0.0,0.0,0.0,7.283359328134372,0.0,0.0
2025-05-24,4,Saturday,7.283359328134372,74307.00648872697,0.0,0.0,0.0,7.283359328134372,0.0,0.0
2025-05-24,5,Saturday,7.412105578884224,74307.00648872697,0.0,0.0,0.0,7.412105578884224,0.0,0.0
2025-05-24,6,Saturday,7.7063827234553095,74903.55261281408,0.7048040218420524,0.0,0.7048040218420524,7.7063827234553095,0.0,0.0
2025-05-24,7,Saturday,7.7063827234553095,76483.16007512939,1.8662659053819866,0.0,1.8662659053819866,7.7063827234553095,0.0,0.0
2025-05-24,8,Saturday,7.982267546490701,77824.0,1.5841681532025136,1.337623335200765,2.9217914884032785,6.813184751525233,0.0,0.9448377024660218
2025-05-24,9,Saturday,7.982267546490701,77824.0,0.0,4.199724583561308,4.199724583561308,4.212612326294671,0.0,0.9345627101628788
2025-05-24,10,Saturday,8.111013797240552,77824.0,0.0,5.057558163581063,5.057558163581063,3.620738796285978,0.0,0.9265553353821226
2025-05-24,11,Saturday,8.111013797240552,77824.0,0.0,5.683313870264812,5.683313870264812,3.1084042475527243,0.0,0.9203768603056836
2025-05-24,12,Saturday,8.258152369526094,77824.0,0.0,6.212902547706,6.212902547706,2.8258512162954057,0.0,0.9149975817267926
2025-05-24,13,Saturday,8.258152369526094,77824.0,0.0,5.731662122216626,5.731662122216626,3.275918237477989,0.0,0.9198908085682699
2025-05-24,14,Saturday,8.111013797240552,77824.0,0.0,5.218253500066383,5.218253500066383,3.550801537324797,0.0,0.9249905504068902
2025-05-24,15,Saturday,8.111013797240552,77824.0,0.0,4.459574656235829,4.459574656235829,4.1922026021809655,0.0,0.9322091333840852
2025-05-24,16,Saturday,7.982267546490701,77824.0,0.0,3.2335904934389217,3.2335904934389217,5.118604084463373,0.0,0.9424553330648211
2025-05-24,17,Saturday,7.982267546490701,77824.0,0.0,1.8191752161506387,1.8191752161506387,6.3535007314622085,0.0,0.9480304041988127
2025-05-24,18,Saturday,7.835128974205158,77824.0,0.0,0.6785116650465115,0.6785116650465115,7.224041770540888,0.0,0.9204896088669398
2025-05-24,19,Saturday,7.7063827234553095,77824.0,0.0,0.0,0.0,7.7063827234553095,0.0,0.0
2025-05-24,20,Saturday,7.559244151169766,77824.0,0.0,0.0,0.0,7.559244151169766,0.0,0.0
2025-05-24,21,Saturday,7.283359328134372,77824.0,0.0,0.0,0.0,7.283359328134372,0.0,0.0
2025-05-24,22,Saturday,7.1362207558488295,77824.0,0.0,0.0,0.0,7.1362207558488295,0.0,0.0
2025-05-24,23,Saturday,7.00747450509898,77824.0,0.0,0.0,0.0,7.00747450509898,0.0,0.0
2025-05-25,0,Sunday,7.00747450509898,77824.0,0.0,0.0,0.0,7.00747450509898,0.0,0.0
2025-05-25,1,Sunday,7.00747450509898,77824.0,0.0,0.0,0.0,7.00747450509898,0.0,0.0
2025-05-25,2,Sunday,7.1362207558488295,77824.0,0.0,0.0,0.0,7.1362207558488295,0.0,0.0
2025-05-25,3,Sunday,7.283359328134372,77824.0,0.0,0.0,0.0,7.283359328134372,0.0,0.0
2025-05-25,4,Sunday,7.283359328134372,77824.0,0.0,0.0,0.0,7.283359328134372,0.0,0.0
2025-05-25,5,Sunday,7.412105578884224,77824.0,0.0,0.0,0.0,7.412105578884224,0.0,0.0
2025-05-25,6,Sunday,7.7063827234553095,77824.0,0.0,0.6311760701518059,0.6311760701518059,7.154734838142631,0.0,0.9161798712716858
2025-05-25,7,Sunday,7.7063827234553095,77824.0,0.0,1.871609265838551,1.871609265838551,6.077388524020795,0.0,0.948108316355118
2025-05-25,8,Sunday,7.982267546490701,77824.0,0.0,4.279311990966182,4.279311990966182,4.127878823923147,0.0,0.9338497054545022
2025-05-25,9,Sunday,7.982267546490701,77824.0,0.0,6.746226872479866,6.746226872479866,1.997303667585859,0.0,0.9094759497326184
2025-05-25,10,Sunday,8.111013797240552,77824.0,0.0,7.113,7.113,1.965366488314844,0.0,0.9056300784957124
2025-05-25,11,Sunday,8.111013797240552,77824.0,0.0,6.058847746148786,6.058847746148786,2.898292775299171,0.0,0.9165742523380483
2025-05-25,12,Sunday,8.258152369526094,77824.0,0.0,5.799797081266108,5.799797081266108,3.2080049297259103,0.0,0.919203995222474
2025-05-25,13,Sunday,8.258152369526094,77824.0,0.0,4.663288516967814,4.663288516967814,4.185964605637789,0.0,0.9303165688261026
2025-05-25,14,Sunday,8.111013797240552,77824.0,0.0,4.316486551075133,4.316486551075133,4.29609978753933,0.0,0.9335142125261027
2025-05-25,15,Sunday,8.111013797240552,77824.0,0.0,2.722859349684284,2.722859349684284,5.696277290682685,0.0,0.9457326736155489
2025-05-25,16,Sunday,7.982267546490701,77824.0,0.0,1.641840973734097,1.641840973734097,6.507162025436652,0.0,0.9474471106029352
2025-05-25,17,Sunday,7.982267546490701,77824.0,0.0,0.8597821978326929,0.8597821978326929,7.208399295360496,0.0,0.9320559597308142
2025-05-25,18,Sunday,7.835128974205158,77824.0,0.0,0.1083266573604666,0.1083266573604666,7.739210792944145,0.0,0.5866380640148037
2025-05-25,19,Sunday,7.7063827234553095,77824.0,0.0,0.0,0.0,7.7063827234553095,0.0,0.0
2025-05-25,20,Sunday,7.559244151169766,77824.0,0.0,0.0,0.0,7.559244151169766,0.0,0.0
2025-05-25,21,Sunday,7.283359328134372,77824.0,0.0,0.0,0.0,7.283359328134372,0.0,0.0
2025-05-25,22,Sunday,7.1362207558488295,77824.0,0.0,0.0,0.0,7.1362207558488295,0.0,0.0
2025-05-25,23,Sunday,7.00747450509898,77824.0,0.0,0.0,0.0,7.00747450509898,0.0,0.0
2025-05-26,0,Monday,7.00747450509898,77824.0,0.0,0.0,0.0,7.00747450509898,0.0,0.0
2025-05-26,1,Monday,7.00747450509898,77824.0,0.0,0.0,0.0,7.00747450509898,0.0,0.0
2025-05-26,2,Monday,7.1362207558488295,77824.0,0.0,0.0,0.0,7.1362207558488295,0.0,0.0
2025-05-26,3,Monday,7.283359328134372,77824.0,0.0,0.0,0.0,7.283359328134372,0.0,0.0
2025-05-26,4,Monday,7.283359328134372,77824.0,0.0,0.0,0.0,7.283359328134372,0.0,0.0
2025-05-26,5,Monday,7.412105578884224,77824.0,0.0,0.0,0.0,7.412105578884224,0.0,0.0
2025-05-26,6,Monday,7.7063827234553095,77824.0,0.0,0.6448825544908835,0.6448825544908835,7.142755370830278,0.0,0.9175010226513733
2025-05-26,7,Monday,7.7063827234553095,77824.0,0.0,1.7598108544372733,1.7598108544372733,6.172485877767084,0.0,0.9478935971270855
2025-05-26,8,Monday,7.982267546490701,77824.0,0.0,3.5990506930629107,3.5990506930629107,4.741326294185075,0.0,0.9396668412830509
2025-05-26,9,Monday,7.982267546490701,77824.0,0.0,5.729472737174745,5.729472737174745,2.86766177479027,0.0,0.9199128425188845
2025-05-26,10,Monday,8.111013797240552,77824.0,0.0,7.113,7.113,1.8948407508455682,0.0,0.9056300784957124
2025-05-26,11,Monday,8.111013797240552,77824.0,0.0,7.113,7.113,1.9913543863175507,0.0,0.9056300784957124
2025-05-26,12,Monday,8.258152369526094,77824.0,0.0,7.113,7.113,2.1384929586030923,0.0,0.9056300784957124
2025-05-26,13,Monday,8.258152369526094,77824.0,0.0,7.113,7.113,2.1384929586030923,0.0,0.9056300784957124
2025-05-26,14,Monday,8.111013797240552,77824.0,0.0,7.113,7.113,1.9913543863175507,0.0,0.9056300784957124
2025-05-26,15,Monday,8.111013797240552,77824.0,0.0,5.455355245415449,5.455355245415449,3.417506688069343,0.0,0.9226530096351535
2025-05-26,16,Monday,7.982267546490701,77824.0,0.0,3.323359312781476,3.323359312781476,5.0692754480556985,0.0,0.9417984634176644
2025-05-26,17,Monday,7.982267546490701,77824.0,0.0,1.578082854221139,1.578082854221139,6.570343339602032,0.0,0.9470943122349266
2025-05-26,18,Monday,7.835128974205158,77824.0,0.0,0.6269929942026056,0.6269929942026056,7.270998550515746,0.0,0.9157638047642598
2025-05-26,19,Monday,7.7063827234553095,77824.0,0.0,0.0,0.0,7.7063827234553095,0.0,0.0
2025-05-26,20,Monday,7.559244151169766,77824.0,0.0,0.0,0.0,7.559244151169766,0.0,0.0
2025-05-26,21,Monday,7.283359328134372,77824.0,0.0,0.0,0.0,7.283359328134372,0.0,0.0
2025-05-26,22,Monday,7.1362207558488295,77824.0,0.0,0.0,0.0,7.1362207558488295,0.0,0.0
2025-05-26,23,Monday,7.00747450509898,77824.0,0.0,0.0,0.0,7.00747450509898,0.0,0.0
2025-05-27,0,Tuesday,7.00747450509898,77824.0,0.0,0.0,0.0,7.00747450509898,0.0,0.0
2025-05-27,1,Tuesday,7.00747450509898,77824.0,0.0,0.0,0.0,7.00747450509898,0.0,0.0
2025-05-27,2,Tuesday,7.1362207558488295,77824.0,0.0,0.0,0.0,7.1362207558488295,0.0,0.0
2025-05-27,3,Tuesday,7.283359328134372,77824.0,0.0,0.0,0.0,7.283359328134372,0.0,0.0
2025-05-27,4,Tuesday,7.283359328134372,77824.0,0.0,0.0,0.0,7.283359328134372,0.0,0.0
2025-05-27,5,Tuesday,7.412105578884224,77824.0,0.0,0.0,0.0,7.412105578884224,0.0,0.0
2025-05-27,6,Tuesday,7.7063827234553095,77824.0,0.0,0.755170834833973,0.755170834833973,7.046363413810417,0.0,0.9261796602358106
2025-05-27,7,Tuesday,7.7063827234553095,77824.0,0.0,2.0177808746822534,2.0177808746822534,5.93099649875896,0.0,0.9481401198758447
2025-05-27,8,Tuesday,7.982267546490701,77824.0,0.0,3.573038866550255,3.573038866550255,4.7639131222012905,0.0,0.9398746298826569
2025-05-27,9,Tuesday,7.982267546490701,77824.0,0.0,5.04091048563485,5.04091048563485,3.4813348633809245,0.0,0.9267164699727735
2025-05-27,10,Tuesday,8.111013797240552,77824.0,0.0,6.400821169447105,6.400821169447105,2.4758547181173833,0.0,0.9130626309261434
2025-05-27,11,Tuesday,8.111013797240552,77824.0,0.0,7.113,7.113,1.941130028151778,0.0,0.9056300784957124
2025-05-27,12,Tuesday,8.258152369526094,77824.0,0.0,7.113,7.113,2.1384929586030923,0.0,0.9056300784957124
2025-05-27,13,Tuesday,8.258152369526094,77824.0,0.0,7.113,7.113,2.1384929586030923,0.0,0.9056300784957124
2025-05-27,14,Tuesday,8.111013797240552,77824.0,0.0,6.463370221021089,6.463370221021089,2.550262440660883,0.0,0.9124159049054816
2025-05-27,15,Tuesday,8.111013797240552,77824.0,0.0,5.161254650615732,5.161254650615732,3.6372635063758327,0.0,0.9255474854833408
2025-05-27,16,Tuesday,7.982267546490701,77824.0,0.0,3.49119008839649,3.49119008839649,4.912568449213953,0.0,0.9405198297964827
2025-05-27,17,Tuesday,7.982267546490701,77824.0,0.0,1.7751711341478387,1.7751711341478387,6.396163076189764,0.0,0.9479342135274826
2025-05-27,18,Tuesday,7.835128974205158,77824.0,0.0,0.5813666363227421,0.5813666363227421,7.311586515290128,0.0,0.9107922333900907
2025-05-27,19,Tuesday,7.7063827234553095,77824.0,0.0,0.0,0.0,7.7063827234553095,0.0,0.0
2025-05-27,20,Tuesday,7.559244151169766,77824.0,0.0,0.0,0.0,7.559244151169766,0.0,0.0
2025-05-27,21,Tuesday,7.283359328134372,77824.0,0.0,0.0,0.0,7.283359328134372,0.0,0.0
2025-05-27,22,Tuesday,7.1362207558488295,77824.0,0.0,0.0,0.0,7.1362207558488295,0.0,0.0
2025-05-27,23,Tuesday,7.00747450509898,77824.0,0.0,0.0,0.0,7.00747450509898,0.0,0.0
2025-05-28,0,Wednesday,7.00747450509898,77824.0,0.0,0.0,0.0,7.00747450509898,0.0,0.0
2025-05-28,1,Wednesday,7.00747450509898,77824.0,0.0,0.0,0.0,7.00747450509898,0.0,0.0
2025-05-28,2,Wednesday,7.1362207558488295,77824.0,0.0,0.0,0.0,7.1362207558488295,0.0,0.0
2025-05-28,3,Wednesday,7.283359328134372,77824.0,0.0,0.0,0.0,7.283359328134372,0.0,0.0
2025-05-28,4,Wednesday,7.283359328134372,77824.0,0.0,0.0,0.0,7.283359328134372,0.0,0.0
2025-05-28,5,Wednesday,7.412105578884224,77824.0,0.0,0.0,0.0,7.412105578884224,0.0,0.0
2025-05-28,6,Wednesday,7.7063827234553095,77824.0,0.0,0.6623899021228364,0.6623899021228364,7.127453948999951,0.0,0.919099608922478
2025-05-28,7,Wednesday,7.7063827234553095,77824.0,0.0,1.7898325039794023,1.7898325039794023,6.143600086733311,0.0,0.947969528051919
2025-05-28,8,Wednesday,7.982267546490701,77824.0,0.0,3.599494416296332,3.599494416296332,4.740667074600847,0.0,0.939663285590601
2025-05-28,9,Wednesday,7.982267546490701,77824.0,0.0,5.7228492442627195,5.7228492442627195,2.873593788877286,0.0,0.9199794876626387
2025-05-28,10,Wednesday,8.111013797240552,77824.0,0.0,7.113,7.113,1.8943904062834207,0.0,0.9056300784957124
2025-05-28,11,Wednesday,8.111013797240552,77824.0,0.0,7.113,7.113,1.9913543863175507,0.0,0.9056300784957124
2025-05-28,12,Wednesday,8.258152369526094,77824.0,0.0,7.113,7.113,2.1384929586030923,0.0,0.9056300784957124
2025-05-28,13,Wednesday,8.258152369526094,77824.0,0.0,7.113,7.113,2.1384929586030923,0.0,0.9056300784957124
2025-05-28,14,Wednesday,8.111013797240552,77824.0,0.0,7.113,7.113,1.9913543863175507,0.0,0.9056300784957124
2025-05-28,15,Wednesday,8.111013797240552,77824.0,0.0,5.444357248185582,5.444357248185582,3.4269687993091935,0.0,0.922762140719861
2025-05-28,16,Wednesday,7.982267546490701,77824.0,0.0,3.3465161573677076,3.3465161573677076,5.048631053830784,0.0,0.941625826511946
2025-05-28,17,Wednesday,7.982267546490701,77824.0,0.0,1.62342649485669,1.62342649485669,6.53004024723992,0.0,0.947353925535427
2025-05-28,18,Wednesday,7.835128974205158,77824.0,0.0,0.5718405071187671,0.5718405071187671,7.320480392465981,0.0,0.9096436549802155
2025-05-28,19,Wednesday,7.7063827234553095,77824.0,0.0,0.0,0.0,7.7063827234553095,0.0,0.0
2025-05-28,20,Wednesday,7.559244151169766,77824.0,0.0,0.0,0.0,7.559244151169766,0.0,0.0
2025-05-28,21,Wednesday,7.283359328134372,77824.0,0.0,0.0,0.0,7.283359328134372,0.0,0.0
2025-05-28,22,Wednesday,7.1362207558488295,77824.0,0.0,0.0,0.0,7.1362207558488295,0.0,0.0
2025-05-28,23,Wednesday,7.00747450509898,77824.0,0.0,0.0,0.0,7.00747450509898,0.0,0.0
2025-05-29,0,Thursday,7.00747450509898,77824.0,0.0,0.0,0.0,7.00747450509898,0.0,0.0
2025-05-29,1,Thursday,7.00747450509898,77824.0,0.0,0.0,0.0,7.00747450509898,0.0,0.0
2025-05-29,2,Thursday,7.1362207558488295,77824.0,0.0,0.0,0.0,7.1362207558488295,0.0,0.0
2025-05-29,3,Thursday,7.283359328134372,77824.0,0.0,0.0,0.0,7.283359328134372,0.0,0.0
2025-05-29,4,Thursday,7.283359328134372,77824.0,0.0,0.0,0.0,7.283359328134372,0.0,0.0
2025-05-29,5,Thursday,7.412105578884224,77824.0,0.0,0.0,0.0,7.412105578884224,0.0,0.0
2025-05-29,6,Thursday,7.7063827234553095,77824.0,0.0,0.6824954069759044,0.6824954069759044,7.109881737758369,0.0,0.9208216263471818
2025-05-29,7,Thursday,7.7063827234553095,77824.0,0.0,1.888388937403004,1.888388937403004,6.054456819565622,0.0,0.9481253243985757
2025-05-29,8,Thursday,7.982267546490701,77824.0,0.0,3.627651237780641,3.627651237780641,4.714772940196319,0.0,0.9394369044024186
2025-05-29,9,Thursday,7.982267546490701,77824.0,0.0,5.657393243826505,5.657393243826505,2.9332417503215487,0.0,0.9206369856786307
2025-05-29,10,Thursday,8.111013797240552,77824.0,0.0,7.113,7.113,1.8899474620650576,0.0,0.9056300784957124
2025-05-29,11,Thursday,8.111013797240552,77824.0,0.0,7.113,7.113,1.9913543863175507,0.0,0.9056300784957124
2025-05-29,12,Thursday,8.258152369526094,77824.0,0.0,7.113,7.113,2.1384929586030923,0.0,0.9056300784957124
2025-05-29,13,Thursday,8.258152369526094,77824.0,0.0,7.113,7.113,2.1384929586030923,0.0,0.9056300784957124
2025-05-29,14,Thursday,8.111013797240552,77824.0,0.0,7.113,7.113,1.9913543863175507,0.0,0.9056300784957124
2025-05-29,15,Thursday,8.111013797240552,77824.0,0.0,5.38532894818095,5.38532894818095,3.477753713077524,0.0,0.9233467337616195
2025-05-29,16,Thursday,7.982267546490701,77824.0,0.0,3.3897138756687535,3.3897138756687535,5.008880372779776,0.0,0.9413004467936317
2025-05-29,17,Thursday,7.982267546490701,77824.0,0.0,1.7466832478635348,1.7466832478635348,6.420321510950849,0.0,0.9478558774926178
2025-05-29,18,Thursday,7.835128974205158,77824.0,0.0,0.6845165643310165,0.6845165643310165,7.218747077900061,0.0,0.9209883960600429
2025-05-29,19,Thursday,6.0,71309.25993848805,0.0,0.0,0.0,0.0,6.514740061511954,0.9083116964754324
2025-05-29,20,Thursday,6.0,64703.59800186199,0.0,0.0,0.0,0.0,6.605661936626053,0.9073086949077123
2025-05-29,21,Thursday,6.0,58090.63371123509,0.0,0.0,0.0,0.0,6.612964290626902,0.9072280341873236
2025-05-29,22,Thursday,6.0,51477.08146868928,0.0,0.0,0.0,0.0,6.6135522425458095,0.9072215390882438
2025-05-29,23,Thursday,6.0,44863.4818775354,0.0,0.0,0.0,0.0,6.613599591153877,0.9072210160243004
2025-05-30,0,Friday,6.0,38249.87847326937,0.0,0.0,0.0,0.0,6.613603404266031,0.9072209739005106
2025-05-30,1,Friday,6.0,31636.274761922654,0.0,0.0,0.0,0.0,6.613603711346717,0.9072209705081626
2025-05-30,2,Friday,6.0,25022.67102584586,0.0,0.0,0.0,0.0,6.6136037360767945,0.9072209702349674
2025-05-30,3,Friday,7.283359328134372,25022.67102584586,0.0,0.0,0.0,7.283359328134372,0.0,0.0
2025-05-30,4,Friday,7.283359328134372,25022.67102584586,0.0,0.0,0.0,7.283359328134372,0.0,0.0
2025-05-30,5,Friday,7.412105578884224,25022.67102584586,0.0,0.0,0.0,7.412105578884224,0.0,0.0
2025-05-30,6,Friday,7.7063827234553095,25679.632735984993,0.776183494965892,0.0,0.776183494965892,7.7063827234553095,0.0,0.0
2025-05-30,7,Friday,7.7063827234553095,27367.65047625954,1.9943498821769212,0.0,1.9943498821769212,7.7063827234553095,0.0,0.0
2025-05-30,8,Friday,7.982267546490701,30438.591050260206,3.6282379182427538,0.0,3.6282379182427538,7.982267546490701,0.0,0.0
2025-05-30,9,Friday,7.982267546490701,34988.56574982905,5.375678992874342,0.0,5.375678992874342,7.982267546490701,0.0,0.0
2025-05-30,10,Friday,8.111013797240552,40637.26432405815,6.673793211518312,0.0,6.673793211518312,8.111013797240552,0.0,0.0
2025-05-30,11,Friday,8.111013797240552,46657.707524058154,7.113,0.0,7.113,8.111013797240552,0.0,0.0
2025-05-30,12,Friday,8.258152369526094,52678.150724058156,7.113,0.0,7.113,8.258152369526094,0.0,0.0
2025-05-30,13,Friday,8.258152369526094,58698.59392405816,7.113,0.0,7.113,8.258152369526094,0.0,0.0
2025-05-30,14,Friday,8.111013797240552,64200.51849947149,6.50038347756773,0.0,6.50038347756773,8.111013797240552,0.0,0.0
2025-05-30,15,Friday,8.111013797240552,68522.39812038212,5.1061904783915875,0.0,5.1061904783915875,8.111013797240552,0.0,0.0
2025-05-30,16,Friday,7.982267546490701,71406.64838350067,3.4076680802440227,0.0,3.4076680802440227,7.982267546490701,0.0,0.0
2025-05-30,17,Friday,7.982267546490701,72964.33897836323,1.840371685801703,0.0,1.840371685801703,7.982267546490701,0.0,0.0
2025-05-30,18,Friday,7.835128974205158,73594.35213041688,0.7443444613110246,0.0,0.7443444613110246,7.835128974205158,0.0,0.0
2025-05-30,19,Friday,7.7063827234553095,73594.35213041688,0.0,0.0,0.0,7.7063827234553095,0.0,0.0
2025-05-30,20,Friday,7.559244151169766,73594.35213041688,0.0,0.0,0.0,7.559244151169766,0.0,0.0
2025-05-30,21,Friday,7.283359328134372,73594.35213041688,0.0,0.0,0.0,7.283359328134372,0.0,0.0
2025-05-30,22,Friday,7.1362207558488295,73594.35213041688,0.0,0.0,0.0,7.1362207558488295,0.0,0.0
2025-05-30,23,Friday,7.00747450509898,73594.35213041688,0.0,0.0,0.0,7.00747450509898,0.0,0.0
2025-05-31,0,Saturday,7.00747450509898,73594.35213041688,0.0,0.0,0.0,7.00747450509898,0.0,0.0
2025-05-31,1,Saturday,7.00747450509898,73594.35213041688,0.0,0.0,0.0,7.00747450509898,0.0,0.0
2025-05-31,2,Saturday,7.1362207558488295,73594.35213041688,0.0,0.0,0.0,7.1362207558488295,0.0,0.0
2025-05-31,3,Saturday,7.283359328134372,73594.35213041688,0.0,0.0,0.0,7.283359328134372,0.0,0.0
2025-05-31,4,Saturday,7.283359328134372,73594.35213041688,0.0,0.0,0.0,7.283359328134372,0.0,0.0
2025-05-31,5,Saturday,7.412105578884224,73594.35213041688,0.0,0.0,0.0,7.412105578884224,0.0,0.0
2025-05-31,6,Saturday,7.7063827234553095,74100.54012577001,0.5980481986686279,0.0,0.5980481986686279,7.7063827234553095,0.0,0.0
2025-05-31,7,Saturday,7.7063827234553095,75475.81974156151,1.6248577691298471,0.0,1.6248577691298471,7.7063827234553095,0.0,0.0
2025-05-31,8,Saturday,7.982267546490701,77787.97646641193,2.731754164520829,0.0,2.731754164520829,7.982267546490701,0.0,0.0
2025-05-31,9,Saturday,7.982267546490701,77824.0,0.042560885619168876,3.5556255699272494,3.5981864555464185,4.874650798374285,0.0,0.9400130058197478
2025-05-31,10,Saturday,8.111013797240552,77824.0,0.0,4.1567684046648425,4.1567684046648425,4.398968252803273,0.0,0.9349444528743575
2025-05-31,11,Saturday,8.111013797240552,77824.0,0.0,4.558022668300489,4.558022668300489,4.06259068792759,0.0,0.9312993176451967
2025-05-31,12,Saturday,8.258152369526094,77824.0,0.0,4.301069755000693,4.301069755000693,4.452848207948383,0.0,0.9336535312489763
2025-05-31,13,Saturday,8.258152369526094,77824.0,0.0,4.491861757838476,4.491861757838476,4.274001907042374,0.0,0.9319117758208992
2025-05-31,14,Saturday,8.111013797240552,77824.0,0.0,4.475551977971465,4.475551977971465,4.148735185248933,0.0,0.932062113061536
2025-05-31,15,Saturday,8.111013797240552,77824.0,0.0,3.544247678494447,3.544247678494447,4.972727765831124,0.0,0.9401031018128105
2025-05-31,16,Saturday,7.982267546490701,77824.0,0.0,2.795768945865494,2.795768945865494,5.485372041428622,0.0,0.9453217108876594
2025-05-31,17,Saturday,7.982267546490701,77824.0,0.0,1.7413499952215852,1.7413499952215852,6.418438387590469,0.0,0.9478397464074704
2025-05-31,18,Saturday,7.835128974205158,77824.0,0.0,0.5924320955504585,0.5924320955504585,7.301674821355475,0.0,0.9120756533999875
2025-05-31,19,Saturday,7.7063827234553095,77824.0,0.0,0.0,0.0,7.7063827234553095,0.0,0.0
2025-05-31,20,Saturday,7.559244151169766,77824.0,0.0,0.0,0.0,7.559244151169766,0.0,0.0
2025-05-31,21,Saturday,7.283359328134372,77824.0,0.0,0.0,0.0,7.283359328134372,0.0,0.0
2025-05-31,22,Saturday,7.1362207558488295,77824.0,0.0,0.0,0.0,7.1362207558488295,0.0,0.0
2025-05-31,23,Saturday,7.00747450509898,77824.0,0.0,0.0,0.0,7.00747450509898,0.0,0.0
2025-06-01,0,Sunday,7.00747450509898,77824.0,0.0,0.0,0.0,7.00747450509898,0.0,0.0
2025-06-01,1,Sunday,7.00747450509898,77824.0,0.0,0.0,0.0,7.00747450509898,0.0,0.0
2025-06-01,2,Sunday,7.1362207558488295,77824.0,0.0,0.0,0.0,7.1362207558488295,0.0,0.0
2025-06-01,3,Sunday,7.283359328134372,77824.0,0.0,0.0,0.0,7.283359328134372,0.0,0.0
2025-06-01,4,Sunday,7.283359328134372,77824.0,0.0,0.0,0.0,7.283359328134372,0.0,0.0
2025-06-01,5,Sunday,7.412105578884224,77824.0,0.0,0.0,0.0,7.412105578884224,0.0,0.0
2025-06-01,6,Sunday,7.7063827234553095,77824.0,0.0,0.8286070515965555,0.8286070515965555,6.9821801603599205,0.0,0.9304914672307103
2025-06-01,7,Sunday,7.7063827234553095,77824.0,0.0,2.0664872491687927,2.0664872491687927,5.879676408587317,0.0,0.9480973553293504
2025-06-01,8,Sunday,7.982267546490701,77824.0,0.0,3.7218859728123386,3.7218859728123386,4.629992811212956,0.0,0.9386688439126029
2025-06-01,9,Sunday,7.982267546490701,77824.0,0.0,5.764785478005269,5.764785478005269,2.8416042524495015,0.0,0.9195571843483105
2025-06-01,10,Sunday,8.111013797240552,77824.0,0.0,7.113,7.113,1.8972440575844969,0.0,0.9056300784957124
2025-06-01,11,Sunday,8.111013797240552,77824.0,0.0,4.1775341967300825,4.1775341967300825,4.5168782058625245,0.0,0.9347601887767222
2025-06-01,12,Sunday,8.258152369526094,77824.0,0.0,4.526267371264343,4.526267371264343,4.238726554229968,0.0,0.9315937968688137
2025-06-01,13,Sunday,8.258152369526094,77824.0,0.0,4.407219165857945,4.407219165857945,4.357701234989216,0.0,0.9326891144046316
2025-06-01,14,Sunday,8.111013797240552,77824.0,0.0,3.8271303885167596,3.8271303885167596,4.71996708710264,0.0,0.9377932235805254
2025-06-01,15,Sunday,8.111013797240552,77824.0,0.0,2.8314137327609523,2.8314137327609523,5.5884972160912945,0.0,0.9451129190099895
2025-06-01,16,Sunday,7.982267546490701,77824.0,0.0,2.0552964248703818,2.0552964248703818,6.136904703127661,0.0,0.9481093302529002
2025-06-01,17,Sunday,7.982267546490701,77824.0,0.0,1.0334203815196092,1.0334203815196092,7.05146181598806,0.0,0.9386505044998568
2025-06-01,18,Sunday,7.835128974205158,77824.0,0.0,0.31441642302654843,0.31441642302654843,7.5547581968130935,0.0,0.8497617844524142
2025-06-01,19,Sunday,7.7063827234553095,77824.0,0.0,0.0,0.0,7.7063827234553095,0.0,0.0
2025-06-01,20,Sunday,7.559244151169766,77824.0,0.0,0.0,0.0,7.559244151169766,0.0,0.0
2025-06-01,21,Sunday,7.283359328134372,77824.0,0.0,0.0,0.0,7.283359328134372,0.0,0.0
2025-06-01,22,Sunday,7.1362207558488295,77824.0,0.0,0.0,0.0,7.1362207558488295,0.0,0.0
2025-06-01,23,Sunday,7.00747450509898,77824.0,0.0,0.0,0.0,7.00747450509898,0.0,0.0
2025-06-02,0,Monday,7.00747450509898,77824.0,0.0,0.0,0.0,7.00747450509898,0.0,0.0
2025-06-02,1,Monday,7.00747450509898,77824.0,0.0,0.0,0.0,7.00747450509898,0.0,0.0
2025-06-02,2,Monday,7.1362207558488295,77824.0,0.0,0.0,0.0,7.1362207558488295,0.0,0.0
2025-06-02,3,Monday,7.283359328134372,77824.0,0.0,0.0,0.0,7.283359328134372,0.0,0.0
2025-06-02,4,Monday,7.283359328134372,77824.0,0.0,0.0,0.0,7.283359328134372,0.0,0.0
2025-06-02,5,Monday,7.412105578884224,77824.0,0.0,0.0,0.0,7.412105578884224,0.0,0.0
2025-06-02,6,Monday,7.7063827234553095,77824.0,0.0,0.6766732722800234,0.6766732722800234,7.114970283482569,0.0,0.9203348928666426
2025-06-02,7,Monday,7.7063827234553095,77824.0,0.0,1.9388948029556494,1.9388948029556494,6.011171809735326,0.0,0.9481547602307471
2025-06-02,8,Monday,7.982267546490701,77824.0,0.0,2.937260660804627,2.937260660804627,5.336538752789306,0.0,0.9444646534331409
2025-06-02,9,Monday,7.982267546490701,77824.0,0.0,4.025091827369455,4.025091827369455,4.3707884366062935,0.0,0.9361002777321021
2025-06-02,10,Monday,8.111013797240552,77824.0,0.0,4.79171761547358,4.79171761547358,3.849762016114859,0.0,0.9291046420199884
2025-06-02,11,Monday,8.111013797240552,77824.0,0.0,5.533067741694043,5.533067741694043,3.2272548199925124,0.0,0.9218800424657921
2025-06-02,12,Monday,8.258152369526094,77824.0,0.0,5.845817713624136,5.845817713624136,3.1384668215471505,0.0,0.9187389124105391
2025-06-02,13,Monday,8.258152369526094,77824.0,0.0,5.313701792366663,5.313701792366663,3.6203429942128587,0.0,0.9240534654656991
2025-06-02,14,Monday,8.111013797240552,77824.0,0.0,4.769262283319072,4.769262283319072,3.9243131236555033,0.0,0.9293175224323587
2025-06-02,15,Monday,8.111013797240552,77824.0,0.0,4.051968703106276,4.051968703106276,4.533726556903581,0.0,0.9358661819053136
2025-06-02,16,Monday,7.982267546490701,77824.0,0.0,2.8361438471038385,2.8361438471038385,5.460728988643551,0.0,0.9450848388169052
2025-06-02,17,Monday,7.982267546490701,77824.0,0.0,1.6364902828391659,1.6364902828391659,6.51297649906734,0.0,0.9474207369222409
2025-06-02,18,Monday,7.835128974205158,77824.0,0.0,0.6526806273610543,0.6526806273610543,7.247683971303342,0.0,0.9182249751085614
2025-06-02,19,Monday,7.7063827234553095,77824.0,0.0,0.0,0.0,7.7063827234553095,0.0,0.0
2025-06-02,20,Monday,7.559244151169766,77824.0,0.0,0.0,0.0,7.559244151169766,0.0,0.0
2025-06-02,21,Monday,7.283359328134372,77824.0,0.0,0.0,0.0,7.283359328134372,0.0,0.0
2025-06-02,22,Monday,7.1362207558488295,77824.0,0.0,0.0,0.0,7.1362207558488295,0.0,0.0
2025-06-02,23,Monday,7.00747450509898,77824.0,0.0,0.0,0.0,7.00747450509898,0.0,0.0
2025-06-03,0,Tuesday,7.00747450509898,77824.0,0.0,0.0,0.0,7.00747450509898,0.0,0.0
2025-06-03,1,Tuesday,7.00747450509898,77824.0,0.0,0.0,0.0,7.00747450509898,0.0,0.0
2025-06-03,2,Tuesday,7.1362207558488295,77824.0,0.0,0.0,0.0,7.1362207558488295,0.0,0.0
2025-06-03,3,Tuesday,7.283359328134372,77824.0,0.0,0.0,0.0,7.283359328134372,0.0,0.0
2025-06-03,4,Tuesday,7.283359328134372,77824.0,0.0,0.0,0.0,7.283359328134372,0.0,0.0
2025-06-03,5,Tuesday,7.412105578884224,77824.0,0.0,0.0,0.0,7.412105578884224,0.0,0.0
2025-06-03,6,Tuesday,7.7063827234553095,77824.0,0.0,0.7649377194869521,0.7649377194869521,7.037827156623713,0.0,0.9268101223222722
2025-06-03,7,Tuesday,7.7063827234553095,77824.0,0.0,2.0055613612478695,2.0055613612478695,5.940546881439497,0.0,0.9481469428259846
2025-06-03,8,Tuesday,7.982267546490701,77824.0,0.0,3.6245080635097073,3.6245080635097073,4.717529618809086,0.0,0.9394622484462173
2025-06-03,9,Tuesday,7.982267546490701,77824.0,0.0,5.617688669701336,5.617688669701336,2.9685414392176668,0.0,0.9210348063801359
2025-06-03,10,Tuesday,8.111013797240552,77824.0,0.0,7.113,7.113,1.8872592483477417,0.0,0.9056300784957124
2025-06-03,11,Tuesday,8.111013797240552,77824.0,0.0,7.113,7.113,1.9913543863175507,0.0,0.9056300784957124
2025-06-03,12,Tuesday,8.258152369526094,77824.0,0.0,7.113,7.113,2.1384929586030923,0.0,0.9056300784957124
2025-06-03,13,Tuesday,8.258152369526094,77824.0,0.0,7.113,7.113,2.1384929586030923,0.0,0.9056300784957124
2025-06-03,14,Tuesday,8.111013797240552,77824.0,0.0,7.113,7.113,1.9913543863175507,0.0,0.9056300784957124
2025-06-03,15,Tuesday,8.111013797240552,77824.0,0.0,5.47262631340963,5.47262631340963,3.402647549339232,0.0,0.9224815002476642
2025-06-03,16,Tuesday,7.982267546490701,77824.0,0.0,3.4469679041389525,3.4469679041389525,4.961491629150835,0.0,0.9408627370284203
2025-06-03,17,Tuesday,7.982267546490701,77824.0,0.0,1.7489585690150822,1.7489585690150822,6.419014097607503,0.0,0.9478626167029223
2025-06-03,18,Tuesday,7.835128974205158,77824.0,0.0,0.624448793587583,0.624448793587583,7.272831890092594,0.0,0.9155077090785143
2025-06-03,19,Tuesday,7.7063827234553095,77824.0,0.0,0.0,0.0,7.7063827234553095,0.0,0.0
2025-06-03,20,Tuesday,7.559244151169766,77824.0,0.0,0.0,0.0,7.559244151169766,0.0,0.0
2025-06-03,21,Tuesday,7.283359328134372,77824.0,0.0,0.0,0.0,7.283359328134372,0.0,0.0
2025-06-03,22,Tuesday,7.1362207558488295,77824.0,0.0,0.0,0.0,7.1362207558488295,0.0,0.0
2025-06-03,23,Tuesday,7.00747450509898,77824.0,0.0,0.0,0.0,7.00747450509898,0.0,0.0
2025-06-04,0,Wednesday,7.00747450509898,77824.0,0.0,0.0,0.0,7.00747450509898,0.0,0.0
2025-06-04,1,Wednesday,7.00747450509898,77824.0,0.0,0.0,0.0,7.00747450509898,0.0,0.0
2025-06-04,2,Wednesday,7.1362207558488295,77824.0,0.0,0.0,0.0,7.1362207558488295,0.0,0.0
2025-06-04,3,Wednesday,7.283359328134372,77824.0,0.0,0.0,0.0,7.283359328134372,0.0,0.0
2025-06-04,4,Wednesday,7.283359328134372,77824.0,0.0,0.0,0.0,7.283359328134372,0.0,0.0
2025-06-04,5,Wednesday,7.412105578884224,77824.0,0.0,0.0,0.0,7.412105578884224,0.0,0.0
2025-06-04,6,Wednesday,7.7063827234553095,77824.0,0.0,0.6585292669000127,0.6585292669000127,7.130828144184698,0.0,0.9187553136135769
2025-06-04,7,Wednesday,7.7063827234553095,77824.0,0.0,1.764577176744866,1.764577176744866,6.1662287989105,0.0,0.9479066023517414
2025-06-04,8,Wednesday,7.982267546490701,77824.0,0.0,3.67230437918641,3.67230437918641,4.675316057958491,0.0,0.9390749179098645
2025-06-04,9,Wednesday,7.982267546490701,77824.0,0.0,5.949158252940775,5.949158252940775,2.674897513378208,0.0,0.9176911993617439
2025-06-04,10,Wednesday,8.111013797240552,77824.0,0.0,7.113,7.113,1.9098531712334728,0.0,0.9056300784957124
2025-06-04,11,Wednesday,8.111013797240552,77824.0,0.0,5.657405003769909,5.657405003769909,3.2436734664766833,0.0,0.920636867735695
2025-06-04,12,Wednesday,8.258152369526094,77824.0,0.0,5.785071553280131,5.785071553280131,3.198499722809337,0.0,0.9193526107737259
2025-06-04,13,Wednesday,8.258152369526094,77824.0,0.0,5.69462972180083,5.69462972180083,3.2845483025052076,0.0,0.9202631995798684
2025-06-04,14,Wednesday,8.111013797240552,77824.0,0.0,4.984434397725006,4.984434397725006,3.7533718276415033,0.0,0.9272616820368573
2025-06-04,15,Wednesday,8.111013797240552,77824.0,0.0,4.055865987819525,4.055865987819525,4.538207135158021,0.0,0.9358321572631011
2025-06-04,16,Wednesday,7.982267546490701,77824.0,0.0,2.8593203444106994,2.8593203444106994,5.44021581658537,0.0,0.9449460163325903
2025-06-04,17,Wednesday,7.982267546490701,77824.0,0.0,1.7499384411295233,1.7499384411295233,6.411350055656725,0.0,0.9478654927809493
2025-06-04,18,Wednesday,7.835128974205158,77824.0,0.0,0.6671967733867266,0.6671967733867266,7.2343368157364925,0.0,0.9195220096538385
2025-06-04,19,Wednesday,7.7063827234553095,77824.0,0.0,0.0,0.0,7.7063827234553095,0.0,0.0
2025-06-04,20,Wednesday,7.559244151169766,77824.0,0.0,0.0,0.0,7.559244151169766,0.0,0.0
2025-06-04,21,Wednesday,7.283359328134372,77824.0,0.0,0.0,0.0,7.283359328134372,0.0,0.0
2025-06-04,22,Wednesday,7.1362207558488295,77824.0,0.0,0.0,0.0,7.1362207558488295,0.0,0.0
2025-06-04,23,Wednesday,7.00747450509898,77824.0,0.0,0.0,0.0,7.00747450509898,0.0,0.0
2025-06-05,0,Thursday,7.00747450509898,77824.0,0.0,0.0,0.0,7.00747450509898,0.0,0.0
2025-06-05,1,Thursday,7.00747450509898,77824.0,0.0,0.0,0.0,7.00747450509898,0.0,0.0
2025-06-05,2,Thursday,7.1362207558488295,77824.0,0.0,0.0,0.0,7.1362207558488295,0.0,0.0
2025-06-05,3,Thursday,7.283359328134372,77824.0,0.0,0.0,0.0,7.283359328134372,0.0,0.0
2025-06-05,4,Thursday,7.283359328134372,77824.0,0.0,0.0,0.0,7.283359328134372,0.0,0.0
2025-06-05,5,Thursday,7.412105578884224,77824.0,0.0,0.0,0.0,7.412105578884224,0.0,0.0
2025-06-05,6,Thursday,7.7063827234553095,77824.0,0.0,0.7236261576349411,0.7236261576349411,7.073933461682371,0.0,0.924006641849431
2025-06-05,7,Thursday,7.7063827234553095,77824.0,0.0,1.9764913779274393,1.9764913779274393,5.971406120730376,0.0,0.9481565905756932
2025-06-05,8,Thursday,7.982267546490701,77824.0,0.0,3.6259605088007274,3.6259605088007274,4.716188110583428,0.0,0.939450539348733
2025-06-05,9,Thursday,7.982267546490701,77824.0,0.0,5.605176736793126,5.605176736793126,2.979770553391691,0.0,0.9211600090126253
2025-06-05,10,Thursday,8.111013797240552,77824.0,0.0,7.113,7.113,1.8864132103390894,0.0,0.9056300784957124
2025-06-05,11,Thursday,8.111013797240552,77824.0,0.0,7.113,7.113,1.9913543863175507,0.0,0.9056300784957124
2025-06-05,12,Thursday,8.258152369526094,77824.0,0.0,7.113,7.113,2.1384929586030923,0.0,0.9056300784957124
2025-06-05,13,Thursday,8.258152369526094,77824.0,0.0,7.113,7.113,2.1384929586030923,0.0,0.9056300784957124
2025-06-05,14,Thursday,8.111013797240552,77824.0,0.0,7.113,7.113,1.9913543863175507,0.0,0.9056300784957124
2025-06-05,15,Thursday,8.111013797240552,77824.0,0.0,5.373650958357415,5.373650958357415,3.487800854976056,0.0,0.9234621580411336
2025-06-05,16,Thursday,7.982267546490701,77824.0,0.0,3.5102104738503495,3.5102104738503495,4.902798334098289,0.0,0.9403710927422766
2025-06-05,17,Thursday,7.982267546490701,77824.0,0.0,1.8747788121761069,1.8747788121761069,6.307429136247394,0.0,0.9481118146713686
2025-06-05,18,Thursday,7.835128974205158,77824.0,0.0,0.7113965250192237,0.7113965250192237,7.194369696432621,0.0,0.923103761080647
2025-06-05,19,Thursday,6.0,71324.18897878176,0.0,0.0,0.0,0.0,6.499811021218242,0.9084761502020544
2025-06-05,20,Thursday,6.0,64719.7228090694,0.0,0.0,0.0,0.0,6.604466169712368,0.9073219017038053
2025-06-05,21,Thursday,6.0,58106.8547754278,0.0,0.0,0.0,0.0,6.6128680336415995,0.9072290975278045
2025-06-05,22,Thursday,6.0,51493.31028446077,0.0,0.0,0.0,0.0,6.613544490967028,0.9072216247205065
2025-06-05,23,Thursday,6.0,44879.71131756174,0.0,0.0,0.0,0.0,6.613598966899029,0.9072210229204989
2025-06-06,0,Friday,6.0,38266.10796356871,0.0,0.0,0.0,0.0,6.613603353993031,0.9072209744558809
2025-06-06,1,Friday,6.0,31652.504256270626,0.0,0.0,0.0,0.0,6.613603707298091,0.9072209705528882
2025-06-06,2,Friday,6.0,25038.900520519877,0.0,0.0,0.0,0.0,6.613603735750747,0.9072209702385693
2025-06-06,3,Friday,7.283359328134372,25038.900520519877,0.0,0.0,0.0,7.283359328134372,0.0,0.0
2025-06-06,4,Friday,7.283359328134372,25038.900520519877,0.0,0.0,0.0,7.283359328134372,0.0,0.0
2025-06-06,5,Friday,7.412105578884224,25038.900520519877,0.0,0.0,0.0,7.412105578884224,0.0,0.0
2025-06-06,6,Friday,7.7063827234553095,25659.239798348342,0.7329150257897732,0.0,0.7329150257897732,7.7063827234553095,0.0,0.0
2025-06-06,7,Friday,7.7063827234553095,27306.415948992915,1.946096586300299,0.0,1.946096586300299,7.7063827234553095,0.0,0.0
2025-06-06,8,Friday,7.982267546490701,30416.470901243934,3.6744505579525284,0.0,3.6744505579525284,7.982267546490701,0.0,0.0
2025-06-06,9,Friday,7.982267546490701,35129.09884787658,5.567849653393957,0.0,5.567849653393957,7.982267546490701,0.0,0.0
2025-06-06,10,Friday,8.111013797240552,41149.54204787658,7.113,0.0,7.113,8.111013797240552,0.0,0.0
2025-06-06,11,Friday,8.111013797240552,47169.98524787658,7.113,0.0,7.113,8.111013797240552,0.0,0.0
2025-06-06,12,Friday,8.258152369526094,53190.428447876584,7.113,0.0,7.113,8.258152369526094,0.0,0.0
2025-06-06,13,Friday,8.258152369526094,59210.871647876585,7.113,0.0,7.113,8.258152369526094,0.0,0.0
2025-06-06,14,Friday,8.111013797240552,65183.09804132059,7.056033073539696,0.0,7.056033073539696,8.111013797240552,0.0,0.0
2025-06-06,15,Friday,8.111013797240552,69774.13644932707,5.424194716453761,0.0,5.424194716453761,8.111013797240552,0.0,0.0
2025-06-06,16,Friday,7.982267546490701,72748.70656479959,3.5143786808512947,0.0,3.5143786808512947,7.982267546490701,0.0,0.0
2025-06-06,17,Friday,7.982267546490701,74328.73657646512,1.8667651366558626,0.0,1.8667651366558626,7.982267546490701,0.0,0.0
2025-06-06,18,Friday,7.835128974205158,74912.27343036258,0.6894339011075784,0.0,0.6894339011075784,7.835128974205158,0.0,0.0
2025-06-06,19,Friday,7.7063827234553095,74912.27343036258,0.0,0.0,0.0,7.7063827234553095,0.0,0.0
2025-06-06,20,Friday,7.559244151169766,74912.27343036258,0.0,0.0,0.0,7.559244151169766,0.0,0.0
2025-06-06,21,Friday,7.283359328134372,74912.27343036258,0.0,0.0,0.0,7.283359328134372,0.0,0.0
2025-06-06,22,Friday,7.1362207558488295,74912.27343036258,0.0,0.0,0.0,7.1362207558488295,0.0,0.0
2025-06-06,23,Friday,7.00747450509898,74912.27343036258,0.0,0.0,0.0,7.00747450509898,0.0,0.0
2025-06-07,0,Saturday,7.00747450509898,74912.27343036258,0.0,0.0,0.0,7.00747450509898,0.0,0.0
2025-06-07,1,Saturday,7.00747450509898,74912.27343036258,0.0,0.0,0.0,7.00747450509898,0.0,0.0
2025-06-07,2,Saturday,7.1362207558488295,74912.27343036258,0.0,0.0,0.0,7.1362207558488295,0.0,0.0
2025-06-07,3,Saturday,7.283359328134372,74912.27343036258,0.0,0.0,0.0,7.283359328134372,0.0,0.0
2025-06-07,4,Saturday,7.283359328134372,74912.27343036258,0.0,0.0,0.0,7.283359328134372,0.0,0.0
2025-06-07,5,Saturday,7.412105578884224,74912.27343036258,0.0,0.0,0.0,7.412105578884224,0.0,0.0
2025-06-07,6,Saturday,7.7063827234553095,75515.53533352789,0.7127385434372903,0.0,0.7127385434372903,7.7063827234553095,0.0,0.0
2025-06-07,7,Saturday,7.7063827234553095,77127.89768909689,1.9049649758613068,0.0,1.9049649758613068,7.7063827234553095,0.0,0.0
2025-06-07,8,Saturday,7.982267546490701,77824.0,0.8224271159063095,2.8093984128485943,3.631825528754904,5.5268533336610295,0.0,0.9452424672718713
2025-06-07,9,Saturday,7.982267546490701,77824.0,0.0,5.664594990121137,5.664594990121137,2.895572589160615,0.0,0.9205647453259806
2025-06-07,10,Saturday,8.111013797240552,77824.0,0.0,7.113,7.113,1.890435615412037,0.0,0.9056300784957124
2025-06-07,11,Saturday,8.111013797240552,77824.0,0.0,7.113,7.113,1.9913543863175507,0.0,0.9056300784957124
2025-06-07,12,Saturday,8.258152369526094,77824.0,0.0,7.113,7.113,2.1384929586030923,0.0,0.9056300784957124
2025-06-07,13,Saturday,8.258152369526094,77824.0,0.0,7.113,7.113,2.1384929586030923,0.0,0.9056300784957124
2025-06-07,14,Saturday,8.111013797240552,77824.0,0.0,7.057679720996422,7.057679720996422,2.038949109503145,0.0,0.9062123821410373
2025-06-07,15,Saturday,8.111013797240552,77824.0,0.0,5.359186136578966,5.359186136578966,3.497281003832428,0.0,0.9236050201589608
2025-06-07,16,Saturday,7.982267546490701,77824.0,0.0,3.5650077069876414,3.5650077069876414,4.854241482165488,0.0,0.9399385230254644
2025-06-07,17,Saturday,7.982267546490701,77824.0,0.0,1.9318412259911384,1.9318412259911384,6.257246157246779,0.0,0.94815255038514
2025-06-07,18,Saturday,7.835128974205158,77824.0,0.0,0.7038708897324581,0.7038708897324581,7.201120843925555,0.0,0.9225301621091493
2025-06-07,19,Saturday,7.7063827234553095,77824.0,0.0,0.0,0.0,7.7063827234553095,0.0,0.0
2025-06-07,20,Saturday,7.559244151169766,77824.0,0.0,0.0,0.0,7.559244151169766,0.0,0.0
2025-06-07,21,Saturday,7.283359328134372,77824.0,0.0,0.0,0.0,7.283359328134372,0.0,0.0
2025-06-07,22,Saturday,7.1362207558488295,77824.0,0.0,0.0,0.0,7.1362207558488295,0.0,0.0
2025-06-07,23,Saturday,7.00747450509898,77824.0,0.0,0.0,0.0,7.00747450509898,0.0,0.0
2025-06-08,0,Sunday,7.00747450509898,77824.0,0.0,0.0,0.0,7.00747450509898,0.0,0.0
2025-06-08,1,Sunday,7.00747450509898,77824.0,0.0,0.0,0.0,7.00747450509898,0.0,0.0
2025-06-08,2,Sunday,7.1362207558488295,77824.0,0.0,0.0,0.0,7.1362207558488295,0.0,0.0
2025-06-08,3,Sunday,7.283359328134372,77824.0,0.0,0.0,0.0,7.283359328134372,0.0,0.0
2025-06-08,4,Sunday,7.283359328134372,77824.0,0.0,0.0,0.0,7.283359328134372,0.0,0.0
2025-06-08,5,Sunday,7.412105578884224,77824.0,0.0,0.0,0.0,7.412105578884224,0.0,0.0
2025-06-08,6,Sunday,7.7063827234553095,77824.0,0.0,0.6616602310597048,0.6616602310597048,7.128091681509128,0.0,0.9190348834126562
2025-06-08,7,Sunday,7.7063827234553095,77824.0,0.0,1.7742916646294644,1.7742916646294644,6.157278586969662,0.0,0.9479319887974886
2025-06-08,8,Sunday,7.982267546490701,77824.0,0.0,3.6489421377238687,3.6489421377238687,4.696266017752132,0.0,0.9392647558892918
2025-06-08,9,Sunday,7.982267546490701,77824.0,0.0,5.855305530350176,5.855305530350176,2.7575695328502015,0.0,0.9186429124930856
2025-06-08,10,Sunday,8.111013797240552,77824.0,0.0,7.113,7.113,1.9034221125054005,0.0,0.9056300784957124
2025-06-08,11,Sunday,8.111013797240552,77824.0,0.0,7.113,7.113,1.9913543863175507,0.0,0.9056300784957124
2025-06-08,12,Sunday,8.258152369526094,77824.0,0.0,7.113,7.113,2.1384929586030923,0.0,0.9056300784957124
2025-06-08,13,Sunday,8.258152369526094,77824.0,0.0,7.113,7.113,2.1384929586030923,0.0,0.9056300784957124
2025-06-08,14,Sunday,8.111013797240552,77824.0,0.0,7.113,7.113,1.9913543863175507,0.0,0.9056300784957124
2025-06-08,15,Sunday,8.111013797240552,77824.0,0.0,5.745178862691388,5.745178862691388,3.1681573520689996,0.0,0.9197547268502011
2025-06-08,16,Sunday,7.982267546490701,77824.0,0.0,3.5440630406723943,3.5440630406723943,4.885582249272847,0.0,0.9401045617728119
2025-06-08,17,Sunday,7.982267546490701,77824.0,0.0,1.6949433149954427,1.6949433149954427,6.4685148012358304,0.0,0.9476789495298109
2025-06-08,18,Sunday,7.835128974205158,77824.0,0.0,0.6369545029762055,0.6369545029762055,7.2616820186403235,0.0,0.9167445998926901
2025-06-08,19,Sunday,7.7063827234553095,77824.0,0.0,0.0,0.0,7.7063827234553095,0.0,0.0
2025-06-08,20,Sunday,7.559244151169766,77824.0,0.0,0.0,0.0,7.559244151169766,0.0,0.0
2025-06-08,21,Sunday,7.283359328134372,77824.0,0.0,0.0,0.0,7.283359328134372,0.0,0.0
2025-06-08,22,Sunday,7.1362207558488295,77824.0,0.0,0.0,0.0,7.1362207558488295,0.0,0.0
2025-06-08,23,Sunday,7.00747450509898,77824.0,0.0,0.0,0.0,7.00747450509898,0.0,0.0
2025-06-09,0,Monday,7.00747450509898,77824.0,0.0,0.0,0.0,7.00747450509898,0.0,0.0
2025-06-09,1,Monday,7.00747450509898,77824.0,0.0,0.0,0.0,7.00747450509898,0.0,0.0
2025-06-09,2,Monday,7.1362207558488295,77824.0,0.0,0.0,0.0,7.1362207558488295,0.0,0.0
2025-06-09,3,Monday,7.283359328134372,77824.0,0.0,0.0,0.0,7.283359328134372,0.0,0.0
2025-06-09,4,Monday,7.283359328134372,77824.0,0.0,0.0,0.0,7.283359328134372,0.0,0.0
2025-06-09,5,Monday,7.412105578884224,77824.0,0.0,0.0,0.0,7.412105578884224,0.0,0.0
2025-06-09,6,Monday,7.7063827234553095,77824.0,0.0,0.8214176936948083,0.8214176936948083,6.988463659166047,0.0,0.930109998030132
2025-06-09,7,Monday,7.7063827234553095,77824.0,0.0,2.051112737560393,2.051112737560393,5.894010282378028,0.0,0.9481134831325871
2025-06-09,8,Monday,7.982267546490701,77824.0,0.0,3.3641740129242264,3.3641740129242264,4.952129742295866,0.0,0.941493340088911
2025-06-09,9,Monday,7.982267546490701,77824.0,0.0,4.62801091189646,4.62801091189646,3.842888167651843,0.0,0.9306470173410243
2025-06-09,10,Monday,8.111013797240552,77824.0,0.0,5.6408751459326725,5.6408751459326725,3.1238333489729637,0.0,0.9208025827905384
2025-06-09,11,Monday,8.111013797240552,77824.0,0.0,5.994600064262882,5.994600064262882,2.867162736369443,0.0,0.9172290669376104
2025-06-09,12,Monday,8.258152369526094,77824.0,0.0,5.780204191326064,5.780204191326064,3.2214696372631675,0.0,0.9194017124419993
2025-06-09,13,Monday,8.258152369526094,77824.0,0.0,5.588141492961638,5.588141492961638,3.3772928544288296,0.0,0.9213303493670024
2025-06-09,14,Monday,8.111013797240552,77824.0,0.0,5.041318653286131,5.041318653286131,3.6985299149431796,0.0,0.9267125215386838
2025-06-09,15,Monday,8.111013797240552,77824.0,0.0,4.070718867108745,4.070718867108745,4.527246958717785,0.0,0.9357023038530655
2025-06-09,16,Monday,7.982267546490701,77824.0,0.0,2.8345472083941496,2.8345472083941496,5.462589810879754,0.0,0.9450943268617115
2025-06-09,17,Monday,7.982267546490701,77824.0,0.0,1.685667844794055,1.685667844794055,6.468808185257036,0.0,0.9476422559507233
2025-06-09,18,Monday,7.835128974205158,77824.0,0.0,0.6377014405612002,0.6377014405612002,7.261031784036539,0.0,0.9168167643111211
2025-06-09,19,Monday,7.7063827234553095,77824.0,0.0,0.0,0.0,7.7063827234553095,0.0,0.0
2025-06-09,20,Monday,7.559244151169766,77824.0,0.0,0.0,0.0,7.559244151169766,0.0,0.0
2025-06-09,21,Monday,7.283359328134372,77824.0,0.0,0.0,0.0,7.283359328134372,0.0,0.0
2025-06-09,22,Monday,7.1362207558488295,77824.0,0.0,0.0,0.0,7.1362207558488295,0.0,0.0
2025-06-09,23,Monday,7.00747450509898,77824.0,0.0,0.0,0.0,7.00747450509898,0.0,0.0
2025-06-10,0,Tuesday,7.00747450509898,77824.0,0.0,0.0,0.0,7.00747450509898,0.0,0.0
2025-06-10,1,Tuesday,7.00747450509898,77824.0,0.0,0.0,0.0,7.00747450509898,0.0,0.0
2025-06-10,2,Tuesday,7.1362207558488295,77824.0,0.0,0.0,0.0,7.1362207558488295,0.0,0.0
2025-06-10,3,Tuesday,7.283359328134372,77824.0,0.0,0.0,0.0,7.283359328134372,0.0,0.0
2025-06-10,4,Tuesday,7.283359328134372,77824.0,0.0,0.0,0.0,7.283359328134372,0.0,0.0
2025-06-10,5,Tuesday,7.412105578884224,77824.0,0.0,0.0,0.0,7.412105578884224,0.0,0.0
2025-06-10,6,Tuesday,7.7063827234553095,77824.0,0.0,0.6103034673844201,0.6103034673844201,7.172977492961326,0.0,0.91404051353749
2025-06-10,7,Tuesday,7.7063827234553095,77824.0,0.0,1.5833311508732946,1.5833311508732946,6.331515346123385,0.0,0.9471266372146105
2025-06-10,8,Tuesday,7.982267546490701,77824.0,0.0,2.7689561103998286,2.7689561103998286,5.490843061524755,0.0,0.945475416917341
2025-06-10,9,Tuesday,7.982267546490701,77824.0,0.0,4.055363760771658,4.055363760771658,4.339733141146995,0.0,0.9358365430012324
2025-06-10,10,Tuesday,8.111013797240552,77824.0,0.0,4.793551301051565,4.793551301051565,3.849332342879154,0.0,0.9290872405274782
2025-06-10,11,Tuesday,8.111013797240552,77824.0,0.0,5.097059296232621,5.097059296232621,3.6121816787159418,0.0,0.926172251014431
2025-06-10,12,Tuesday,8.258152369526094,77824.0,0.0,4.651290818129405,4.651290818129405,4.165650706733913,0.0,0.93042907442958
2025-06-10,13,Tuesday,8.258152369526094,77824.0,0.0,4.4996489425189115,4.4996489425189115,4.2808783787224804,0.0,0.9318399055539129
2025-06-10,14,Tuesday,8.111013797240552,77824.0,0.0,4.05455049728816,4.05455049728816,4.521731442406812,0.0,0.9358436441862507
2025-06-10,15,Tuesday,8.111013797240552,77824.0,0.0,3.572620684656249,3.572620684656249,4.9347701544578655,0.0,0.9398779598632538
2025-06-10,16,Tuesday,7.982267546490701,77824.0,0.0,2.436191868056133,2.436191868056133,5.807030655845855,0.0,0.9471046473994168
2025-06-10,17,Tuesday,7.982267546490701,77824.0,0.0,1.388157777231624,1.388157777231624,6.733273398457971,0.0,0.9454556516532099
2025-06-10,18,Tuesday,7.835128974205158,77824.0,0.0,0.5514011192480586,0.5514011192480586,7.339869934910225,0.0,0.9070326609491721
2025-06-10,19,Tuesday,7.7063827234553095,77824.0,0.0,0.0,0.0,7.7063827234553095,0.0,0.0
2025-06-10,20,Tuesday,7.559244151169766,77824.0,0.0,0.0,0.0,7.559244151169766,0.0,0.0
2025-06-10,21,Tuesday,7.283359328134372,77824.0,0.0,0.0,0.0,7.283359328134372,0.0,0.0
2025-06-10,22,Tuesday,7.1362207558488295,77824.0,0.0,0.0,0.0,7.1362207558488295,0.0,0.0
2025-06-10,23,Tuesday,7.00747450509898,77824.0,0.0,0.0,0.0,7.00747450509898,0.0,0.0
2025-06-11,0,Wednesday,7.00747450509898,77824.0,0.0,0.0,0.0,7.00747450509898,0.0,0.0
2025-06-11,1,Wednesday,7.00747450509898,77824.0,0.0,0.0,0.0,7.00747450509898,0.0,0.0
2025-06-11,2,Wednesday,7.1362207558488295,77824.0,0.0,0.0,0.0,7.1362207558488295,0.0,0.0
2025-06-11,3,Wednesday,7.283359328134372,77824.0,0.0,0.0,0.0,7.283359328134372,0.0,0.0
2025-06-11,4,Wednesday,7.283359328134372,77824.0,0.0,0.0,0.0,7.283359328134372,0.0,0.0
2025-06-11,5,Wednesday,7.412105578884224,77824.0,0.0,0.0,0.0,7.412105578884224,0.0,0.0
2025-06-11,6,Wednesday,7.7063827234553095,77824.0,0.0,0.7249783872704202,0.7249783872704202,7.072751612980962,0.0,0.9241043142600975
2025-06-11,7,Wednesday,7.7063827234553095,77824.0,0.0,1.977137640895709,1.977137640895709,5.970655370809441,0.0,0.9481564789255883
2025-06-11,8,Wednesday,7.982267546490701,77824.0,0.0,3.742937509474671,3.742937509474671,4.610821619159787,0.0,0.9384951562979824
2025-06-11,9,Wednesday,7.982267546490701,77824.0,0.0,5.709942863276212,5.709942863276212,2.891451512563891,0.0,0.9201092917393151
2025-06-11,10,Wednesday,8.111013797240552,77824.0,0.0,7.113,7.113,1.8935132747058914,0.0,0.9056300784957124
2025-06-11,11,Wednesday,8.111013797240552,77824.0,0.0,5.81818555603771,5.81818555603771,3.1053461475143536,0.0,0.9190182749858817
2025-06-11,12,Wednesday,8.258152369526094,77824.0,0.0,6.187567984022056,6.187567984022056,2.8559887172439655,0.0,0.9152574820550711
2025-06-11,13,Wednesday,8.258152369526094,77824.0,0.0,5.957692875286391,5.957692875286391,3.077970538628639,0.0,0.9176044693241608
2025-06-11,14,Wednesday,8.111013797240552,77824.0,0.0,5.145317557455553,5.145317557455553,3.6257157297679274,0.0,0.9257028386173555
2025-06-11,15,Wednesday,8.111013797240552,77824.0,0.0,4.27602702117002,4.27602702117002,4.35059996331403,0.0,0.9338792778197563
2025-06-11,16,Wednesday,7.982267546490701,77824.0,0.0,2.963714029722743,2.963714029722743,5.3529039846360345,0.0,0.9442964085980724
2025-06-11,17,Wednesday,7.982267546490701,77824.0,0.0,1.8464092388918596,1.8464092388918596,6.325887814057212,0.0,0.948075661048622
2025-06-11,18,Wednesday,7.835128974205158,77824.0,0.0,0.7038149219239285,0.7038149219239285,7.201222666714191,0.0,0.9225258434544312
2025-06-11,19,Wednesday,7.7063827234553095,77824.0,0.0,0.0,0.0,7.7063827234553095,0.0,0.0
2025-06-11,20,Wednesday,7.559244151169766,77824.0,0.0,0.0,0.0,7.559244151169766,0.0,0.0
2025-06-11,21,Wednesday,7.283359328134372,77824.0,0.0,0.0,0.0,7.283359328134372,0.0,0.0
2025-06-11,22,Wednesday,7.1362207558488295,77824.0,0.0,0.0,0.0,7.1362207558488295,0.0,0.0
2025-06-11,23,Wednesday,7.00747450509898,77824.0,0.0,0.0,0.0,7.00747450509898,0.0,0.0
2025-06-12,0,Thursday,7.00747450509898,77824.0,0.0,0.0,0.0,7.00747450509898,0.0,0.0
2025-06-12,1,Thursday,7.00747450509898,77824.0,0.0,0.0,0.0,7.00747450509898,0.0,0.0
2025-06-12,2,Thursday,7.1362207558488295,77824.0,0.0,0.0,0.0,7.1362207558488295,0.0,0.0
2025-06-12,3,Thursday,7.283359328134372,77824.0,0.0,0.0,0.0,7.283359328134372,0.0,0.0
2025-06-12,4,Thursday,7.283359328134372,77824.0,0.0,0.0,0.0,7.283359328134372,0.0,0.0
2025-06-12,5,Thursday,7.412105578884224,77824.0,0.0,0.0,0.0,7.412105578884224,0.0,0.0
2025-06-12,6,Thursday,7.7063827234553095,77824.0,0.0,0.7591283513040842,0.7591283513040842,7.04290454441554,0.0,0.9264374220697331
2025-06-12,7,Thursday,7.7063827234553095,77824.0,0.0,1.9799493136615984,1.9799493136615984,5.96379854237679,0.0,0.9481559380419515
2025-06-12,8,Thursday,7.982267546490701,77824.0,0.0,3.645468323082346,3.645468323082346,4.6986187308900575,0.0,0.9392928998444888
2025-06-12,9,Thursday,7.982267546490701,77824.0,0.0,5.577790223528422,5.577790223528422,3.005047730397563,0.0,0.9214337835291257
2025-06-12,10,Thursday,8.111013797240552,77824.0,0.0,7.113,7.113,1.8845632201100146,0.0,0.9056300784957124
2025-06-12,11,Thursday,8.111013797240552,77824.0,0.0,7.113,7.113,1.9913543863175507,0.0,0.9056300784957124
2025-06-12,12,Thursday,8.258152369526094,77824.0,0.0,7.113,7.113,2.1384929586030923,0.0,0.9056300784957124
2025-06-12,13,Thursday,8.258152369526094,77824.0,0.0,7.113,7.113,2.1384929586030923,0.0,0.9056300784957124
2025-06-12,14,Thursday,8.111013797240552,77824.0,0.0,7.113,7.113,1.9913543863175507,0.0,0.9056300784957124
2025-06-12,15,Thursday,8.111013797240552,77824.0,0.0,5.517520785226951,5.517520785226951,3.364022654505085,0.0,0.9220349348382451
2025-06-12,16,Thursday,7.982267546490701,77824.0,0.0,3.5303202028240404,3.5303202028240404,4.889942916230147,0.0,0.9402130391598053
2025-06-12,17,Thursday,7.982267546490701,77824.0,0.0,1.9039710077543142,1.9039710077543142,6.281636097201503,0.0,0.9481378308214695
2025-06-12,18,Thursday,7.835128974205158,77824.0,0.0,0.6812323533689705,0.6812323533689705,7.221521916686931,0.0,0.9207168374368692
2025-06-12,19,Thursday,6.0,71307.33846407864,0.0,0.0,0.0,0.0,6.516661535921354,0.9082905252124802
2025-06-12,20,Thursday,6.0,64701.52255666686,0.0,0.0,0.0,0.0,6.6058159074117775,0.9073069943282027
2025-06-12,21,Thursday,6.0,58088.54587125887,0.0,0.0,0.0,0.0,6.612976685407985,0.9072278972633268
2025-06-12,22,Thursday,6.0,51474.992630558125,0.0,0.0,0.0,0.0,6.613553240700748,0.9072215280615511
2025-06-12,23,Thursday,6.0,44861.39295902021,0.0,0.0,0.0,0.0,6.613599671537916,0.9072210151362908
2025-06-13,0,Friday,6.0,38247.78954828062,0.0,0.0,0.0,0.0,6.613603410739583,0.9072209738289967
2025-06-13,1,Friday,6.0,31634.18583641257,0.0,0.0,0.0,0.0,6.61360371186805,0.9072209705024034
2025-06-13,2,Friday,6.0,25020.582100293792,0.0,0.0,0.0,0.0,6.61360373611878,0.9072209702345035
2025-06-13,3,Friday,7.283359328134372,25020.582100293792,0.0,0.0,0.0,7.283359328134372,0.0,0.0
2025-06-13,4,Friday,7.283359328134372,25020.582100293792,0.0,0.0,0.0,7.283359328134372,0.0,0.0
2025-06-13,5,Friday,7.412105578884224,25020.582100293792,0.0,0.0,0.0,7.412105578884224,0.0,0.0
2025-06-13,6,Friday,7.7063827234553095,25613.431874371676,0.7004368786364449,0.0,0.7004368786364449,7.7063827234553095,0.0,0.0
2025-06-13,7,Friday,7.7063827234553095,27196.276124282926,1.870090087324251,0.0,1.870090087324251,7.7063827234553095,0.0,0.0
2025-06-13,8,Friday,7.982267546490701,30240.609558010263,3.596802261020011,0.0,3.596802261020011,7.982267546490701,0.0,0.0
2025-06-13,9,Friday,7.982267546490701,35014.02592491977,5.639669620639781,0.0,5.639669620639781,7.982267546490701,0.0,0.0
2025-06-13,10,Friday,8.111013797240552,41034.46912491977,7.113,0.0,7.113,8.111013797240552,0.0,0.0
2025-06-13,11,Friday,8.111013797240552,47054.91232491977,7.113,0.0,7.113,8.111013797240552,0.0,0.0
2025-06-13,12,Friday,8.258152369526094,53075.35552491978,7.113,0.0,7.113,8.258152369526094,0.0,0.0
2025-06-13,13,Friday,8.258152369526094,59095.79872491978,7.113,0.0,7.113,8.258152369526094,0.0,0.0
2025-06-13,14,Friday,8.111013797240552,65116.24192491978,7.113,0.0,7.113,8.111013797240552,0.0,0.0
2025-06-13,15,Friday,8.111013797240552,69813.99104155903,5.550270695462243,0.0,5.550270695462243,8.111013797240552,0.0,0.0
2025-06-13,16,Friday,7.982267546490701,72796.45244081541,3.523702031257557,0.0,3.523702031257557,7.982267546490701,0.0,0.0
2025-06-13,17,Friday,7.982267546490701,74308.76187202682,1.786754999068296,0.0,1.786754999068296,7.982267546490701,0.0,0.0
2025-06-13,18,Friday,7.835128974205158,74869.18402980584,0.6621244775272,0.0,0.6621244775272,7.835128974205158,0.0,0.0
2025-06-13,19,Friday,7.7063827234553095,74869.18402980584,0.0,0.0,0.0,7.7063827234553095,0.0,0.0
2025-06-13,20,Friday,7.559244151169766,74869.18402980584,0.0,0.0,0.0,7.559244151169766,0.0,0.0
2025-06-13,21,Friday,7.283359328134372,74869.18402980584,0.0,0.0,0.0,7.283359328134372,0.0,0.0
2025-06-13,22,Friday,7.1362207558488295,74869.18402980584,0.0,0.0,0.0,7.1362207558488295,0.0,0.0
2025-06-13,23,Friday,7.00747450509898,74869.18402980584,0.0,0.0,0.0,7.00747450509898,0.0,0.0
2025-06-14,0,Saturday,7.00747450509898,74869.18402980584,0.0,0.0,0.0,7.00747450509898,0.0,0.0
2025-06-14,1,Saturday,7.00747450509898,74869.18402980584,0.0,0.0,0.0,7.00747450509898,0.0,0.0
2025-06-14,2,Saturday,7.1362207558488295,74869.18402980584,0.0,0.0,0.0,7.1362207558488295,0.0,0.0
2025-06-14,3,Saturday,7.283359328134372,74869.18402980584,0.0,0.0,0.0,7.283359328134372,0.0,0.0
2025-06-14,4,Saturday,7.283359328134372,74869.18402980584,0.0,0.0,0.0,7.283359328134372,0.0,0.0
2025-06-14,5,Saturday,7.412105578884224,74869.18402980584,0.0,0.0,0.0,7.412105578884224,0.0,0.0
2025-06-14,6,Saturday,7.7063827234553095,75519.44262556668,0.7682639363904085,0.0,0.7682639363904085,7.7063827234553095,0.0,0.0
2025-06-14,7,Saturday,7.7063827234553095,77171.5238102489,1.9518917588400555,0.0,1.9518917588400555,7.7063827234553095,0.0,0.0
2025-06-14,8,Saturday,7.982267546490701,77824.0,0.7708839670972335,2.8253896782233063,3.5962736453205397,5.512876967723531,0.0,0.9451485553694006
2025-06-14,9,Saturday,7.982267546490701,77824.0,0.0,5.597949219238266,5.597949219238266,2.9559186097761057,0.0,0.9212322967981924
2025-06-14,10,Saturday,8.111013797240552,77824.0,0.0,6.954565004746954,6.954565004746954,2.024582399312953,0.0,0.9072957190830593
2025-06-14,11,Saturday,8.111013797240552,77824.0,0.0,7.113,7.113,1.9800990698946421,0.0,0.9056300784957124
2025-06-14,12,Saturday,8.258152369526094,77824.0,0.0,7.113,7.113,2.1384929586030923,0.0,0.9056300784957124
2025-06-14,13,Saturday,8.258152369526094,77824.0,0.0,7.113,7.113,2.1384929586030923,0.0,0.9056300784957124
2025-06-14,14,Saturday,8.111013797240552,77824.0,0.0,6.832404534594822,6.832404534594822,2.232764295009961,0.0,0.9085755529139662
2025-06-14,15,Saturday,8.111013797240552,77824.0,0.0,5.3135554728961845,5.3135554728961845,3.5246355256011555,0.0,0.9240549061422202
2025-06-14,16,Saturday,7.982267546490701,77824.0,0.0,3.5910099564857147,3.5910099564857147,4.829891696609325,0.0,0.9397312098695769
2025-06-14,17,Saturday,7.982267546490701,77824.0,0.0,1.965179301239237,1.965179301239237,6.227864240244713,0.0,0.9481577720501146
2025-06-14,18,Saturday,7.835128974205158,77824.0,0.0,0.7588547982845602,0.7588547982845602,7.1515906030966825,0.0,0.9264197065890506
2025-06-14,19,Saturday,7.7063827234553095,77824.0,0.0,0.0,0.0,7.7063827234553095,0.0,0.0
2025-06-14,20,Saturday,7.559244151169766,77824.0,0.0,0.0,0.0,7.559244151169766,0.0,0.0
2025-06-14,21,Saturday,7.283359328134372,77824.0,0.0,0.0,0.0,7.283359328134372,0.0,0.0
2025-06-14,22,Saturday,7.1362207558488295,77824.0,0.0,0.0,0.0,7.1362207558488295,0.0,0.0
2025-06-14,23,Saturday,7.00747450509898,77824.0,0.0,0.0,0.0,7.00747450509898,0.0,0.0
2025-06-15,0,Sunday,7.00747450509898,77824.0,0.0,0.0,0.0,7.00747450509898,0.0,0.0
2025-06-15,1,Sunday,7.00747450509898,77824.0,0.0,0.0,0.0,7.00747450509898,0.0,0.0
2025-06-15,2,Sunday,7.1362207558488295,77824.0,0.0,0.0,0.0,7.1362207558488295,0.0,0.0
2025-06-15,3,Sunday,7.283359328134372,77824.0,0.0,0.0,0.0,7.283359328134372,0.0,0.0
2025-06-15,4,Sunday,7.283359328134372,77824.0,0.0,0.0,0.0,7.283359328134372,0.0,0.0
2025-06-15,5,Sunday,7.412105578884224,77824.0,0.0,0.0,0.0,7.412105578884224,0.0,0.0
2025-06-15,6,Sunday,7.7063827234553095,77824.0,0.0,0.5778949377067727,0.5778949377067727,7.20130254789959,0.0,0.9103784460001781
2025-06-15,7,Sunday,7.7063827234553095,77824.0,0.0,1.4558648997776442,1.4558648997776442,6.447264099661822,0.0,0.9461536613275784
2025-06-15,8,Sunday,7.982267546490701,77824.0,0.0,2.375588345648183,2.375588345648183,5.846979516000655,0.0,0.9473360969479907
2025-06-15,9,Sunday,7.982267546490701,77824.0,0.0,3.4184457900582728,3.4184457900582728,4.9057713087277115,0.0,0.9410816901091755
2025-06-15,10,Sunday,8.111013797240552,77824.0,0.0,3.8509533710371953,3.8509533710371953,4.6681551756406074,0.0,0.9375925600478601
2025-06-15,11,Sunday,8.111013797240552,77824.0,0.0,4.094646726051631,4.094646726051631,4.463859006188732,0.0,0.9354925089247982
2025-06-15,12,Sunday,8.258152369526094,77824.0,0.0,4.46119209087652,4.46119209087652,4.293411176731029,0.0,0.9321942614977781
2025-06-15,13,Sunday,8.258152369526094,77824.0,0.0,4.367245104416333,4.367245104416333,4.390587585879483,0.0,0.9330536993172427
2025-06-15,14,Sunday,8.111013797240552,77824.0,0.0,3.9707061871736604,3.9707061871736604,4.591375805238517,0.0,0.9365709789722108
2025-06-15,15,Sunday,8.111013797240552,77824.0,0.0,3.444162002662494,3.444162002662494,5.046596727596675,0.0,0.9408843548405106
2025-06-15,16,Sunday,7.982267546490701,77824.0,0.0,2.688005036065525,2.688005036065525,5.579620756532474,0.0,0.9459210803005326
2025-06-15,17,Sunday,7.982267546490701,77824.0,0.0,1.6765659172794902,1.6765659172794902,6.4756634550060355,0.0,0.9476047168482991
2025-06-15,18,Sunday,7.835128974205158,77824.0,0.0,0.7350199038811304,0.7350199038811304,7.173446062704773,0.0,0.924816601784199
2025-06-15,19,Sunday,7.7063827234553095,77824.0,0.0,0.0,0.0,7.7063827234553095,0.0,0.0
2025-06-15,20,Sunday,7.559244151169766,77824.0,0.0,0.0,0.0,7.559244151169766,0.0,0.0
2025-06-15,21,Sunday,7.283359328134372,77824.0,0.0,0.0,0.0,7.283359328134372,0.0,0.0
2025-06-15,22,Sunday,7.1362207558488295,77824.0,0.0,0.0,0.0,7.1362207558488295,0.0,0.0
2025-06-15,23,Sunday,7.00747450509898,77824.0,0.0,0.0,0.0,7.00747450509898,0.0,0.0
2025-06-16,0,Monday,7.00747450509898,77824.0,0.0,0.0,0.0,7.00747450509898,0.0,0.0
2025-06-16,1,Monday,7.00747450509898,77824.0,0.0,0.0,0.0,7.00747450509898,0.0,0.0
2025-06-16,2,Monday,7.1362207558488295,77824.0,0.0,0.0,0.0,7.1362207558488295,0.0,0.0
2025-06-16,3,Monday,7.283359328134372,77824.0,0.0,0.0,0.0,7.283359328134372,0.0,0.0
2025-06-16,4,Monday,7.283359328134372,77824.0,0.0,0.0,0.0,7.283359328134372,0.0,0.0
2025-06-16,5,Monday,7.412105578884224,77824.0,0.0,0.0,0.0,7.412105578884224,0.0,0.0
2025-06-16,6,Monday,7.7063827234553095,77824.0,0.0,0.7108916368547202,0.7108916368547202,7.085063432844284,0.0,0.9230657157298614
2025-06-16,7,Monday,7.7063827234553095,77824.0,0.0,1.9258384365438876,1.9258384365438876,6.0175910603872715,0.0,0.9481501930568268
2025-06-16,8,Monday,7.982267546490701,77824.0,0.0,2.951302235143935,2.951302235143935,5.323903651670973,0.0,0.9443756458929362
2025-06-16,9,Monday,7.982267546490701,77824.0,0.0,4.314105276965,4.314105276965,4.111838386975952,0.0,0.9335357486617377
2025-06-16,10,Monday,8.111013797240552,77824.0,0.0,3.919116410489163,3.919116410489163,4.635310288499975,0.0,0.9370136528489076
2025-06-16,11,Monday,8.111013797240552,77824.0,0.0,5.244534060349844,5.244534060349844,3.4425237807305784,0.0,0.9247330835533534
2025-06-16,12,Monday,8.258152369526094,77824.0,0.0,6.050578805971157,6.050578805971157,2.9427404928242327,0.0,0.9166586220752675
2025-06-16,13,Monday,8.258152369526094,77824.0,0.0,5.5464810169166245,5.5464810169166245,3.428134205509344,0.0,0.92174630704122
2025-06-16,14,Monday,8.111013797240552,77824.0,0.0,5.466950860737388,5.466950860737388,3.323829118913072,0.0,0.922537877707479
2025-06-16,15,Monday,8.111013797240552,77824.0,0.0,4.334055618162914,4.334055618162914,4.312599848986672,0.0,0.9333551281350131
2025-06-16,16,Monday,7.982267546490701,77824.0,0.0,3.1160400657181406,3.1160400657181406,5.219314170419121,0.0,0.94328356007892
2025-06-16,17,Monday,7.982267546490701,77824.0,0.0,1.807473768887651,1.807473768887651,6.362555269598375,0.0,0.9480076665926512
2025-06-16,18,Monday,7.835128974205158,77824.0,0.0,0.6892953302833922,0.6892953302833922,7.214344579432748,0.0,0.9213782742777659
2025-06-16,19,Monday,7.7063827234553095,77824.0,0.0,0.0,0.0,7.7063827234553095,0.0,0.0
2025-06-16,20,Monday,7.559244151169766,77824.0,0.0,0.0,0.0,7.559244151169766,0.0,0.0
2025-06-16,21,Monday,7.283359328134372,77824.0,0.0,0.0,0.0,7.283359328134372,0.0,0.0
2025-06-16,22,Monday,7.1362207558488295,77824.0,0.0,0.0,0.0,7.1362207558488295,0.0,0.0
2025-06-16,23,Monday,7.00747450509898,77824.0,0.0,0.0,0.0,7.00747450509898,0.0,0.0
2025-06-17,0,Tuesday,7.00747450509898,77824.0,0.0,0.0,0.0,7.00747450509898,0.0,0.0
2025-06-17,1,Tuesday,7.00747450509898,77824.0,0.0,0.0,0.0,7.00747450509898,0.0,0.0
2025-06-17,2,Tuesday,7.1362207558488295,77824.0,0.0,0.0,0.0,7.1362207558488295,0.0,0.0
2025-06-17,3,Tuesday,7.283359328134372,77824.0,0.0,0.0,0.0,7.283359328134372,0.0,0.0
2025-06-17,4,Tuesday,7.283359328134372,77824.0,0.0,0.0,0.0,7.283359328134372,0.0,0.0
2025-06-17,5,Tuesday,7.412105578884224,77824.0,0.0,0.0,0.0,7.412105578884224,0.0,0.0
2025-06-17,6,Tuesday,7.7063827234553095,77824.0,0.0,0.7241202774760936,0.7241202774760936,7.073501600941204,0.0,0.9240423814112801
2025-06-17,7,Tuesday,7.7063827234553095,77824.0,0.0,1.912994352234099,1.912994352234099,6.02707925943382,0.0,0.9481436568623086
2025-06-17,8,Tuesday,7.982267546490701,77824.0,0.0,3.637886276556575,3.637886276556575,4.70549068886232,0.0,0.9393542516405275
2025-06-17,9,Tuesday,7.982267546490701,77824.0,0.0,5.572637158796279,5.572637158796279,3.009321158923691,0.0,0.9214852549010197
2025-06-17,10,Tuesday,8.111013797240552,77824.0,0.0,7.113,7.113,1.8842154100351474,0.0,0.9056300784957124
2025-06-17,11,Tuesday,8.111013797240552,77824.0,0.0,7.113,7.113,1.9913543863175507,0.0,0.9056300784957124
2025-06-17,12,Tuesday,8.258152369526094,77824.0,0.0,7.113,7.113,2.1384929586030923,0.0,0.9056300784957124
2025-06-17,13,Tuesday,8.258152369526094,77824.0,0.0,7.113,7.113,2.1384929586030923,0.0,0.9056300784957124
2025-06-17,14,Tuesday,8.111013797240552,77824.0,0.0,7.113,7.113,1.9913543863175507,0.0,0.9056300784957124
2025-06-17,15,Tuesday,8.111013797240552,77824.0,0.0,5.636294124320951,5.636294124320951,3.2618361815185324,0.0,0.9208484848380017
2025-06-17,16,Tuesday,7.982267546490701,77824.0,0.0,3.638673466290018,3.638673466290018,4.799133945649968,0.0,0.9393478867849349
2025-06-17,17,Tuesday,7.982267546490701,77824.0,0.0,1.8839012685097913,1.8839012685097913,6.301110804778877,0.0,0.9481211391347794
2025-06-17,18,Tuesday,7.835128974205158,77824.0,0.0,0.7030089668513401,0.7030089668513401,7.201918194855755,0.0,0.9224635658761468
2025-06-17,19,Tuesday,7.7063827234553095,77824.0,0.0,0.0,0.0,7.7063827234553095,0.0,0.0
2025-06-17,20,Tuesday,7.559244151169766,77824.0,0.0,0.0,0.0,7.559244151169766,0.0,0.0
2025-06-17,21,Tuesday,7.283359328134372,77824.0,0.0,0.0,0.0,7.283359328134372,0.0,0.0
2025-06-17,22,Tuesday,7.1362207558488295,77824.0,0.0,0.0,0.0,7.1362207558488295,0.0,0.0
2025-06-17,23,Tuesday,7.00747450509898,77824.0,0.0,0.0,0.0,7.00747450509898,0.0,0.0
2025-06-18,0,Wednesday,7.00747450509898,77824.0,0.0,0.0,0.0,7.00747450509898,0.0,0.0
2025-06-18,1,Wednesday,7.00747450509898,77824.0,0.0,0.0,0.0,7.00747450509898,0.0,0.0
2025-06-18,2,Wednesday,7.1362207558488295,77824.0,0.0,0.0,0.0,7.1362207558488295,0.0,0.0
2025-06-18,3,Wednesday,7.283359328134372,77824.0,0.0,0.0,0.0,7.283359328134372,0.0,0.0
2025-06-18,4,Wednesday,7.283359328134372,77824.0,0.0,0.0,0.0,7.283359328134372,0.0,0.0
2025-06-18,5,Wednesday,7.412105578884224,77824.0,0.0,0.0,0.0,7.412105578884224,0.0,0.0
2025-06-18,6,Wednesday,7.7063827234553095,77824.0,0.0,0.8319519943276535,0.8319519943276535,6.979256680412941,0.0,0.9306662206016925
2025-06-18,7,Wednesday,7.7063827234553095,77824.0,0.0,1.9739534115770443,1.9739534115770443,5.961145550318896,0.0,0.9481569830766051
2025-06-18,8,Wednesday,7.982267546490701,77824.0,0.0,3.5535236605210727,3.5535236605210727,4.781434186902256,0.0,0.940029668920914
2025-06-18,9,Wednesday,7.982267546490701,77824.0,0.0,5.2811791342083145,5.2811791342083145,3.2660257271009145,0.0,0.9243733770783076
2025-06-18,10,Wednesday,8.111013797240552,77824.0,0.0,6.569569664909264,6.569569664909264,2.3419152649923403,0.0,0.9113149626702843
2025-06-18,11,Wednesday,8.111013797240552,77824.0,0.0,7.113,7.113,1.952939634240507,0.0,0.9056300784957124
2025-06-18,12,Wednesday,8.258152369526094,77824.0,0.0,7.113,7.113,2.1384929586030923,0.0,0.9056300784957124
2025-06-18,13,Wednesday,8.258152369526094,77824.0,0.0,7.113,7.113,2.1384929586030923,0.0,0.9056300784957124
2025-06-18,14,Wednesday,8.111013797240552,77824.0,0.0,6.779253803191649,6.779253803191649,2.2784924510100826,0.0,0.9091311260007956
2025-06-18,15,Wednesday,8.111013797240552,77824.0,0.0,5.219275642610095,5.219275642610095,3.6032581524596434,0.0,0.9249805445541368
2025-06-18,16,Wednesday,7.982267546490701,77824.0,0.0,3.5585656246437494,3.5585656246437494,4.855243775641824,0.0,0.9399896837714528
2025-06-18,17,Wednesday,7.982267546490701,77824.0,0.0,2.1052822193045198,2.1052822193045198,6.102271157295669,0.0,0.9480463271309233
2025-06-18,18,Wednesday,7.835128974205158,77824.0,0.0,0.830108474393976,0.830108474393976,7.087496748449168,0.0,0.9305701198593579
2025-06-18,19,Wednesday,7.7063827234553095,77824.0,0.0,0.0,0.0,7.7063827234553095,0.0,0.0
2025-06-18,20,Wednesday,7.559244151169766,77824.0,0.0,0.0,0.0,7.559244151169766,0.0,0.0
2025-06-18,21,Wednesday,7.283359328134372,77824.0,0.0,0.0,0.0,7.283359328134372,0.0,0.0
2025-06-18,22,Wednesday,7.1362207558488295,77824.0,0.0,0.0,0.0,7.1362207558488295,0.0,0.0
2025-06-18,23,Wednesday,7.00747450509898,77824.0,0.0,0.0,0.0,7.00747450509898,0.0,0.0
2025-06-19,0,Thursday,7.00747450509898,77824.0,0.0,0.0,0.0,7.00747450509898,0.0,0.0
2025-06-19,1,Thursday,7.00747450509898,77824.0,0.0,0.0,0.0,7.00747450509898,0.0,0.0
2025-06-19,2,Thursday,7.1362207558488295,77824.0,0.0,0.0,0.0,7.1362207558488295,0.0,0.0
2025-06-19,3,Thursday,7.283359328134372,77824.0,0.0,0.0,0.0,7.283359328134372,0.0,0.0
2025-06-19,4,Thursday,7.283359328134372,77824.0,0.0,0.0,0.0,7.283359328134372,0.0,0.0
2025-06-19,5,Thursday,7.412105578884224,77824.0,0.0,0.0,0.0,7.412105578884224,0.0,0.0
2025-06-19,6,Thursday,7.7063827234553095,77824.0,0.0,0.40933022867623203,0.40933022867623203,7.348628103592283,0.0,0.881035785844248
2025-06-19,7,Thursday,7.7063827234553095,77824.0,0.0,0.8903985627975671,0.8903985627975671,6.961133375840813,0.0,0.9334615628033058
2025-06-19,8,Thursday,7.982267546490701,77824.0,0.0,1.775470092233146,1.775470092233146,6.407801113834543,0.0,0.9479349670159714
2025-06-19,9,Thursday,7.982267546490701,77824.0,0.0,1.7281811489174148,1.7281811489174148,6.42597437311388,0.0,0.9477978819095564
2025-06-19,10,Thursday,8.111013797240552,77824.0,0.0,2.178783383808512,2.178783383808512,6.14921983474278,0.0,0.9479114450166777
2025-06-19,11,Thursday,8.111013797240552,77824.0,0.0,1.9083200963216982,1.9083200963216982,6.392541260184819,0.0,0.948140767186388
2025-06-19,12,Thursday,8.258152369526094,77824.0,0.0,2.5562012751130285,2.5562012751130285,5.955695663361029,0.0,0.9465820399137322
2025-06-19,13,Thursday,8.258152369526094,77824.0,0.0,3.6377969245699897,3.6377969245699897,4.9868527975573,0.0,0.9393549740284017
2025-06-19,14,Thursday,8.111013797240552,77824.0,0.0,2.9774239788558488,2.9774239788558488,5.4539986741273605,0.0,0.9442082805168311
2025-06-19,15,Thursday,8.111013797240552,77824.0,0.0,2.7420059655835467,2.7420059655835467,5.6514402962065455,0.0,0.9456269153106273
2025-06-19,16,Thursday,7.982267546490701,77824.0,0.0,2.059041882811679,2.059041882811679,6.132536393559037,0.0,0.9481054622665295
2025-06-19,17,Thursday,7.982267546490701,77824.0,0.0,1.3363345287015156,1.3363345287015156,6.77863078371729,0.0,0.9448207616385463
2025-06-19,18,Thursday,7.835128974205158,77824.0,0.0,0.6196624139893847,0.6196624139893847,7.278932555958139,0.0,0.9150195737259943
2025-06-19,19,Thursday,6.0,71266.7632235584,0.0,0.0,0.0,0.0,6.557236776441593,0.9078431993753167
2025-06-19,20,Thursday,6.0,64657.6924014951,0.0,0.0,0.0,0.0,6.609070822063299,0.9072710427803552
2025-06-19,21,Thursday,6.0,58044.45367008707,0.0,0.0,0.0,0.0,6.613238731408034,0.9072250024551057
2025-06-19,22,Thursday,6.0,51430.8793266078,0.0,0.0,0.0,0.0,6.613574343479264,0.9072212949375058
2025-06-19,23,Thursday,6.0,44817.27795560679,0.0,0.0,0.0,0.0,6.6136013710010095,0.9072209963621709
2025-06-20,0,Friday,6.0,38203.67440800465,0.0,0.0,0.0,0.0,6.613603547602138,0.9072209723170638
2025-06-20,1,Friday,6.0,31590.07068511467,0.0,0.0,0.0,0.0,6.613603722889979,0.9072209703806433
2025-06-20,2,Friday,6.0,24976.466948108267,0.0,0.0,0.0,0.0,6.613603737006406,0.9072209702246979
2025-06-20,3,Friday,7.283359328134372,24976.466948108267,0.0,0.0,0.0,7.283359328134372,0.0,0.0
2025-06-20,4,Friday,7.283359328134372,24976.466948108267,0.0,0.0,0.0,7.283359328134372,0.0,0.0
2025-06-20,5,Friday,7.412105578884224,24976.466948108267,0.0,0.0,0.0,7.412105578884224,0.0,0.0
2025-06-20,6,Friday,7.7063827234553095,25415.362851346923,0.518544309119394,0.0,0.518544309119394,7.7063827234553095,0.0,0.0
2025-06-20,7,Friday,7.7063827234553095,26334.028583967432,1.08538011888056,0.0,1.08538011888056,7.7063827234553095,0.0,0.0
2025-06-20,8,Friday,7.982267546490701,28127.979083507405,2.119506733861027,0.0,2.119506733861027,7.982267546490701,0.0,0.0
2025-06-20,9,Friday,7.982267546490701,30512.171741803682,2.8168627815409724,0.0,2.8168627815409724,7.982267546490701,0.0,0.0
2025-06-20,10,Friday,8.111013797240552,34485.66424528626,4.694579989936881,0.0,4.694579989936881,8.111013797240552,0.0,0.0
2025-06-20,11,Friday,8.111013797240552,38429.318460154,4.659326813407065,0.0,4.659326813407065,8.111013797240552,0.0,0.0
2025-06-20,12,Friday,8.258152369526094,42812.06394337821,5.178101941427471,0.0,5.178101941427471,8.258152369526094,0.0,0.0
2025-06-20,13,Friday,8.258152369526094,47203.62786515092,5.188520701527299,0.0,5.188520701527299,8.258152369526094,0.0,0.0
2025-06-20,14,Friday,8.111013797240552,52165.14674330159,5.861907937323573,0.0,5.861907937323573,8.111013797240552,0.0,0.0
2025-06-20,15,Friday,8.111013797240552,56712.757934506866,5.372886568059163,0.0,5.372886568059163,8.111013797240552,0.0,0.0
2025-06-20,16,Friday,7.982267546490701,59938.97102029619,3.811688428390029,0.0,3.811688428390029,7.982267546490701,0.0,0.0
2025-06-20,17,Friday,7.982267546490701,61647.85271976479,2.0190001175196195,0.0,2.0190001175196195,7.982267546490701,0.0,0.0
2025-06-20,18,Friday,7.835128974205158,62276.53706648169,0.7427745117165582,0.0,0.7427745117165582,7.835128974205158,0.0,0.0
2025-06-20,19,Friday,7.7063827234553095,62276.53706648169,0.0,0.0,0.0,7.7063827234553095,0.0,0.0
2025-06-20,20,Friday,7.559244151169766,62276.53706648169,0.0,0.0,0.0,7.559244151169766,0.0,0.0
2025-06-20,21,Friday,7.283359328134372,62276.53706648169,0.0,0.0,0.0,7.283359328134372,0.0,0.0
2025-06-20,22,Friday,7.1362207558488295,62276.53706648169,0.0,0.0,0.0,7.1362207558488295,0.0,0.0
2025-06-20,23,Friday,7.00747450509898,62276.53706648169,0.0,0.0,0.0,7.00747450509898,0.0,0.0
2025-06-21,0,Saturday,7.00747450509898,62276.53706648169,0.0,0.0,0.0,7.00747450509898,0.0,0.0
2025-06-21,1,Saturday,7.00747450509898,62276.53706648169,0.0,0.0,0.0,7.00747450509898,0.0,0.0
2025-06-21,2,Saturday,7.1362207558488295,62276.53706648169,0.0,0.0,0.0,7.1362207558488295,0.0,0.0
2025-06-21,3,Saturday,7.283359328134372,62276.53706648169,0.0,0.0,0.0,7.283359328134372,0.0,0.0
2025-06-21,4,Saturday,7.283359328134372,62276.53706648169,0.0,0.0,0.0,7.283359328134372,0.0,0.0
2025-06-21,5,Saturday,7.412105578884224,62276.53706648169,0.0,0.0,0.0,7.412105578884224,0.0,0.0
2025-06-21,6,Saturday,7.7063827234553095,62881.9564088478,0.7152875027955021,0.0,0.7152875027955021,7.7063827234553095,0.0,0.0
2025-06-21,7,Saturday,7.7063827234553095,64499.67961491612,1.9112986839181432,0.0,1.9112986839181432,7.7063827234553095,0.0,0.0
2025-06-21,8,Saturday,7.982267546490701,67549.98181683118,3.603854208311741,0.0,3.603854208311741,7.982267546490701,0.0,0.0
2025-06-21,9,Saturday,7.982267546490701,72026.86132018609,5.2893188839259295,0.0,5.2893188839259295,7.982267546490701,0.0,0.0
2025-06-21,10,Saturday,8.111013797240552,77736.04513590898,6.745254980769012,0.0,6.745254980769012,8.111013797240552,0.0,0.0
2025-06-21,11,Saturday,8.111013797240552,77824.0,0.1039164273287066,7.009083572671294,7.113,1.9850747547258418,0.0,0.9067232776239171
2025-06-21,12,Saturday,8.258152369526094,77824.0,0.0,7.113,7.113,2.1311058294741176,0.0,0.9056300784957124
2025-06-21,13,Saturday,8.258152369526094,77824.0,0.0,7.113,7.113,2.1384929586030923,0.0,0.9056300784957124
2025-06-21,14,Saturday,8.111013797240552,77824.0,0.0,7.031057308516838,7.031057308516838,2.0618536641315934,0.0,0.9064923396434175
2025-06-21,15,Saturday,8.111013797240552,77824.0,0.0,5.5325520017147065,5.5325520017147065,3.3465585894189775,0.0,0.9218851827320558
2025-06-21,16,Saturday,7.982267546490701,77824.0,0.0,3.6254435410820745,3.6254435410820745,4.807136999203261,0.0,0.9394547074039764
2025-06-21,17,Saturday,7.982267546490701,77824.0,0.0,1.9087042078865095,1.9087042078865095,6.27878345100698,0.0,0.9481410150243537
2025-06-21,18,Saturday,7.835128974205158,77824.0,0.0,0.791262330882797,0.791262330882797,7.122412118129095,0.0,0.9284182052400146
2025-06-21,19,Saturday,7.7063827234553095,77824.0,0.0,0.0,0.0,7.7063827234553095,0.0,0.0
2025-06-21,20,Saturday,7.559244151169766,77824.0,0.0,0.0,0.0,7.559244151169766,0.0,0.0
2025-06-21,21,Saturday,7.283359328134372,77824.0,0.0,0.0,0.0,7.283359328134372,0.0,0.0
2025-06-21,22,Saturday,7.1362207558488295,77824.0,0.0,0.0,0.0,7.1362207558488295,0.0,0.0
2025-06-21,23,Saturday,7.00747450509898,77824.0,0.0,0.0,0.0,7.00747450509898,0.0,0.0
2025-06-22,0,Sunday,7.00747450509898,77824.0,0.0,0.0,0.0,7.00747450509898,0.0,0.0
2025-06-22,1,Sunday,7.00747450509898,77824.0,0.0,0.0,0.0,7.00747450509898,0.0,0.0
2025-06-22,2,Sunday,7.1362207558488295,77824.0,0.0,0.0,0.0,7.1362207558488295,0.0,0.0
2025-06-22,3,Sunday,7.283359328134372,77824.0,0.0,0.0,0.0,7.283359328134372,0.0,0.0
2025-06-22,4,Sunday,7.283359328134372,77824.0,0.0,0.0,0.0,7.283359328134372,0.0,0.0
2025-06-22,5,Sunday,7.412105578884224,77824.0,0.0,0.0,0.0,7.412105578884224,0.0,0.0
2025-06-22,6,Sunday,7.7063827234553095,77824.0,0.0,0.7588540333298528,0.7588540333298528,7.043144298325018,0.0,0.9264196570290003
2025-06-22,7,Sunday,7.7063827234553095,77824.0,0.0,1.965002917644353,1.965002917644353,5.976986260881496,0.0,0.9481577788239077
2025-06-22,8,Sunday,7.982267546490701,77824.0,0.0,3.3532370976393784,3.3532370976393784,4.9618396000414045,0.0,0.9415754849016836
2025-06-22,9,Sunday,7.982267546490701,77824.0,0.0,4.821103404521402,4.821103404521402,3.669806409410974,0.0,0.9288254530486539
2025-06-22,10,Sunday,8.111013797240552,77824.0,0.0,7.0470745797009,7.0470745797009,1.8927866700401292,0.0,0.9063239256099419
2025-06-22,11,Sunday,8.111013797240552,77824.0,0.0,7.113,7.113,1.986665818520212,0.0,0.9056300784957124
2025-06-22,12,Sunday,8.258152369526094,77824.0,0.0,7.113,7.113,2.1384929586030923,0.0,0.9056300784957124
2025-06-22,13,Sunday,8.258152369526094,77824.0,0.0,5.3549644119853905,5.3549644119853905,3.6510163707964223,0.0,0.9236466936671585
2025-06-22,14,Sunday,8.111013797240552,77824.0,0.0,6.577384782441457,6.577384782441457,2.3395930753257552,0.0,0.9112338053878529
2025-06-22,15,Sunday,8.111013797240552,77824.0,0.0,5.313392613637836,5.313392613637836,3.5113579749378836,0.0,0.9240565096564644
2025-06-22,16,Sunday,7.982267546490701,77824.0,0.0,3.685737288464391,3.685737288464391,4.746729488916069,0.0,0.9389653250843342
2025-06-22,17,Sunday,7.982267546490701,77824.0,0.0,1.7972408642681021,1.7972408642681021,6.37909803673697,0.0,0.9479861161913157
2025-06-22,18,Sunday,7.835128974205158,77824.0,0.0,0.9727769421082235,0.9727769421082235,6.959058890699001,0.0,0.9366951790234659
2025-06-22,19,Sunday,7.7063827234553095,77824.0,0.0,0.0,0.0,7.7063827234553095,0.0,0.0
2025-06-22,20,Sunday,7.559244151169766,77824.0,0.0,0.0,0.0,7.559244151169766,0.0,0.0
2025-06-22,21,Sunday,7.283359328134372,77824.0,0.0,0.0,0.0,7.283359328134372,0.0,0.0
2025-06-22,22,Sunday,7.1362207558488295,77824.0,0.0,0.0,0.0,7.1362207558488295,0.0,0.0
2025-06-22,23,Sunday,7.00747450509898,77824.0,0.0,0.0,0.0,7.00747450509898,0.0,0.0
2025-06-23,0,Monday,7.00747450509898,77824.0,0.0,0.0,0.0,7.00747450509898,0.0,0.0
2025-06-23,1,Monday,7.00747450509898,77824.0,0.0,0.0,0.0,7.00747450509898,0.0,0.0
2025-06-23,2,Monday,7.1362207558488295,77824.0,0.0,0.0,0.0,7.1362207558488295,0.0,0.0
2025-06-23,3,Monday,7.283359328134372,77824.0,0.0,0.0,0.0,7.283359328134372,0.0,0.0
2025-06-23,4,Monday,7.283359328134372,77824.0,0.0,0.0,0.0,7.283359328134372,0.0,0.0
2025-06-23,5,Monday,7.412105578884224,77824.0,0.0,0.0,0.0,7.412105578884224,0.0,0.0
2025-06-23,6,Monday,7.7063827234553095,77824.0,0.0,0.7454969584568472,0.7454969584568472,7.054818381764025,0.0,0.9255360416671767
2025-06-23,7,Monday,7.7063827234553095,77824.0,0.0,1.9684081647692855,1.9684081647692855,5.975641657309689,0.0,0.9481575845863363
2025-06-23,8,Monday,7.982267546490701,77824.0,0.0,3.575009956553364,3.575009956553364,4.762078381476847,0.0,0.9398589295738935
2025-06-23,9,Monday,7.982267546490701,77824.0,0.0,5.274070894274604,5.274070894274604,3.273229052560433,0.0,0.9244432143159512
2025-06-23,10,Monday,8.111013797240552,77824.0,0.0,6.5702483903379605,6.5702483903379605,2.3408833334632355,0.0,0.9113079150908614
2025-06-23,11,Monday,8.111013797240552,77824.0,0.0,7.113,7.113,1.95298725720132,0.0,0.9056300784957124
2025-06-23,12,Monday,8.258152369526094,77824.0,0.0,7.113,7.113,2.1384929586030923,0.0,0.9056300784957124
2025-06-23,13,Monday,8.258152369526094,77824.0,0.0,7.113,7.113,2.1384929586030923,0.0,0.9056300784957124
2025-06-23,14,Monday,8.111013797240552,77824.0,0.0,6.587605616959125,6.587605616959125,2.443376694854339,0.0,0.9111276371570162
2025-06-23,15,Monday,8.111013797240552,77824.0,0.0,5.202875437970108,5.202875437970108,3.6075543732315714,0.0,0.9251410096654641
2025-06-23,16,Monday,7.982267546490701,77824.0,0.0,3.556352850943455,3.556352850943455,4.856646072604645,0.0,0.9400072382162826
2025-06-23,17,Monday,7.982267546490701,77824.0,0.0,2.1342002835261025,2.1342002835261025,6.076412017888811,0.0,0.9479990376360358
2025-06-23,18,Monday,7.835128974205158,77824.0,0.0,0.8359381733373966,0.8359381733373966,7.082283819550435,0.0,0.930872249853756
2025-06-23,19,Monday,7.7063827234553095,77824.0,0.0,0.0,0.0,7.7063827234553095,0.0,0.0
2025-06-23,20,Monday,7.559244151169766,77824.0,0.0,0.0,0.0,7.559244151169766,0.0,0.0
2025-06-23,21,Monday,7.283359328134372,77824.0,0.0,0.0,0.0,7.283359328134372,0.0,0.0
2025-06-23,22,Monday,7.1362207558488295,77824.0,0.0,0.0,0.0,7.1362207558488295,0.0,0.0
2025-06-23,23,Monday,7.00747450509898,77824.0,0.0,0.0,0.0,7.00747450509898,0.0,0.0
2025-06-24,0,Tuesday,7.00747450509898,77824.0,0.0,0.0,0.0,7.00747450509898,0.0,0.0
2025-06-24,1,Tuesday,7.00747450509898,77824.0,0.0,0.0,0.0,7.00747450509898,0.0,0.0
2025-06-24,2,Tuesday,7.1362207558488295,77824.0,0.0,0.0,0.0,7.1362207558488295,0.0,0.0
2025-06-24,3,Tuesday,7.283359328134372,77824.0,0.0,0.0,0.0,7.283359328134372,0.0,0.0
2025-06-24,4,Tuesday,7.283359328134372,77824.0,0.0,0.0,0.0,7.283359328134372,0.0,0.0
2025-06-24,5,Tuesday,7.412105578884224,77824.0,0.0,0.0,0.0,7.412105578884224,0.0,0.0
2025-06-24,6,Tuesday,7.7063827234553095,77824.0,0.0,0.8018539855347842,0.8018539855347842,7.005562340097908,0.0,0.9290298678400024
2025-06-24,7,Tuesday,7.7063827234553095,77824.0,0.0,1.9866324949566876,1.9866324949566876,5.953023845430857,0.0,0.9481542944058499
2025-06-24,8,Tuesday,7.982267546490701,77824.0,0.0,3.362330178697833,3.362330178697833,4.953660138255099,0.0,0.9415072081236947
2025-06-24,9,Tuesday,7.982267546490701,77824.0,0.0,4.633932176409451,4.633932176409451,3.837531027747173,0.0,0.930591628579085
2025-06-24,10,Tuesday,8.111013797240552,77824.0,0.0,5.4535051465871,5.4535051465871,3.289776873204988,0.0,0.9226713724066792
2025-06-24,11,Tuesday,8.111013797240552,77824.0,0.0,7.113,7.113,1.8762003989082796,0.0,0.9056300784957124
2025-06-24,12,Tuesday,8.258152369526094,77824.0,0.0,7.113,7.113,2.1384929586030923,0.0,0.9056300784957124
2025-06-24,13,Tuesday,8.258152369526094,77824.0,0.0,7.1039187217175535,7.1039187217175535,2.146306023428677,0.0,0.9057257200821801
2025-06-24,14,Tuesday,8.111013797240552,77824.0,0.0,6.969482408176105,6.969482408176105,2.114196298132433,0.0,0.907139163596992
2025-06-24,15,Tuesday,8.111013797240552,77824.0,0.0,5.512118628488677,5.512118628488677,3.360768049060667,0.0,0.9220887263406657
2025-06-24,16,Tuesday,7.982267546490701,77824.0,0.0,3.7432742876223966,3.7432742876223966,4.7032180772840775,0.0,0.9384923716189437
2025-06-24,17,Tuesday,7.982267546490701,77824.0,0.0,1.9844246547245998,1.9844246547245998,6.213018516004688,0.0,0.9481548929319134
2025-06-24,18,Tuesday,7.835128974205158,77824.0,0.0,0.7497463931748929,0.7497463931748929,7.159797048615671,0.0,0.9258211593923903
2025-06-24,19,Tuesday,7.7063827234553095,77824.0,0.0,0.0,0.0,7.7063827234553095,0.0,0.0
2025-06-24,20,Tuesday,7.559244151169766,77824.0,0.0,0.0,0.0,7.559244151169766,0.0,0.0
2025-06-24,21,Tuesday,7.283359328134372,77824.0,0.0,0.0,0.0,7.283359328134372,0.0,0.0
2025-06-24,22,Tuesday,7.1362207558488295,77824.0,0.0,0.0,0.0,7.1362207558488295,0.0,0.0
2025-06-24,23,Tuesday,7.00747450509898,77824.0,0.0,0.0,0.0,7.00747450509898,0.0,0.0
2025-06-25,0,Wednesday,7.00747450509898,77824.0,0.0,0.0,0.0,7.00747450509898,0.0,0.0
2025-06-25,1,Wednesday,7.00747450509898,77824.0,0.0,0.0,0.0,7.00747450509898,0.0,0.0
2025-06-25,2,Wednesday,7.1362207558488295,77824.0,0.0,0.0,0.0,7.1362207558488295,0.0,0.0
2025-06-25,3,Wednesday,7.283359328134372,77824.0,0.0,0.0,0.0,7.283359328134372,0.0,0.0
2025-06-25,4,Wednesday,7.283359328134372,77824.0,0.0,0.0,0.0,7.283359328134372,0.0,0.0
2025-06-25,5,Wednesday,7.412105578884224,77824.0,0.0,0.0,0.0,7.412105578884224,0.0,0.0
2025-06-25,6,Wednesday,7.7063827234553095,77824.0,0.0,0.727253911183939,0.727253911183939,7.070762805080546,0.0,0.9242677275172897
2025-06-25,7,Wednesday,7.7063827234553095,77824.0,0.0,1.8956011640843262,1.8956011640843262,6.041941892258328,0.0,0.9481315016398864
2025-06-25,8,Wednesday,7.982267546490701,77824.0,0.0,3.5210177131154605,3.5210177131154605,4.810799125435741,0.0,0.9402862537066314
2025-06-25,9,Wednesday,7.982267546490701,77824.0,0.0,5.487711476574339,5.487711476574339,3.080248864046278,0.0,0.9223315671593176
2025-06-25,10,Wednesday,8.111013797240552,77824.0,0.0,7.061646783269535,7.061646783269535,1.9234930401189354,0.0,0.9061706498850425
2025-06-25,11,Wednesday,8.111013797240552,77824.0,0.0,7.113,7.113,1.9877015562398608,0.0,0.9056300784957124
2025-06-25,12,Wednesday,8.258152369526094,77824.0,0.0,7.113,7.113,2.1384929586030923,0.0,0.9056300784957124
2025-06-25,13,Wednesday,8.258152369526094,77824.0,0.0,7.113,7.113,2.1384929586030923,0.0,0.9056300784957124
2025-06-25,14,Wednesday,8.111013797240552,77824.0,0.0,7.113,7.113,1.9913543863175507,0.0,0.9056300784957124
2025-06-25,15,Wednesday,8.111013797240552,77824.0,0.0,5.556938198654854,5.556938198654854,3.330109939049115,0.0,0.9216419807675451
2025-06-25,16,Wednesday,7.982267546490701,77824.0,0.0,3.6102562942589356,3.6102562942589356,4.821271972477364,0.0,0.9395769341856235
2025-06-25,17,Wednesday,7.982267546490701,77824.0,0.0,1.886400153774523,1.886400153774523,6.298470377016484,0.0,0.9481235021211046
2025-06-25,18,Wednesday,7.835128974205158,77824.0,0.0,0.7159734207888503,0.7159734207888503,7.190239308418404,0.0,0.9234458303047999
2025-06-25,19,Wednesday,7.7063827234553095,77824.0,0.0,0.0,0.0,7.7063827234553095,0.0,0.0
2025-06-25,20,Wednesday,7.559244151169766,77824.0,0.0,0.0,0.0,7.559244151169766,0.0,0.0
2025-06-25,21,Wednesday,7.283359328134372,77824.0,0.0,0.0,0.0,7.283359328134372,0.0,0.0
2025-06-25,22,Wednesday,7.1362207558488295,77824.0,0.0,0.0,0.0,7.1362207558488295,0.0,0.0
2025-06-25,23,Wednesday,7.00747450509898,77824.0,0.0,0.0,0.0,7.00747450509898,0.0,0.0
2025-06-26,0,Thursday,7.00747450509898,77824.0,0.0,0.0,0.0,7.00747450509898,0.0,0.0
2025-06-26,1,Thursday,7.00747450509898,77824.0,0.0,0.0,0.0,7.00747450509898,0.0,0.0
2025-06-26,2,Thursday,7.1362207558488295,77824.0,0.0,0.0,0.0,7.1362207558488295,0.0,0.0
2025-06-26,3,Thursday,7.283359328134372,77824.0,0.0,0.0,0.0,7.283359328134372,0.0,0.0
2025-06-26,4,Thursday,7.283359328134372,77824.0,0.0,0.0,0.0,7.283359328134372,0.0,0.0
2025-06-26,5,Thursday,7.412105578884224,77824.0,0.0,0.0,0.0,7.412105578884224,0.0,0.0
2025-06-26,6,Thursday,7.7063827234553095,77824.0,0.0,0.7195698258826065,0.7195698258826065,7.0774786956339115,0.0,0.9237111006055935
2025-06-26,7,Thursday,7.7063827234553095,77824.0,0.0,1.8997335253402785,1.8997335253402785,6.039318025183367,0.0,0.9481347385347215
2025-06-26,8,Thursday,7.982267546490701,77824.0,0.0,3.528957433949621,3.528957433949621,4.803636769249615,0.0,0.9402237755518137
2025-06-26,9,Thursday,7.982267546490701,77824.0,0.0,5.506895592355378,5.506895592355378,3.063439089347386,0.0,0.9221407197276721
2025-06-26,10,Thursday,8.111013797240552,77824.0,0.0,7.113,7.113,1.8797862047887675,0.0,0.9056300784957124
2025-06-26,11,Thursday,8.111013797240552,77824.0,0.0,7.113,7.113,1.9913543863175507,0.0,0.9056300784957124
2025-06-26,12,Thursday,8.258152369526094,77824.0,0.0,7.113,7.113,2.1384929586030923,0.0,0.9056300784957124
2025-06-26,13,Thursday,8.258152369526094,77824.0,0.0,7.113,7.113,2.1384929586030923,0.0,0.9056300784957124
2025-06-26,14,Thursday,8.111013797240552,77824.0,0.0,7.113,7.113,1.9913543863175507,0.0,0.9056300784957124
2025-06-26,15,Thursday,8.111013797240552,77824.0,0.0,5.600156757937227,5.600156757937227,3.292926913175517,0.0,0.921210220326578
2025-06-26,16,Thursday,7.982267546490701,77824.0,0.0,3.6153735673692853,3.6153735673692853,4.818274419959513,0.0,0.9395357982095937
2025-06-26,17,Thursday,7.982267546490701,77824.0,0.0,1.963792761488647,1.963792761488647,6.229466626791416,0.0,0.9481578155907291
2025-06-26,18,Thursday,7.835128974205158,77824.0,0.0,0.7538980074673989,0.7538980074673989,7.156055400663591,0.0,0.9260960823429211
2025-06-26,19,Thursday,6.0,71345.19060387269,0.0,0.0,0.0,0.0,6.478809396127302,0.9087073830147514
2025-06-26,20,Thursday,6.0,64742.40502938529,0.0,0.0,0.0,0.0,6.602785574487403,0.9073404625469126
2025-06-26,21,Thursday,6.0,58129.67227066102,0.0,0.0,0.0,0.0,6.6127327587242695,0.907230591890636
2025-06-26,22,Thursday,6.0,51516.13867332475,0.0,0.0,0.0,0.0,6.613533597336279,0.90722174506322
2025-06-26,23,Thursday,6.0,44902.5405837178,0.0,0.0,0.0,0.0,6.613598089606955,0.9072210326120217
2025-06-27,0,Friday,6.0,38288.93730037556,0.0,0.0,0.0,0.0,6.613603283342235,0.9072209752363666
2025-06-27,1,Friday,6.0,31675.333598767174,0.0,0.0,0.0,0.0,6.6136037016083815,0.9072209706157429
2025-06-27,2,Friday,6.0,25061.729863474637,0.0,0.0,0.0,0.0,6.613603735292539,0.907220970243631
2025-06-27,3,Friday,7.283359328134372,25061.729863474637,0.0,0.0,0.0,7.283359328134372,0.0,0.0
2025-06-27,4,Friday,7.283359328134372,25061.729863474637,0.0,0.0,0.0,7.283359328134372,0.0,0.0
2025-06-27,5,Friday,7.412105578884224,25061.729863474637,0.0,0.0,0.0,7.412105578884224,0.0,0.0
2025-06-27,6,Friday,7.7063827234553095,25644.927701597808,0.6890333626218973,0.0,0.6890333626218973,7.7063827234553095,0.0,0.0
2025-06-27,7,Friday,7.7063827234553095,27212.936725246836,1.8525626460881743,0.0,1.8525626460881743,7.7063827234553095,0.0,0.0
2025-06-27,8,Friday,7.982267546490701,30233.29366511929,3.568474645406963,0.0,3.568474645406963,7.982267546490701,0.0,0.0
2025-06-27,9,Friday,7.982267546490701,34688.49027542532,5.263701099132832,0.0,5.263701099132832,7.982267546490701,0.0,0.0
2025-06-27,10,Friday,8.111013797240552,40437.979449589315,6.792874733180517,0.0,6.792874733180517,8.111013797240552,0.0,0.0
2025-06-27,11,Friday,8.111013797240552,46458.422649589316,7.113,0.0,7.113,8.111013797240552,0.0,0.0
2025-06-27,12,Friday,8.258152369526094,52478.86584958932,7.113,0.0,7.113,8.258152369526094,0.0,0.0
2025-06-27,13,Friday,8.258152369526094,58499.30904958932,7.113,0.0,7.113,8.258152369526094,0.0,0.0
2025-06-27,14,Friday,8.111013797240552,64313.44483604259,6.869253055828527,0.0,6.869253055828527,8.111013797240552,0.0,0.0
2025-06-27,15,Friday,8.111013797240552,68789.18103522384,5.28796809922169,0.0,5.28796809922169,8.111013797240552,0.0,0.0
2025-06-27,16,Friday,7.982267546490701,71849.99222999561,3.616270315184048,0.0,3.616270315184048,7.982267546490701,0.0,0.0
2025-06-27,17,Friday,7.982267546490701,73563.34613893603,2.0242839188804513,0.0,2.0242839188804513,7.982267546490701,0.0,0.0
2025-06-27,18,Friday,7.835128974205158,74309.0624116859,0.8810447456874724,0.0,0.8810447456874724,7.835128974205158,0.0,0.0
2025-06-27,19,Friday,7.7063827234553095,74309.0624116859,0.0,0.0,0.0,7.7063827234553095,0.0,0.0
2025-06-27,20,Friday,7.559244151169766,74309.0624116859,0.0,0.0,0.0,7.559244151169766,0.0,0.0
2025-06-27,21,Friday,7.283359328134372,74309.0624116859,0.0,0.0,0.0,7.283359328134372,0.0,0.0
2025-06-27,22,Friday,7.1362207558488295,74309.0624116859,0.0,0.0,0.0,7.1362207558488295,0.0,0.0
2025-06-27,23,Friday,7.00747450509898,74309.0624116859,0.0,0.0,0.0,7.00747450509898,0.0,0.0
2025-06-28,0,Saturday,7.00747450509898,74309.0624116859,0.0,0.0,0.0,7.00747450509898,0.0,0.0
2025-06-28,1,Saturday,7.00747450509898,74309.0624116859,0.0,0.0,0.0,7.00747450509898,0.0,0.0
2025-06-28,2,Saturday,7.1362207558488295,74309.0624116859,0.0,0.0,0.0,7.1362207558488295,0.0,0.0
2025-06-28,3,Saturday,7.283359328134372,74309.0624116859,0.0,0.0,0.0,7.283359328134372,0.0,0.0
2025-06-28,4,Saturday,7.283359328134372,74309.0624116859,0.0,0.0,0.0,7.283359328134372,0.0,0.0
2025-06-28,5,Saturday,7.412105578884224,74309.0624116859,0.0,0.0,0.0,7.412105578884224,0.0,0.0
2025-06-28,6,Saturday,7.7063827234553095,74401.68638395806,0.10943285948980301,0.0,0.10943285948980301,7.7063827234553095,0.0,0.0
2025-06-28,7,Saturday,7.7063827234553095,74872.06542695084,0.5557408352939168,0.0,0.5557408352939168,7.7063827234553095,0.0,0.0
2025-06-28,8,Saturday,7.982267546490701,77143.75384886647,2.6839418973483378,0.0,2.6839418973483378,7.982267546490701,0.0,0.0
2025-06-28,9,Saturday,7.982267546490701,77824.0,0.8036934677853625,3.1707435443801852,3.9744370121655477,5.211037688702419,0.0,0.9429028560897343
2025-06-28,10,Saturday,8.111013797240552,77824.0,0.0,4.610577278167074,4.610577278167074,3.9810536376246937,0.0,0.9308099145782236
2025-06-28,11,Saturday,8.111013797240552,77824.0,0.0,6.346322209730064,6.346322209730064,2.4991551450120646,0.0,0.9136250570508213
2025-06-28,12,Saturday,8.258152369526094,77824.0,0.0,7.113,7.113,2.0844680902637274,0.0,0.9056300784957124
2025-06-28,13,Saturday,8.258152369526094,77824.0,0.0,7.113,7.113,2.1384929586030923,0.0,0.9056300784957124
2025-06-28,14,Saturday,8.111013797240552,77824.0,0.0,6.4899776246439975,6.4899776246439975,2.52737079888088,0.0,0.9121404099781616
2025-06-28,15,Saturday,8.111013797240552,77824.0,0.0,5.057864106627503,5.057864106627503,3.7282056693991663,0.0,0.9265523723630631
2025-06-28,16,Saturday,7.982267546490701,77824.0,0.0,3.7097424895355435,3.7097424895355435,4.716860377182249,0.0,0.938768692606984
2025-06-28,17,Saturday,7.982267546490701,77824.0,0.0,2.045603939971834,2.045603939971834,6.1579360569876,0.0,0.9481186797138843
2025-06-28,18,Saturday,7.835128974205158,77824.0,0.0,0.8875880828095951,0.8875880828095951,7.035667075062108,0.0,0.9333375790263964
2025-06-28,19,Saturday,7.7063827234553095,77824.0,0.0,0.0,0.0,7.7063827234553095,0.0,0.0
2025-06-28,20,Saturday,7.559244151169766,77824.0,0.0,0.0,0.0,7.559244151169766,0.0,0.0
2025-06-28,21,Saturday,7.283359328134372,77824.0,0.0,0.0,0.0,7.283359328134372,0.0,0.0
2025-06-28,22,Saturday,7.1362207558488295,77824.0,0.0,0.0,0.0,7.1362207558488295,0.0,0.0
2025-06-28,23,Saturday,7.00747450509898,77824.0,0.0,0.0,0.0,7.00747450509898,0.0,0.0
2025-06-29,0,Sunday,7.00747450509898,77824.0,0.0,0.0,0.0,7.00747450509898,0.0,0.0
2025-06-29,1,Sunday,7.00747450509898,77824.0,0.0,0.0,0.0,7.00747450509898,0.0,0.0
2025-06-29,2,Sunday,7.1362207558488295,77824.0,0.0,0.0,0.0,7.1362207558488295,0.0,0.0
2025-06-29,3,Sunday,7.283359328134372,77824.0,0.0,0.0,0.0,7.283359328134372,0.0,0.0
2025-06-29,4,Sunday,7.283359328134372,77824.0,0.0,0.0,0.0,7.283359328134372,0.0,0.0
2025-06-29,5,Sunday,7.412105578884224,77824.0,0.0,0.0,0.0,7.412105578884224,0.0,0.0
2025-06-29,6,Sunday,7.7063827234553095,77824.0,0.0,0.7106700735125376,0.7106700735125376,7.085257079205352,0.0,0.923049000393897
2025-06-29,7,Sunday,7.7063827234553095,77824.0,0.0,1.8200094273293124,1.8200094273293124,6.110422734981708,0.0,0.9480319485250425
2025-06-29,8,Sunday,7.982267546490701,77824.0,0.0,3.5330580061412533,3.5330580061412533,4.800288273967312,0.0,0.9401914585528918
2025-06-29,9,Sunday,7.982267546490701,77824.0,0.0,5.5155447614281785,5.5155447614281785,3.0558828762278267,0.0,0.9220546126928166
2025-06-29,10,Sunday,8.111013797240552,77824.0,0.0,7.113,7.113,1.8803680601607482,0.0,0.9056300784957124
2025-06-29,11,Sunday,8.111013797240552,77824.0,0.0,7.113,7.113,1.9913543863175507,0.0,0.9056300784957124
2025-06-29,12,Sunday,8.258152369526094,77824.0,0.0,7.113,7.113,2.1384929586030923,0.0,0.9056300784957124
2025-06-29,13,Sunday,8.258152369526094,77824.0,0.0,7.113,7.113,2.1384929586030923,0.0,0.9056300784957124
2025-06-29,14,Sunday,8.111013797240552,77824.0,0.0,7.113,7.113,1.9913543863175507,0.0,0.9056300784957124
2025-06-29,15,Sunday,8.111013797240552,77824.0,0.0,5.481910484935193,5.481910484935193,3.3946599256011405,0.0,0.9223892382029791
2025-06-29,16,Sunday,7.982267546490701,77824.0,0.0,3.640475842435301,3.640475842435301,4.792228594440467,0.0,0.9393333093476559
2025-06-29,17,Sunday,7.982267546490701,77824.0,0.0,1.9947353215193524,1.9947353215193524,6.202232282197039,0.0,0.9481516316885136
2025-06-29,18,Sunday,7.835128974205158,77824.0,0.0,0.8117732786278175,0.8117732786278175,7.103929023447664,0.0,0.9295853710249796
2025-06-29,19,Sunday,7.7063827234553095,77824.0,0.0,0.0,0.0,7.7063827234553095,0.0,0.0
2025-06-29,20,Sunday,7.559244151169766,77824.0,0.0,0.0,0.0,7.559244151169766,0.0,0.0
2025-06-29,21,Sunday,7.283359328134372,77824.0,0.0,0.0,0.0,7.283359328134372,0.0,0.0
2025-06-29,22,Sunday,7.1362207558488295,77824.0,0.0,0.0,0.0,7.1362207558488295,0.0,0.0
2025-06-29,23,Sunday,7.00747450509898,77824.0,0.0,0.0,0.0,7.00747450509898,0.0,0.0
2025-06-30,0,Monday,7.00747450509898,77824.0,0.0,0.0,0.0,7.00747450509898,0.0,0.0
2025-06-30,1,Monday,7.00747450509898,77824.0,0.0,0.0,0.0,7.00747450509898,0.0,0.0
2025-06-30,2,Monday,7.1362207558488295,77824.0,0.0,0.0,0.0,7.1362207558488295,0.0,0.0
2025-06-30,3,Monday,7.283359328134372,77824.0,0.0,0.0,0.0,7.283359328134372,0.0,0.0
2025-06-30,4,Monday,7.283359328134372,77824.0,0.0,0.0,0.0,7.283359328134372,0.0,0.0
2025-06-30,5,Monday,7.412105578884224,77824.0,0.0,0.0,0.0,7.412105578884224,0.0,0.0
2025-06-30,6,Monday,7.7063827234553095,77824.0,0.0,0.7484141021772938,0.7484141021772938,7.052268798152355,0.0,0.9257321763550367
2025-06-30,7,Monday,7.7063827234553095,77824.0,0.0,1.8271783125342258,1.8271783125342258,6.099478855396828,0.0,0.9480448037736675
2025-06-30,8,Monday,7.982267546490701,77824.0,0.0,3.5438626161036866,3.5438626161036866,4.790514034930088,0.0,0.9401061464850118
2025-06-30,9,Monday,7.982267546490701,77824.0,0.0,5.557706210860938,5.557706210860938,3.018675465761823,0.0,0.9216343164709814
2025-06-30,10,Monday,8.111013797240552,77824.0,0.0,7.113,7.113,1.883208148835367,0.0,0.9056300784957124
2025-06-30,11,Monday,8.111013797240552,77824.0,0.0,7.113,7.113,1.9913543863175507,0.0,0.9056300784957124
2025-06-30,12,Monday,8.258152369526094,77824.0,0.0,7.113,7.113,2.1384929586030923,0.0,0.9056300784957124
2025-06-30,13,Monday,8.258152369526094,77824.0,0.0,7.113,7.113,2.1384929586030923,0.0,0.9056300784957124
2025-06-30,14,Monday,8.111013797240552,77824.0,0.0,7.113,7.113,1.9913543863175507,0.0,0.9056300784957124
2025-06-30,15,Monday,8.111013797240552,77824.0,0.0,5.6991441161296805,5.6991441161296805,3.207763280654097,0.0,0.9202178382839112
2025-06-30,16,Monday,7.982267546490701,77824.0,0.0,3.7089956846236154,3.7089956846236154,4.7398377549374375,0.0,0.9387748248956251
2025-06-30,17,Monday,7.982267546490701,77824.0,0.0,1.9413267978664148,1.9413267978664148,6.250922257995084,0.0,0.9481553829714057
2025-06-30,18,Monday,7.835128974205158,77824.0,0.0,0.8000810479211604,0.8000810479211604,7.1144578794252995,0.0,0.9289288329125049
2025-06-30,19,Monday,7.7063827234553095,77824.0,0.0,0.0,0.0,7.7063827234553095,0.0,0.0
2025-06-30,20,Monday,7.559244151169766,77824.0,0.0,0.0,0.0,7.559244151169766,0.0,0.0
2025-06-30,21,Monday,7.283359328134372,77824.0,0.0,0.0,0.0,7.283359328134372,0.0,0.0
2025-06-30,22,Monday,7.1362207558488295,77824.0,0.0,0.0,0.0,7.1362207558488295,0.0,0.0
2025-06-30,23,Monday,7.00747450509898,77824.0,0.0,0.0,0.0,7.00747450509898,0.0,0.0
2025-07-01,0,Tuesday,7.00747450509898,77824.0,0.0,0.0,0.0,7.00747450509898,0.0,0.0
2025-07-01,1,Tuesday,7.00747450509898,77824.0,0.0,0.0,0.0,7.00747450509898,0.0,0.0
2025-07-01,2,Tuesday,7.1362207558488295,77824.0,0.0,0.0,0.0,7.1362207558488295,0.0,0.0
2025-07-01,3,Tuesday,7.283359328134372,77824.0,0.0,0.0,0.0,7.283359328134372,0.0,0.0
2025-07-01,4,Tuesday,7.283359328134372,77824.0,0.0,0.0,0.0,7.283359328134372,0.0,0.0
2025-07-01,5,Tuesday,7.412105578884224,77824.0,0.0,0.0,0.0,7.412105578884224,0.0,0.0
2025-07-01,6,Tuesday,7.7063827234553095,77824.0,0.0,0.7380937507782869,0.7380937507782869,7.061288785275087,0.0,0.9250301457409481
2025-07-01,7,Tuesday,7.7063827234553095,77824.0,0.0,1.7968794274412525,1.7968794274412525,6.127323466742661,0.0,0.9479853262272119
2025-07-01,8,Tuesday,7.982267546490701,77824.0,0.0,3.5044554170977533,3.5044554170977533,4.826203850255874,0.0,0.9404161745631179
2025-07-01,9,Tuesday,7.982267546490701,77824.0,0.0,5.541682791842081,5.541682791842081,3.0313538213316322,0.0,0.9217941578230269
2025-07-01,10,Tuesday,8.111013797240552,77824.0,0.0,7.113,7.113,1.882128044875122,0.0,0.9056300784957124
2025-07-01,11,Tuesday,8.111013797240552,77824.0,0.0,7.113,7.113,1.9913543863175507,0.0,0.9056300784957124
2025-07-01,12,Tuesday,8.258152369526094,77824.0,0.0,7.113,7.113,2.1384929586030923,0.0,0.9056300784957124
2025-07-01,13,Tuesday,8.258152369526094,77824.0,0.0,7.113,7.113,2.1384929586030923,0.0,0.9056300784957124
2025-07-01,14,Tuesday,8.111013797240552,77824.0,0.0,7.113,7.113,1.9913543863175507,0.0,0.9056300784957124
2025-07-01,15,Tuesday,8.111013797240552,77824.0,0.0,5.703522862496023,5.703522862496023,3.2039960324594077,0.0,0.9201738307687848
2025-07-01,16,Tuesday,7.982267546490701,77824.0,0.0,3.6889265706898624,3.6889265706898624,4.757536537213076,0.0,0.9389392586394619
2025-07-01,17,Tuesday,7.982267546490701,77824.0,0.0,1.900607405306629,1.900607405306629,6.2869403837925875,0.0,0.9481353950045799
2025-07-01,18,Tuesday,7.835128974205158,77824.0,0.0,0.7662273374746185,0.7662273374746185,7.144966077889344,0.0,0.9268919550757345
2025-07-01,19,Tuesday,7.7063827234553095,77824.0,0.0,0.0,0.0,7.7063827234553095,0.0,0.0
2025-07-01,20,Tuesday,7.559244151169766,77824.0,0.0,0.0,0.0,7.559244151169766,0.0,0.0
2025-07-01,21,Tuesday,7.283359328134372,77824.0,0.0,0.0,0.0,7.283359328134372,0.0,0.0
2025-07-01,22,Tuesday,7.1362207558488295,77824.0,0.0,0.0,0.0,7.1362207558488295,0.0,0.0
2025-07-01,23,Tuesday,7.00747450509898,77824.0,0.0,0.0,0.0,7.00747450509898,0.0,0.0
2025-07-02,0,Wednesday,7.00747450509898,77824.0,0.0,0.0,0.0,7.00747450509898,0.0,0.0
2025-07-02,1,Wednesday,7.00747450509898,77824.0,0.0,0.0,0.0,7.00747450509898,0.0,0.0
2025-07-02,2,Wednesday,7.1362207558488295,77824.0,0.0,0.0,0.0,7.1362207558488295,0.0,0.0
2025-07-02,3,Wednesday,7.283359328134372,77824.0,0.0,0.0,0.0,7.283359328134372,0.0,0.0
2025-07-02,4,Wednesday,7.283359328134372,77824.0,0.0,0.0,0.0,7.283359328134372,0.0,0.0
2025-07-02,5,Wednesday,7.412105578884224,77824.0,0.0,0.0,0.0,7.412105578884224,0.0,0.0
2025-07-02,6,Wednesday,7.7063827234553095,77824.0,0.0,0.7321463360203693,0.7321463360203693,7.066486825773507,0.0,0.9246150837043802
2025-07-02,7,Wednesday,7.7063827234553095,77824.0,0.0,1.9403148868828857,1.9403148868828857,6.002040532484639,0.0,0.9481551324922848
2025-07-02,8,Wednesday,7.982267546490701,77824.0,0.0,3.435183727304734,3.435183727304734,4.888034818497639,0.0,0.9409534133224117
2025-07-02,9,Wednesday,7.982267546490701,77824.0,0.0,4.919584916247419,4.919584916247419,3.584622338371865,0.0,0.9278849370334604
2025-07-02,10,Wednesday,8.111013797240552,77824.0,0.0,6.557942105476512,6.557942105476512,2.3302488845118585,0.0,0.9114356758364055
2025-07-02,11,Wednesday,8.111013797240552,77824.0,0.0,7.113,7.113,1.9521239331274183,0.0,0.9056300784957124
2025-07-02,12,Wednesday,8.258152369526094,77824.0,0.0,6.443116538575576,6.443116538575576,2.714826239768234,0.0,0.9126254588854393
2025-07-02,13,Wednesday,8.258152369526094,77824.0,0.0,7.113,7.113,2.0912227249265705,0.0,0.9056300784957124
2025-07-02,14,Wednesday,8.111013797240552,77824.0,0.0,6.481868061868956,6.481868061868956,2.5343478496547807,0.0,0.9122244011670229
2025-07-02,15,Wednesday,8.111013797240552,77824.0,0.0,5.2405074709874695,5.2405074709874695,3.5695209471843423,0.0,0.9247725588800152
2025-07-02,16,Wednesday,7.982267546490701,77824.0,0.0,3.684164143335407,3.684164143335407,4.745604339432731,0.0,0.9389781760550862
2025-07-02,17,Wednesday,7.982267546490701,77824.0,0.0,2.0559692405113323,2.0559692405113323,6.148282811384044,0.0,0.9481086458513867
2025-07-02,18,Wednesday,7.835128974205158,77824.0,0.0,0.8900035752775312,0.8900035752775312,7.0334998938738496,0.0,0.9334441975180592
2025-07-02,19,Wednesday,7.7063827234553095,77824.0,0.0,0.0,0.0,7.7063827234553095,0.0,0.0
2025-07-02,20,Wednesday,7.559244151169766,77824.0,0.0,0.0,0.0,7.559244151169766,0.0,0.0
2025-07-02,21,Wednesday,7.283359328134372,77824.0,0.0,0.0,0.0,7.283359328134372,0.0,0.0
2025-07-02,22,Wednesday,7.1362207558488295,77824.0,0.0,0.0,0.0,7.1362207558488295,0.0,0.0
2025-07-02,23,Wednesday,7.00747450509898,77824.0,0.0,0.0,0.0,7.00747450509898,0.0,0.0
2025-07-03,0,Thursday,7.00747450509898,77824.0,0.0,0.0,0.0,7.00747450509898,0.0,0.0
2025-07-03,1,Thursday,7.00747450509898,77824.0,0.0,0.0,0.0,7.00747450509898,0.0,0.0
2025-07-03,2,Thursday,7.1362207558488295,77824.0,0.0,0.0,0.0,7.1362207558488295,0.0,0.0
2025-07-03,3,Thursday,7.283359328134372,77824.0,0.0,0.0,0.0,7.283359328134372,0.0,0.0
2025-07-03,4,Thursday,7.283359328134372,77824.0,0.0,0.0,0.0,7.283359328134372,0.0,0.0
2025-07-03,5,Thursday,7.412105578884224,77824.0,0.0,0.0,0.0,7.412105578884224,0.0,0.0
2025-07-03,6,Thursday,7.7063827234553095,77824.0,0.0,0.7351040199995191,0.7351040199995191,7.06390180997573,0.0,0.9248224731019337
2025-07-03,7,Thursday,7.7063827234553095,77824.0,0.0,1.8120900205263757,1.8120900205263757,6.1143142279021,0.0,0.948016877473006
2025-07-03,8,Thursday,7.982267546490701,77824.0,0.0,3.454779456107313,3.454779456107313,4.870837775770793,0.0,0.9408024649185679
2025-07-03,9,Thursday,7.982267546490701,77824.0,0.0,5.443485538427033,5.443485538427033,3.117085164805008,0.0,0.9227707877261359
2025-07-03,10,Thursday,8.111013797240552,77824.0,0.0,7.113,7.113,1.8755286147993484,0.0,0.9056300784957124
2025-07-03,11,Thursday,8.111013797240552,77824.0,0.0,7.113,7.113,1.9913543863175507,0.0,0.9056300784957124
2025-07-03,12,Thursday,8.258152369526094,77824.0,0.0,7.113,7.113,2.1384929586030923,0.0,0.9056300784957124
2025-07-03,13,Thursday,8.258152369526094,77824.0,0.0,7.113,7.113,2.1384929586030923,0.0,0.9056300784957124
2025-07-03,14,Thursday,8.111013797240552,77824.0,0.0,7.113,7.113,1.9913543863175507,0.0,0.9056300784957124
2025-07-03,15,Thursday,8.111013797240552,77824.0,0.0,5.692647992844151,5.692647992844151,3.2133522110630395,0.0,0.9202831092257872
2025-07-03,16,Thursday,7.982267546490701,77824.0,0.0,3.653646679966515,3.653646679966515,4.787997686171245,0.0,0.9392266061618291
2025-07-03,17,Thursday,7.982267546490701,77824.0,0.0,1.9043686018263897,1.9043686018263897,6.28306557065488,0.0,0.9481381092261464
2025-07-03,18,Thursday,7.835128974205158,77824.0,0.0,0.8161894289334856,0.8161894289334856,7.0999616873817635,0.0,0.9298274575427043
2025-07-03,19,Thursday,6.0,71371.18990998989,0.0,0.0,0.0,0.0,6.452810090010099,0.9089934540309951
2025-07-03,20,Thursday,6.0,64770.48231039984,0.0,0.0,0.0,0.0,6.600707599590052,0.9073634110028175
2025-07-03,21,Thursday,6.0,58157.91679668929,0.0,0.0,0.0,0.0,6.612565513710547,0.9072324394152969
2025-07-03,22,Thursday,6.0,51544.39666741907,0.0,0.0,0.0,0.0,6.6135201292702295,0.9072218938458562
2025-07-03,23,Thursday,6.0,44930.79966242941,0.0,0.0,0.0,0.0,6.613597004989658,0.9072210445938845
2025-07-04,0,Friday,6.0,38317.19646643445,0.0,0.0,0.0,0.0,6.613603195994959,0.9072209762012998
2025-07-04,1,Friday,6.0,31703.592771860385,0.0,0.0,0.0,0.0,6.613603694574058,0.9072209706934518
2025-07-04,2,Friday,6.0,25089.989037134343,0.0,0.0,0.0,0.0,6.613603734726045,0.9072209702498892
2025-07-04,3,Friday,7.283359328134372,25089.989037134343,0.0,0.0,0.0,7.283359328134372,0.0,0.0
2025-07-04,4,Friday,7.283359328134372,25089.989037134343,0.0,0.0,0.0,7.283359328134372,0.0,0.0
2025-07-04,5,Friday,7.412105578884224,25089.989037134343,0.0,0.0,0.0,7.412105578884224,0.0,0.0
2025-07-04,6,Friday,7.7063827234553095,25559.63345299487,0.5548728920847451,0.0,0.5548728920847451,7.7063827234553095,0.0,0.0
2025-07-04,7,Friday,7.7063827234553095,26763.230046013774,1.4220186590488013,0.0,1.4220186590488013,7.7063827234553095,0.0,0.0
2025-07-04,8,Friday,7.982267546490701,28714.278462363523,2.3051139134566987,0.0,2.3051139134566987,7.982267546490701,0.0,0.0
2025-07-04,9,Friday,7.982267546490701,31278.282055752166,3.029304812604727,0.0,3.029304812604727,7.982267546490701,0.0,0.0
2025-07-04,10,Friday,8.111013797240552,34579.18079573197,3.8999276228494892,0.0,3.8999276228494892,8.111013797240552,0.0,0.0
2025-07-04,11,Friday,8.111013797240552,38522.505958602516,4.658938046869731,0.0,4.658938046869731,8.111013797240552,0.0,0.0
2025-07-04,12,Friday,8.258152369526094,42496.279551272244,4.694912089638148,0.0,4.694912089638148,8.258152369526094,0.0,0.0
2025-07-04,13,Friday,8.258152369526094,46399.31028424823,4.611331206257066,0.0,4.611331206257066,8.258152369526094,0.0,0.0
2025-07-04,14,Friday,8.111013797240552,49484.20402858723,3.6447232329146937,0.0,3.6447232329146937,8.111013797240552,0.0,0.0
2025-07-04,15,Friday,8.111013797240552,52222.72011285232,3.235486867042883,0.0,3.235486867042883,8.111013797240552,0.0,0.0
2025-07-04,16,Friday,7.982267546490701,54057.43121166175,2.167664341693562,0.0,2.167664341693562,7.982267546490701,0.0,0.0
2025-07-04,17,Friday,7.982267546490701,55130.40505888071,1.267691218358881,0.0,1.267691218358881,7.982267546490701,0.0,0.0
2025-07-04,18,Friday,7.835128974205158,55569.877140262295,0.5192250488912934,0.0,0.5192250488912934,7.835128974205158,0.0,0.0
2025-07-04,19,Friday,7.7063827234553095,55569.877140262295,0.0,0.0,0.0,7.7063827234553095,0.0,0.0
2025-07-04,20,Friday,7.559244151169766,55569.877140262295,0.0,0.0,0.0,7.559244151169766,0.0,0.0
2025-07-04,21,Friday,7.283359328134372,55569.877140262295,0.0,0.0,0.0,7.283359328134372,0.0,0.0
2025-07-04,22,Friday,7.1362207558488295,55569.877140262295,0.0,0.0,0.0,7.1362207558488295,0.0,0.0
2025-07-04,23,Friday,7.00747450509898,55569.877140262295,0.0,0.0,0.0,7.00747450509898,0.0,0.0
2025-07-05,0,Saturday,7.00747450509898,55569.877140262295,0.0,0.0,0.0,7.00747450509898,0.0,0.0
2025-07-05,1,Saturday,7.00747450509898,55569.877140262295,0.0,0.0,0.0,7.00747450509898,0.0,0.0
2025-07-05,2,Saturday,7.1362207558488295,55569.877140262295,0.0,0.0,0.0,7.1362207558488295,0.0,0.0
2025-07-05,3,Saturday,7.283359328134372,55569.877140262295,0.0,0.0,0.0,7.283359328134372,0.0,0.0
2025-07-05,4,Saturday,7.283359328134372,55569.877140262295,0.0,0.0,0.0,7.283359328134372,0.0,0.0
2025-07-05,5,Saturday,7.412105578884224,55569.877140262295,0.0,0.0,0.0,7.412105578884224,0.0,0.0
2025-07-05,6,Saturday,7.7063827234553095,56175.40348935109,0.7154139285075565,0.0,0.7154139285075565,7.7063827234553095,0.0,0.0
2025-07-05,7,Saturday,7.7063827234553095,57779.14073643012,1.8947746302918635,0.0,1.8947746302918635,7.7063827234553095,0.0,0.0
2025-07-05,8,Saturday,7.982267546490701,60706.59643085304,3.4587141947340725,0.0,3.4587141947340725,7.982267546490701,0.0,0.0
2025-07-05,9,Saturday,7.982267546490701,64949.183718095046,5.012508609690457,0.0,5.012508609690457,7.982267546490701,0.0,0.0
2025-07-05,10,Saturday,8.111013797240552,69901.73922605386,5.851317944185748,0.0,5.851317944185748,8.111013797240552,0.0,0.0
2025-07-05,11,Saturday,8.111013797240552,75922.18242605387,7.113,0.0,7.113,8.111013797240552,0.0,0.0
2025-07-05,12,Saturday,8.258152369526094,77824.0,2.246948929520478,3.8336261910987295,6.080575120619208,4.907563078505804,0.0,0.9377385961403734
2025-07-05,13,Saturday,8.258152369526094,77824.0,0.0,5.515662428109979,5.515662428109979,3.3445153045120426,0.0,0.9220534409888556
2025-07-05,14,Saturday,8.111013797240552,77824.0,0.0,6.700489243307647,6.700489243307647,2.241715092294956,0.0,0.9099529660701068
2025-07-05,15,Saturday,8.111013797240552,77824.0,0.0,5.744773610267874,5.744773610267874,3.1449137004792513,0.0,0.9197588080192646
2025-07-05,16,Saturday,7.982267546490701,77824.0,0.0,3.720247748966069,3.720247748966069,4.7316234431215864,0.0,0.9386823287598246
2025-07-05,17,Saturday,7.982267546490701,77824.0,0.0,1.9601743023570524,1.9601743023570524,6.234285616524603,0.0,0.9481578241824621
2025-07-05,18,Saturday,7.835128974205158,77824.0,0.0,0.7985450781267552,0.7985450781267552,7.115839548606294,0.0,0.9288408668866488
2025-07-05,19,Saturday,7.7063827234553095,77824.0,0.0,0.0,0.0,7.7063827234553095,0.0,0.0
2025-07-05,20,Saturday,7.559244151169766,77824.0,0.0,0.0,0.0,7.559244151169766,0.0,0.0
2025-07-05,21,Saturday,7.283359328134372,77824.0,0.0,0.0,0.0,7.283359328134372,0.0,0.0
2025-07-05,22,Saturday,7.1362207558488295,77824.0,0.0,0.0,0.0,7.1362207558488295,0.0,0.0
2025-07-05,23,Saturday,7.00747450509898,77824.0,0.0,0.0,0.0,7.00747450509898,0.0,0.0
2025-07-06,0,Sunday,7.00747450509898,77824.0,0.0,0.0,0.0,7.00747450509898,0.0,0.0
2025-07-06,1,Sunday,7.00747450509898,77824.0,0.0,0.0,0.0,7.00747450509898,0.0,0.0
2025-07-06,2,Sunday,7.1362207558488295,77824.0,0.0,0.0,0.0,7.1362207558488295,0.0,0.0
2025-07-06,3,Sunday,7.283359328134372,77824.0,0.0,0.0,0.0,7.283359328134372,0.0,0.0
2025-07-06,4,Sunday,7.283359328134372,77824.0,0.0,0.0,0.0,7.283359328134372,0.0,0.0
2025-07-06,5,Sunday,7.412105578884224,77824.0,0.0,0.0,0.0,7.412105578884224,0.0,0.0
2025-07-06,6,Sunday,7.7063827234553095,77824.0,0.0,0.741976007967938,0.741976007967938,7.057895692491332,0.0,0.9252969075273381
2025-07-06,7,Sunday,7.7063827234553095,77824.0,0.0,2.008999812197935,2.008999812197935,5.940407475678045,0.0,0.9481451858537924
2025-07-06,8,Sunday,7.982267546490701,77824.0,0.0,3.401403515013728,3.401403515013728,4.91849439697959,0.0,0.9412116669400802
2025-07-06,9,Sunday,7.982267546490701,77824.0,0.0,4.803158990390938,4.803158990390938,3.687517730562819,0.0,0.9289960208031753
2025-07-06,10,Sunday,8.111013797240552,77824.0,0.0,5.8293237959563164,5.8293237959563164,2.966366117344708,0.0,0.9189057074440704
2025-07-06,11,Sunday,8.111013797240552,77824.0,0.0,6.968548439312033,6.968548439312033,2.027746810430471,0.0,0.9071489671299352
2025-07-06,12,Sunday,8.258152369526094,77824.0,0.0,7.113,7.113,2.128229296490627,0.0,0.9056300784957124
2025-07-06,13,Sunday,8.258152369526094,77824.0,0.0,7.0117397246343955,7.0117397246343955,2.2256120921745497,0.0,0.9066953687048552
2025-07-06,14,Sunday,8.111013797240552,77824.0,0.0,6.335681249996189,6.335681249996189,2.6537075926269065,0.0,0.9137347529792356
2025-07-06,15,Sunday,8.111013797240552,77824.0,0.0,5.245865978368468,5.245865978368468,3.5573502460291992,0.0,0.9247200237056107
2025-07-06,16,Sunday,7.982267546490701,77824.0,0.0,3.6069609220653804,3.6069609220653804,4.813610006601067,0.0,0.9396033986997679
2025-07-06,17,Sunday,7.982267546490701,77824.0,0.0,2.250083276519241,2.250083276519241,5.973790947214462,0.0,0.947736714805494
2025-07-06,18,Sunday,7.835128974205158,77824.0,0.0,0.8515027495117542,0.8515027495117542,7.068478576658549,0.0,0.931654174154287
2025-07-06,19,Sunday,7.7063827234553095,77824.0,0.0,0.0,0.0,7.7063827234553095,0.0,0.0
2025-07-06,20,Sunday,7.559244151169766,77824.0,0.0,0.0,0.0,7.559244151169766,0.0,0.0
2025-07-06,21,Sunday,7.283359328134372,77824.0,0.0,0.0,0.0,7.283359328134372,0.0,0.0
2025-07-06,22,Sunday,7.1362207558488295,77824.0,0.0,0.0,0.0,7.1362207558488295,0.0,0.0
2025-07-06,23,Sunday,7.00747450509898,77824.0,0.0,0.0,0.0,7.00747450509898,0.0,0.0
2025-07-07,0,Monday,7.00747450509898,77824.0,0.0,0.0,0.0,7.00747450509898,0.0,0.0
2025-07-07,1,Monday,7.00747450509898,77824.0,0.0,0.0,0.0,7.00747450509898,0.0,0.0
2025-07-07,2,Monday,7.1362207558488295,77824.0,0.0,0.0,0.0,7.1362207558488295,0.0,0.0
2025-07-07,3,Monday,7.283359328134372,77824.0,0.0,0.0,0.0,7.283359328134372,0.0,0.0
2025-07-07,4,Monday,7.283359328134372,77824.0,0.0,0.0,0.0,7.283359328134372,0.0,0.0
2025-07-07,5,Monday,7.412105578884224,77824.0,0.0,0.0,0.0,7.412105578884224,0.0,0.0
2025-07-07,6,Monday,7.7063827234553095,77824.0,0.0,0.6804588686406378,0.6804588686406378,7.111661672263392,0.0,0.9206524470297418
2025-07-07,7,Monday,7.7063827234553095,77824.0,0.0,1.9005418123299962,1.9005418123299962,6.044131176761556,0.0,0.9481353460692662
2025-07-07,8,Monday,7.982267546490701,77824.0,0.0,3.016330226027656,3.016330226027656,5.265372708912477,0.0,0.9439548153302157
2025-07-07,9,Monday,7.982267546490701,77824.0,0.0,4.556113640151212,4.556113640151212,3.8965404071689074,0.0,0.9313170474006683
2025-07-07,10,Monday,8.111013797240552,77824.0,0.0,5.589718711834803,5.589718711834803,3.1655034870596097,0.0,0.921314584406547
2025-07-07,11,Monday,8.111013797240552,77824.0,0.0,5.4931132265286315,5.4931132265286315,3.303172734313087,0.0,0.9222778491437464
2025-07-07,12,Monday,8.258152369526094,77824.0,0.0,6.3641597433420705,6.3641597433420705,2.6821049878141894,0.0,0.9134410857128896
2025-07-07,13,Monday,8.258152369526094,77824.0,0.0,5.540848381485238,5.540848381485238,3.4499757362394305,0.0,0.9218024778534069
2025-07-07,14,Monday,8.111013797240552,77824.0,0.0,4.936868891184764,4.936868891184764,3.787736719345612,0.0,0.9277191222645313
2025-07-07,15,Monday,8.111013797240552,77824.0,0.0,3.9809435892330876,3.9809435892330876,4.602476179472016,0.0,0.9364826871343852
2025-07-07,16,Monday,7.982267546490701,77824.0,0.0,2.800106666484944,2.800106666484944,5.4911287019626105,0.0,0.9452965711803649
2025-07-07,17,Monday,7.982267546490701,77824.0,0.0,1.7935766429791746,1.7935766429791746,6.371578788271168,0.0,0.9479780159216551
2025-07-07,18,Monday,7.835128974205158,77824.0,0.0,0.7876016117474856,0.7876016117474856,7.125831411626133,0.0,0.9282022198523099
2025-07-07,19,Monday,7.7063827234553095,77824.0,0.0,0.0,0.0,7.7063827234553095,0.0,0.0
2025-07-07,20,Monday,7.559244151169766,77824.0,0.0,0.0,0.0,7.559244151169766,0.0,0.0
2025-07-07,21,Monday,7.283359328134372,77824.0,0.0,0.0,0.0,7.283359328134372,0.0,0.0
2025-07-07,22,Monday,7.1362207558488295,77824.0,0.0,0.0,0.0,7.1362207558488295,0.0,0.0
2025-07-07,23,Monday,7.00747450509898,77824.0,0.0,0.0,0.0,7.00747450509898,0.0,0.0
2025-07-08,0,Tuesday,7.00747450509898,77824.0,0.0,0.0,0.0,7.00747450509898,0.0,0.0
2025-07-08,1,Tuesday,7.00747450509898,77824.0,0.0,0.0,0.0,7.00747450509898,0.0,0.0
2025-07-08,2,Tuesday,7.1362207558488295,77824.0,0.0,0.0,0.0,7.1362207558488295,0.0,0.0
2025-07-08,3,Tuesday,7.283359328134372,77824.0,0.0,0.0,0.0,7.283359328134372,0.0,0.0
2025-07-08,4,Tuesday,7.283359328134372,77824.0,0.0,0.0,0.0,7.283359328134372,0.0,0.0
2025-07-08,5,Tuesday,7.412105578884224,77824.0,0.0,0.0,0.0,7.412105578884224,0.0,0.0
2025-07-08,6,Tuesday,7.7063827234553095,77824.0,0.0,0.10880884803222862,0.10880884803222862,7.611283790275142,0.0,0.5884273997772325
2025-07-08,7,Tuesday,7.7063827234553095,77824.0,0.0,0.3050279751346086,0.3050279751346086,7.535870246100926,0.0,0.8455739070057607
2025-07-08,8,Tuesday,7.982267546490701,77824.0,0.0,3.1584969763667017,3.1584969763667017,5.44506204934704,0.0,0.9429888159987476
2025-07-08,9,Tuesday,7.982267546490701,77824.0,0.0,4.594062059243281,4.594062059243281,3.8667258617136406,0.0,0.9309639793476723
2025-07-08,10,Tuesday,8.111013797240552,77824.0,0.0,7.113,7.113,1.8201643513955599,0.0,0.9056300784957124
2025-07-08,11,Tuesday,8.111013797240552,77824.0,0.0,6.144562935892971,6.144562935892971,2.8245478339836865,0.0,0.9156981131559632
2025-07-08,12,Tuesday,8.258152369526094,77824.0,0.0,1.5724845541664079,1.5724845541664079,6.890227287269872,0.0,0.9470591534788437
2025-07-08,13,Tuesday,8.258152369526094,77824.0,0.0,0.9419135322184184,0.9419135322184184,7.410706928676703,0.0,0.9355691923854186
2025-07-08,14,Tuesday,8.111013797240552,77824.0,0.0,0.8581938050315946,0.8581938050315946,7.348259096411153,0.0,0.9319796202671756
2025-07-08,15,Tuesday,8.111013797240552,77824.0,0.0,1.4218509762014473,1.4218509762014473,6.852134471007652,0.0,0.9458205013281206
2025-07-08,16,Tuesday,7.982267546490701,77824.0,0.0,3.4549687516019945,3.4549687516019945,4.877876283613171,0.0,0.9408010027437338
2025-07-08,17,Tuesday,7.982267546490701,77824.0,0.0,2.6228157626782873,2.6228157626782873,5.638097231927888,0.0,0.9462585585663719
2025-07-08,18,Tuesday,7.835128974205158,77824.0,0.0,0.4413080034685605,0.4413080034685605,7.438417072721493,0.0,0.8884379538730643
2025-07-08,19,Tuesday,7.7063827234553095,77824.0,0.0,0.0,0.0,7.7063827234553095,0.0,0.0
2025-07-08,20,Tuesday,7.559244151169766,77824.0,0.0,0.0,0.0,7.559244151169766,0.0,0.0
2025-07-08,21,Tuesday,7.283359328134372,77824.0,0.0,0.0,0.0,7.283359328134372,0.0,0.0
2025-07-08,22,Tuesday,7.1362207558488295,77824.0,0.0,0.0,0.0,7.1362207558488295,0.0,0.0
2025-07-08,23,Tuesday,7.00747450509898,77824.0,0.0,0.0,0.0,7.00747450509898,0.0,0.0
2025-07-09,0,Wednesday,7.00747450509898,77824.0,0.0,0.0,0.0,7.00747450509898,0.0,0.0
2025-07-09,1,Wednesday,7.00747450509898,77824.0,0.0,0.0,0.0,7.00747450509898,0.0,0.0
2025-07-09,2,Wednesday,7.1362207558488295,77824.0,0.0,0.0,0.0,7.1362207558488295,0.0,0.0
2025-07-09,3,Wednesday,7.283359328134372,77824.0,0.0,0.0,0.0,7.283359328134372,0.0,0.0
2025-07-09,4,Wednesday,7.283359328134372,77824.0,0.0,0.0,0.0,7.283359328134372,0.0,0.0
2025-07-09,5,Wednesday,7.412105578884224,77824.0,0.0,0.0,0.0,7.412105578884224,0.0,0.0
2025-07-09,6,Wednesday,7.7063827234553095,77824.0,0.0,0.6489261507047425,0.6489261507047425,7.139221267739365,0.0,0.9178788580539637
2025-07-09,7,Wednesday,7.7063827234553095,77824.0,0.0,1.7774524936213216,1.7774524936213216,6.156470961619516,0.0,0.9479399280049856
2025-07-09,8,Wednesday,7.982267546490701,77824.0,0.0,3.513996919352255,3.513996919352255,4.817762459087209,0.0,0.9403413952263685
2025-07-09,9,Wednesday,7.982267546490701,77824.0,0.0,5.208840816222162,5.208840816222162,3.3290833378842173,0.0,0.9250826617085841
2025-07-09,10,Wednesday,8.111013797240552,77824.0,0.0,6.812665032288463,6.812665032288463,2.1238494109120643,0.0,0.9087819773556693
2025-07-09,11,Wednesday,8.111013797240552,77824.0,0.0,7.113,7.113,1.9700559025562203,0.0,0.9056300784957124
2025-07-09,12,Wednesday,8.258152369526094,77824.0,0.0,7.113,7.113,2.1384929586030923,0.0,0.9056300784957124
2025-07-09,13,Wednesday,8.258152369526094,77824.0,0.0,7.113,7.113,2.1384929586030923,0.0,0.9056300784957124
2025-07-09,14,Wednesday,8.111013797240552,77824.0,0.0,7.033367629571825,7.033367629571825,2.0598659827051353,0.0,0.9064680516966585
2025-07-09,15,Wednesday,8.111013797240552,77824.0,0.0,5.548131592055158,5.548131592055158,3.3332699641739794,0.0,0.9217298437762563
2025-07-09,16,Wednesday,7.982267546490701,77824.0,0.0,3.6332189443139176,3.6332189443139176,4.800863533040669,0.0,0.9393919663265528
2025-07-09,17,Wednesday,7.982267546490701,77824.0,0.0,1.9106115793963194,1.9106115793963194,6.277195036458082,0.0,0.9481422181514376
2025-07-09,18,Wednesday,7.835128974205158,77824.0,0.0,0.725583993114541,0.725583993114541,7.1815699983527,0.0,0.9241479208964051
2025-07-09,19,Wednesday,7.7063827234553095,77824.0,0.0,0.0,0.0,7.7063827234553095,0.0,0.0
2025-07-09,20,Wednesday,7.559244151169766,77824.0,0.0,0.0,0.0,7.559244151169766,0.0,0.0
2025-07-09,21,Wednesday,7.283359328134372,77824.0,0.0,0.0,0.0,7.283359328134372,0.0,0.0
2025-07-09,22,Wednesday,7.1362207558488295,77824.0,0.0,0.0,0.0,7.1362207558488295,0.0,0.0
2025-07-09,23,Wednesday,7.00747450509898,77824.0,0.0,0.0,0.0,7.00747450509898,0.0,0.0
2025-07-10,0,Thursday,7.00747450509898,77824.0,0.0,0.0,0.0,7.00747450509898,0.0,0.0
2025-07-10,1,Thursday,7.00747450509898,77824.0,0.0,0.0,0.0,7.00747450509898,0.0,0.0
2025-07-10,2,Thursday,7.1362207558488295,77824.0,0.0,0.0,0.0,7.1362207558488295,0.0,0.0
2025-07-10,3,Thursday,7.283359328134372,77824.0,0.0,0.0,0.0,7.283359328134372,0.0,0.0
2025-07-10,4,Thursday,7.283359328134372,77824.0,0.0,0.0,0.0,7.283359328134372,0.0,0.0
2025-07-10,5,Thursday,7.412105578884224,77824.0,0.0,0.0,0.0,7.412105578884224,0.0,0.0
2025-07-10,6,Thursday,7.7063827234553095,77824.0,0.0,0.577304196628619,0.577304196628619,7.201818855601896,0.0,0.9103074934577503
2025-07-10,7,Thursday,7.7063827234553095,77824.0,0.0,1.811251634948395,1.811251634948395,6.1400265844157405,0.0,0.9480152280531077
2025-07-10,8,Thursday,7.982267546490701,77824.0,0.0,2.7548880786629963,2.7548880786629963,5.501175488843938,0.0,0.9455548795282707
2025-07-10,9,Thursday,7.982267546490701,77824.0,0.0,2.8494497419426845,2.8494497419426845,5.4226719943994475,0.0,0.9450053885928034
2025-07-10,10,Thursday,8.111013797240552,77824.0,0.0,3.543318417184475,3.543318417184475,4.929981549388073,0.0,0.9401104489445529
2025-07-10,11,Thursday,8.111013797240552,77824.0,0.0,3.294379246828368,3.294379246828368,5.1687874621475896,0.0,0.9420127038207249
2025-07-10,12,Thursday,8.258152369526094,77824.0,0.0,3.892206693728558,3.892206693728558,4.774969625707149,0.0,0.937243025608993
2025-07-10,13,Thursday,8.258152369526094,77824.0,0.0,2.6038469615172772,2.6038469615172772,5.93973683531262,0.0,0.9463529428428789
2025-07-10,14,Thursday,8.111013797240552,77824.0,0.0,3.0148783249264963,3.0148783249264963,5.400531770888524,0.0,0.9439643622454872
2025-07-10,15,Thursday,8.111013797240552,77824.0,0.0,3.091667002206722,3.091667002206722,5.3385115007277415,0.0,0.9434504139921013
2025-07-10,16,Thursday,7.982267546490701,77824.0,0.0,1.3449118498274473,1.3449118498274473,6.776852787063243,0.0,0.9449323660579844
2025-07-10,17,Thursday,7.982267546490701,77824.0,0.0,0.3231054023516717,0.3231054023516717,7.692220431776933,0.0,0.8534152590606751
2025-07-10,18,Thursday,7.835128974205158,77824.0,0.0,0.12959705835057814,0.12959705835057814,7.730058872435686,0.0,0.6528692922680016
2025-07-10,19,Thursday,6.0,68633.79903472468,0.0,0.0,0.0,0.0,9.190200965275315,0.6659266781133616
2025-07-10,20,Thursday,6.0,59623.79808837634,0.0,0.0,0.0,0.0,9.010000946348349,0.6792452116756288
2025-07-10,21,Thursday,6.0,50790.4638272505,0.0,0.0,0.0,0.0,8.833334261125833,0.6928301159091413
2025-07-10,22,Thursday,6.0,42130.33219869577,0.0,0.0,0.0,0.0,8.660131628554739,0.7066867182273241
2025-07-10,23,Thursday,6.0,33640.00707266171,0.0,0.0,0.0,0.0,8.490325126034058,0.7208204525918706
2025-07-11,0,Friday,6.0,25316.15890988322,0.0,0.0,0.0,8.881784197001252e-16,8.323848162778487,0.735236861643708
2025-07-11,1,Friday,6.0,17155.52345617882,0.0,0.0,0.0,0.0,8.1606354537044,0.7499415988765822
2025-07-11,2,Friday,6.0,16384.0,0.0,0.0,0.0,5.421402465702469,0.7715234561788193,0.9296050414675333
2025-07-11,3,Friday,7.283359328134372,16384.0,0.0,0.0,0.0,7.283359328134372,0.0,0.0
2025-07-11,4,Friday,7.283359328134372,16384.0,0.0,0.0,0.0,7.283359328134372,0.0,0.0
2025-07-11,5,Friday,7.412105578884224,16384.0,0.0,0.0,0.0,7.412105578884224,0.0,0.0
2025-07-11,6,Friday,7.7063827234553095,16668.80254549679,0.3364869393865643,0.0,0.3364869393865643,7.7063827234553095,0.0,0.0
2025-07-11,7,Friday,7.7063827234553095,17763.245747170502,1.2930567127524963,0.0,1.2930567127524963,7.7063827234553095,0.0,0.0
2025-07-11,8,Friday,7.982267546490701,19461.421401832293,2.006351198797015,0.0,2.006351198797015,7.982267546490701,0.0,0.0
2025-07-11,9,Friday,7.982267546490701,21465.38266815815,2.3676290953755363,0.0,2.3676290953755363,7.982267546490701,0.0,0.0
2025-07-11,10,Friday,8.111013797240552,23425.938289203103,2.3163464331816566,0.0,2.3163464331816566,8.111013797240552,0.0,0.0
2025-07-11,11,Friday,8.111013797240552,26220.264314485194,3.3014248880932042,0.0,3.3014248880932042,8.111013797240552,0.0,0.0
2025-07-11,12,Friday,8.258152369526094,29452.709963850255,3.819052043200687,0.0,3.819052043200687,8.258152369526094,0.0,0.0
2025-07-11,13,Friday,8.258152369526094,32173.074470481508,3.214041241294018,0.0,3.214041241294018,8.258152369526094,0.0,0.0
2025-07-11,14,Friday,8.111013797240552,34495.95106325972,2.7444194149081014,0.0,2.7444194149081014,8.111013797240552,0.0,0.0
2025-07-11,15,Friday,8.111013797240552,36078.46887702748,1.8697044113513193,0.0,1.8697044113513193,8.111013797240552,0.0,0.0
2025-07-11,16,Friday,7.982267546490701,37289.909987124425,1.4312867557856117,0.0,1.4312867557856117,7.982267546490701,0.0,0.0
2025-07-11,17,Friday,7.982267546490701,38746.57760619937,1.7210156179996956,0.0,1.7210156179996956,7.982267546490701,0.0,0.0
2025-07-11,18,Friday,7.835128974205158,39443.66870921084,0.8235953485485277,0.0,0.8235953485485277,7.835128974205158,0.0,0.0
2025-07-11,19,Friday,7.7063827234553095,39443.66870921084,0.0,0.0,0.0,7.7063827234553095,0.0,0.0
2025-07-11,20,Friday,7.559244151169766,39443.66870921084,0.0,0.0,0.0,7.559244151169766,0.0,0.0
2025-07-11,21,Friday,7.283359328134372,39443.66870921084,0.0,0.0,0.0,7.283359328134372,0.0,0.0
2025-07-11,22,Friday,7.1362207558488295,39443.66870921084,0.0,0.0,0.0,7.1362207558488295,0.0,0.0
2025-07-11,23,Friday,7.00747450509898,39443.66870921084,0.0,0.0,0.0,7.00747450509898,0.0,0.0
2025-07-12,0,Saturday,7.00747450509898,39443.66870921084,0.0,0.0,0.0,7.00747450509898,0.0,0.0
2025-07-12,1,Saturday,7.00747450509898,39443.66870921084,0.0,0.0,0.0,7.00747450509898,0.0,0.0
2025-07-12,2,Saturday,7.1362207558488295,39443.66870921084,0.0,0.0,0.0,7.1362207558488295,0.0,0.0
2025-07-12,3,Saturday,7.283359328134372,39443.66870921084,0.0,0.0,0.0,7.283359328134372,0.0,0.0
2025-07-12,4,Saturday,7.283359328134372,39443.66870921084,0.0,0.0,0.0,7.283359328134372,0.0,0.0
2025-07-12,5,Saturday,7.412105578884224,39443.66870921084,0.0,0.0,0.0,7.412105578884224,0.0,0.0
2025-07-12,6,Saturday,7.7063827234553095,40038.85715812857,0.7031999632770923,0.0,0.7031999632770923,7.7063827234553095,0.0,0.0
2025-07-12,7,Saturday,7.7063827234553095,41434.040350674244,1.6483733371286327,0.0,1.6483733371286327,7.7063827234553095,0.0,0.0
2025-07-12,8,Saturday,7.982267546490701,44237.54012428497,3.312263437630815,0.0,3.312263437630815,7.982267546490701,0.0,0.0
2025-07-12,9,Saturday,7.982267546490701,47579.13292561531,3.9480066178288555,0.0,3.9480066178288555,7.982267546490701,0.0,0.0
2025-07-12,10,Saturday,8.111013797240552,51185.05960490394,4.260310348875981,0.0,4.260310348875981,8.111013797240552,0.0,0.0
2025-07-12,11,Saturday,8.111013797240552,54208.17409087865,3.57173261575462,0.0,3.57173261575462,8.111013797240552,0.0,0.0
2025-07-12,12,Saturday,8.258152369526094,58436.9779292073,4.996223816550862,0.0,4.996223816550862,8.258152369526094,0.0,0.0
2025-07-12,13,Saturday,8.258152369526094,62108.82684325726,4.338195786921034,0.0,4.338195786921034,8.258152369526094,0.0,0.0
2025-07-12,14,Saturday,8.111013797240552,63086.98536362605,1.1556693293582134,0.0,1.1556693293582134,8.111013797240552,0.0,0.0
2025-07-12,15,Saturday,8.111013797240552,63651.18046996743,0.6665821199685368,0.0,0.6665821199685368,8.111013797240552,0.0,0.0
2025-07-12,16,Saturday,7.982267546490701,64738.70953392591,1.2848878354897044,0.0,1.2848878354897044,7.982267546490701,0.0,0.0
2025-07-12,17,Saturday,7.982267546490701,64994.599705446206,0.30232770737274134,0.0,0.30232770737274134,7.982267546490701,0.0,0.0
2025-07-12,18,Saturday,7.835128974205158,65095.36897022899,0.11905631472446843,0.0,0.11905631472446843,7.835128974205158,0.0,0.0
2025-07-12,19,Saturday,7.7063827234553095,65095.36897022899,0.0,0.0,0.0,7.7063827234553095,0.0,0.0
2025-07-12,20,Saturday,7.559244151169766,65095.36897022899,0.0,0.0,0.0,7.559244151169766,0.0,0.0
2025-07-12,21,Saturday,7.283359328134372,65095.36897022899,0.0,0.0,0.0,7.283359328134372,0.0,0.0
2025-07-12,22,Saturday,7.1362207558488295,65095.36897022899,0.0,0.0,0.0,7.1362207558488295,0.0,0.0
2025-07-12,23,Saturday,7.00747450509898,65095.36897022899,0.0,0.0,0.0,7.00747450509898,0.0,0.0
2025-07-13,0,Sunday,7.00747450509898,65095.36897022899,0.0,0.0,0.0,7.00747450509898,0.0,0.0
2025-07-13,1,Sunday,7.00747450509898,65095.36897022899,0.0,0.0,0.0,7.00747450509898,0.0,0.0
2025-07-13,2,Sunday,7.1362207558488295,65095.36897022899,0.0,0.0,0.0,7.1362207558488295,0.0,0.0
2025-07-13,3,Sunday,7.283359328134372,65095.36897022899,0.0,0.0,0.0,7.283359328134372,0.0,0.0
2025-07-13,4,Sunday,7.283359328134372,65095.36897022899,0.0,0.0,0.0,7.283359328134372,0.0,0.0
2025-07-13,5,Sunday,7.412105578884224,65095.36897022899,0.0,0.0,0.0,7.412105578884224,0.0,0.0
2025-07-13,6,Sunday,7.7063827234553095,65545.37289026099,0.531668147485831,0.0,0.531668147485831,7.7063827234553095,0.0,0.0
2025-07-13,7,Sunday,7.7063827234553095,66820.64191416763,1.5066978070730692,0.0,1.5066978070730692,7.7063827234553095,0.0,0.0
2025-07-13,8,Sunday,7.982267546490701,69075.72882244877,2.664327632657284,0.0,2.664327632657284,7.982267546490701,0.0,0.0
2025-07-13,9,Sunday,7.982267546490701,72197.38053421257,3.688151833369328,0.0,3.688151833369328,7.982267546490701,0.0,0.0
2025-07-13,10,Sunday,8.111013797240552,76396.71322454751,4.961404407295526,0.0,4.961404407295526,8.111013797240552,0.0,0.0
2025-07-13,11,Sunday,8.111013797240552,77824.0,1.6863029010544501,3.873016681258025,5.559319582312475,4.725997217821039,0.0,0.9374059402659283
2025-07-13,12,Sunday,8.258152369526094,77824.0,0.0,6.0426938447866565,6.0426938447866565,2.8769181194802904,0.0,0.9167390487670771
2025-07-13,13,Sunday,8.258152369526094,77824.0,0.0,5.822858508526244,5.822858508526244,3.187012687825045,0.0,0.9189710549564756
2025-07-13,14,Sunday,8.111013797240552,77824.0,0.0,5.501225814927984,5.501225814927984,3.3083198710772947,0.0,0.9221971440319836
2025-07-13,15,Sunday,8.111013797240552,77824.0,0.0,4.259028355720176,4.259028355720176,4.37973320054399,0.0,0.9340321112216338
2025-07-13,16,Sunday,7.982267546490701,77824.0,0.0,3.1809355298367823,3.1809355298367823,5.159726414327013,0.0,0.9428310025403457
2025-07-13,17,Sunday,7.982267546490701,77824.0,0.0,1.8469299937237158,1.8469299937237158,6.327991831766553,0.0,0.9480764242096512
2025-07-13,18,Sunday,7.835128974205158,77824.0,0.0,0.6745991571627821,0.6745991571627821,7.22753599534231,0.0,0.9201591893707636
2025-07-13,19,Sunday,7.7063827234553095,77824.0,0.0,0.0,0.0,7.7063827234553095,0.0,0.0
2025-07-13,20,Sunday,7.559244151169766,77824.0,0.0,0.0,0.0,7.559244151169766,0.0,0.0
2025-07-13,21,Sunday,7.283359328134372,77824.0,0.0,0.0,0.0,7.283359328134372,0.0,0.0
2025-07-13,22,Sunday,7.1362207558488295,77824.0,0.0,0.0,0.0,7.1362207558488295,0.0,0.0
2025-07-13,23,Sunday,7.00747450509898,77824.0,0.0,0.0,0.0,7.00747450509898,0.0,0.0
2025-07-14,0,Monday,7.00747450509898,77824.0,0.0,0.0,0.0,7.00747450509898,0.0,0.0
2025-07-14,1,Monday,7.00747450509898,77824.0,0.0,0.0,0.0,7.00747450509898,0.0,0.0
2025-07-14,2,Monday,7.1362207558488295,77824.0,0.0,0.0,0.0,7.1362207558488295,0.0,0.0
2025-07-14,3,Monday,7.283359328134372,77824.0,0.0,0.0,0.0,7.283359328134372,0.0,0.0
2025-07-14,4,Monday,7.283359328134372,77824.0,0.0,0.0,0.0,7.283359328134372,0.0,0.0
2025-07-14,5,Monday,7.412105578884224,77824.0,0.0,0.0,0.0,7.412105578884224,0.0,0.0
2025-07-14,6,Monday,7.7063827234553095,77824.0,0.0,0.6105616052559805,0.6105616052559805,7.172751880461583,0.0,0.9140679642947697
2025-07-14,7,Monday,7.7063827234553095,77824.0,0.0,1.7007882518089792,1.7007882518089792,6.22947847117919,0.0,0.9477012740450899
2025-07-14,8,Monday,7.982267546490701,77824.0,0.0,3.3052935472889318,3.3052935472889318,5.006458185924902,0.0,0.9419322569255428
2025-07-14,9,Monday,7.982267546490701,77824.0,0.0,5.489638598763211,5.489638598763211,3.0699432552040262,0.0,0.9223124045562786
2025-07-14,10,Monday,8.111013797240552,77824.0,0.0,7.113,7.113,1.8786260703121833,0.0,0.9056300784957124
2025-07-14,11,Monday,8.111013797240552,77824.0,0.0,5.461165246772576,5.461165246772576,3.412508061683483,0.0,0.9225953316558512
2025-07-14,12,Monday,8.258152369526094,77824.0,0.0,5.6835688692807125,5.6835688692807125,3.2766999688803295,0.0,0.9203742996711104
2025-07-14,13,Monday,8.258152369526094,77824.0,0.0,5.918863285892981,5.918863285892981,3.0829612005034344,0.0,0.9179988150777665
2025-07-14,14,Monday,8.111013797240552,77824.0,0.0,5.7820434504752924,5.7820434504752924,3.0685002127892975,0.0,0.9193831593649937
2025-07-14,15,Monday,8.111013797240552,77824.0,0.0,4.2459547834691875,4.2459547834691875,4.402537440061083,0.0,0.9341494314112362
2025-07-14,16,Monday,7.982267546490701,77824.0,0.0,2.9634375864483986,2.9634375864483986,5.352388686907417,0.0,0.9442981790990935
2025-07-14,17,Monday,7.982267546490701,77824.0,0.0,1.8758618866660517,1.8758618866660517,6.299463230861566,0.0,0.9481129793896605
2025-07-14,18,Monday,7.835128974205158,77824.0,0.0,0.7600135031865698,0.7600135031865698,7.150579240666696,0.0,0.9264946423331757
2025-07-14,19,Monday,7.7063827234553095,77824.0,0.0,0.0,0.0,7.7063827234553095,0.0,0.0
2025-07-14,20,Monday,7.559244151169766,77824.0,0.0,0.0,0.0,7.559244151169766,0.0,0.0
2025-07-14,21,Monday,7.283359328134372,77824.0,0.0,0.0,0.0,7.283359328134372,0.0,0.0
2025-07-14,22,Monday,7.1362207558488295,77824.0,0.0,0.0,0.0,7.1362207558488295,0.0,0.0
2025-07-14,23,Monday,7.00747450509898,77824.0,0.0,0.0,0.0,7.00747450509898,0.0,0.0
2025-07-15,0,Tuesday,7.00747450509898,77824.0,0.0,0.0,0.0,7.00747450509898,0.0,0.0
2025-07-15,1,Tuesday,7.00747450509898,77824.0,0.0,0.0,0.0,7.00747450509898,0.0,0.0
2025-07-15,2,Tuesday,7.1362207558488295,77824.0,0.0,0.0,0.0,7.1362207558488295,0.0,0.0
2025-07-15,3,Tuesday,7.283359328134372,77824.0,0.0,0.0,0.0,7.283359328134372,0.0,0.0
2025-07-15,4,Tuesday,7.283359328134372,77824.0,0.0,0.0,0.0,7.283359328134372,0.0,0.0
2025-07-15,5,Tuesday,7.412105578884224,77824.0,0.0,0.0,0.0,7.412105578884224,0.0,0.0
2025-07-15,6,Tuesday,7.7063827234553095,77824.0,0.0,0.6477960042129741,0.6477960042129741,7.14020901577317,0.0,0.9177737895545991
2025-07-15,7,Tuesday,7.7063827234553095,77824.0,0.0,1.7666498588151027,1.7666498588151027,6.166067034501517,0.0,0.9479121444379394
2025-07-15,8,Tuesday,7.982267546490701,77824.0,0.0,3.449783594904932,3.449783594904932,4.875680369462201,0.0,0.9408410268391351
2025-07-15,9,Tuesday,7.982267546490701,77824.0,0.0,5.244541395264985,5.244541395264985,3.2947018204503156,0.0,0.9247330116353083
2025-07-15,10,Tuesday,8.111013797240552,77824.0,0.0,6.870710104855091,6.870710104855091,2.0751199722715494,0.0,0.9081746701088004
2025-07-15,11,Tuesday,8.111013797240552,77824.0,0.0,7.113,7.113,1.9741596901808505,0.0,0.9056300784957124
2025-07-15,12,Tuesday,8.258152369526094,77824.0,0.0,7.113,7.113,2.1384929586030923,0.0,0.9056300784957124
2025-07-15,13,Tuesday,8.258152369526094,77824.0,0.0,7.113,7.113,2.1384929586030923,0.0,0.9056300784957124
2025-07-15,14,Tuesday,8.111013797240552,77824.0,0.0,7.113,7.113,1.9913543863175507,0.0,0.9056300784957124
2025-07-15,15,Tuesday,8.111013797240552,77824.0,0.0,5.640993335824289,5.640993335824289,3.2577932216000285,0.0,0.9208013983865158
2025-07-15,16,Tuesday,7.982267546490701,77824.0,0.0,3.6982393546634587,3.6982393546634587,4.747190775615651,0.0,0.9388630423786117
2025-07-15,17,Tuesday,7.982267546490701,77824.0,0.0,1.957506996656557,1.957506996656557,6.236328120850226,0.0,0.9481577328950443
2025-07-15,18,Tuesday,7.835128974205158,77824.0,0.0,0.7194709562104324,0.7194709562104324,7.1870656210170605,0.0,0.9237038489238695
2025-07-15,19,Tuesday,7.7063827234553095,77824.0,0.0,0.0,0.0,7.7063827234553095,0.0,0.0
2025-07-15,20,Tuesday,7.559244151169766,77824.0,0.0,0.0,0.0,7.559244151169766,0.0,0.0
2025-07-15,21,Tuesday,7.283359328134372,77824.0,0.0,0.0,0.0,7.283359328134372,0.0,0.0
2025-07-15,22,Tuesday,7.1362207558488295,77824.0,0.0,0.0,0.0,7.1362207558488295,0.0,0.0
2025-07-15,23,Tuesday,7.00747450509898,77824.0,0.0,0.0,0.0,7.00747450509898,0.0,0.0
2025-07-16,0,Wednesday,7.00747450509898,77824.0,0.0,0.0,0.0,7.00747450509898,0.0,0.0
2025-07-16,1,Wednesday,7.00747450509898,77824.0,0.0,0.0,0.0,7.00747450509898,0.0,0.0
2025-07-16,2,Wednesday,7.1362207558488295,77824.0,0.0,0.0,0.0,7.1362207558488295,0.0,0.0
2025-07-16,3,Wednesday,7.283359328134372,77824.0,0.0,0.0,0.0,7.283359328134372,0.0,0.0
2025-07-16,4,Wednesday,7.283359328134372,77824.0,0.0,0.0,0.0,7.283359328134372,0.0,0.0
2025-07-16,5,Wednesday,7.412105578884224,77824.0,0.0,0.0,0.0,7.412105578884224,0.0,0.0
2025-07-16,6,Wednesday,7.7063827234553095,77824.0,0.0,0.6380761764227462,0.6380761764227462,7.14870414526183,0.0,0.9168528977827922
2025-07-16,7,Wednesday,7.7063827234553095,77824.0,0.0,1.7421117154150516,1.7421117154150516,6.188985557642651,0.0,0.9478420791575527
2025-07-16,8,Wednesday,7.982267546490701,77824.0,0.0,3.3775391558328365,3.3775391558328365,4.940962497385092,0.0,0.9413925833762087
2025-07-16,9,Wednesday,7.982267546490701,77824.0,0.0,5.304282827119929,5.304282827119929,3.2385256585892357,0.0,0.9241461799780498
2025-07-16,10,Wednesday,8.111013797240552,77824.0,0.0,7.113,7.113,1.866234607965878,0.0,0.9056300784957124
2025-07-16,11,Wednesday,8.111013797240552,77824.0,0.0,7.113,7.113,1.9913543863175507,0.0,0.9056300784957124
2025-07-16,12,Wednesday,8.258152369526094,77824.0,0.0,7.113,7.113,2.1384929586030923,0.0,0.9056300784957124
2025-07-16,13,Wednesday,8.258152369526094,77824.0,0.0,7.113,7.113,2.1384929586030923,0.0,0.9056300784957124
2025-07-16,14,Wednesday,8.111013797240552,77824.0,0.0,7.113,7.113,1.9913543863175507,0.0,0.9056300784957124
2025-07-16,15,Wednesday,8.111013797240552,77824.0,0.0,5.602108424387923,5.602108424387923,3.291247799726622,0.0,0.9211907006752936
2025-07-16,16,Wednesday,7.982267546490701,77824.0,0.0,3.635173806274046,3.635173806274046,4.801013656096542,0.0,0.9393761747774952
2025-07-16,17,Wednesday,7.982267546490701,77824.0,0.0,2.022794011431909,2.022794011431909,6.177111270710056,0.0,0.9481368576897983
2025-07-16,18,Wednesday,7.835128974205158,77824.0,0.0,0.7779637595561244,0.7779637595561244,7.134393665542177,0.0,0.9276219802379589
2025-07-16,19,Wednesday,7.7063827234553095,77824.0,0.0,0.0,0.0,7.7063827234553095,0.0,0.0
2025-07-16,20,Wednesday,7.559244151169766,77824.0,0.0,0.0,0.0,7.559244151169766,0.0,0.0
2025-07-16,21,Wednesday,7.283359328134372,77824.0,0.0,0.0,0.0,7.283359328134372,0.0,0.0
2025-07-16,22,Wednesday,7.1362207558488295,77824.0,0.0,0.0,0.0,7.1362207558488295,0.0,0.0
2025-07-16,23,Wednesday,7.00747450509898,77824.0,0.0,0.0,0.0,7.00747450509898,0.0,0.0
2025-07-17,0,Thursday,7.00747450509898,77824.0,0.0,0.0,0.0,7.00747450509898,0.0,0.0
2025-07-17,1,Thursday,7.00747450509898,77824.0,0.0,0.0,0.0,7.00747450509898,0.0,0.0
2025-07-17,2,Thursday,7.1362207558488295,77824.0,0.0,0.0,0.0,7.1362207558488295,0.0,0.0
2025-07-17,3,Thursday,7.283359328134372,77824.0,0.0,0.0,0.0,7.283359328134372,0.0,0.0
2025-07-17,4,Thursday,7.283359328134372,77824.0,0.0,0.0,0.0,7.283359328134372,0.0,0.0
2025-07-17,5,Thursday,7.412105578884224,77824.0,0.0,0.0,0.0,7.412105578884224,0.0,0.0
2025-07-17,6,Thursday,7.7063827234553095,77824.0,0.0,0.6243797434197852,0.6243797434197852,7.160674827706417,0.0,0.9155007262000459
2025-07-17,7,Thursday,7.7063827234553095,77824.0,0.0,1.6743805350278642,1.6743805350278642,6.25013095748974,0.0,0.9475954749657436
2025-07-17,8,Thursday,7.982267546490701,77824.0,0.0,3.307166491488217,3.307166491488217,5.005104344312761,0.0,0.9419184226892582
2025-07-17,9,Thursday,7.982267546490701,77824.0,0.0,5.308369003084125,5.308369003084125,3.2322195159750304,0.0,0.9241059645598888
2025-07-17,10,Thursday,8.111013797240552,77824.0,0.0,6.907521471654966,6.907521471654966,2.0468960945727908,0.0,0.9077890505945044
2025-07-17,11,Thursday,8.111013797240552,77824.0,0.0,7.113,7.113,1.9767654562057784,0.0,0.9056300784957124
2025-07-17,12,Thursday,8.258152369526094,77824.0,0.0,7.113,7.113,2.1384929586030923,0.0,0.9056300784957124
2025-07-17,13,Thursday,8.258152369526094,77824.0,0.0,7.113,7.113,2.1384929586030923,0.0,0.9056300784957124
2025-07-17,14,Thursday,8.111013797240552,77824.0,0.0,7.113,7.113,1.9913543863175507,0.0,0.9056300784957124
2025-07-17,15,Thursday,8.111013797240552,77824.0,0.0,5.625677725613508,5.625677725613508,3.270969985013557,0.0,0.9209548220653869
2025-07-17,16,Thursday,7.982267546490701,77824.0,0.0,3.6442853604579457,3.6442853604579457,4.793856479579461,0.0,0.9393024789185161
2025-07-17,17,Thursday,7.982267546490701,77824.0,0.0,1.9049016190690777,1.9049016190690777,6.282452674247596,0.0,0.9481384793064279
2025-07-17,18,Thursday,7.835128974205158,77824.0,0.0,0.7305270277769719,0.7305270277769719,7.177120228256891,0.0,0.9245007126240975
2025-07-17,19,Thursday,6.0,71334.01041094968,0.0,0.0,0.0,0.0,6.489989589050326,0.9085843032173302
2025-07-17,20,Thursday,6.0,64730.33040156169,0.0,0.0,0.0,0.0,6.603680009387991,0.9073305843236666
2025-07-17,21,Thursday,6.0,58117.525649176474,0.0,0.0,0.0,0.0,6.612804752385219,0.907229796587528
2025-07-17,22,Thursday,6.0,51503.98625423098,0.0,0.0,0.0,0.0,6.61353939494549,0.907221681016623
2025-07-17,23,Thursday,6.0,44890.38769772772,0.0,0.0,0.0,0.0,6.613598556503261,0.9072210274541771
2025-07-18,0,Friday,6.0,38276.784376785006,0.0,0.0,0.0,0.0,6.6136033209427065,0.9072209748209908
2025-07-18,1,Friday,6.0,31663.180672148555,0.0,0.0,0.0,0.0,6.6136037046364535,0.9072209705822916
2025-07-18,2,Friday,6.0,25049.57693661216,0.0,0.0,0.0,0.0,6.6136037355363975,0.9072209702409373
2025-07-18,3,Friday,7.283359328134372,25049.57693661216,0.0,0.0,0.0,7.283359328134372,0.0,0.0
2025-07-18,4,Friday,7.283359328134372,25049.57693661216,0.0,0.0,0.0,7.283359328134372,0.0,0.0
2025-07-18,5,Friday,7.412105578884224,25049.57693661216,0.0,0.0,0.0,7.412105578884224,0.0,0.0
2025-07-18,6,Friday,7.7063827234553095,25546.170196551175,0.5867122636330507,0.0,0.5867122636330507,7.7063827234553095,0.0,0.0
2025-07-18,7,Friday,7.7063827234553095,27039.327803322572,1.7641276072440892,0.0,1.7641276072440892,7.7063827234553095,0.0,0.0
2025-07-18,8,Friday,7.982267546490701,29889.491221000157,3.3673953422466747,0.0,3.3673953422466747,7.982267546490701,0.0,0.0
2025-07-18,9,Friday,7.982267546490701,34259.015227938915,5.162481104606288,0.0,5.162481104606288,7.982267546490701,0.0,0.0
2025-07-18,10,Friday,8.111013797240552,39984.81820801907,6.764890099338544,0.0,6.764890099338544,8.111013797240552,0.0,0.0
2025-07-18,11,Friday,8.111013797240552,46005.26140801907,7.113,0.0,7.113,8.111013797240552,0.0,0.0
2025-07-18,12,Friday,8.258152369526094,52025.70460801907,7.113,0.0,7.113,8.258152369526094,0.0,0.0
2025-07-18,13,Friday,8.258152369526094,58046.14780801907,7.113,0.0,7.113,8.258152369526094,0.0,0.0
2025-07-18,14,Friday,8.111013797240552,63479.386544545516,6.419232911775092,0.0,6.419232911775092,8.111013797240552,0.0,0.0
2025-07-18,15,Friday,8.111013797240552,67966.34250039305,5.30122395539642,0.0,5.30122395539642,8.111013797240552,0.0,0.0
2025-07-18,16,Friday,7.982267546490701,70971.048137775,3.5499830309333147,0.0,3.5499830309333147,7.982267546490701,0.0,0.0
2025-07-18,17,Friday,7.982267546490701,72664.35768559936,2.000602017750885,0.0,2.000602017750885,7.982267546490701,0.0,0.0
2025-07-18,18,Friday,7.835128974205158,73292.42090427458,0.7420406647864134,0.0,0.7420406647864134,7.835128974205158,0.0,0.0
2025-07-18,19,Friday,7.7063827234553095,73292.42090427458,0.0,0.0,0.0,7.7063827234553095,0.0,0.0
2025-07-18,20,Friday,7.559244151169766,73292.42090427458,0.0,0.0,0.0,7.559244151169766,0.0,0.0
2025-07-18,21,Friday,7.283359328134372,73292.42090427458,0.0,0.0,0.0,7.283359328134372,0.0,0.0
2025-07-18,22,Friday,7.1362207558488295,73292.42090427458,0.0,0.0,0.0,7.1362207558488295,0.0,0.0
2025-07-18,23,Friday,7.00747450509898,73292.42090427458,0.0,0.0,0.0,7.00747450509898,0.0,0.0
2025-07-19,0,Saturday,7.00747450509898,73292.42090427458,0.0,0.0,0.0,7.00747450509898,0.0,0.0
2025-07-19,1,Saturday,7.00747450509898,73292.42090427458,0.0,0.0,0.0,7.00747450509898,0.0,0.0
2025-07-19,2,Saturday,7.1362207558488295,73292.42090427458,0.0,0.0,0.0,7.1362207558488295,0.0,0.0
2025-07-19,3,Saturday,7.283359328134372,73292.42090427458,0.0,0.0,0.0,7.283359328134372,0.0,0.0
2025-07-19,4,Saturday,7.283359328134372,73292.42090427458,0.0,0.0,0.0,7.283359328134372,0.0,0.0
2025-07-19,5,Saturday,7.412105578884224,73292.42090427458,0.0,0.0,0.0,7.412105578884224,0.0,0.0
2025-07-19,6,Saturday,7.7063827234553095,73763.38796577472,0.5564355641542194,0.0,0.5564355641542194,7.7063827234553095,0.0,0.0
2025-07-19,7,Saturday,7.7063827234553095,75014.1194295496,1.4777073059722172,0.0,1.4777073059722172,7.7063827234553095,0.0,0.0
2025-07-19,8,Saturday,7.982267546490701,77396.78908462718,2.815063392104893,0.0,2.815063392104893,7.982267546490701,0.0,0.0
2025-07-19,9,Saturday,7.982267546490701,77824.0,0.5047387941550392,3.423417518637377,3.9281563127924164,4.990200635201633,0.0,0.9410436514449725
2025-07-19,10,Saturday,8.111013797240552,77824.0,0.0,5.685784054728656,5.685784054728656,3.0279713584605696,0.0,0.9203520540410627
2025-07-19,11,Saturday,8.111013797240552,77824.0,0.0,6.356312470848052,6.356312470848052,2.5534708205023176,0.0,0.9135220336866434
2025-07-19,12,Saturday,8.258152369526094,77824.0,0.0,7.113,7.113,2.0851642551936544,0.0,0.9056300784957124
2025-07-19,13,Saturday,8.258152369526094,77824.0,0.0,6.966649128910583,6.966649128910583,2.2644057219320857,0.0,0.9071689028056248
2025-07-19,14,Saturday,8.111013797240552,77824.0,0.0,6.456786027062906,6.456786027062906,2.5464880762102746,0.0,0.9124840427114111
2025-07-19,15,Saturday,8.111013797240552,77824.0,0.0,5.197474058748539,5.197474058748539,3.605532263276727,0.0,0.9251938219682596
2025-07-19,16,Saturday,7.982267546490701,77824.0,0.0,3.702198281285829,3.702198281285829,4.728279117820901,0.0,0.9388305966965237
2025-07-19,17,Saturday,7.982267546490701,77824.0,0.0,2.07910277360312,2.07910277360312,6.127938513832247,0.0,0.9480823637075283
2025-07-19,18,Saturday,7.835128974205158,77824.0,0.0,0.8717455386662855,0.8717455386662855,7.049966731897445,0.0,0.9326198694212664
2025-07-19,19,Saturday,7.7063827234553095,77824.0,0.0,0.0,0.0,7.7063827234553095,0.0,0.0
2025-07-19,20,Saturday,7.559244151169766,77824.0,0.0,0.0,0.0,7.559244151169766,0.0,0.0
2025-07-19,21,Saturday,7.283359328134372,77824.0,0.0,0.0,0.0,7.283359328134372,0.0,0.0
2025-07-19,22,Saturday,7.1362207558488295,77824.0,0.0,0.0,0.0,7.1362207558488295,0.0,0.0
2025-07-19,23,Saturday,7.00747450509898,77824.0,0.0,0.0,0.0,7.00747450509898,0.0,0.0
2025-07-20,0,Sunday,7.00747450509898,77824.0,0.0,0.0,0.0,7.00747450509898,0.0,0.0
2025-07-20,1,Sunday,7.00747450509898,77824.0,0.0,0.0,0.0,7.00747450509898,0.0,0.0
2025-07-20,2,Sunday,7.1362207558488295,77824.0,0.0,0.0,0.0,7.1362207558488295,0.0,0.0
2025-07-20,3,Sunday,7.283359328134372,77824.0,0.0,0.0,0.0,7.283359328134372,0.0,0.0
2025-07-20,4,Sunday,7.283359328134372,77824.0,0.0,0.0,0.0,7.283359328134372,0.0,0.0
2025-07-20,5,Sunday,7.412105578884224,77824.0,0.0,0.0,0.0,7.412105578884224,0.0,0.0
2025-07-20,6,Sunday,7.7063827234553095,77824.0,0.0,0.43386884187110586,0.43386884187110586,7.327181355659963,0.0,0.8868181368646336
2025-07-20,7,Sunday,7.7063827234553095,77824.0,0.0,1.2526547816327915,1.2526547816327915,6.651049592852251,0.0,0.9435815094249835
2025-07-20,8,Sunday,7.982267546490701,77824.0,0.0,2.5230112570491867,2.5230112570491867,5.7206341147791395,0.0,0.9467346196122504
2025-07-20,9,Sunday,7.982267546490701,77824.0,0.0,3.5555738654405613,3.5555738654405613,4.78439191903963,0.0,0.9400134158158636
2025-07-20,10,Sunday,8.111013797240552,77824.0,0.0,4.49335422605509,4.49335422605509,4.098391205461096,0.0,0.9318980059218122
2025-07-20,11,Sunday,8.111013797240552,77824.0,0.0,5.184549549639026,5.184549549639026,3.521115979674687,0.0,0.9253201179954155
2025-07-20,12,Sunday,8.258152369526094,77824.0,0.0,5.017592522612358,5.017592522612358,3.847417029703341,0.0,0.9269418473180109
2025-07-20,13,Sunday,8.258152369526094,77824.0,0.0,4.887119093497069,4.887119093497069,3.954580928966263,0.0,0.9281958026777225
2025-07-20,14,Sunday,8.111013797240552,77824.0,0.0,4.565865965422425,4.565865965422425,4.0848970537810985,0.0,0.93122643904131
2025-07-20,15,Sunday,8.111013797240552,77824.0,0.0,3.8181671268010993,3.8181671268010993,4.733214528942754,0.0,0.93786849297212
2025-07-20,16,Sunday,7.982267546490701,77824.0,0.0,2.582367644757093,2.582367644757093,5.681442357766818,0.0,0.946457657516764
2025-07-20,17,Sunday,7.982267546490701,77824.0,0.0,1.6877799002596356,1.6877799002596356,6.4647259462272695,0.0,0.9476507488543917
2025-07-20,18,Sunday,7.835128974205158,77824.0,0.0,0.6017261462584885,0.6017261462584885,7.293414052753391,0.0,0.9131135597338087
2025-07-20,19,Sunday,7.7063827234553095,77824.0,0.0,0.0,0.0,7.7063827234553095,0.0,0.0
2025-07-20,20,Sunday,7.559244151169766,77824.0,0.0,0.0,0.0,7.559244151169766,0.0,0.0
2025-07-20,21,Sunday,7.283359328134372,77824.0,0.0,0.0,0.0,7.283359328134372,0.0,0.0
2025-07-20,22,Sunday,7.1362207558488295,77824.0,0.0,0.0,0.0,7.1362207558488295,0.0,0.0
2025-07-20,23,Sunday,7.00747450509898,77824.0,0.0,0.0,0.0,7.00747450509898,0.0,0.0
2025-07-21,0,Monday,7.00747450509898,77824.0,0.0,0.0,0.0,7.00747450509898,0.0,0.0
2025-07-21,1,Monday,7.00747450509898,77824.0,0.0,0.0,0.0,7.00747450509898,0.0,0.0
2025-07-21,2,Monday,7.1362207558488295,77824.0,0.0,0.0,0.0,7.1362207558488295,0.0,0.0
2025-07-21,3,Monday,7.283359328134372,77824.0,0.0,0.0,0.0,7.283359328134372,0.0,0.0
2025-07-21,4,Monday,7.283359328134372,77824.0,0.0,0.0,0.0,7.283359328134372,0.0,0.0
2025-07-21,5,Monday,7.412105578884224,77824.0,0.0,0.0,0.0,7.412105578884224,0.0,0.0
2025-07-21,6,Monday,7.7063827234553095,77824.0,0.0,0.5221329700645669,0.5221329700645669,7.250038507618878,0.0,0.9029061497063476
2025-07-21,7,Monday,7.7063827234553095,77824.0,0.0,1.5318739525563596,1.5318739525563596,6.392401231734108,0.0,0.9467824499048021
2025-07-21,8,Monday,7.982267546490701,77824.0,0.0,3.352383027186634,3.352383027186634,4.966989001766615,0.0,0.9415818879577805
2025-07-21,9,Monday,7.982267546490701,77824.0,0.0,5.602100346717064,5.602100346717064,2.9711731365494503,0.0,0.9211907814682831
2025-07-21,10,Monday,8.111013797240552,77824.0,0.0,7.113,7.113,1.8862052700858492,0.0,0.9056300784957124
2025-07-21,11,Monday,8.111013797240552,77824.0,0.0,6.245678025448069,6.245678025448069,2.737553610817346,0.0,0.914660999080237
2025-07-21,12,Monday,8.258152369526094,77824.0,0.0,6.470020186348844,6.470020186348844,2.6361709981967163,0.0,0.912347072151689
2025-07-21,13,Monday,8.258152369526094,77824.0,0.0,6.050925986067583,6.050925986067583,3.0136349926905304,0.0,0.9166550802676301
2025-07-21,14,Monday,8.111013797240552,77824.0,0.0,5.210350717192108,5.210350717192108,3.5737240650948285,0.0,0.9250678897103594
2025-07-21,15,Monday,8.111013797240552,77824.0,0.0,4.7996884251216905,4.7996884251216905,3.89297803668072,0.0,0.9290289803671115
2025-07-21,16,Monday,7.982267546490701,77824.0,0.0,3.137062907394621,3.137062907394621,5.213566309996606,0.0,0.9431382557640708
2025-07-21,17,Monday,7.982267546490701,77824.0,0.0,2.00333452418646,2.00333452418646,6.187317189080196,0.0,0.9481480121184996
2025-07-21,18,Monday,7.835128974205158,77824.0,0.0,0.7956915746876726,0.7956915746876726,7.1184172586455805,0.0,0.9286763638412755
2025-07-21,19,Monday,7.7063827234553095,77824.0,0.0,0.0,0.0,7.7063827234553095,0.0,0.0
2025-07-21,20,Monday,7.559244151169766,77824.0,0.0,0.0,0.0,7.559244151169766,0.0,0.0
2025-07-21,21,Monday,7.283359328134372,77824.0,0.0,0.0,0.0,7.283359328134372,0.0,0.0
2025-07-21,22,Monday,7.1362207558488295,77824.0,0.0,0.0,0.0,7.1362207558488295,0.0,0.0
2025-07-21,23,Monday,7.00747450509898,77824.0,0.0,0.0,0.0,7.00747450509898,0.0,0.0
2025-07-22,0,Tuesday,7.00747450509898,77824.0,0.0,0.0,0.0,7.00747450509898,0.0,0.0
2025-07-22,1,Tuesday,7.00747450509898,77824.0,0.0,0.0,0.0,7.00747450509898,0.0,0.0
2025-07-22,2,Tuesday,7.1362207558488295,77824.0,0.0,0.0,0.0,7.1362207558488295,0.0,0.0
2025-07-22,3,Tuesday,7.283359328134372,77824.0,0.0,0.0,0.0,7.283359328134372,0.0,0.0
2025-07-22,4,Tuesday,7.283359328134372,77824.0,0.0,0.0,0.0,7.283359328134372,0.0,0.0
2025-07-22,5,Tuesday,7.412105578884224,77824.0,0.0,0.0,0.0,7.412105578884224,0.0,0.0
2025-07-22,6,Tuesday,7.7063827234553095,77824.0,0.0,0.5439507954041838,0.5439507954041838,7.230969728272052,0.0,0.906027780036503
2025-07-22,7,Tuesday,7.7063827234553095,77824.0,0.0,1.6939582994859674,1.6939582994859674,6.248348109775513,0.0,0.9476751268557209
2025-07-22,8,Tuesday,7.982267546490701,77824.0,0.0,3.3668070320706964,3.3668070320706964,4.951160229335187,0.0,0.9414735227758598
2025-07-22,9,Tuesday,7.982267546490701,77824.0,0.0,5.101121396813347,5.101121396813347,3.4198253515037838,0.0,0.9261327974775204
2025-07-22,10,Tuesday,8.111013797240552,77824.0,0.0,6.675422493808994,6.675422493808994,2.237802474131648,0.0,0.9102141393384184
2025-07-22,11,Tuesday,8.111013797240552,77824.0,0.0,7.113,7.113,1.9603782827820906,0.0,0.9056300784957124
2025-07-22,12,Tuesday,8.258152369526094,77824.0,0.0,7.113,7.113,2.1384929586030923,0.0,0.9056300784957124
2025-07-22,13,Tuesday,8.258152369526094,77824.0,0.0,7.113,7.113,2.1384929586030923,0.0,0.9056300784957124
2025-07-22,14,Tuesday,8.111013797240552,77824.0,0.0,7.113,7.113,1.9913543863175507,0.0,0.9056300784957124
2025-07-22,15,Tuesday,8.111013797240552,77824.0,0.0,5.579192964748146,5.579192964748146,3.310963082763342,0.0,0.9214197699260267
2025-07-22,16,Tuesday,7.982267546490701,77824.0,0.0,3.5840625282246124,3.5840625282246124,4.844962779841346,0.0,0.9397867275571405
2025-07-22,17,Tuesday,7.982267546490701,77824.0,0.0,1.8085898731573875,1.8085898731573875,6.367563226022514,0.0,0.9480099225069611
2025-07-22,18,Tuesday,7.835128974205158,77824.0,0.0,0.6414608298511446,0.6414608298511446,7.257423304186646,0.0,0.9171771202421808
2025-07-22,19,Tuesday,7.7063827234553095,77824.0,0.0,0.0,0.0,7.7063827234553095,0.0,0.0
2025-07-22,20,Tuesday,7.559244151169766,77824.0,0.0,0.0,0.0,7.559244151169766,0.0,0.0
2025-07-22,21,Tuesday,7.283359328134372,77824.0,0.0,0.0,0.0,7.283359328134372,0.0,0.0
2025-07-22,22,Tuesday,7.1362207558488295,77824.0,0.0,0.0,0.0,7.1362207558488295,0.0,0.0
2025-07-22,23,Tuesday,7.00747450509898,77824.0,0.0,0.0,0.0,7.00747450509898,0.0,0.0
2025-07-23,0,Wednesday,7.00747450509898,77824.0,0.0,0.0,0.0,7.00747450509898,0.0,0.0
2025-07-23,1,Wednesday,7.00747450509898,77824.0,0.0,0.0,0.0,7.00747450509898,0.0,0.0
2025-07-23,2,Wednesday,7.1362207558488295,77824.0,0.0,0.0,0.0,7.1362207558488295,0.0,0.0
2025-07-23,3,Wednesday,7.283359328134372,77824.0,0.0,0.0,0.0,7.283359328134372,0.0,0.0
2025-07-23,4,Wednesday,7.283359328134372,77824.0,0.0,0.0,0.0,7.283359328134372,0.0,0.0
2025-07-23,5,Wednesday,7.412105578884224,77824.0,0.0,0.0,0.0,7.412105578884224,0.0,0.0
2025-07-23,6,Wednesday,7.7063827234553095,77824.0,0.0,0.5063355904257761,0.5063355904257761,7.263845417423181,0.0,0.9004646169776886
2025-07-23,7,Wednesday,7.7063827234553095,77824.0,0.0,1.5081409477958936,1.5081409477958936,6.416256540595182,0.0,0.9466023010352878
2025-07-23,8,Wednesday,7.982267546490701,77824.0,0.0,3.193997443178806,3.193997443178806,5.109994483737512,0.0,0.9427385023121407
2025-07-23,9,Wednesday,7.982267546490701,77824.0,0.0,5.2727926885584315,5.2727926885584315,3.2599460983874184,0.0,0.9244557692654565
2025-07-23,10,Wednesday,8.111013797240552,77824.0,0.0,7.113,7.113,1.8641426047946208,0.0,0.9056300784957124
2025-07-23,11,Wednesday,8.111013797240552,77824.0,0.0,7.113,7.113,1.9913543863175507,0.0,0.9056300784957124
2025-07-23,12,Wednesday,8.258152369526094,77824.0,0.0,7.113,7.113,2.1384929586030923,0.0,0.9056300784957124
2025-07-23,13,Wednesday,8.258152369526094,77824.0,0.0,7.113,7.113,2.1384929586030923,0.0,0.9056300784957124
2025-07-23,14,Wednesday,8.111013797240552,77824.0,0.0,7.113,7.113,1.9913543863175507,0.0,0.9056300784957124
2025-07-23,15,Wednesday,8.111013797240552,77824.0,0.0,5.683432272952991,5.683432272952991,3.221280942535045,0.0,0.920375671340188
2025-07-23,16,Wednesday,7.982267546490701,77824.0,0.0,3.564944909502652,3.564944909502652,4.865233410335126,0.0,0.9399390221295679
2025-07-23,17,Wednesday,7.982267546490701,77824.0,0.0,1.7398719469317876,1.7398719469317876,6.428662686882456,0.0,0.9478351924015137
2025-07-23,18,Wednesday,7.835128974205158,77824.0,0.0,0.6207893057472065,0.6207893057472065,7.276143320704138,0.0,0.915135252142464
2025-07-23,19,Wednesday,7.7063827234553095,77824.0,0.0,0.0,0.0,7.7063827234553095,0.0,0.0
2025-07-23,20,Wednesday,7.559244151169766,77824.0,0.0,0.0,0.0,7.559244151169766,0.0,0.0
2025-07-23,21,Wednesday,7.283359328134372,77824.0,0.0,0.0,0.0,7.283359328134372,0.0,0.0
2025-07-23,22,Wednesday,7.1362207558488295,77824.0,0.0,0.0,0.0,7.1362207558488295,0.0,0.0
2025-07-23,23,Wednesday,7.00747450509898,77824.0,0.0,0.0,0.0,7.00747450509898,0.0,0.0
2025-07-24,0,Thursday,7.00747450509898,77824.0,0.0,0.0,0.0,7.00747450509898,0.0,0.0
2025-07-24,1,Thursday,7.00747450509898,77824.0,0.0,0.0,0.0,7.00747450509898,0.0,0.0
2025-07-24,2,Thursday,7.1362207558488295,77824.0,0.0,0.0,0.0,7.1362207558488295,0.0,0.0
2025-07-24,3,Thursday,7.283359328134372,77824.0,0.0,0.0,0.0,7.283359328134372,0.0,0.0
2025-07-24,4,Thursday,7.283359328134372,77824.0,0.0,0.0,0.0,7.283359328134372,0.0,0.0
2025-07-24,5,Thursday,7.412105578884224,77824.0,0.0,0.0,0.0,7.412105578884224,0.0,0.0
2025-07-24,6,Thursday,7.7063827234553095,77824.0,0.0,0.5677916799145148,0.5677916799145148,7.210132795210024,0.0,0.9091427074284827
2025-07-24,7,Thursday,7.7063827234553095,77824.0,0.0,1.6948185936537459,1.6948185936537459,6.242592356862534,0.0,0.9476784664753604
2025-07-24,8,Thursday,7.982267546490701,77824.0,0.0,3.3496623439539337,3.3496623439539337,4.966584816828602,0.0,0.94160227387431
2025-07-24,9,Thursday,7.982267546490701,77824.0,0.0,5.110003309415198,5.110003309415198,3.411256347622632,0.0,0.9260464930953687
2025-07-24,10,Thursday,8.111013797240552,77824.0,0.0,6.694218717598047,6.694218717598047,2.221813918167758,0.0,0.9100183166492968
2025-07-24,11,Thursday,8.111013797240552,77824.0,0.0,7.113,7.113,1.9617015252304268,0.0,0.9056300784957124
2025-07-24,12,Thursday,8.258152369526094,77824.0,0.0,7.113,7.113,2.1384929586030923,0.0,0.9056300784957124
2025-07-24,13,Thursday,8.258152369526094,77824.0,0.0,7.113,7.113,2.1384929586030923,0.0,0.9056300784957124
2025-07-24,14,Thursday,8.111013797240552,77824.0,0.0,7.092742761768265,7.092742761768265,2.008782672354968,0.0,0.9058433945796269
2025-07-24,15,Thursday,8.111013797240552,77824.0,0.0,5.543553789431647,5.543553789431647,3.340501793719711,0.0,0.9217755005217385
2025-07-24,16,Thursday,7.982267546490701,77824.0,0.0,3.6064153453237244,3.6064153453237244,4.824177501966899,0.0,0.9396077781662535
2025-07-24,17,Thursday,7.982267546490701,77824.0,0.0,1.8597047776776143,1.8597047776776143,6.322244126001813,0.0,0.9480939705178153
2025-07-24,18,Thursday,7.835128974205158,77824.0,0.0,0.6525369821312396,0.6525369821312396,7.247395914821565,0.0,0.9182118151049029
2025-07-24,19,Thursday,6.0,71289.56001426042,0.0,0.0,0.0,0.0,6.534439985739585,0.9080945853949303
2025-07-24,20,Thursday,6.0,64682.31876814001,0.0,0.0,0.0,0.0,6.607241246120414,0.9072912513942645
2025-07-24,21,Thursday,6.0,58069.22733715839,0.0,0.0,0.0,0.0,6.613091430981619,0.9072266296775153
2025-07-24,22,Thursday,6.0,51455.66485593716,0.0,0.0,0.0,0.0,6.613562481221227,0.9072214259808142
2025-07-24,23,Thursday,6.0,44842.064440235685,0.0,0.0,0.0,0.0,6.613600415701478,0.9072210069154498
2025-07-25,0,Friday,6.0,38228.46096956651,0.0,0.0,0.0,0.0,6.613603470669172,0.907220973166949
2025-07-25,1,Friday,6.0,31614.857252872163,0.0,0.0,0.0,0.0,6.61360371669435,0.9072209704490869
2025-07-25,2,Friday,6.0,25001.253516364708,0.0,0.0,0.0,0.0,6.6136037365074545,0.9072209702302099
2025-07-25,3,Friday,7.283359328134372,25001.253516364708,0.0,0.0,0.0,7.283359328134372,0.0,0.0
2025-07-25,4,Friday,7.283359328134372,25001.253516364708,0.0,0.0,0.0,7.283359328134372,0.0,0.0
2025-07-25,5,Friday,7.412105578884224,25001.253516364708,0.0,0.0,0.0,7.412105578884224,0.0,0.0
2025-07-25,6,Friday,7.7063827234553095,25425.908685105183,0.5017192447311845,0.0,0.5017192447311845,7.7063827234553095,0.0,0.0
2025-07-25,7,Friday,7.7063827234553095,26693.495051049576,1.497620942750936,0.0,1.497620942750936,7.7063827234553095,0.0,0.0
2025-07-25,8,Friday,7.982267546490701,29381.061598125,3.175291289077768,0.0,3.175291289077768,7.982267546490701,0.0,0.0
2025-07-25,9,Friday,7.982267546490701,33844.18479066798,5.273066153760612,0.0,5.273066153760612,7.982267546490701,0.0,0.0
2025-07-25,10,Friday,8.111013797240552,39864.627990667985,7.113,0.0,7.113,8.111013797240552,0.0,0.0
2025-07-25,11,Friday,8.111013797240552,45885.071190667986,7.113,0.0,7.113,8.111013797240552,0.0,0.0
2025-07-25,12,Friday,8.258152369526094,51905.51439066799,7.113,0.0,7.113,8.258152369526094,0.0,0.0
2025-07-25,13,Friday,8.258152369526094,57925.95759066799,7.113,0.0,7.113,8.258152369526094,0.0,0.0
2025-07-25,14,Friday,8.111013797240552,63946.40079066799,7.113,0.0,7.113,8.111013797240552,0.0,0.0
2025-07-25,15,Friday,8.111013797240552,68695.5895398714,5.6110453086051715,0.0,5.6110453086051715,8.111013797240552,0.0,0.0
2025-07-25,16,Friday,7.982267546490701,71746.31905118497,3.6043590634612093,0.0,3.6043590634612093,7.982267546490701,0.0,0.0
2025-07-25,17,Friday,7.982267546490701,73305.87387247026,1.8425742217453835,0.0,1.8425742217453835,7.982267546490701,0.0,0.0
2025-07-25,18,Friday,7.835128974205158,73903.3675107498,0.7059234856799872,0.0,0.7059234856799872,7.835128974205158,0.0,0.0
2025-07-25,19,Friday,7.7063827234553095,73903.3675107498,0.0,0.0,0.0,7.7063827234553095,0.0,0.0
2025-07-25,20,Friday,7.559244151169766,73903.3675107498,0.0,0.0,0.0,7.559244151169766,0.0,0.0
2025-07-25,21,Friday,7.283359328134372,73903.3675107498,0.0,0.0,0.0,7.283359328134372,0.0,0.0
2025-07-25,22,Friday,7.1362207558488295,73903.3675107498,0.0,0.0,0.0,7.1362207558488295,0.0,0.0
2025-07-25,23,Friday,7.00747450509898,73903.3675107498,0.0,0.0,0.0,7.00747450509898,0.0,0.0
2025-07-26,0,Saturday,7.00747450509898,73903.3675107498,0.0,0.0,0.0,7.00747450509898,0.0,0.0
2025-07-26,1,Saturday,7.00747450509898,73903.3675107498,0.0,0.0,0.0,7.00747450509898,0.0,0.0
2025-07-26,2,Saturday,7.1362207558488295,73903.3675107498,0.0,0.0,0.0,7.1362207558488295,0.0,0.0
2025-07-26,3,Saturday,7.283359328134372,73903.3675107498,0.0,0.0,0.0,7.283359328134372,0.0,0.0
2025-07-26,4,Saturday,7.283359328134372,73903.3675107498,0.0,0.0,0.0,7.283359328134372,0.0,0.0
2025-07-26,5,Saturday,7.412105578884224,73903.3675107498,0.0,0.0,0.0,7.412105578884224,0.0,0.0
2025-07-26,6,Saturday,7.7063827234553095,74060.17075484662,0.18525903130532226,0.0,0.18525903130532226,7.7063827234553095,0.0,0.0
2025-07-26,7,Saturday,7.7063827234553095,74630.7662400591,0.6741440042680518,0.0,0.6741440042680518,7.7063827234553095,0.0,0.0
2025-07-26,8,Saturday,7.982267546490701,75399.46857477895,0.9082021913041616,0.0,0.9082021913041616,7.982267546490701,0.0,0.0
2025-07-26,9,Saturday,7.982267546490701,75885.67234523631,0.5744373469486673,0.0,0.5744373469486673,7.982267546490701,0.0,0.0
2025-07-26,10,Saturday,8.111013797240552,77824.0,2.2900846582746888,1.6455704791838799,3.9356551374585687,6.672785198433841,0.0,0.9474651573832072
2025-07-26,11,Saturday,8.111013797240552,77824.0,0.0,2.4052401483583234,2.4052401483583234,5.9460766233172615,0.0,0.9472257470896012
2025-07-26,12,Saturday,8.258152369526094,77824.0,0.0,5.754232402366828,5.754232402366828,3.0801231375799407,0.0,0.919663531730685
2025-07-26,13,Saturday,8.258152369526094,77824.0,0.0,6.071025164061401,6.071025164061401,2.954016948099853,0.0,0.9164499544972493
2025-07-26,14,Saturday,8.111013797240552,77824.0,0.0,6.725337172003765,6.725337172003765,2.255750599242119,0.0,0.9096938918263489
2025-07-26,15,Saturday,8.111013797240552,77824.0,0.0,4.554925241414616,4.554925241414616,4.174605510892046,0.0,0.9313280827327994
2025-07-26,16,Saturday,7.982267546490701,77824.0,0.0,1.4723654144926752,1.4723654144926752,6.679575050857231,0.0,0.9463032822723416
2025-07-26,17,Saturday,7.982267546490701,77824.0,0.0,1.9623829272926558,1.9623829272926558,6.218108611577067,0.0,0.9481578370233529
2025-07-26,18,Saturday,7.835128974205158,77824.0,0.0,0.5914960783640969,0.5914960783640969,7.302338914049136,0.0,0.911969131957886
2025-07-26,19,Saturday,7.7063827234553095,77824.0,0.0,0.0,0.0,7.7063827234553095,0.0,0.0
2025-07-26,20,Saturday,7.559244151169766,77824.0,0.0,0.0,0.0,7.559244151169766,0.0,0.0
2025-07-26,21,Saturday,7.283359328134372,77824.0,0.0,0.0,0.0,7.283359328134372,0.0,0.0
2025-07-26,22,Saturday,7.1362207558488295,77824.0,0.0,0.0,0.0,7.1362207558488295,0.0,0.0
2025-07-26,23,Saturday,7.00747450509898,77824.0,0.0,0.0,0.0,7.00747450509898,0.0,0.0
2025-07-27,0,Sunday,7.00747450509898,77824.0,0.0,0.0,0.0,7.00747450509898,0.0,0.0
2025-07-27,1,Sunday,7.00747450509898,77824.0,0.0,0.0,0.0,7.00747450509898,0.0,0.0
2025-07-27,2,Sunday,7.1362207558488295,77824.0,0.0,0.0,0.0,7.1362207558488295,0.0,0.0
2025-07-27,3,Sunday,7.283359328134372,77824.0,0.0,0.0,0.0,7.283359328134372,0.0,0.0
2025-07-27,4,Sunday,7.283359328134372,77824.0,0.0,0.0,0.0,7.283359328134372,0.0,0.0
2025-07-27,5,Sunday,7.412105578884224,77824.0,0.0,0.0,0.0,7.412105578884224,0.0,0.0
2025-07-27,6,Sunday,7.7063827234553095,77824.0,0.0,0.5213636049078864,0.5213636049078864,7.250710932765817,0.0,0.9027909222585873
2025-07-27,7,Sunday,7.7063827234553095,77824.0,0.0,1.8473341327455672,1.8473341327455672,6.122014062305229,0.0,0.9480770138681942
2025-07-27,8,Sunday,7.982267546490701,77824.0,0.0,3.432359200971651,3.432359200971651,4.890833727799489,0.0,0.9409751028029757
2025-07-27,9,Sunday,7.982267546490701,77824.0,0.0,4.766503343473591,4.766503343473591,3.7213646215367007,0.0,0.9293436496378832
2025-07-27,10,Sunday,8.111013797240552,77824.0,0.0,5.9411625556404255,5.9411625556404255,2.865701189317287,0.0,0.9177724252285985
2025-07-27,11,Sunday,8.111013797240552,77824.0,0.0,6.406912768859104,6.406912768859104,2.524930320641853,0.0,0.912999703750509
2025-07-27,12,Sunday,8.258152369526094,77824.0,0.0,6.532762398956464,6.532762398956464,2.591962741352364,0.0,0.9116969380764929
2025-07-27,13,Sunday,8.258152369526094,77824.0,0.0,6.372173329097168,6.372173329097168,2.739136002147043,0.0,0.9133584005132978
2025-07-27,14,Sunday,8.111013797240552,77824.0,0.0,5.424522755001974,5.424522755001974,3.4042070415367913,0.0,0.9229587881792691
2025-07-27,15,Sunday,8.111013797240552,77824.0,0.0,4.374255925093652,4.374255925093652,4.275618746820649,0.0,0.9329898772946624
2025-07-27,16,Sunday,7.982267546490701,77824.0,0.0,3.3346141508920573,3.3346141508920573,5.026664361398167,0.0,0.9417147157920998
2025-07-27,17,Sunday,7.982267546490701,77824.0,0.0,2.0403260226510165,2.0403260226510165,6.156932757973875,0.0,0.9481233667267577
2025-07-27,18,Sunday,7.835128974205158,77824.0,0.0,0.7198709439864891,0.7198709439864891,7.186728834334981,0.0,0.9237331721946218
2025-07-27,19,Sunday,7.7063827234553095,77824.0,0.0,0.0,0.0,7.7063827234553095,0.0,0.0
2025-07-27,20,Sunday,7.559244151169766,77824.0,0.0,0.0,0.0,7.559244151169766,0.0,0.0
2025-07-27,21,Sunday,7.283359328134372,77824.0,0.0,0.0,0.0,7.283359328134372,0.0,0.0
2025-07-27,22,Sunday,7.1362207558488295,77824.0,0.0,0.0,0.0,7.1362207558488295,0.0,0.0
2025-07-27,23,Sunday,7.00747450509898,77824.0,0.0,0.0,0.0,7.00747450509898,0.0,0.0
2025-07-28,0,Monday,7.00747450509898,77824.0,0.0,0.0,0.0,7.00747450509898,0.0,0.0
2025-07-28,1,Monday,7.00747450509898,77824.0,0.0,0.0,0.0,7.00747450509898,0.0,0.0
2025-07-28,2,Monday,7.1362207558488295,77824.0,0.0,0.0,0.0,7.1362207558488295,0.0,0.0
2025-07-28,3,Monday,7.283359328134372,77824.0,0.0,0.0,0.0,7.283359328134372,0.0,0.0
2025-07-28,4,Monday,7.283359328134372,77824.0,0.0,0.0,0.0,7.283359328134372,0.0,0.0
2025-07-28,5,Monday,7.412105578884224,77824.0,0.0,0.0,0.0,7.412105578884224,0.0,0.0
2025-07-28,6,Monday,7.7063827234553095,77824.0,0.0,0.5383019967466937,0.5383019967466937,7.235906778298699,0.0,0.905245777187037
2025-07-28,7,Monday,7.7063827234553095,77824.0,0.0,1.6012186807423057,1.6012186807423057,6.329361096815088,0.0,0.9472322707222839
2025-07-28,8,Monday,7.982267546490701,77824.0,0.0,3.1935071305237526,3.1935071305237526,5.108524186217573,0.0,0.9427419828822318
2025-07-28,9,Monday,7.982267546490701,77824.0,0.0,5.146912972135031,5.146912972135031,3.372667152471484,0.0,0.9256872940247773
2025-07-28,10,Monday,8.111013797240552,77824.0,0.0,6.903418400342487,6.903418400342487,2.0401274336333532,0.0,0.9078320505170471
2025-07-28,11,Monday,8.111013797240552,77824.0,0.0,7.113,7.113,1.9764748906791842,0.0,0.9056300784957124
2025-07-28,12,Monday,8.258152369526094,77824.0,0.0,7.113,7.113,2.1384929586030923,0.0,0.9056300784957124
2025-07-28,13,Monday,8.258152369526094,77824.0,0.0,7.113,7.113,2.1384929586030923,0.0,0.9056300784957124
2025-07-28,14,Monday,8.111013797240552,77824.0,0.0,7.113,7.113,1.9913543863175507,0.0,0.9056300784957124
2025-07-28,15,Monday,8.111013797240552,77824.0,0.0,5.541866640292119,5.541866640292119,3.3430767328030573,0.0,0.9217923245943865
2025-07-28,16,Monday,7.982267546490701,77824.0,0.0,3.5357680264273244,3.5357680264273244,4.885985909599099,0.0,0.9401700822567964
2025-07-28,17,Monday,7.982267546490701,77824.0,0.0,1.8270191137893843,1.8270191137893843,6.350444271519402,0.0,0.9480445263567313
2025-07-28,18,Monday,7.835128974205158,77824.0,0.0,0.7430626590230891,0.7430626590230891,7.165895311909587,0.0,0.9253709925086671
2025-07-28,19,Monday,7.7063827234553095,77824.0,0.0,0.0,0.0,7.7063827234553095,0.0,0.0
2025-07-28,20,Monday,7.559244151169766,77824.0,0.0,0.0,0.0,7.559244151169766,0.0,0.0
2025-07-28,21,Monday,7.283359328134372,77824.0,0.0,0.0,0.0,7.283359328134372,0.0,0.0
2025-07-28,22,Monday,7.1362207558488295,77824.0,0.0,0.0,0.0,7.1362207558488295,0.0,0.0
2025-07-28,23,Monday,7.00747450509898,77824.0,0.0,0.0,0.0,7.00747450509898,0.0,0.0
2025-07-29,0,Tuesday,7.00747450509898,77824.0,0.0,0.0,0.0,7.00747450509898,0.0,0.0
2025-07-29,1,Tuesday,7.00747450509898,77824.0,0.0,0.0,0.0,7.00747450509898,0.0,0.0
2025-07-29,2,Tuesday,7.1362207558488295,77824.0,0.0,0.0,0.0,7.1362207558488295,0.0,0.0
2025-07-29,3,Tuesday,7.283359328134372,77824.0,0.0,0.0,0.0,7.283359328134372,0.0,0.0
2025-07-29,4,Tuesday,7.283359328134372,77824.0,0.0,0.0,0.0,7.283359328134372,0.0,0.0
2025-07-29,5,Tuesday,7.412105578884224,77824.0,0.0,0.0,0.0,7.412105578884224,0.0,0.0
2025-07-29,6,Tuesday,7.7063827234553095,77824.0,0.0,0.5394142468171265,0.5394142468171265,7.234934671737141,0.0,0.9054011553736822
2025-07-29,7,Tuesday,7.7063827234553095,77824.0,0.0,1.6290881522105924,1.6290881522105924,6.305153342999114,0.0,0.947383305456418
2025-07-29,8,Tuesday,7.982267546490701,77824.0,0.0,3.172330446475126,3.172330446475126,5.127125287328144,0.0,0.9428916871466102
2025-07-29,9,Tuesday,7.982267546490701,77824.0,0.0,4.902786857152296,4.902786857152296,3.5906104236031746,0.0,0.9280458791983368
2025-07-29,10,Tuesday,8.111013797240552,77824.0,0.0,6.229175241860186,6.229175241860186,2.6191014039285365,0.0,0.9148305205807562
2025-07-29,11,Tuesday,8.111013797240552,77824.0,0.0,7.113,7.113,1.9291837789941795,0.0,0.9056300784957124
2025-07-29,12,Tuesday,8.258152369526094,77824.0,0.0,7.113,7.113,2.1384929586030923,0.0,0.9056300784957124
2025-07-29,13,Tuesday,8.258152369526094,77824.0,0.0,7.0701244013887115,7.0701244013887115,2.1753809187521895,0.0,0.9060814548542991
2025-07-29,14,Tuesday,8.111013797240552,77824.0,0.0,6.201173548211475,6.201173548211475,2.773183864391476,0.0,0.9151179356794348
2025-07-29,15,Tuesday,8.111013797240552,77824.0,0.0,5.0297631227554485,5.0297631227554485,3.738328673680665,0.0,0.9268242604370095
2025-07-29,16,Tuesday,7.982267546490701,77824.0,0.0,3.462054133725309,3.462054133725309,4.933987572511993,0.0,0.9407462184151957
2025-07-29,17,Tuesday,7.982267546490701,77824.0,0.0,2.0831833603285776,2.0831833603285776,6.12050802142086,0.0,0.9480771805848903
2025-07-29,18,Tuesday,7.835128974205158,77824.0,0.0,0.7694223954199774,0.7694223954199774,7.142130749642946,0.0,0.9270933035764656
2025-07-29,19,Tuesday,7.7063827234553095,77824.0,0.0,0.0,0.0,7.7063827234553095,0.0,0.0
2025-07-29,20,Tuesday,7.559244151169766,77824.0,0.0,0.0,0.0,7.559244151169766,0.0,0.0
2025-07-29,21,Tuesday,7.283359328134372,77824.0,0.0,0.0,0.0,7.283359328134372,0.0,0.0
2025-07-29,22,Tuesday,7.1362207558488295,77824.0,0.0,0.0,0.0,7.1362207558488295,0.0,0.0
2025-07-29,23,Tuesday,7.00747450509898,77824.0,0.0,0.0,0.0,7.00747450509898,0.0,0.0
2025-07-30,0,Wednesday,7.00747450509898,77824.0,0.0,0.0,0.0,7.00747450509898,0.0,0.0
2025-07-30,1,Wednesday,7.00747450509898,77824.0,0.0,0.0,0.0,7.00747450509898,0.0,0.0
2025-07-30,2,Wednesday,7.1362207558488295,77824.0,0.0,0.0,0.0,7.1362207558488295,0.0,0.0
2025-07-30,3,Wednesday,7.283359328134372,77824.0,0.0,0.0,0.0,7.283359328134372,0.0,0.0
2025-07-30,4,Wednesday,7.283359328134372,77824.0,0.0,0.0,0.0,7.283359328134372,0.0,0.0
2025-07-30,5,Wednesday,7.412105578884224,77824.0,0.0,0.0,0.0,7.412105578884224,0.0,0.0
2025-07-30,6,Wednesday,7.7063827234553095,77824.0,0.0,0.5143378066684826,0.5143378066684826,7.256851480427056,0.0,0.901721510346871
2025-07-30,7,Wednesday,7.7063827234553095,77824.0,0.0,1.610370246811007,1.610370246811007,6.326882506841829,0.0,0.9472836554724124
2025-07-30,8,Wednesday,7.982267546490701,77824.0,0.0,3.218110478578613,3.218110478578613,5.086227261521779,0.0,0.942566538762327
2025-07-30,9,Wednesday,7.982267546490701,77824.0,0.0,4.9801531949454505,4.9801531949454505,3.5228480749981177,0.0,0.9273029209539608
2025-07-30,10,Wednesday,8.111013797240552,77824.0,0.0,6.828342622253018,6.828342622253018,2.0956688412953834,0.0,0.908618038863841
2025-07-30,11,Wednesday,8.111013797240552,77824.0,0.0,7.113,7.113,1.9711636923239766,0.0,0.9056300784957124
2025-07-30,12,Wednesday,8.258152369526094,77824.0,0.0,7.113,7.113,2.1384929586030923,0.0,0.9056300784957124
2025-07-30,13,Wednesday,8.258152369526094,77824.0,0.0,7.113,7.113,2.1384929586030923,0.0,0.9056300784957124
2025-07-30,14,Wednesday,8.111013797240552,77824.0,0.0,7.050730084927667,7.050730084927667,2.0449282189886846,0.0,0.9062854806694369
2025-07-30,15,Wednesday,8.111013797240552,77824.0,0.0,5.442867226594808,5.442867226594808,3.4248618335998717,0.0,0.9227769208774563
2025-07-30,16,Wednesday,7.982267546490701,77824.0,0.0,3.558924779364762,3.558924779364762,4.862378579430841,0.0,0.9399868336142989
2025-07-30,17,Wednesday,7.982267546490701,77824.0,0.0,1.8459721551061983,1.8459721551061983,6.333837501523185,0.0,0.9480750175888609
2025-07-30,18,Wednesday,7.835128974205158,77824.0,0.0,0.6723013654080253,0.6723013654080253,7.229606451812641,0.0,0.919963101523323
2025-07-30,19,Wednesday,7.7063827234553095,77824.0,0.0,0.0,0.0,7.7063827234553095,0.0,0.0
2025-07-30,20,Wednesday,7.559244151169766,77824.0,0.0,0.0,0.0,7.559244151169766,0.0,0.0
2025-07-30,21,Wednesday,7.283359328134372,77824.0,0.0,0.0,0.0,7.283359328134372,0.0,0.0
2025-07-30,22,Wednesday,7.1362207558488295,77824.0,0.0,0.0,0.0,7.1362207558488295,0.0,0.0
2025-07-30,23,Wednesday,7.00747450509898,77824.0,0.0,0.0,0.0,7.00747450509898,0.0,0.0
2025-07-31,0,Thursday,7.00747450509898,77824.0,0.0,0.0,0.0,7.00747450509898,0.0,0.0
2025-07-31,1,Thursday,7.00747450509898,77824.0,0.0,0.0,0.0,7.00747450509898,0.0,0.0
2025-07-31,2,Thursday,7.1362207558488295,77824.0,0.0,0.0,0.0,7.1362207558488295,0.0,0.0
2025-07-31,3,Thursday,7.283359328134372,77824.0,0.0,0.0,0.0,7.283359328134372,0.0,0.0
2025-07-31,4,Thursday,7.283359328134372,77824.0,0.0,0.0,0.0,7.283359328134372,0.0,0.0
2025-07-31,5,Thursday,7.412105578884224,77824.0,0.0,0.0,0.0,7.412105578884224,0.0,0.0
2025-07-31,6,Thursday,7.7063827234553095,77824.0,0.0,0.46571025805215444,0.46571025805215444,7.299351957917726,0.0,0.8933690406939472
2025-07-31,7,Thursday,7.7063827234553095,77824.0,0.0,1.4883093881305363,1.4883093881305363,6.443253669641836,0.0,0.9464407427207853
2025-07-31,8,Thursday,7.982267546490701,77824.0,0.0,3.152438530456309,3.152438530456309,5.147851095551346,0.0,0.9430311867320151
2025-07-31,9,Thursday,7.982267546490701,77824.0,0.0,5.151978499768894,5.151978499768894,3.3667149677685577,0.0,0.9256379282551032
2025-07-31,10,Thursday,8.111013797240552,77824.0,0.0,7.03280284946071,7.03280284946071,1.926676190809225,0.0,0.90647398924225
2025-07-31,11,Thursday,8.111013797240552,77824.0,0.0,7.113,7.113,1.9856517860344347,0.0,0.9056300784957124
2025-07-31,12,Thursday,8.258152369526094,77824.0,0.0,7.113,7.113,2.1384929586030923,0.0,0.9056300784957124
2025-07-31,13,Thursday,8.258152369526094,77824.0,0.0,7.113,7.113,2.1384929586030923,0.0,0.9056300784957124
2025-07-31,14,Thursday,8.111013797240552,77824.0,0.0,7.113,7.113,1.9913543863175507,0.0,0.9056300784957124
2025-07-31,15,Thursday,8.111013797240552,77824.0,0.0,5.504745197019278,5.504745197019278,3.375014113608861,0.0,0.9221621219522385
2025-07-31,16,Thursday,7.982267546490701,77824.0,0.0,3.4774026494907577,3.4774026494907577,4.935874990660805,0.0,0.940627180160245
2025-07-31,17,Thursday,7.982267546490701,77824.0,0.0,1.826338579025511,1.826338579025511,6.350259024264398,0.0,0.9480433363564458
2025-07-31,18,Thursday,7.835128974205158,77824.0,0.0,0.6649437550020948,0.6649437550020948,7.236253253022668,0.0,0.9193248861461778
2025-07-31,19,Thursday,6.0,71297.47157635199,0.0,0.0,0.0,0.0,6.52652842364801,0.9081817919953602
2025-07-31,20,Thursday,6.0,64690.8647792509,0.0,0.0,0.0,0.0,6.6066067971010956,0.9072982589864368
2025-07-31,21,Thursday,6.0,58077.82442502082,0.0,0.0,0.0,0.0,6.613040354230079,0.9072271939190566
2025-07-31,22,Thursday,6.0,51464.26605704346,0.0,0.0,0.0,0.0,6.613558367977364,0.9072214714201371
2025-07-31,23,Thursday,6.0,44850.66597259244,0.0,0.0,0.0,0.0,6.613600084451023,0.907221010574803
2025-08-01,0,Friday,6.0,38237.0625285998,0.0,0.0,0.0,0.0,6.613603443992639,0.9072209734616473
2025-08-01,1,Friday,6.0,31623.45881405379,0.0,0.0,0.0,0.0,6.613603714546012,0.9072209704728198
2025-08-01,2,Friday,6.0,25009.855077719345,0.0,0.0,0.0,0.0,6.613603736334443,0.907220970232121
2025-08-01,3,Friday,7.283359328134372,25009.855077719345,0.0,0.0,0.0,7.283359328134372,0.0,0.0
2025-08-01,4,Friday,7.283359328134372,25009.855077719345,0.0,0.0,0.0,7.283359328134372,0.0,0.0
2025-08-01,5,Friday,7.412105578884224,25009.855077719345,0.0,0.0,0.0,7.412105578884224,0.0,0.0
2025-08-01,6,Friday,7.7063827234553095,25414.167582519276,0.4776849064271402,0.0,0.4776849064271402,7.7063827234553095,0.0,0.0
2025-08-01,7,Friday,7.7063827234553095,26735.558677814213,1.5611898573900491,0.0,1.5611898573900491,7.7063827234553095,0.0,0.0
2025-08-01,8,Friday,7.982267546490701,29415.323473598037,3.1660737190262527,0.0,3.1660737190262527,7.982267546490701,0.0,0.0
2025-08-01,9,Friday,7.982267546490701,33739.676491355116,5.109112733644939,0.0,5.109112733644939,7.982267546490701,0.0,0.0
2025-08-01,10,Friday,8.111013797240552,39495.09460584269,6.799879624867183,0.0,6.799879624867183,8.111013797240552,0.0,0.0
2025-08-01,11,Friday,8.111013797240552,45515.537805842694,7.113,0.0,7.113,8.111013797240552,0.0,0.0
2025-08-01,12,Friday,8.258152369526094,51535.9810058427,7.113,0.0,7.113,8.258152369526094,0.0,0.0
2025-08-01,13,Friday,8.258152369526094,57556.424205842704,7.113,0.0,7.113,8.258152369526094,0.0,0.0
2025-08-01,14,Friday,8.111013797240552,63576.867405842706,7.113,0.0,7.113,8.111013797240552,0.0,0.0
2025-08-01,15,Friday,8.111013797240552,68214.26047784247,5.478961568997838,0.0,5.478961568997838,8.111013797240552,0.0,0.0
2025-08-01,16,Friday,7.982267546490701,71177.59571231021,3.5011049556565927,0.0,3.5011049556565927,7.982267546490701,0.0,0.0
2025-08-01,17,Friday,7.982267546490701,72681.20854793683,1.7764801933206609,0.0,1.7764801933206609,7.982267546490701,0.0,0.0
2025-08-01,18,Friday,7.835128974205158,73194.89809165201,0.6069110866200226,0.0,0.6069110866200226,7.835128974205158,0.0,0.0
2025-08-01,19,Friday,7.7063827234553095,73194.89809165201,0.0,0.0,0.0,7.7063827234553095,0.0,0.0
2025-08-01,20,Friday,7.559244151169766,73194.89809165201,0.0,0.0,0.0,7.559244151169766,0.0,0.0
2025-08-01,21,Friday,7.283359328134372,73194.89809165201,0.0,0.0,0.0,7.283359328134372,0.0,0.0
2025-08-01,22,Friday,7.1362207558488295,73194.89809165201,0.0,0.0,0.0,7.1362207558488295,0.0,0.0
2025-08-01,23,Friday,7.00747450509898,73194.89809165201,0.0,0.0,0.0,7.00747450509898,0.0,0.0
2025-08-02,0,Saturday,7.00747450509898,73194.89809165201,0.0,0.0,0.0,7.00747450509898,0.0,0.0
2025-08-02,1,Saturday,7.00747450509898,73194.89809165201,0.0,0.0,0.0,7.00747450509898,0.0,0.0
2025-08-02,2,Saturday,7.1362207558488295,73194.89809165201,0.0,0.0,0.0,7.1362207558488295,0.0,0.0
2025-08-02,3,Saturday,7.283359328134372,73194.89809165201,0.0,0.0,0.0,7.283359328134372,0.0,0.0
2025-08-02,4,Saturday,7.283359328134372,73194.89809165201,0.0,0.0,0.0,7.283359328134372,0.0,0.0
2025-08-02,5,Saturday,7.412105578884224,73194.89809165201,0.0,0.0,0.0,7.412105578884224,0.0,0.0
2025-08-02,6,Saturday,7.7063827234553095,73591.4978825412,0.46857253176889174,0.0,0.46857253176889174,7.7063827234553095,0.0,0.0
2025-08-02,7,Saturday,7.7063827234553095,74903.2739259569,1.5498299189694218,0.0,1.5498299189694218,7.7063827234553095,0.0,0.0
2025-08-02,8,Saturday,7.982267546490701,77552.3618831171,3.129829817060719,0.0,3.129829817060719,7.982267546490701,0.0,0.0
2025-08-02,9,Saturday,7.982267546490701,77824.0,0.3209335029334799,4.799707074345719,5.1206405772791985,3.787323563512543,0.0,0.9290288032830756
2025-08-02,10,Saturday,8.111013797240552,77824.0,0.0,6.913182065516186,6.913182065516186,2.009595799096256,0.0,0.9077297205806233
2025-08-02,11,Saturday,8.111013797240552,77824.0,0.0,7.113,7.113,1.9771663698750777,0.0,0.9056300784957124
2025-08-02,12,Saturday,8.258152369526094,77824.0,0.0,7.113,7.113,2.1384929586030923,0.0,0.9056300784957124
2025-08-02,13,Saturday,8.258152369526094,77824.0,0.0,7.113,7.113,2.1384929586030923,0.0,0.9056300784957124
2025-08-02,14,Saturday,8.111013797240552,77824.0,0.0,7.113,7.113,1.9913543863175507,0.0,0.9056300784957124
2025-08-02,15,Saturday,8.111013797240552,77824.0,0.0,5.4975172849132585,5.4975172849132585,3.3812326374863995,0.0,0.9222340412967076
2025-08-02,16,Saturday,7.982267546490701,77824.0,0.0,3.4716546537996287,3.4716546537996287,4.940673350198555,0.0,0.9406718177330241
2025-08-02,17,Saturday,7.982267546490701,77824.0,0.0,1.866037610275358,1.866037610275358,6.314705005215587,0.0,0.9481018404210839
2025-08-02,18,Saturday,7.835128974205158,77824.0,0.0,0.6944483992810283,0.6944483992810283,7.209641559041131,0.0,0.9217918373679637
2025-08-02,19,Saturday,7.7063827234553095,77824.0,0.0,0.0,0.0,7.7063827234553095,0.0,0.0
2025-08-02,20,Saturday,7.559244151169766,77824.0,0.0,0.0,0.0,7.559244151169766,0.0,0.0
2025-08-02,21,Saturday,7.283359328134372,77824.0,0.0,0.0,0.0,7.283359328134372,0.0,0.0
2025-08-02,22,Saturday,7.1362207558488295,77824.0,0.0,0.0,0.0,7.1362207558488295,0.0,0.0
2025-08-02,23,Saturday,7.00747450509898,77824.0,0.0,0.0,0.0,7.00747450509898,0.0,0.0
2025-08-03,0,Sunday,7.00747450509898,77824.0,0.0,0.0,0.0,7.00747450509898,0.0,0.0
2025-08-03,1,Sunday,7.00747450509898,77824.0,0.0,0.0,0.0,7.00747450509898,0.0,0.0
2025-08-03,2,Sunday,7.1362207558488295,77824.0,0.0,0.0,0.0,7.1362207558488295,0.0,0.0
2025-08-03,3,Sunday,7.283359328134372,77824.0,0.0,0.0,0.0,7.283359328134372,0.0,0.0
2025-08-03,4,Sunday,7.283359328134372,77824.0,0.0,0.0,0.0,7.283359328134372,0.0,0.0
2025-08-03,5,Sunday,7.412105578884224,77824.0,0.0,0.0,0.0,7.412105578884224,0.0,0.0
2025-08-03,6,Sunday,7.7063827234553095,77824.0,0.0,0.4587236205642221,0.4587236205642221,7.305458279082179,0.0,0.8920138399054773
2025-08-03,7,Sunday,7.7063827234553095,77824.0,0.0,1.4534646660820918,1.4534646660820918,6.474697655394431,0.0,0.9461312579949877
2025-08-03,8,Sunday,7.982267546490701,77824.0,0.0,3.1334768237262187,3.1334768237262187,5.165821195816987,0.0,0.9431631313897584
2025-08-03,9,Sunday,7.982267546490701,77824.0,0.0,5.169458342622003,5.169458342622003,3.350407154375236,0.0,0.9254674534504621
2025-08-03,10,Sunday,8.111013797240552,77824.0,0.0,7.091354126537755,7.091354126537755,1.8763372244883465,0.0,0.9058580137273584
2025-08-03,11,Sunday,8.111013797240552,77824.0,0.0,7.113,7.113,1.9898141481799874,0.0,0.9056300784957124
2025-08-03,12,Sunday,8.258152369526094,77824.0,0.0,7.113,7.113,2.1384929586030923,0.0,0.9056300784957124
2025-08-03,13,Sunday,8.258152369526094,77824.0,0.0,7.113,7.113,2.1384929586030923,0.0,0.9056300784957124
2025-08-03,14,Sunday,8.111013797240552,77824.0,0.0,7.113,7.113,1.9913543863175507,0.0,0.9056300784957124
2025-08-03,15,Sunday,8.111013797240552,77824.0,0.0,5.546298571297806,5.546298571297806,3.339263727279717,0.0,0.9217481267152214
2025-08-03,16,Sunday,7.982267546490701,77824.0,0.0,3.4737351467412125,3.4737351467412125,4.9404541254878405,0.0,0.9406556691004925
2025-08-03,17,Sunday,7.982267546490701,77824.0,0.0,1.733821367717316,1.733821367717316,6.432885092677381,0.0,0.9478161695365322
2025-08-03,18,Sunday,7.835128974205158,77824.0,0.0,0.586595509705462,0.586595509705462,7.306943500582616,0.0,0.9114053282472497
2025-08-03,19,Sunday,7.7063827234553095,77824.0,0.0,0.0,0.0,7.7063827234553095,0.0,0.0
2025-08-03,20,Sunday,7.559244151169766,77824.0,0.0,0.0,0.0,7.559244151169766,0.0,0.0
2025-08-03,21,Sunday,7.283359328134372,77824.0,0.0,0.0,0.0,7.283359328134372,0.0,0.0
2025-08-03,22,Sunday,7.1362207558488295,77824.0,0.0,0.0,0.0,7.1362207558488295,0.0,0.0
2025-08-03,23,Sunday,7.00747450509898,77824.0,0.0,0.0,0.0,7.00747450509898,0.0,0.0
2025-08-04,0,Monday,7.00747450509898,77824.0,0.0,0.0,0.0,7.00747450509898,0.0,0.0
2025-08-04,1,Monday,7.00747450509898,77824.0,0.0,0.0,0.0,7.00747450509898,0.0,0.0
2025-08-04,2,Monday,7.1362207558488295,77824.0,0.0,0.0,0.0,7.1362207558488295,0.0,0.0
2025-08-04,3,Monday,7.283359328134372,77824.0,0.0,0.0,0.0,7.283359328134372,0.0,0.0
2025-08-04,4,Monday,7.283359328134372,77824.0,0.0,0.0,0.0,7.283359328134372,0.0,0.0
2025-08-04,5,Monday,7.412105578884224,77824.0,0.0,0.0,0.0,7.412105578884224,0.0,0.0
2025-08-04,6,Monday,7.7063827234553095,77824.0,0.0,0.4283582481164878,0.4283582481164878,7.331997614601499,0.0,0.8855800767500961
2025-08-04,7,Monday,7.7063827234553095,77824.0,0.0,1.5310220173853542,1.5310220173853542,6.418332257576211,0.0,0.9467762249569567
2025-08-04,8,Monday,7.982267546490701,77824.0,0.0,3.1459240195293723,3.1459240195293723,5.152705782639838,0.0,0.9430766323081226
2025-08-04,9,Monday,7.982267546490701,77824.0,0.0,5.093054492751318,5.093054492751318,3.4192839012643175,0.0,0.9262111373442498
2025-08-04,10,Monday,8.111013797240552,77824.0,0.0,6.786237914438431,6.786237914438431,2.1397991170708988,0.0,0.9090581676030365
2025-08-04,11,Monday,8.111013797240552,77824.0,0.0,7.113,7.113,1.9681895883881744,0.0,0.9056300784957124
2025-08-04,12,Monday,8.258152369526094,77824.0,0.0,7.113,7.113,2.1384929586030923,0.0,0.9056300784957124
2025-08-04,13,Monday,8.258152369526094,77824.0,0.0,7.113,7.113,2.1384929586030923,0.0,0.9056300784957124
2025-08-04,14,Monday,8.111013797240552,77824.0,0.0,7.0538673253438136,7.0538673253438136,2.0422290986685674,0.0,0.9062524836511734
2025-08-04,15,Monday,8.111013797240552,77824.0,0.0,5.445928364369207,5.445928364369207,3.422396996544385,0.0,0.9227465548430007
2025-08-04,16,Monday,7.982267546490701,77824.0,0.0,3.4862354653056133,3.4862354653056133,4.926201369757573,0.0,0.9405584523480708
2025-08-04,17,Monday,7.982267546490701,77824.0,0.0,1.8737964584722464,1.8737964584722464,6.307973204344546,0.0,0.9481107447577778
2025-08-04,18,Monday,7.835128974205158,77824.0,0.0,0.6763652103277713,0.6763652103277713,7.22592330707765,0.0,0.9203088734765466
2025-08-04,19,Monday,7.7063827234553095,77824.0,0.0,0.0,0.0,7.7063827234553095,0.0,0.0
2025-08-04,20,Monday,7.559244151169766,77824.0,0.0,0.0,0.0,7.559244151169766,0.0,0.0
2025-08-04,21,Monday,7.283359328134372,77824.0,0.0,0.0,0.0,7.283359328134372,0.0,0.0
2025-08-04,22,Monday,7.1362207558488295,77824.0,0.0,0.0,0.0,7.1362207558488295,0.0,0.0
2025-08-04,23,Monday,7.00747450509898,77824.0,0.0,0.0,0.0,7.00747450509898,0.0,0.0
2025-08-05,0,Tuesday,7.00747450509898,77824.0,0.0,0.0,0.0,7.00747450509898,0.0,0.0
2025-08-05,1,Tuesday,7.00747450509898,77824.0,0.0,0.0,0.0,7.00747450509898,0.0,0.0
2025-08-05,2,Tuesday,7.1362207558488295,77824.0,0.0,0.0,0.0,7.1362207558488295,0.0,0.0
2025-08-05,3,Tuesday,7.283359328134372,77824.0,0.0,0.0,0.0,7.283359328134372,0.0,0.0
2025-08-05,4,Tuesday,7.283359328134372,77824.0,0.0,0.0,0.0,7.283359328134372,0.0,0.0
2025-08-05,5,Tuesday,7.412105578884224,77824.0,0.0,0.0,0.0,7.412105578884224,0.0,0.0
2025-08-05,6,Tuesday,7.7063827234553095,77824.0,0.0,0.25111369907652364,0.25111369907652364,7.486909350462428,0.0,0.8153070264835056
2025-08-05,7,Tuesday,7.7063827234553095,77824.0,0.0,1.2264836068008007,1.2264836068008007,6.75642005608836,0.0,0.9431324922950362
2025-08-05,8,Tuesday,7.982267546490701,77824.0,0.0,2.7438612744204502,2.7438612744204502,5.523834060347507,0.0,0.9456165838715737
2025-08-05,9,Tuesday,7.982267546490701,77824.0,0.0,3.914035984410634,3.914035984410634,4.466149076598345,0.0,0.9370570388270398
2025-08-05,10,Tuesday,8.111013797240552,77824.0,0.0,6.3515574455612445,6.3515574455612445,2.456830765956968,0.0,0.9135710735747544
2025-08-05,11,Tuesday,8.111013797240552,77824.0,0.0,7.113,7.113,1.9376943032201863,0.0,0.9056300784957124
2025-08-05,12,Tuesday,8.258152369526094,77824.0,0.0,7.113,7.113,2.1384929586030923,0.0,0.9056300784957124
2025-08-05,13,Tuesday,8.258152369526094,77824.0,0.0,5.988503527076091,5.988503527076091,3.105951896193212,0.0,0.9172911165495108
2025-08-05,14,Tuesday,8.111013797240552,77824.0,0.0,3.8437467778234855,3.8437467778234855,4.761470762355428,0.0,0.9376533546958729
2025-08-05,15,Tuesday,8.111013797240552,77824.0,0.0,1.1634942360953,1.1634942360953,7.074607237278686,0.0,0.9419139439625527
2025-08-05,16,Tuesday,7.982267546490701,77824.0,0.0,0.7833317705523941,0.7833317705523941,7.281327984930135,0.0,0.9279472524516045
2025-08-05,17,Tuesday,7.982267546490701,77824.0,0.0,0.24869990930199729,0.24869990930199729,7.763026168845037,0.0,0.8136388080662867
2025-08-05,18,Tuesday,7.835128974205158,77824.0,0.0,0.08653886033895154,0.08653886033895154,7.768238167786439,0.0,0.484916651553726
2025-08-05,19,Tuesday,7.7063827234553095,77824.0,0.0,0.0,0.0,7.7063827234553095,0.0,0.0
2025-08-05,20,Tuesday,7.559244151169766,77824.0,0.0,0.0,0.0,7.559244151169766,0.0,0.0
2025-08-05,21,Tuesday,7.283359328134372,77824.0,0.0,0.0,0.0,7.283359328134372,0.0,0.0
2025-08-05,22,Tuesday,7.1362207558488295,77824.0,0.0,0.0,0.0,7.1362207558488295,0.0,0.0
2025-08-05,23,Tuesday,7.00747450509898,77824.0,0.0,0.0,0.0,7.00747450509898,0.0,0.0
2025-08-06,0,Wednesday,7.00747450509898,77824.0,0.0,0.0,0.0,7.00747450509898,0.0,0.0
2025-08-06,1,Wednesday,7.00747450509898,77824.0,0.0,0.0,0.0,7.00747450509898,0.0,0.0
2025-08-06,2,Wednesday,7.1362207558488295,77824.0,0.0,0.0,0.0,7.1362207558488295,0.0,0.0
2025-08-06,3,Wednesday,7.283359328134372,77824.0,0.0,0.0,0.0,7.283359328134372,0.0,0.0
2025-08-06,4,Wednesday,7.283359328134372,77824.0,0.0,0.0,0.0,7.283359328134372,0.0,0.0
2025-08-06,5,Wednesday,7.412105578884224,77824.0,0.0,0.0,0.0,7.412105578884224,0.0,0.0
2025-08-06,6,Wednesday,7.7063827234553095,77824.0,0.0,0.20729117524015753,0.20729117524015753,7.525210236295412,0.0,0.7788705150279938
2025-08-06,7,Wednesday,7.7063827234553095,77824.0,0.0,1.1786435324357762,1.1786435324357762,6.834272563069776,0.0,0.9422259168289389
2025-08-06,8,Wednesday,7.982267546490701,77824.0,0.0,2.2946715187025375,2.2946715187025375,5.928273519736487,0.0,0.9476072925836603
2025-08-06,9,Wednesday,7.982267546490701,77824.0,0.0,4.656172231613898,4.656172231613898,3.7906559223979794,0.0,0.9303833152115972
2025-08-06,10,Wednesday,8.111013797240552,77824.0,0.0,5.572237074039044,5.572237074039044,3.1859132152556073,0.0,0.9214892505836523
2025-08-06,11,Wednesday,8.111013797240552,77824.0,0.0,4.1823078927608455,4.1823078927608455,4.449759619720782,0.0,0.9347177560000541
2025-08-06,12,Wednesday,8.258152369526094,77824.0,0.0,4.613238720497662,4.613238720497662,4.161680032045765,0.0,0.9307850639866649
2025-08-06,13,Wednesday,8.258152369526094,77824.0,0.0,0.9131551463155364,0.9131551463155364,7.450698756797689,0.0,0.9344300936572649
2025-08-06,14,Wednesday,8.111013797240552,77824.0,0.0,2.638434409422954,2.638434409422954,5.768852910550193,0.0,0.9461795285301295
2025-08-06,15,Wednesday,8.111013797240552,77824.0,0.0,2.581068300069209,2.581068300069209,5.790967509340183,0.0,0.9464639171827454
2025-08-06,16,Wednesday,7.982267546490701,77824.0,0.0,3.3507228677868017,3.3507228677868017,4.969496170193367,0.0,0.9415943294857079
2025-08-06,17,Wednesday,7.982267546490701,77824.0,0.0,1.7658201315510111,1.7658201315510111,6.402715634868569,0.0,0.9479099340733174
2025-08-06,18,Wednesday,7.835128974205158,77824.0,0.0,0.7815390769308203,0.7815390769308203,7.131341752060404,0.0,0.9278392154189475
2025-08-06,19,Wednesday,7.7063827234553095,77824.0,0.0,0.0,0.0,7.7063827234553095,0.0,0.0
2025-08-06,20,Wednesday,7.559244151169766,77824.0,0.0,0.0,0.0,7.559244151169766,0.0,0.0
2025-08-06,21,Wednesday,7.283359328134372,77824.0,0.0,0.0,0.0,7.283359328134372,0.0,0.0
2025-08-06,22,Wednesday,7.1362207558488295,77824.0,0.0,0.0,0.0,7.1362207558488295,0.0,0.0
2025-08-06,23,Wednesday,7.00747450509898,77824.0,0.0,0.0,0.0,7.00747450509898,0.0,0.0
2025-08-07,0,Thursday,7.00747450509898,77824.0,0.0,0.0,0.0,7.00747450509898,0.0,0.0
2025-08-07,1,Thursday,7.00747450509898,77824.0,0.0,0.0,0.0,7.00747450509898,0.0,0.0
2025-08-07,2,Thursday,7.1362207558488295,77824.0,0.0,0.0,0.0,7.1362207558488295,0.0,0.0
2025-08-07,3,Thursday,7.283359328134372,77824.0,0.0,0.0,0.0,7.283359328134372,0.0,0.0
2025-08-07,4,Thursday,7.283359328134372,77824.0,0.0,0.0,0.0,7.283359328134372,0.0,0.0
2025-08-07,5,Thursday,7.412105578884224,77824.0,0.0,0.0,0.0,7.412105578884224,0.0,0.0
2025-08-07,6,Thursday,7.7063827234553095,77824.0,0.0,0.054709444345486094,0.054709444345486094,7.658566669097355,0.0,0.1903216784964043
2025-08-07,7,Thursday,7.7063827234553095,77824.0,0.0,1.2622479200087025,1.2622479200087025,7.478161237781391,0.0,0.9437383362015024
2025-08-07,8,Thursday,7.982267546490701,77824.0,0.0,2.9628492170762413,2.9628492170762413,5.325920875478218,0.0,0.9443019464955575
2025-08-07,9,Thursday,7.982267546490701,77824.0,0.0,2.0124223405074853,2.0124223405074853,6.176949929843955,0.0,0.9481433099594553
2025-08-07,10,Thursday,8.111013797240552,77824.0,0.0,0.8876489186121934,0.8876489186121934,7.311476332654401,0.0,0.9333402732476968
2025-08-07,11,Thursday,8.111013797240552,77824.0,0.0,5.3082926811098625,5.3082926811098625,3.4042926228480157,0.0,0.9241067157970391
2025-08-07,12,Thursday,8.258152369526094,77824.0,0.0,5.451751256321346,5.451751256321346,3.472052418145668,0.0,0.9226887785702647
2025-08-07,13,Thursday,8.258152369526094,77824.0,0.0,3.8342831835438336,3.8342831835438336,4.8971948055753565,0.0,0.9377330673974471
2025-08-07,14,Thursday,8.111013797240552,77824.0,0.0,2.664504438665637,2.664504438665637,5.737349572894714,0.0,0.9460450286785514
2025-08-07,15,Thursday,8.111013797240552,77824.0,0.0,4.773019935737727,4.773019935737727,3.821296604351672,0.0,0.9292819275009879
2025-08-07,16,Thursday,7.982267546490701,77824.0,0.0,3.7422549050979077,3.7422549050979077,4.678538187651761,0.0,0.9385007998886419
2025-08-07,17,Thursday,7.982267546490701,77824.0,0.0,1.9609150783846154,1.9609150783846154,6.233963195391923,0.0,0.9481578348139551
2025-08-07,18,Thursday,7.835128974205158,77824.0,0.0,0.6902570273940317,0.6902570273940317,7.213379996074068,0.0,0.9214559911728751
2025-08-07,19,Thursday,6.0,71312.56585938206,0.0,0.0,0.0,0.0,6.511434140617937,0.9083481192940849
2025-08-07,20,Thursday,6.0,64707.16879568488,0.0,0.0,0.0,0.0,6.6053970636971755,0.9073116203653132
2025-08-07,21,Thursday,6.0,58094.22582733162,0.0,0.0,0.0,0.0,6.612942968353259,0.9072282697323992
2025-08-07,22,Thursday,6.0,51480.67530187259,0.0,0.0,0.0,0.0,6.6135505254590345,0.9072215580570295
2025-08-07,23,Thursday,6.0,44867.07584900021,0.0,0.0,0.0,0.0,6.613599452872381,0.9072210175519082
2025-08-08,0,Friday,6.0,38253.472455870375,0.0,0.0,0.0,0.0,6.613603393129833,0.9072209740235332
2025-08-08,1,Friday,6.0,31639.868745420485,0.0,0.0,0.0,0.0,6.613603710449888,0.90722097051807
2025-08-08,2,Friday,6.0,25026.265009415914,0.0,0.0,0.0,0.0,6.6136037360045705,0.9072209702357652
2025-08-08,3,Friday,7.283359328134372,25026.265009415914,0.0,0.0,0.0,7.283359328134372,0.0,0.0
2025-08-08,4,Friday,7.283359328134372,25026.265009415914,0.0,0.0,0.0,7.283359328134372,0.0,0.0
2025-08-08,5,Friday,7.412105578884224,25026.265009415914,0.0,0.0,0.0,7.412105578884224,0.0,0.0
2025-08-08,6,Friday,7.7063827234553095,25266.97349474354,0.28439093257044407,0.0,0.28439093257044407,7.7063827234553095,0.0,0.0
2025-08-08,7,Friday,7.7063827234553095,26623.25958417002,1.6024174024414977,0.0,1.6024174024414977,7.7063827234553095,0.0,0.0
2025-08-08,8,Friday,7.982267546490701,29322.274010958234,3.1888166668102693,0.0,3.1888166668102693,7.982267546490701,0.0,0.0
2025-08-08,9,Friday,7.982267546490701,33517.23360931832,4.956237710727888,0.0,4.956237710727888,7.982267546490701,0.0,0.0
2025-08-08,10,Friday,8.111013797240552,39366.943780312344,6.91128328331052,0.0,6.91128328331052,8.111013797240552,0.0,0.0
2025-08-08,11,Friday,8.111013797240552,45387.386980312345,7.113,0.0,7.113,8.111013797240552,0.0,0.0
2025-08-08,12,Friday,8.258152369526094,51407.83018031235,7.113,0.0,7.113,8.258152369526094,0.0,0.0
2025-08-08,13,Friday,8.258152369526094,57331.737522945485,6.998945348101535,0.0,6.998945348101535,8.258152369526094,0.0,0.0
2025-08-08,14,Friday,8.111013797240552,62728.24310372238,6.375833625681577,0.0,6.375833625681577,8.111013797240552,0.0,0.0
2025-08-08,15,Friday,8.111013797240552,66863.36592440226,4.885542084924247,0.0,4.885542084924247,8.111013797240552,0.0,0.0
2025-08-08,16,Friday,7.982267546490701,69763.09125228862,3.4259514743458874,0.0,3.4259514743458874,7.982267546490701,0.0,0.0
2025-08-08,17,Friday,7.982267546490701,71438.18938981739,1.9790857012390826,0.0,1.9790857012390826,7.982267546490701,0.0,0.0
2025-08-08,18,Friday,7.835128974205158,71941.11679930988,0.5941958996839626,0.0,0.5941958996839626,7.835128974205158,0.0,0.0
2025-08-08,19,Friday,7.7063827234553095,71941.11679930988,0.0,0.0,0.0,7.7063827234553095,0.0,0.0
2025-08-08,20,Friday,7.559244151169766,71941.11679930988,0.0,0.0,0.0,7.559244151169766,0.0,0.0
2025-08-08,21,Friday,7.283359328134372,71941.11679930988,0.0,0.0,0.0,7.283359328134372,0.0,0.0
2025-08-08,22,Friday,7.1362207558488295,71941.11679930988,0.0,0.0,0.0,7.1362207558488295,0.0,0.0
2025-08-08,23,Friday,7.00747450509898,71941.11679930988,0.0,0.0,0.0,7.00747450509898,0.0,0.0
2025-08-09,0,Saturday,7.00747450509898,71941.11679930988,0.0,0.0,0.0,7.00747450509898,0.0,0.0
2025-08-09,1,Saturday,7.00747450509898,71941.11679930988,0.0,0.0,0.0,7.00747450509898,0.0,0.0
2025-08-09,2,Saturday,7.1362207558488295,71941.11679930988,0.0,0.0,0.0,7.1362207558488295,0.0,0.0
2025-08-09,3,Saturday,7.283359328134372,71941.11679930988,0.0,0.0,0.0,7.283359328134372,0.0,0.0
2025-08-09,4,Saturday,7.283359328134372,71941.11679930988,0.0,0.0,0.0,7.283359328134372,0.0,0.0
2025-08-09,5,Saturday,7.412105578884224,71941.11679930988,0.0,0.0,0.0,7.412105578884224,0.0,0.0
2025-08-09,6,Saturday,7.7063827234553095,72209.46674857891,0.3170486168112258,0.0,0.3170486168112258,7.7063827234553095,0.0,0.0
2025-08-09,7,Saturday,7.7063827234553095,73640.62187218582,1.690873255679247,0.0,1.690873255679247,7.7063827234553095,0.0,0.0
2025-08-09,8,Saturday,7.982267546490701,76306.31975727528,3.1494540230263106,0.0,3.1494540230263106,7.982267546490701,0.0,0.0
2025-08-09,9,Saturday,7.982267546490701,77824.0,1.7931004758089653,3.349671699406093,5.142772175215058,5.054654481209775,0.0,0.9416022038040539
2025-08-09,10,Saturday,8.111013797240552,77824.0,0.0,7.113,7.113,1.7482781453652292,0.0,0.9056300784957124
2025-08-09,11,Saturday,8.111013797240552,77824.0,0.0,5.822230131686211,5.822230131686211,3.1018664026204217,0.0,0.9189774052488426
2025-08-09,12,Saturday,8.258152369526094,77824.0,0.0,5.797776796335227,5.797776796335227,3.1965277868434043,0.0,0.9192243904848888
2025-08-09,13,Saturday,8.258152369526094,77824.0,0.0,5.3769107812479815,5.3769107812479815,3.5626942107210064,0.0,0.9234299459605017
2025-08-09,14,Saturday,8.111013797240552,77824.0,0.0,5.0891577736719595,5.0891577736719595,3.6465071437105063,0.0,0.9262489639577725
2025-08-09,15,Saturday,8.111013797240552,77824.0,0.0,4.191193934280615,4.191193934280615,4.423029209835709,0.0,0.9346386963828891
2025-08-09,16,Saturday,7.982267546490701,77824.0,0.0,2.9218882706905025,2.9218882706905025,5.387903194410807,0.0,0.944561313611988
2025-08-09,17,Saturday,7.982267546490701,77824.0,0.0,1.7498613038651365,1.7498613038651365,6.412058819263944,0.0,0.9478652669414621
2025-08-09,18,Saturday,7.835128974205158,77824.0,0.0,0.529027444454005,0.529027444454005,7.358754571341241,0.0,0.903922634532814
2025-08-09,19,Saturday,7.7063827234553095,77824.0,0.0,0.0,0.0,7.7063827234553095,0.0,0.0
2025-08-09,20,Saturday,7.559244151169766,77824.0,0.0,0.0,0.0,7.559244151169766,0.0,0.0
2025-08-09,21,Saturday,7.283359328134372,77824.0,0.0,0.0,0.0,7.283359328134372,0.0,0.0
2025-08-09,22,Saturday,7.1362207558488295,77824.0,0.0,0.0,0.0,7.1362207558488295,0.0,0.0
2025-08-09,23,Saturday,7.00747450509898,77824.0,0.0,0.0,0.0,7.00747450509898,0.0,0.0
2025-08-10,0,Sunday,7.00747450509898,77824.0,0.0,0.0,0.0,7.00747450509898,0.0,0.0
2025-08-10,1,Sunday,7.00747450509898,77824.0,0.0,0.0,0.0,7.00747450509898,0.0,0.0
2025-08-10,2,Sunday,7.1362207558488295,77824.0,0.0,0.0,0.0,7.1362207558488295,0.0,0.0
2025-08-10,3,Sunday,7.283359328134372,77824.0,0.0,0.0,0.0,7.283359328134372,0.0,0.0
2025-08-10,4,Sunday,7.283359328134372,77824.0,0.0,0.0,0.0,7.283359328134372,0.0,0.0
2025-08-10,5,Sunday,7.412105578884224,77824.0,0.0,0.0,0.0,7.412105578884224,0.0,0.0
2025-08-10,6,Sunday,7.7063827234553095,77824.0,0.0,0.3057427518951029,0.3057427518951029,7.43916355829899,0.0,0.8459020217295184
2025-08-10,7,Sunday,7.7063827234553095,77824.0,0.0,1.7443797825702285,1.7443797825702285,6.304587057952068,0.0,0.9478489680865118
2025-08-10,8,Sunday,7.982267546490701,77824.0,0.0,3.0242502741698054,3.0242502741698054,5.259061669963861,0.0,0.9439026189711426
2025-08-10,9,Sunday,7.982267546490701,77824.0,0.0,5.17595399454814,5.17595399454814,3.340950841918972,0.0,0.9254040540588484
2025-08-10,10,Sunday,8.111013797240552,77824.0,0.0,7.113,7.113,1.8577347125459935,0.0,0.9056300784957124
2025-08-10,11,Sunday,8.111013797240552,77824.0,0.0,5.8121775853613,5.8121775853613,3.1105150965218673,0.0,0.9190789710315437
2025-08-10,12,Sunday,8.258152369526094,77824.0,0.0,6.00092433077995,6.00092433077995,3.018595178313273,0.0,0.917164683533751
2025-08-10,13,Sunday,8.258152369526094,77824.0,0.0,5.637888679645828,5.637888679645828,3.345823602193505,0.0,0.9208325084858205
2025-08-10,14,Sunday,8.111013797240552,77824.0,0.0,4.993827819988842,4.993827819988842,3.742458748735281,0.0,0.927171153926991
2025-08-10,15,Sunday,8.111013797240552,77824.0,0.0,4.108998592014385,4.108998592014385,4.491756079500313,0.0,0.9353663225547978
2025-08-10,16,Sunday,7.982267546490701,77824.0,0.0,3.0264955429029525,3.0264955429029525,5.292929640606761,0.0,0.9438877854603466
2025-08-10,17,Sunday,7.982267546490701,77824.0,0.0,1.6844535016833344,1.6844535016833344,6.471829215346633,0.0,0.9476373359075507
2025-08-10,18,Sunday,7.835128974205158,77824.0,0.0,0.5770038844088694,0.5770038844088694,7.315678071567105,0.0,0.9102713626640605
2025-08-10,19,Sunday,7.7063827234553095,77824.0,0.0,0.0,0.0,7.7063827234553095,0.0,0.0
2025-08-10,20,Sunday,7.559244151169766,77824.0,0.0,0.0,0.0,7.559244151169766,0.0,0.0
2025-08-10,21,Sunday,7.283359328134372,77824.0,0.0,0.0,0.0,7.283359328134372,0.0,0.0
2025-08-10,22,Sunday,7.1362207558488295,77824.0,0.0,0.0,0.0,7.1362207558488295,0.0,0.0
2025-08-10,23,Sunday,7.00747450509898,77824.0,0.0,0.0,0.0,7.00747450509898,0.0,0.0
2025-08-11,0,Monday,7.00747450509898,77824.0,0.0,0.0,0.0,7.00747450509898,0.0,0.0
2025-08-11,1,Monday,7.00747450509898,77824.0,0.0,0.0,0.0,7.00747450509898,0.0,0.0
2025-08-11,2,Monday,7.1362207558488295,77824.0,0.0,0.0,0.0,7.1362207558488295,0.0,0.0
2025-08-11,3,Monday,7.283359328134372,77824.0,0.0,0.0,0.0,7.283359328134372,0.0,0.0
2025-08-11,4,Monday,7.283359328134372,77824.0,0.0,0.0,0.0,7.283359328134372,0.0,0.0
2025-08-11,5,Monday,7.412105578884224,77824.0,0.0,0.0,0.0,7.412105578884224,0.0,0.0
2025-08-11,6,Monday,7.7063827234553095,77824.0,0.0,0.294386957611184,0.294386957611184,7.449088522503135,0.0,0.8404960968536553
2025-08-11,7,Monday,7.7063827234553095,77824.0,0.0,1.6575769145515051,1.6575769145515051,6.382855142885807,0.0,0.9475214046379477
2025-08-11,8,Monday,7.982267546490701,77824.0,0.0,3.035564460676398,3.035564460676398,5.249818359924023,0.0,0.9438277090512488
2025-08-11,9,Monday,7.982267546490701,77824.0,0.0,5.072592686874834,5.072592686874834,3.4339966886176683,0.0,0.9264096530858845
2025-08-11,10,Monday,8.111013797240552,77824.0,0.0,7.0936056340534055,7.0936056340534055,1.8680082993976352,0.0,0.905834310272333
2025-08-11,11,Monday,8.111013797240552,77824.0,0.0,5.894339977451081,5.894339977451081,3.0386831786547663,0.0,0.9182475410828095
2025-08-11,12,Monday,8.258152369526094,77824.0,0.0,6.035663604823339,6.035663604823339,2.9930307687906588,0.0,0.9168107364455425
2025-08-11,13,Monday,8.258152369526094,77824.0,0.0,5.840387332762079,5.840387332762079,3.1713490484331164,0.0,0.9187938404769966
2025-08-11,14,Monday,8.111013797240552,77824.0,0.0,5.360843271801188,5.360843271801188,3.431779508241746,0.0,0.9235886594595281
2025-08-11,15,Monday,8.111013797240552,77824.0,0.0,4.26280525896193,4.26280525896193,4.370789132311961,0.0,0.9339981816616258
2025-08-11,16,Monday,7.982267546490701,77824.0,0.0,3.0218927480474114,3.0218927480474114,5.300947331230602,0.0,0.9439181769049426
2025-08-11,17,Monday,7.982267546490701,77824.0,0.0,1.7304336677881793,1.7304336677881793,6.430549143184828,0.0,0.9478052499593108
2025-08-11,18,Monday,7.835128974205158,77824.0,0.0,0.5683872300086268,0.5683872300086268,7.323344593623752,0.0,0.909216881735593
2025-08-11,19,Monday,7.7063827234553095,77824.0,0.0,0.0,0.0,7.7063827234553095,0.0,0.0
2025-08-11,20,Monday,7.559244151169766,77824.0,0.0,0.0,0.0,7.559244151169766,0.0,0.0
2025-08-11,21,Monday,7.283359328134372,77824.0,0.0,0.0,0.0,7.283359328134372,0.0,0.0
2025-08-11,22,Monday,7.1362207558488295,77824.0,0.0,0.0,0.0,7.1362207558488295,0.0,0.0
2025-08-11,23,Monday,7.00747450509898,77824.0,0.0,0.0,0.0,7.00747450509898,0.0,0.0
2025-08-12,0,Tuesday,7.00747450509898,77824.0,0.0,0.0,0.0,7.00747450509898,0.0,0.0
2025-08-12,1,Tuesday,7.00747450509898,77824.0,0.0,0.0,0.0,7.00747450509898,0.0,0.0
2025-08-12,2,Tuesday,7.1362207558488295,77824.0,0.0,0.0,0.0,7.1362207558488295,0.0,0.0
2025-08-12,3,Tuesday,7.283359328134372,77824.0,0.0,0.0,0.0,7.283359328134372,0.0,0.0
2025-08-12,4,Tuesday,7.283359328134372,77824.0,0.0,0.0,0.0,7.283359328134372,0.0,0.0
2025-08-12,5,Tuesday,7.412105578884224,77824.0,0.0,0.0,0.0,7.412105578884224,0.0,0.0
2025-08-12,6,Tuesday,7.7063827234553095,77824.0,0.0,0.2507875112691552,0.2507875112691552,7.487194438606068,0.0,0.8150834990783724
2025-08-12,7,Tuesday,7.7063827234553095,77824.0,0.0,1.6576443475885831,1.6576443475885831,6.422820096148321,0.0,0.9475217126451893
2025-08-12,8,Tuesday,7.982267546490701,77824.0,0.0,3.1538332600325947,3.1538332600325947,5.143358329144428,0.0,0.9430214415502481
2025-08-12,9,Tuesday,7.982267546490701,77824.0,0.0,4.838599775171539,4.838599775171539,3.6475093781770784,0.0,0.9286589012917139
2025-08-12,10,Tuesday,8.111013797240552,77824.0,0.0,6.546536504988842,6.546536504988842,2.3354893691509693,0.0,0.9115540438382616
2025-08-12,11,Tuesday,8.111013797240552,77824.0,0.0,7.113,7.113,1.9513240791100763,0.0,0.9056300784957124
2025-08-12,12,Tuesday,8.258152369526094,77824.0,0.0,7.113,7.113,2.1384929586030923,0.0,0.9056300784957124
2025-08-12,13,Tuesday,8.258152369526094,77824.0,0.0,7.113,7.113,2.1384929586030923,0.0,0.9056300784957124
2025-08-12,14,Tuesday,8.111013797240552,77824.0,0.0,6.12408675303616,6.12408675303616,2.842164488717197,0.0,0.9159076678488215
2025-08-12,15,Tuesday,8.111013797240552,77824.0,0.0,4.061720963267558,4.061720963267558,4.576860491067448,0.0,0.9357810037745944
2025-08-12,16,Tuesday,7.982267546490701,77824.0,0.0,2.7972286456579667,2.7972286456579667,5.495553788160883,0.0,0.9453132594639617
2025-08-12,17,Tuesday,7.982267546490701,77824.0,0.0,1.4110878499148638,1.4110878499148638,6.715043494437338,0.0,0.9457078396779578
2025-08-12,18,Tuesday,7.835128974205158,77824.0,0.0,0.23665766015879652,0.23665766015879652,7.6225104198997435,0.0,0.8047994013667371
2025-08-12,19,Tuesday,7.7063827234553095,77824.0,0.0,0.0,0.0,7.7063827234553095,0.0,0.0
2025-08-12,20,Tuesday,7.559244151169766,77824.0,0.0,0.0,0.0,7.559244151169766,0.0,0.0
2025-08-12,21,Tuesday,7.283359328134372,77824.0,0.0,0.0,0.0,7.283359328134372,0.0,0.0
2025-08-12,22,Tuesday,7.1362207558488295,77824.0,0.0,0.0,0.0,7.1362207558488295,0.0,0.0
2025-08-12,23,Tuesday,7.00747450509898,77824.0,0.0,0.0,0.0,7.00747450509898,0.0,0.0
2025-08-13,0,Wednesday,7.00747450509898,77824.0,0.0,0.0,0.0,7.00747450509898,0.0,0.0
2025-08-13,1,Wednesday,7.00747450509898,77824.0,0.0,0.0,0.0,7.00747450509898,0.0,0.0
2025-08-13,2,Wednesday,7.1362207558488295,77824.0,0.0,0.0,0.0,7.1362207558488295,0.0,0.0
2025-08-13,3,Wednesday,7.283359328134372,77824.0,0.0,0.0,0.0,7.283359328134372,0.0,0.0
2025-08-13,4,Wednesday,7.283359328134372,77824.0,0.0,0.0,0.0,7.283359328134372,0.0,0.0
2025-08-13,5,Wednesday,7.412105578884224,77824.0,0.0,0.0,0.0,7.412105578884224,0.0,0.0
2025-08-13,6,Wednesday,7.7063827234553095,77824.0,0.0,0.27304873617958303,0.27304873617958303,7.4677381280343536,0.0,0.8290926170448173
2025-08-13,7,Wednesday,7.7063827234553095,77824.0,0.0,1.6511657080554392,1.6511657080554392,6.405861890292284,0.0,0.9474917191285254
2025-08-13,8,Wednesday,7.982267546490701,77824.0,0.0,3.0897329496418053,3.0897329496418053,5.201145981591745,0.0,0.9434635791977097
2025-08-13,9,Wednesday,7.982267546490701,77824.0,0.0,5.023219666454723,5.023219666454723,3.480003981161488,0.0,0.9268874931206419
2025-08-13,10,Wednesday,8.111013797240552,77824.0,0.0,6.605096479615218,6.605096479615218,2.294941545320552,0.0,0.9109458776928822
2025-08-13,11,Wednesday,8.111013797240552,77824.0,0.0,7.113,7.113,1.955433670612556,0.0,0.9056300784957124
2025-08-13,12,Wednesday,8.258152369526094,77824.0,0.0,7.113,7.113,2.1384929586030923,0.0,0.9056300784957124
2025-08-13,13,Wednesday,8.258152369526094,77824.0,0.0,7.113,7.113,2.1384929586030923,0.0,0.9056300784957124
2025-08-13,14,Wednesday,8.111013797240552,77824.0,0.0,6.398138290569761,6.398138290569761,2.6063846390411927,0.0,0.9130903415486741
2025-08-13,15,Wednesday,8.111013797240552,77824.0,0.0,5.111204922668045,5.111204922668045,3.6773715411045345,0.0,0.9260348131866871
2025-08-13,16,Wednesday,7.982267546490701,77824.0,0.0,3.3183438565329775,3.3183438565329775,5.06301070988068,0.0,0.941835686237996
2025-08-13,17,Wednesday,7.982267546490701,77824.0,0.0,1.7494750603120182,1.7494750603120182,6.416935404704733,0.0,0.9478641346468026
2025-08-13,18,Wednesday,7.835128974205158,77824.0,0.0,0.5604832858526786,0.5604832858526786,7.33043006971285,0.0,0.9082184536545385
2025-08-13,19,Wednesday,7.7063827234553095,77824.0,0.0,0.0,0.0,7.7063827234553095,0.0,0.0
2025-08-13,20,Wednesday,7.559244151169766,77824.0,0.0,0.0,0.0,7.559244151169766,0.0,0.0
2025-08-13,21,Wednesday,7.283359328134372,77824.0,0.0,0.0,0.0,7.283359328134372,0.0,0.0
2025-08-13,22,Wednesday,7.1362207558488295,77824.0,0.0,0.0,0.0,7.1362207558488295,0.0,0.0
2025-08-13,23,Wednesday,7.00747450509898,77824.0,0.0,0.0,0.0,7.00747450509898,0.0,0.0
2025-08-14,0,Thursday,7.00747450509898,77824.0,0.0,0.0,0.0,7.00747450509898,0.0,0.0
2025-08-14,1,Thursday,7.00747450509898,77824.0,0.0,0.0,0.0,7.00747450509898,0.0,0.0
2025-08-14,2,Thursday,7.1362207558488295,77824.0,0.0,0.0,0.0,7.1362207558488295,0.0,0.0
2025-08-14,3,Thursday,7.283359328134372,77824.0,0.0,0.0,0.0,7.283359328134372,0.0,0.0
2025-08-14,4,Thursday,7.283359328134372,77824.0,0.0,0.0,0.0,7.283359328134372,0.0,0.0
2025-08-14,5,Thursday,7.412105578884224,77824.0,0.0,0.0,0.0,7.412105578884224,0.0,0.0
2025-08-14,6,Thursday,7.7063827234553095,77824.0,0.0,0.24008972317545565,0.24008972317545565,7.496544305399961,0.0,0.8074103977331879
2025-08-14,7,Thursday,7.7063827234553095,77824.0,0.0,1.643511630489078,1.643511630489078,6.445743763165618,0.0,0.9474552287637944
2025-08-14,8,Thursday,7.982267546490701,77824.0,0.0,3.0509482633073923,3.0509482633073923,5.236162505970215,0.0,0.9437252113124915
2025-08-14,9,Thursday,7.982267546490701,77824.0,0.0,4.820094393764753,4.820094393764753,3.660865176203994,0.0,0.9288350507556697
2025-08-14,10,Thursday,8.111013797240552,77824.0,0.0,6.4233691230785,6.4233691230785,2.4430759310563834,0.0,0.9128296452336248
2025-08-14,11,Thursday,8.111013797240552,77824.0,0.0,7.113,7.113,1.9427043940211188,0.0,0.9056300784957124
2025-08-14,12,Thursday,8.258152369526094,77824.0,0.0,7.113,7.113,2.1384929586030923,0.0,0.9056300784957124
2025-08-14,13,Thursday,8.258152369526094,77824.0,0.0,7.113,7.113,2.1384929586030923,0.0,0.9056300784957124
2025-08-14,14,Thursday,8.111013797240552,77824.0,0.0,6.94499443068942,6.94499443068942,2.1358977383938855,0.0,0.9073961300034178
2025-08-14,15,Thursday,8.111013797240552,77824.0,0.0,5.234992684731082,5.234992684731082,3.5983122996554258,0.0,0.9248266079427538
2025-08-14,16,Thursday,7.982267546490701,77824.0,0.0,3.2807445952286542,3.2807445952286542,5.099853645735454,0.0,0.9421127907432224
2025-08-14,17,Thursday,7.982267546490701,77824.0,0.0,1.668272212336498,1.668272212336498,6.489151986291178,0.0,0.9475691685393807
2025-08-14,18,Thursday,7.835128974205158,77824.0,0.0,0.5186454660226458,0.5186454660226458,7.36824914384965,0.0,0.9023808821421855
2025-08-14,19,Thursday,6.0,71174.92296530436,0.0,0.0,0.0,0.0,6.649077034695642,0.9068289131806236
2025-08-14,20,Thursday,6.0,64558.45991169977,0.0,0.0,0.0,0.0,6.616463053604589,0.9071893819201364
2025-08-14,21,Thursday,6.0,57944.62588809101,0.0,0.0,0.0,0.0,6.61383402360876,0.9072184262202923
2025-08-14,22,Thursday,6.0,51331.00360420778,0.0,0.0,0.0,0.0,6.613622283883231,0.9072207653356353
2025-08-14,23,Thursday,6.0,44717.39837243132,0.0,0.0,0.0,0.0,6.613605231776458,0.9072209537118385
2025-08-15,0,Friday,6.0,38103.794513910005,0.0,0.0,0.0,0.0,6.613603858521312,0.9072209688823117
2025-08-15,1,Friday,6.0,31490.19076598082,0.0,0.0,0.0,0.0,6.613603747929181,0.9072209701040329
2025-08-15,2,Friday,6.0,24876.587026957935,0.0,0.0,0.0,0.0,6.613603739022884,0.9072209702024217
2025-08-15,3,Friday,7.283359328134372,24876.587026957935,0.0,0.0,0.0,7.283359328134372,0.0,0.0
2025-08-15,4,Friday,7.283359328134372,24876.587026957935,0.0,0.0,0.0,7.283359328134372,0.0,0.0
2025-08-15,5,Friday,7.412105578884224,24876.587026957935,0.0,0.0,0.0,7.412105578884224,0.0,0.0
2025-08-15,6,Friday,7.7063827234553095,25088.85357649615,0.2507875112691552,0.0,0.2507875112691552,7.7063827234553095,0.0,0.0
2025-08-15,7,Friday,7.7063827234553095,26431.404557242837,1.5861897220542145,0.0,1.5861897220542145,7.7063827234553095,0.0,0.0
2025-08-15,8,Friday,7.982267546490701,28998.636295200515,3.0331187830312847,0.0,3.0331187830312847,7.982267546490701,0.0,0.0
2025-08-15,9,Friday,7.982267546490701,33155.534259937915,4.91126886192982,0.0,4.91126886192982,7.982267546490701,0.0,0.0
2025-08-15,10,Friday,8.111013797240552,38769.22847286671,6.632436451948006,0.0,6.632436451948006,8.111013797240552,0.0,0.0
2025-08-15,11,Friday,8.111013797240552,44098.28938821385,6.296149474653994,0.0,6.296149474653994,8.111013797240552,0.0,0.0
2025-08-15,12,Friday,8.258152369526094,50118.732588213854,7.113,0.0,7.113,8.258152369526094,0.0,0.0
2025-08-15,13,Friday,8.258152369526094,55960.72287451003,6.902162436550301,0.0,6.902162436550301,8.258152369526094,0.0,0.0
2025-08-15,14,Friday,8.111013797240552,61568.128544694744,6.625006699178539,0.0,6.625006699178539,8.111013797240552,0.0,0.0
2025-08-15,15,Friday,8.111013797240552,65034.91239534703,4.09591664774609,0.0,4.09591664774609,8.111013797240552,0.0,0.0
2025-08-15,16,Friday,7.982267546490701,66923.12446009697,2.230874367615709,0.0,2.230874367615709,7.982267546490701,0.0,0.0
2025-08-15,17,Friday,7.982267546490701,68362.17380458029,1.7002000761854033,0.0,1.7002000761854033,7.982267546490701,0.0,0.0
2025-08-15,18,Friday,7.835128974205158,68795.06426268068,0.5114490289465755,0.0,0.5114490289465755,7.835128974205158,0.0,0.0
2025-08-15,19,Friday,7.7063827234553095,68795.06426268068,0.0,0.0,0.0,7.7063827234553095,0.0,0.0
2025-08-15,20,Friday,7.559244151169766,68795.06426268068,0.0,0.0,0.0,7.559244151169766,0.0,0.0
2025-08-15,21,Friday,7.283359328134372,68795.06426268068,0.0,0.0,0.0,7.283359328134372,0.0,0.0
2025-08-15,22,Friday,7.1362207558488295,68795.06426268068,0.0,0.0,0.0,7.1362207558488295,0.0,0.0
2025-08-15,23,Friday,7.00747450509898,68795.06426268068,0.0,0.0,0.0,7.00747450509898,0.0,0.0
2025-08-16,0,Saturday,7.00747450509898,68795.06426268068,0.0,0.0,0.0,7.00747450509898,0.0,0.0
2025-08-16,1,Saturday,7.00747450509898,68795.06426268068,0.0,0.0,0.0,7.00747450509898,0.0,0.0
2025-08-16,2,Saturday,7.1362207558488295,68795.06426268068,0.0,0.0,0.0,7.1362207558488295,0.0,0.0
2025-08-16,3,Saturday,7.283359328134372,68795.06426268068,0.0,0.0,0.0,7.283359328134372,0.0,0.0
2025-08-16,4,Saturday,7.283359328134372,68795.06426268068,0.0,0.0,0.0,7.283359328134372,0.0,0.0
2025-08-16,5,Saturday,7.412105578884224,68795.06426268068,0.0,0.0,0.0,7.412105578884224,0.0,0.0
2025-08-16,6,Saturday,7.7063827234553095,69007.60689757905,0.25111369907652364,0.0,0.25111369907652364,7.7063827234553095,0.0,0.0
2025-08-16,7,Saturday,7.7063827234553095,70381.43490500357,1.6231427308890771,0.0,1.6231427308890771,7.7063827234553095,0.0,0.0
2025-08-16,8,Saturday,7.982267546490701,72896.23229651844,2.971168940825696,0.0,2.971168940825696,7.982267546490701,0.0,0.0
2025-08-16,9,Saturday,7.982267546490701,77025.625191278,4.878772323676219,0.0,4.878772323676219,7.982267546490701,0.0,0.0
2025-08-16,10,Saturday,8.111013797240552,77824.0,0.9432594621006641,5.4682813350442085,6.411540797144872,3.331735910411914,0.0,0.9225246629090089
2025-08-16,11,Saturday,8.111013797240552,77824.0,0.0,7.113,7.113,1.877191766332361,0.0,0.9056300784957124
2025-08-16,12,Saturday,8.258152369526094,77824.0,0.0,7.113,7.113,2.1384929586030923,0.0,0.9056300784957124
2025-08-16,13,Saturday,8.258152369526094,77824.0,0.0,7.113,7.113,2.1384929586030923,0.0,0.9056300784957124
2025-08-16,14,Saturday,8.111013797240552,77824.0,0.0,6.816820039920071,6.816820039920071,2.2461723927887913,0.0,0.908738535612405
2025-08-16,15,Saturday,8.111013797240552,77824.0,0.0,4.995501074238051,4.995501074238051,3.798389682929934,0.0,0.9271550215831539
2025-08-16,16,Saturday,7.982267546490701,77824.0,0.0,3.277210589234046,3.277210589234046,5.09570940462656,0.0,0.9421386574160163
2025-08-16,17,Saturday,7.982267546490701,77824.0,0.0,1.7488941482404532,1.7488941482404532,6.4169518009440125,0.0,0.9478624270664397
2025-08-16,18,Saturday,7.835128974205158,77824.0,0.0,0.5621068184704671,0.5621068184704671,7.328969037640447,0.0,0.9084260368806106
2025-08-16,19,Saturday,7.7063827234553095,77824.0,0.0,0.0,0.0,7.7063827234553095,0.0,0.0
2025-08-16,20,Saturday,7.559244151169766,77824.0,0.0,0.0,0.0,7.559244151169766,0.0,0.0
2025-08-16,21,Saturday,7.283359328134372,77824.0,0.0,0.0,0.0,7.283359328134372,0.0,0.0
2025-08-16,22,Saturday,7.1362207558488295,77824.0,0.0,0.0,0.0,7.1362207558488295,0.0,0.0
2025-08-16,23,Saturday,7.00747450509898,77824.0,0.0,0.0,0.0,7.00747450509898,0.0,0.0
2025-08-17,0,Sunday,7.00747450509898,77824.0,0.0,0.0,0.0,7.00747450509898,0.0,0.0
2025-08-17,1,Sunday,7.00747450509898,77824.0,0.0,0.0,0.0,7.00747450509898,0.0,0.0
2025-08-17,2,Sunday,7.1362207558488295,77824.0,0.0,0.0,0.0,7.1362207558488295,0.0,0.0
2025-08-17,3,Sunday,7.283359328134372,77824.0,0.0,0.0,0.0,7.283359328134372,0.0,0.0
2025-08-17,4,Sunday,7.283359328134372,77824.0,0.0,0.0,0.0,7.283359328134372,0.0,0.0
2025-08-17,5,Sunday,7.412105578884224,77824.0,0.0,0.0,0.0,7.412105578884224,0.0,0.0
2025-08-17,6,Sunday,7.7063827234553095,77824.0,0.0,0.25104846151505,0.25104846151505,7.486966368091156,0.0,0.8152623682442627
2025-08-17,7,Sunday,7.7063827234553095,77824.0,0.0,1.6695906801120834,1.6695906801120834,6.413285994181919,0.0,0.9475749061334233
2025-08-17,8,Sunday,7.982267546490701,77824.0,0.0,2.93278974146939,2.93278974146939,5.342181480707874,0.0,0.944492851120872
2025-08-17,9,Sunday,7.982267546490701,77824.0,0.0,4.980655464148597,4.980655464148597,3.5132837406954653,0.0,0.9272980834922654
2025-08-17,10,Sunday,8.111013797240552,77824.0,0.0,6.940790186843693,6.940790186843693,1.9966414309675775,0.0,0.9074402317943243
2025-08-17,11,Sunday,8.111013797240552,77824.0,0.0,7.113,7.113,1.9791225469251756,0.0,0.9056300784957124
2025-08-17,12,Sunday,8.258152369526094,77824.0,0.0,7.113,7.113,2.1384929586030923,0.0,0.9056300784957124
2025-08-17,13,Sunday,8.258152369526094,77824.0,0.0,7.113,7.113,2.1384929586030923,0.0,0.9056300784957124
2025-08-17,14,Sunday,8.111013797240552,77824.0,0.0,7.113,7.113,1.9913543863175507,0.0,0.9056300784957124
2025-08-17,15,Sunday,8.111013797240552,77824.0,0.0,5.229451692835644,5.229451692835644,3.6118624875218863,0.0,0.9248808951062751
2025-08-17,16,Sunday,7.982267546490701,77824.0,0.0,3.130936201560012,3.130936201560012,5.23131162370221,0.0,0.9431807327617231
2025-08-17,17,Sunday,7.982267546490701,77824.0,0.0,1.5101396656900443,1.5101396656900443,6.629149641855525,0.0,0.9466180188833037
2025-08-17,18,Sunday,7.835128974205158,77824.0,0.0,0.5039581404967469,0.5039581404967469,7.381925910475871,0.0,0.9000829459758142
2025-08-17,19,Sunday,7.7063827234553095,77824.0,0.0,0.0,0.0,7.7063827234553095,0.0,0.0
2025-08-17,20,Sunday,7.559244151169766,77824.0,0.0,0.0,0.0,7.559244151169766,0.0,0.0
2025-08-17,21,Sunday,7.283359328134372,77824.0,0.0,0.0,0.0,7.283359328134372,0.0,0.0
2025-08-17,22,Sunday,7.1362207558488295,77824.0,0.0,0.0,0.0,7.1362207558488295,0.0,0.0
2025-08-17,23,Sunday,7.00747450509898,77824.0,0.0,0.0,0.0,7.00747450509898,0.0,0.0
2025-08-18,0,Monday,7.00747450509898,77824.0,0.0,0.0,0.0,7.00747450509898,0.0,0.0
2025-08-18,1,Monday,7.00747450509898,77824.0,0.0,0.0,0.0,7.00747450509898,0.0,0.0
2025-08-18,2,Monday,7.1362207558488295,77824.0,0.0,0.0,0.0,7.1362207558488295,0.0,0.0
2025-08-18,3,Monday,7.283359328134372,77824.0,0.0,0.0,0.0,7.283359328134372,0.0,0.0
2025-08-18,4,Monday,7.283359328134372,77824.0,0.0,0.0,0.0,7.283359328134372,0.0,0.0
2025-08-18,5,Monday,7.412105578884224,77824.0,0.0,0.0,0.0,7.412105578884224,0.0,0.0
2025-08-18,6,Monday,7.7063827234553095,77824.0,0.0,0.23959051400939615,0.23959051400939615,7.496980614211097,0.0,0.8070353350520543
2025-08-18,7,Monday,7.7063827234553095,77824.0,0.0,1.6470284526271994,1.6470284526271994,6.4436330723043636,0.0,0.9474721378311163
2025-08-18,8,Monday,7.982267546490701,77824.0,0.0,2.8662247421731792,2.8662247421731792,5.402382866718002,0.0,0.9449042683698283
2025-08-18,9,Monday,7.982267546490701,77824.0,0.0,4.998029031452742,4.998029031452742,3.4957415294974874,0.0,0.9271306450556935
2025-08-18,10,Monday,8.111013797240552,77824.0,0.0,7.027871976874374,7.027871976874374,1.921046091916602,0.0,0.9065258241929426
2025-08-18,11,Monday,8.111013797240552,77824.0,0.0,7.113,7.113,1.9853015191303722,0.0,0.9056300784957124
2025-08-18,12,Monday,8.258152369526094,77824.0,0.0,7.113,7.113,2.1384929586030923,0.0,0.9056300784957124
2025-08-18,13,Monday,8.258152369526094,77824.0,0.0,7.113,7.113,2.1384929586030923,0.0,0.9056300784957124
2025-08-18,14,Monday,8.111013797240552,77824.0,0.0,7.113,7.113,1.9913543863175507,0.0,0.9056300784957124
2025-08-18,15,Monday,8.111013797240552,77824.0,0.0,5.2846972803738135,5.2846972803738135,3.5643320250320896,0.0,0.9243388007527807
2025-08-18,16,Monday,7.982267546490701,77824.0,0.0,3.131381687162112,3.131381687162112,5.232532832750588,0.0,0.9431776477806628
2025-08-18,17,Monday,7.982267546490701,77824.0,0.0,1.3778953076560378,1.3778953076560378,6.747647494085818,0.0,0.9453372464597694
2025-08-18,18,Monday,7.835128974205158,77824.0,0.0,0.4164002059793773,0.4164002059793773,7.461172281266625,0.0,0.8827750481813903
2025-08-18,19,Monday,7.7063827234553095,77824.0,0.0,0.0,0.0,7.7063827234553095,0.0,0.0
2025-08-18,20,Monday,7.559244151169766,77824.0,0.0,0.0,0.0,7.559244151169766,0.0,0.0
2025-08-18,21,Monday,7.283359328134372,77824.0,0.0,0.0,0.0,7.283359328134372,0.0,0.0
2025-08-18,22,Monday,7.1362207558488295,77824.0,0.0,0.0,0.0,7.1362207558488295,0.0,0.0
2025-08-18,23,Monday,7.00747450509898,77824.0,0.0,0.0,0.0,7.00747450509898,0.0,0.0
2025-08-19,0,Tuesday,7.00747450509898,77824.0,0.0,0.0,0.0,7.00747450509898,0.0,0.0
2025-08-19,1,Tuesday,7.00747450509898,77824.0,0.0,0.0,0.0,7.00747450509898,0.0,0.0
2025-08-19,2,Tuesday,7.1362207558488295,77824.0,0.0,0.0,0.0,7.1362207558488295,0.0,0.0
2025-08-19,3,Tuesday,7.283359328134372,77824.0,0.0,0.0,0.0,7.283359328134372,0.0,0.0
2025-08-19,4,Tuesday,7.283359328134372,77824.0,0.0,0.0,0.0,7.283359328134372,0.0,0.0
2025-08-19,5,Tuesday,7.412105578884224,77824.0,0.0,0.0,0.0,7.412105578884224,0.0,0.0
2025-08-19,6,Tuesday,7.7063827234553095,77824.0,0.0,0.2605135348872786,0.2605135348872786,7.478693893963828,0.0,0.8215039859057421
2025-08-19,7,Tuesday,7.7063827234553095,77824.0,0.0,1.6412608635749262,1.6412608635749262,6.4254954991843025,0.0,0.9474442787600624
2025-08-19,8,Tuesday,7.982267546490701,77824.0,0.0,2.9961155087986446,2.9961155087986446,5.28554767404091,0.0,0.9440871256125338
2025-08-19,9,Tuesday,7.982267546490701,77824.0,0.0,4.8127094413555636,4.8127094413555636,3.665831374737908,0.0,0.9289052720808231
2025-08-19,10,Tuesday,8.111013797240552,77824.0,0.0,6.855213228301199,6.855213228301199,2.0615622736837294,0.0,0.908336899184922
2025-08-19,11,Tuesday,8.111013797240552,77824.0,0.0,7.113,7.113,1.9730634515333199,0.0,0.9056300784957124
2025-08-19,12,Tuesday,8.258152369526094,77824.0,0.0,7.113,7.113,2.1384929586030923,0.0,0.9056300784957124
2025-08-19,13,Tuesday,8.258152369526094,77824.0,0.0,7.113,7.113,2.1384929586030923,0.0,0.9056300784957124
2025-08-19,14,Tuesday,8.111013797240552,77824.0,0.0,6.011583170889514,6.011583170889514,2.938956785251187,0.0,0.9170561358206255
2025-08-19,15,Tuesday,8.111013797240552,77824.0,0.0,4.6031886041484995,4.6031886041484995,4.100700561155288,0.0,0.9308788713080853
2025-08-19,16,Tuesday,7.982267546490701,77824.0,0.0,3.3474621501597412,3.3474621501597412,5.021989847807827,0.0,0.9416187471578259
2025-08-19,17,Tuesday,7.982267546490701,77824.0,0.0,1.6068616882017834,1.6068616882017834,6.544869011275252,0.0,0.947264165058939
2025-08-19,18,Tuesday,7.835128974205158,77824.0,0.0,0.4374611576149423,0.4374611576149423,7.441457259902015,0.0,0.8876075728648564
2025-08-19,19,Tuesday,7.7063827234553095,77824.0,0.0,0.0,0.0,7.7063827234553095,0.0,0.0
2025-08-19,20,Tuesday,7.559244151169766,77824.0,0.0,0.0,0.0,7.559244151169766,0.0,0.0
2025-08-19,21,Tuesday,7.283359328134372,77824.0,0.0,0.0,0.0,7.283359328134372,0.0,0.0
2025-08-19,22,Tuesday,7.1362207558488295,77824.0,0.0,0.0,0.0,7.1362207558488295,0.0,0.0
2025-08-19,23,Tuesday,7.00747450509898,77824.0,0.0,0.0,0.0,7.00747450509898,0.0,0.0
2025-08-20,0,Wednesday,7.00747450509898,77824.0,0.0,0.0,0.0,7.00747450509898,0.0,0.0
2025-08-20,1,Wednesday,7.00747450509898,77824.0,0.0,0.0,0.0,7.00747450509898,0.0,0.0
2025-08-20,2,Wednesday,7.1362207558488295,77824.0,0.0,0.0,0.0,7.1362207558488295,0.0,0.0
2025-08-20,3,Wednesday,7.283359328134372,77824.0,0.0,0.0,0.0,7.283359328134372,0.0,0.0
2025-08-20,4,Wednesday,7.283359328134372,77824.0,0.0,0.0,0.0,7.283359328134372,0.0,0.0
2025-08-20,5,Wednesday,7.412105578884224,77824.0,0.0,0.0,0.0,7.412105578884224,0.0,0.0
2025-08-20,6,Wednesday,7.7063827234553095,77824.0,0.0,0.24980894784704996,0.24980894784704996,7.488049703036988,0.0,0.8144093561487128
2025-08-20,7,Wednesday,7.7063827234553095,77824.0,0.0,1.6416612885151884,1.6416612885151884,6.436247626111085,0.0,0.9474462341722428
2025-08-20,8,Wednesday,7.982267546490701,77824.0,0.0,3.11349756656301,3.11349756656301,5.179889579173363,0.0,0.943301046789519
2025-08-20,9,Wednesday,7.982267546490701,77824.0,0.0,4.9870406287977005,4.9870406287977005,3.513200933240306,0.0,0.9272365710135188
2025-08-20,10,Wednesday,8.111013797240552,77824.0,0.0,7.113,7.113,1.845351754102352,0.0,0.9056300784957124
2025-08-20,11,Wednesday,8.111013797240552,77824.0,0.0,5.354672702569142,5.354672702569142,3.504128770291339,0.0,0.9236495728146557
2025-08-20,12,Wednesday,8.258152369526094,77824.0,0.0,5.636902823772906,5.636902823772906,3.3119556286093017,0.0,0.9208423862333995
2025-08-20,13,Wednesday,8.258152369526094,77824.0,0.0,5.387652028394043,5.387652028394043,3.5450329370055886,0.0,0.9233237634774379
2025-08-20,14,Wednesday,8.111013797240552,77824.0,0.0,4.875522041777611,4.875522041777611,3.8344127047358123,0.0,0.9283066551144611
2025-08-20,15,Wednesday,8.111013797240552,77824.0,0.0,3.8193601225745066,3.8193601225745066,4.742753248179089,0.0,0.9378584820238959
2025-08-20,16,Wednesday,7.982267546490701,77824.0,0.0,2.86994762795084,2.86994762795084,5.425243056944549,0.0,0.9448816838591105
2025-08-20,17,Wednesday,7.982267546490701,77824.0,0.0,1.4669534295379063,1.4669534295379063,6.665474991178261,0.0,0.9462550455720165
2025-08-20,18,Wednesday,7.835128974205158,77824.0,0.0,0.40916621696300526,0.40916621696300526,7.467312156790244,0.0,0.880994691448901
2025-08-20,19,Wednesday,7.7063827234553095,77824.0,0.0,0.0,0.0,7.7063827234553095,0.0,0.0
2025-08-20,20,Wednesday,7.559244151169766,77824.0,0.0,0.0,0.0,7.559244151169766,0.0,0.0
2025-08-20,21,Wednesday,7.283359328134372,77824.0,0.0,0.0,0.0,7.283359328134372,0.0,0.0
2025-08-20,22,Wednesday,7.1362207558488295,77824.0,0.0,0.0,0.0,7.1362207558488295,0.0,0.0
2025-08-20,23,Wednesday,7.00747450509898,77824.0,0.0,0.0,0.0,7.00747450509898,0.0,0.0
2025-08-21,0,Thursday,7.00747450509898,77824.0,0.0,0.0,0.0,7.00747450509898,0.0,0.0
2025-08-21,1,Thursday,7.00747450509898,77824.0,0.0,0.0,0.0,7.00747450509898,0.0,0.0
2025-08-21,2,Thursday,7.1362207558488295,77824.0,0.0,0.0,0.0,7.1362207558488295,0.0,0.0
2025-08-21,3,Thursday,7.283359328134372,77824.0,0.0,0.0,0.0,7.283359328134372,0.0,0.0
2025-08-21,4,Thursday,7.283359328134372,77824.0,0.0,0.0,0.0,7.283359328134372,0.0,0.0
2025-08-21,5,Thursday,7.412105578884224,77824.0,0.0,0.0,0.0,7.412105578884224,0.0,0.0
2025-08-21,6,Thursday,7.7063827234553095,77824.0,0.0,0.22859886479630323,0.22859886479630323,7.5065873156233405,0.0,0.7983557504835661
2025-08-21,7,Thursday,7.7063827234553095,77824.0,0.0,1.6317718717754774,1.6317718717754774,6.468784989011489,0.0,0.9473970043328735
2025-08-21,8,Thursday,7.982267546490701,77824.0,0.0,2.908874698867351,2.908874698867351,5.364201329588414,0.0,0.9446424925649202
2025-08-21,9,Thursday,7.982267546490701,77824.0,0.0,5.029246412098653,5.029246412098653,3.4689696733650512,0.0,0.9268292547451741
2025-08-21,10,Thursday,8.111013797240552,77824.0,0.0,7.113,7.113,1.8481041326882508,0.0,0.9056300784957124
2025-08-21,11,Thursday,8.111013797240552,77824.0,0.0,5.527414084643598,5.527414084643598,3.355510968454169,0.0,0.9219363836827555
2025-08-21,12,Thursday,8.258152369526094,77824.0,0.0,5.40945498363937,5.40945498363937,3.520337672480511,0.0,0.9231080319391879
2025-08-21,13,Thursday,8.258152369526094,77824.0,0.0,5.319626178490358,5.319626178490358,3.593092199861598,0.0,0.923995122846317
2025-08-21,14,Thursday,8.111013797240552,77824.0,0.0,4.516834035705969,4.516834035705969,4.146157808526917,0.0,0.9316810929245255
2025-08-21,15,Thursday,8.111013797240552,77824.0,0.0,3.636382685440746,3.636382685440746,4.892462252310461,0.0,0.939366405850063
2025-08-21,16,Thursday,7.982267546490701,77824.0,0.0,2.696899893753467,2.696899893753467,5.575559244364721,0.0,0.9458735119537971
2025-08-21,17,Thursday,7.982267546490701,77824.0,0.0,1.36587088935951,1.36587088935951,6.754923506246461,0.0,0.9451940120229754
2025-08-21,18,Thursday,7.835128974205158,77824.0,0.0,0.19389478742926025,0.19389478742926025,7.661024191766584,0.0,0.7643999302684407
2025-08-21,19,Thursday,6.0,69974.70572037739,0.0,0.0,0.0,0.0,7.849294279622619,0.7796879288738094
2025-08-21,20,Thursday,6.0,62279.319171727766,0.0,0.0,0.0,0.0,7.695386548649626,0.7952816874512857
2025-08-21,21,Thursday,6.0,54734.8225554046,0.0,0.0,0.0,0.0,7.544496616323163,0.8111873212003113
2025-08-21,22,Thursday,6.0,47338.25724528385,0.0,0.0,0.0,0.0,7.3965653101207485,0.8274110676243176
2025-08-21,23,Thursday,6.0,40086.722627518415,0.0,0.0,0.0,0.0,7.251534617765439,0.843959288976804
2025-08-22,0,Friday,6.0,32977.37496304249,0.0,0.0,0.0,0.0,7.109347664475921,0.86083847475634
2025-08-22,1,Friday,6.0,26007.426272379824,0.0,0.0,0.0,0.0,6.969948690662668,0.8780552442514667
2025-08-22,2,Friday,6.0,19174.143242318387,0.0,0.0,0.0,0.0,6.833283030061439,0.895616349136496
2025-08-22,3,Friday,7.283359328134372,19174.143242318387,0.0,0.0,0.0,7.283359328134372,0.0,0.0
2025-08-22,4,Friday,7.283359328134372,19174.143242318387,0.0,0.0,0.0,7.283359328134372,0.0,0.0
2025-08-22,5,Friday,7.412105578884224,19174.143242318387,0.0,0.0,0.0,7.412105578884224,0.0,0.0
2025-08-22,6,Friday,7.7063827234553095,19340.891805402443,0.1970091718856997,0.0,0.1970091718856997,7.7063827234553095,0.0,0.0
2025-08-22,7,Friday,7.7063827234553095,20589.444416284972,1.4751330468838968,0.0,1.4751330468838968,7.7063827234553095,0.0,0.0
2025-08-22,8,Friday,7.982267546490701,23132.34020889955,3.0043664846580524,0.0,3.0043664846580524,7.982267546490701,0.0,0.0
2025-08-22,9,Friday,7.982267546490701,27191.28520698454,4.795539931574894,0.0,4.795539931574894,7.982267546490701,0.0,0.0
2025-08-22,10,Friday,8.111013797240552,32612.30073455945,6.404791502333302,0.0,6.404791502333302,8.111013797240552,0.0,0.0
2025-08-22,11,Friday,8.111013797240552,38632.74393455945,7.113,0.0,7.113,8.111013797240552,0.0,0.0
2025-08-22,12,Friday,8.258152369526094,44653.187134559455,7.113,0.0,7.113,8.258152369526094,0.0,0.0
2025-08-22,13,Friday,8.258152369526094,50673.63033455946,7.113,0.0,7.113,8.258152369526094,0.0,0.0
2025-08-22,14,Friday,8.111013797240552,56334.09589898065,6.687695610138461,0.0,6.687695610138461,8.111013797240552,0.0,0.0
2025-08-22,15,Friday,8.111013797240552,60516.45091355673,4.941345716654149,0.0,4.941345716654149,8.111013797240552,0.0,0.0
2025-08-22,16,Friday,7.982267546490701,63144.73593874136,3.1052516838192776,0.0,3.1052516838192776,7.982267546490701,0.0,0.0
2025-08-22,17,Friday,7.982267546490701,64587.02472698815,1.704027396321817,0.0,1.704027396321817,7.982267546490701,0.0,0.0
2025-08-22,18,Friday,7.835128974205158,64851.406249297695,0.3123600216322692,0.0,0.3123600216322692,7.835128974205158,0.0,0.0
2025-08-22,19,Friday,7.7063827234553095,64851.406249297695,0.0,0.0,0.0,7.7063827234553095,0.0,0.0
2025-08-22,20,Friday,7.559244151169766,64851.406249297695,0.0,0.0,0.0,7.559244151169766,0.0,0.0
2025-08-22,21,Friday,7.283359328134372,64851.406249297695,0.0,0.0,0.0,7.283359328134372,0.0,0.0
2025-08-22,22,Friday,7.1362207558488295,64851.406249297695,0.0,0.0,0.0,7.1362207558488295,0.0,0.0
2025-08-22,23,Friday,7.00747450509898,64851.406249297695,0.0,0.0,0.0,7.00747450509898,0.0,0.0
2025-08-23,0,Saturday,7.00747450509898,64851.406249297695,0.0,0.0,0.0,7.00747450509898,0.0,0.0
2025-08-23,1,Saturday,7.00747450509898,64851.406249297695,0.0,0.0,0.0,7.00747450509898,0.0,0.0
2025-08-23,2,Saturday,7.1362207558488295,64851.406249297695,0.0,0.0,0.0,7.1362207558488295,0.0,0.0
2025-08-23,3,Saturday,7.283359328134372,64851.406249297695,0.0,0.0,0.0,7.283359328134372,0.0,0.0
2025-08-23,4,Saturday,7.283359328134372,64851.406249297695,0.0,0.0,0.0,7.283359328134372,0.0,0.0
2025-08-23,5,Saturday,7.412105578884224,64851.406249297695,0.0,0.0,0.0,7.412105578884224,0.0,0.0
2025-08-23,6,Saturday,7.7063827234553095,64915.922125755176,0.07622386159909503,0.0,0.07622386159909503,7.7063827234553095,0.0,0.0
2025-08-23,7,Saturday,7.7063827234553095,66101.84787031438,1.4011410025510302,0.0,1.4011410025510302,7.7063827234553095,0.0,0.0
2025-08-23,8,Saturday,7.982267546490701,68430.02874820253,2.7506862924009456,0.0,2.7506862924009456,7.982267546490701,0.0,0.0
2025-08-23,9,Saturday,7.982267546490701,70295.94815152908,2.2045361570493287,0.0,2.2045361570493287,7.982267546490701,0.0,0.0
2025-08-23,10,Saturday,8.111013797240552,70925.81222736156,0.7441683315601091,0.0,0.7441683315601091,8.111013797240552,0.0,0.0
2025-08-23,11,Saturday,8.111013797240552,73009.11378753983,2.46136762780986,0.0,2.46136762780986,8.111013797240552,0.0,0.0
2025-08-23,12,Saturday,8.258152369526094,77160.31287106432,4.904535779211355,0.0,4.904535779211355,8.258152369526094,0.0,0.0
2025-08-23,13,Saturday,8.258152369526094,77824.0,0.7841294056423411,3.480848803519624,4.264978209161965,5.215890515249942,0.0,0.9406003850638127
2025-08-23,14,Saturday,8.111013797240552,77824.0,0.0,3.7319015785451883,3.7319015785451883,4.7762971385306905,0.0,0.9385863025273933
2025-08-23,15,Saturday,8.111013797240552,77824.0,0.0,3.4763582464819276,3.4763582464819276,5.011294676055772,0.0,0.9406352958821268
2025-08-23,16,Saturday,7.982267546490701,77824.0,0.0,2.3346410171354757,2.3346410171354757,5.896024089755512,0.0,0.9474789755652118
2025-08-23,17,Saturday,7.982267546490701,77824.0,0.0,1.4194388682438066,1.4194388682438066,6.704623485967669,0.0,0.9457955632205675
2025-08-23,18,Saturday,7.835128974205158,77824.0,0.0,0.23765607849091552,0.23765607849091552,7.621593612826507,0.0,0.8055668585688945
2025-08-23,19,Saturday,7.7063827234553095,77824.0,0.0,0.0,0.0,7.7063827234553095,0.0,0.0
2025-08-23,20,Saturday,7.559244151169766,77824.0,0.0,0.0,0.0,7.559244151169766,0.0,0.0
2025-08-23,21,Saturday,7.283359328134372,77824.0,0.0,0.0,0.0,7.283359328134372,0.0,0.0
2025-08-23,22,Saturday,7.1362207558488295,77824.0,0.0,0.0,0.0,7.1362207558488295,0.0,0.0
2025-08-23,23,Saturday,7.00747450509898,77824.0,0.0,0.0,0.0,7.00747450509898,0.0,0.0
2025-08-24,0,Sunday,7.00747450509898,77824.0,0.0,0.0,0.0,7.00747450509898,0.0,0.0
2025-08-24,1,Sunday,7.00747450509898,77824.0,0.0,0.0,0.0,7.00747450509898,0.0,0.0
2025-08-24,2,Sunday,7.1362207558488295,77824.0,0.0,0.0,0.0,7.1362207558488295,0.0,0.0
2025-08-24,3,Sunday,7.283359328134372,77824.0,0.0,0.0,0.0,7.283359328134372,0.0,0.0
2025-08-24,4,Sunday,7.283359328134372,77824.0,0.0,0.0,0.0,7.283359328134372,0.0,0.0
2025-08-24,5,Sunday,7.412105578884224,77824.0,0.0,0.0,0.0,7.412105578884224,0.0,0.0
2025-08-24,6,Sunday,7.7063827234553095,77824.0,0.0,0.043487334506003686,0.043487334506003686,7.668374793097063,0.0,0.0
2025-08-24,7,Sunday,7.7063827234553095,77824.0,0.0,0.7131057270946601,0.7131057270946601,7.083128317974577,0.0,0.9232320959326272
2025-08-24,8,Sunday,7.982267546490701,77824.0,0.0,1.5650034496043586,1.5650034496043586,6.609649202316678,0.0,0.9470110648098892
2025-08-24,9,Sunday,7.982267546490701,77824.0,0.0,2.1158957302451618,2.1158957302451618,6.078679711390841,0.0,0.9480298675034773
2025-08-24,10,Sunday,8.111013797240552,77824.0,0.0,4.041686037733566,4.041686037733566,4.470956672339506,0.0,0.9359558568167514
2025-08-24,11,Sunday,8.111013797240552,77824.0,0.0,4.132875991656196,4.132875991656196,4.436233781846994,0.0,0.9351558085829371
2025-08-24,12,Sunday,8.258152369526094,77824.0,0.0,3.5521562458958504,3.5521562458958504,5.102423800499613,0.0,0.9400405046023168
2025-08-24,13,Sunday,8.258152369526094,77824.0,0.0,3.8329594129352533,3.8329594129352533,4.835172123903032,0.0,0.9377442065450378
2025-08-24,14,Sunday,8.111013797240552,77824.0,0.0,3.1993869927180794,3.1993869927180794,5.260817511169469,0.0,0.9427002010481523
2025-08-24,15,Sunday,8.111013797240552,77824.0,0.0,2.343959486648897,2.343959486648897,6.011845271893545,0.0,0.9474474550768003
2025-08-24,16,Sunday,7.982267546490701,77824.0,0.0,1.2381777158170657,1.2381777158170657,6.867814636996201,0.0,0.9433370319540169
2025-08-24,17,Sunday,7.982267546490701,77824.0,0.0,0.21574481657273242,0.21574481657273242,7.788923475311775,0.0,0.7870674433326941
2025-08-24,18,Sunday,7.835128974205158,77824.0,0.0,0.054099614966492945,0.054099614966492945,7.794677930850046,0.0,0.18128887686128203
2025-08-24,19,Sunday,7.7063827234553095,77824.0,0.0,0.0,0.0,7.7063827234553095,0.0,0.0
2025-08-24,20,Sunday,7.559244151169766,77824.0,0.0,0.0,0.0,7.559244151169766,0.0,0.0
2025-08-24,21,Sunday,7.283359328134372,77824.0,0.0,0.0,0.0,7.283359328134372,0.0,0.0
2025-08-24,22,Sunday,7.1362207558488295,77824.0,0.0,0.0,0.0,7.1362207558488295,0.0,0.0
2025-08-24,23,Sunday,7.00747450509898,77824.0,0.0,0.0,0.0,7.00747450509898,0.0,0.0
2025-08-25,0,Monday,7.00747450509898,77824.0,0.0,0.0,0.0,7.00747450509898,0.0,0.0
2025-08-25,1,Monday,7.00747450509898,77824.0,0.0,0.0,0.0,7.00747450509898,0.0,0.0
2025-08-25,2,Monday,7.1362207558488295,77824.0,0.0,0.0,0.0,7.1362207558488295,0.0,0.0
2025-08-25,3,Monday,7.283359328134372,77824.0,0.0,0.0,0.0,7.283359328134372,0.0,0.0
2025-08-25,4,Monday,7.283359328134372,77824.0,0.0,0.0,0.0,7.283359328134372,0.0,0.0
2025-08-25,5,Monday,7.412105578884224,77824.0,0.0,0.0,0.0,7.412105578884224,0.0,0.0
2025-08-25,6,Monday,7.7063827234553095,77824.0,0.0,0.10846847814627895,0.10846847814627895,7.611581273555462,0.0,0.5871659957436514
2025-08-25,7,Monday,7.7063827234553095,77824.0,0.0,1.1450950606604369,1.1450950606604369,7.0676398860171785,0.0,0.9415177996369879
2025-08-25,8,Monday,7.982267546490701,77824.0,0.0,2.328645962872624,2.328645962872624,5.899429004548182,0.0,0.9474989382469324
2025-08-25,9,Monday,7.982267546490701,77824.0,0.0,3.429807345671823,3.429807345671823,4.895015668995899,0.0,0.9409946835635487
2025-08-25,10,Monday,8.111013797240552,77824.0,0.0,4.2484131463645145,4.2484131463645145,4.313166322145582,0.0,0.9341273853504369
2025-08-25,11,Monday,8.111013797240552,77824.0,0.0,4.675812949570247,4.675812949570247,3.9615991185192723,0.0,0.930198991039266
2025-08-25,12,Monday,8.258152369526094,77824.0,0.0,4.575702577982748,4.575702577982748,4.2146541442575405,0.0,0.9311349587581526
2025-08-25,13,Monday,8.258152369526094,77824.0,0.0,4.178601816308729,4.178601816308729,4.561852251125494,0.0,0.9347507012198824
2025-08-25,14,Monday,8.111013797240552,77824.0,0.0,3.6712595638733645,3.6712595638733645,4.850886968134267,0.0,0.9390834287137517
2025-08-25,15,Monday,8.111013797240552,77824.0,0.0,2.8480658654720075,2.8480658654720075,5.570170911998003,0.0,0.9450136832441334
2025-08-25,16,Monday,7.982267546490701,77824.0,0.0,1.6749826651718995,1.6749826651718995,6.478530085595738,0.0,0.9475980302421381
2025-08-25,17,Monday,7.982267546490701,77824.0,0.0,0.7270765166304425,0.7270765166304425,7.327740085246095,0.0,0.924255030797398
2025-08-25,18,Monday,7.835128974205158,77824.0,0.0,0.06462509265487504,0.06462509265487504,7.778385410553243,0.0,0.3132531850246093
2025-08-25,19,Monday,7.7063827234553095,77824.0,0.0,0.0,0.0,7.7063827234553095,0.0,0.0
2025-08-25,20,Monday,7.559244151169766,77824.0,0.0,0.0,0.0,7.559244151169766,0.0,0.0
2025-08-25,21,Monday,7.283359328134372,77824.0,0.0,0.0,0.0,7.283359328134372,0.0,0.0
2025-08-25,22,Monday,7.1362207558488295,77824.0,0.0,0.0,0.0,7.1362207558488295,0.0,0.0
2025-08-25,23,Monday,7.00747450509898,77824.0,0.0,0.0,0.0,7.00747450509898,0.0,0.0
2025-08-26,0,Tuesday,7.00747450509898,77824.0,0.0,0.0,0.0,7.00747450509898,0.0,0.0
2025-08-26,1,Tuesday,7.00747450509898,77824.0,0.0,0.0,0.0,7.00747450509898,0.0,0.0
2025-08-26,2,Tuesday,7.1362207558488295,77824.0,0.0,0.0,0.0,7.1362207558488295,0.0,0.0
2025-08-26,3,Tuesday,7.283359328134372,77824.0,0.0,0.0,0.0,7.283359328134372,0.0,0.0
2025-08-26,4,Tuesday,7.283359328134372,77824.0,0.0,0.0,0.0,7.283359328134372,0.0,0.0
2025-08-26,5,Tuesday,7.412105578884224,77824.0,0.0,0.0,0.0,7.412105578884224,0.0,0.0
2025-08-26,6,Tuesday,7.7063827234553095,77824.0,0.0,0.19557961836471108,0.19557961836471108,7.535446137004552,0.0,0.7663299902032764
2025-08-26,7,Tuesday,7.7063827234553095,77824.0,0.0,1.1850530827934014,1.1850530827934014,6.843648091994251,0.0,0.942354179587106
2025-08-26,8,Tuesday,7.982267546490701,77824.0,0.0,0.6596894295130217,0.6596894295130217,7.3916895099162225,0.0,0.9188592557531038
2025-08-26,9,Tuesday,7.982267546490701,77824.0,0.0,1.3758433912035857,1.3758433912035857,6.7812714337402555,0.0,0.945313150820861
2025-08-26,10,Tuesday,8.111013797240552,77824.0,0.0,5.41646004409719,5.41646004409719,3.2467754321887794,0.0,0.9230386635755384
2025-08-26,11,Tuesday,8.111013797240552,77824.0,0.0,7.113,7.113,1.8737184839283882,0.0,0.9056300784957124
2025-08-26,12,Tuesday,8.258152369526094,77824.0,0.0,7.113,7.113,2.1384929586030923,0.0,0.9056300784957124
2025-08-26,13,Tuesday,8.258152369526094,77824.0,0.0,7.113,7.113,2.1384929586030923,0.0,0.9056300784957124
2025-08-26,14,Tuesday,8.111013797240552,77824.0,0.0,6.627024462625092,6.627024462625092,2.409462747174393,0.0,0.9107178775726983
2025-08-26,15,Tuesday,8.111013797240552,77824.0,0.0,1.535900632141159,1.535900632141159,6.782180241567699,0.0,0.9468116329133766
2025-08-26,16,Tuesday,7.982267546490701,77824.0,0.0,0.4175244610397316,0.4175244610397316,7.606716380589311,0.0,0.8830459430323997
2025-08-26,17,Tuesday,7.982267546490701,77824.0,0.0,0.2899451305995409,0.2899451305995409,7.739034418776673,0.0,0.8382635965967452
2025-08-26,18,Tuesday,7.835128974205158,77824.0,0.0,0.1077026459028922,0.1077026459028922,7.749359927253492,0.0,0.5842985965758909
2025-08-26,19,Tuesday,7.7063827234553095,77824.0,0.0,0.0,0.0,7.7063827234553095,0.0,0.0
2025-08-26,20,Tuesday,7.559244151169766,77824.0,0.0,0.0,0.0,7.559244151169766,0.0,0.0
2025-08-26,21,Tuesday,7.283359328134372,77824.0,0.0,0.0,0.0,7.283359328134372,0.0,0.0
2025-08-26,22,Tuesday,7.1362207558488295,77824.0,0.0,0.0,0.0,7.1362207558488295,0.0,0.0
2025-08-26,23,Tuesday,7.00747450509898,77824.0,0.0,0.0,0.0,7.00747450509898,0.0,0.0
2025-08-27,0,Wednesday,7.00747450509898,77824.0,0.0,0.0,0.0,7.00747450509898,0.0,0.0
2025-08-27,1,Wednesday,7.00747450509898,77824.0,0.0,0.0,0.0,7.00747450509898,0.0,0.0
2025-08-27,2,Wednesday,7.1362207558488295,77824.0,0.0,0.0,0.0,7.1362207558488295,0.0,0.0
2025-08-27,3,Wednesday,7.283359328134372,77824.0,0.0,0.0,0.0,7.283359328134372,0.0,0.0
2025-08-27,4,Wednesday,7.283359328134372,77824.0,0.0,0.0,0.0,7.283359328134372,0.0,0.0
2025-08-27,5,Wednesday,7.412105578884224,77824.0,0.0,0.0,0.0,7.412105578884224,0.0,0.0
2025-08-27,6,Wednesday,7.7063827234553095,77824.0,0.0,0.18443930716332682,0.18443930716332682,7.545182768994562,0.0,0.7529074364182682
2025-08-27,7,Wednesday,7.7063827234553095,77824.0,0.0,1.2435946497437544,1.2435946497437544,6.816886646757368,0.0,0.9434296252851475
2025-08-27,8,Wednesday,7.982267546490701,77824.0,0.0,3.2007390516768646,3.2007390516768646,5.11357910453961,0.0,0.9426905803064569
2025-08-27,9,Wednesday,7.982267546490701,77824.0,0.0,5.32633076512803,5.32633076512803,3.212239798602158,0.0,0.9239290722351585
2025-08-27,10,Wednesday,8.111013797240552,77824.0,0.0,6.937849713241185,6.937849713241185,2.0214368008217587,0.0,0.9074710740977812
2025-08-27,11,Wednesday,8.111013797240552,77824.0,0.0,6.661270026398073,6.661270026398073,2.368349424815279,0.0,0.9103615137479533
2025-08-27,12,Wednesday,8.258152369526094,77824.0,0.0,7.113,7.113,2.1065209946013628,0.0,0.9056300784957124
2025-08-27,13,Wednesday,8.258152369526094,77824.0,0.0,3.424228366644157,3.424228366644157,5.312122375278461,0.0,0.9410374425184452
2025-08-27,14,Wednesday,8.111013797240552,77824.0,0.0,0.7463559080159932,0.7463559080159932,7.4437823850970455,0.0,0.9255939795590727
2025-08-27,15,Wednesday,8.111013797240552,77824.0,0.0,1.023617728804259,1.023617728804259,7.210932110446956,0.0,0.9383556864280552
2025-08-27,16,Wednesday,7.982267546490701,77824.0,0.0,2.156066123890977,2.156066123890977,6.060268484206107,0.0,0.9479582515000851
2025-08-27,17,Wednesday,7.982267546490701,77824.0,0.0,0.5366611081088837,0.5366611081088837,7.498971837084255,0.0,0.9050152777582547
2025-08-27,18,Wednesday,7.835128974205158,77824.0,0.0,0.05391524794493687,0.05391524794493687,7.78877455726558,0.0,0.17851777226261792
2025-08-27,19,Wednesday,7.7063827234553095,77824.0,0.0,0.0,0.0,7.7063827234553095,0.0,0.0
2025-08-27,20,Wednesday,7.559244151169766,77824.0,0.0,0.0,0.0,7.559244151169766,0.0,0.0
2025-08-27,21,Wednesday,7.283359328134372,77824.0,0.0,0.0,0.0,7.283359328134372,0.0,0.0
2025-08-27,22,Wednesday,7.1362207558488295,77824.0,0.0,0.0,0.0,7.1362207558488295,0.0,0.0
2025-08-27,23,Wednesday,7.00747450509898,77824.0,0.0,0.0,0.0,7.00747450509898,0.0,0.0
2025-08-28,0,Thursday,7.00747450509898,77824.0,0.0,0.0,0.0,7.00747450509898,0.0,0.0
2025-08-28,1,Thursday,7.00747450509898,77824.0,0.0,0.0,0.0,7.00747450509898,0.0,0.0
2025-08-28,2,Thursday,7.1362207558488295,77824.0,0.0,0.0,0.0,7.1362207558488295,0.0,0.0
2025-08-28,3,Thursday,7.283359328134372,77824.0,0.0,0.0,0.0,7.283359328134372,0.0,0.0
2025-08-28,4,Thursday,7.283359328134372,77824.0,0.0,0.0,0.0,7.283359328134372,0.0,0.0
2025-08-28,5,Thursday,7.412105578884224,77824.0,0.0,0.0,0.0,7.412105578884224,0.0,0.0
2025-08-28,6,Thursday,7.7063827234553095,77824.0,0.0,0.17369438386159738,0.17369438386159738,7.5545738319602735,0.0,0.7383146396207808
2025-08-28,7,Thursday,7.7063827234553095,77824.0,0.0,1.3770640407464307,1.3770640407464307,6.740511509525794,0.0,0.9453275019517742
2025-08-28,8,Thursday,7.982267546490701,77824.0,0.0,2.9621838924147843,2.9621838924147843,5.322045342119363,0.0,0.9443062052384915
2025-08-28,9,Thursday,7.982267546490701,77824.0,0.0,3.4365211259545516,3.4365211259545516,4.899395734002253,0.0,0.9409431374382811
2025-08-28,10,Thursday,8.111013797240552,77824.0,0.0,3.936925416468557,3.936925416468557,4.591811991669739,0.0,0.936861270806215
2025-08-28,11,Thursday,8.111013797240552,77824.0,0.0,2.842848587911595,2.842848587911595,5.580826793499067,0.0,0.9450448889645081
2025-08-28,12,Thursday,8.258152369526094,77824.0,0.0,2.114893835342524,2.114893835342524,6.359416240222746,0.0,0.9480314661071352
2025-08-28,13,Thursday,8.258152369526094,77824.0,0.0,0.8663247140162128,0.8663247140162128,7.477914435210141,0.0,0.9323667472490912
2025-08-28,14,Thursday,8.111013797240552,77824.0,0.0,3.8052897882764802,3.8052897882764802,4.740484418116804,0.0,0.9379764090876385
2025-08-28,15,Thursday,8.111013797240552,77824.0,0.0,4.023802527244056,4.023802527244056,4.5254935441275155,0.0,0.9361114831739922
2025-08-28,16,Thursday,7.982267546490701,77824.0,0.0,3.0653706659066784,3.0653706659066784,5.256215299977749,0.0,0.9436284547564973
2025-08-28,17,Thursday,7.982267546490701,77824.0,0.0,1.5672803100394535,1.5672803100394535,6.5772837642145285,0.0,0.9470258352957296
2025-08-28,18,Thursday,7.835128974205158,77824.0,0.0,0.3438014043710243,0.3438014043710243,7.52581960266236,0.0,0.8613534129316202
2025-08-28,19,Thursday,6.0,70858.2181154435,0.0,0.0,0.0,0.0,6.965781884556507,0.8785804811902526
2025-08-28,20,Thursday,6.0,64029.0201894077,0.0,0.0,0.0,0.0,6.829197926035791,0.8961520908140576
2025-08-28,21,Thursday,6.0,57333.728105058886,0.0,0.0,0.0,0.0,6.695292084348815,0.9063176019843795
2025-08-28,22,Thursday,6.0,50713.532285334084,0.0,0.0,0.0,0.0,6.620195819724806,0.9071481406402676
2025-08-28,23,Thursday,6.0,44099.397579876626,0.0,0.0,0.0,0.0,6.614134705457461,0.9072151045279456
2025-08-29,0,Friday,6.0,37485.75108076769,0.0,0.0,0.0,0.0,6.613646499108942,0.9072204978276497
2025-08-29,1,Friday,6.0,30872.143898867507,0.0,0.0,0.0,0.0,6.613607181900179,0.9072209321686455
2025-08-29,2,Friday,6.0,24258.539883297188,0.0,0.0,0.0,0.0,6.613604015570317,0.9072209671473773
2025-08-29,3,Friday,7.283359328134372,24258.539883297188,0.0,0.0,0.0,7.283359328134372,0.0,0.0
2025-08-29,4,Friday,7.283359328134372,24258.539883297188,0.0,0.0,0.0,7.283359328134372,0.0,0.0
2025-08-29,5,Friday,7.412105578884224,24258.539883297188,0.0,0.0,0.0,7.412105578884224,0.0,0.0
2025-08-29,6,Friday,7.7063827234553095,24406.361459197753,0.17464741954225646,0.0,0.17464741954225646,7.7063827234553095,0.0,0.0
2025-08-29,7,Friday,7.7063827234553095,25679.571996220817,1.504265757352387,0.0,1.504265757352387,7.7063827234553095,0.0,0.0
2025-08-29,8,Friday,7.982267546490701,28095.997167196783,2.8549446727031778,0.0,2.8549446727031778,7.982267546490701,0.0,0.0
2025-08-29,9,Friday,7.982267546490701,32157.203174601378,4.798211256385386,0.0,4.798211256385386,7.982267546490701,0.0,0.0
2025-08-29,10,Friday,8.111013797240552,37771.28737248883,6.632897209224305,0.0,6.632897209224305,8.111013797240552,0.0,0.0
2025-08-29,11,Friday,8.111013797240552,43791.73057248883,7.113,0.0,7.113,8.111013797240552,0.0,0.0
2025-08-29,12,Friday,8.258152369526094,49812.17377248883,7.113,0.0,7.113,8.258152369526094,0.0,0.0
2025-08-29,13,Friday,8.258152369526094,55832.61697248884,7.113,0.0,7.113,8.258152369526094,0.0,0.0
2025-08-29,14,Friday,8.111013797240552,61457.17604633191,6.645273007848619,0.0,6.645273007848619,8.111013797240552,0.0,0.0
2025-08-29,15,Friday,8.111013797240552,65519.33375588854,4.799335668190717,0.0,4.799335668190717,8.111013797240552,0.0,0.0
2025-08-29,16,Friday,7.982267546490701,67934.41210907802,2.8533534418590403,0.0,2.8533534418590403,7.982267546490701,0.0,0.0
2025-08-29,17,Friday,7.982267546490701,69223.48703332632,1.5230091260022474,0.0,1.5230091260022474,7.982267546490701,0.0,0.0
2025-08-29,18,Friday,7.835128974205158,69414.04900841451,0.22514411045391408,0.0,0.22514411045391408,7.835128974205158,0.0,0.0
2025-08-29,19,Friday,7.7063827234553095,69414.04900841451,0.0,0.0,0.0,7.7063827234553095,0.0,0.0
2025-08-29,20,Friday,7.559244151169766,69414.04900841451,0.0,0.0,0.0,7.559244151169766,0.0,0.0
2025-08-29,21,Friday,7.283359328134372,69414.04900841451,0.0,0.0,0.0,7.283359328134372,0.0,0.0
2025-08-29,22,Friday,7.1362207558488295,69414.04900841451,0.0,0.0,0.0,7.1362207558488295,0.0,0.0
2025-08-29,23,Friday,7.00747450509898,69414.04900841451,0.0,0.0,0.0,7.00747450509898,0.0,0.0
2025-08-30,0,Saturday,7.00747450509898,69414.04900841451,0.0,0.0,0.0,7.00747450509898,0.0,0.0
2025-08-30,1,Saturday,7.00747450509898,69414.04900841451,0.0,0.0,0.0,7.00747450509898,0.0,0.0
2025-08-30,2,Saturday,7.1362207558488295,69414.04900841451,0.0,0.0,0.0,7.1362207558488295,0.0,0.0
2025-08-30,3,Saturday,7.283359328134372,69414.04900841451,0.0,0.0,0.0,7.283359328134372,0.0,0.0
2025-08-30,4,Saturday,7.283359328134372,69414.04900841451,0.0,0.0,0.0,7.283359328134372,0.0,0.0
2025-08-30,5,Saturday,7.412105578884224,69414.04900841451,0.0,0.0,0.0,7.412105578884224,0.0,0.0
2025-08-30,6,Saturday,7.7063827234553095,69571.13794084055,0.18559656477555567,0.0,0.18559656477555567,7.7063827234553095,0.0,0.0
2025-08-30,7,Saturday,7.7063827234553095,70880.8449639194,1.5473854242425065,0.0,1.5473854242425065,7.7063827234553095,0.0,0.0
2025-08-30,8,Saturday,7.982267546490701,73244.03663128399,2.7920506466972848,0.0,2.7920506466972848,7.982267546490701,0.0,0.0
2025-08-30,9,Saturday,7.982267546490701,77278.80287456939,4.766973349817342,0.0,4.766973349817342,7.982267546490701,0.0,0.0
2025-08-30,10,Saturday,8.111013797240552,77824.0,0.6441364903480676,6.009847302681608,6.653983793029676,2.858407254696827,0.0,0.917073816725101
2025-08-30,11,Saturday,8.111013797240552,77824.0,0.0,7.113,7.113,1.9140250417931917,0.0,0.9056300784957124
2025-08-30,12,Saturday,8.258152369526094,77824.0,0.0,7.113,7.113,2.1384929586030923,0.0,0.9056300784957124
2025-08-30,13,Saturday,8.258152369526094,77824.0,0.0,7.113,7.113,2.1384929586030923,0.0,0.9056300784957124
2025-08-30,14,Saturday,8.111013797240552,77824.0,0.0,6.670598400310979,6.670598400310979,2.371973971997898,0.0,0.9102643809049027
2025-08-30,15,Saturday,8.111013797240552,77824.0,0.0,4.788896373795776,4.788896373795776,3.9698100939751537,0.0,0.929131410082891
2025-08-30,16,Saturday,7.982267546490701,77824.0,0.0,2.7931915128872613,2.7931915128872613,5.516787675940222,0.0,0.9453366129047159
2025-08-30,17,Saturday,7.982267546490701,77824.0,0.0,1.5627266200206427,1.5627266200206427,6.578829991117669,0.0,0.9469961758506926
2025-08-30,18,Saturday,7.835128974205158,77824.0,0.0,0.20378820183059224,0.20378820183059224,7.651791658778952,0.0,0.7752722895337518
2025-08-30,19,Saturday,7.7063827234553095,77824.0,0.0,0.0,0.0,7.7063827234553095,0.0,0.0
2025-08-30,20,Saturday,7.559244151169766,77824.0,0.0,0.0,0.0,7.559244151169766,0.0,0.0
2025-08-30,21,Saturday,7.283359328134372,77824.0,0.0,0.0,0.0,7.283359328134372,0.0,0.0
2025-08-30,22,Saturday,7.1362207558488295,77824.0,0.0,0.0,0.0,7.1362207558488295,0.0,0.0
2025-08-30,23,Saturday,7.00747450509898,77824.0,0.0,0.0,0.0,7.00747450509898,0.0,0.0
2025-08-31,0,Sunday,7.00747450509898,77824.0,0.0,0.0,0.0,7.00747450509898,0.0,0.0
2025-08-31,1,Sunday,7.00747450509898,77824.0,0.0,0.0,0.0,7.00747450509898,0.0,0.0
2025-08-31,2,Sunday,7.1362207558488295,77824.0,0.0,0.0,0.0,7.1362207558488295,0.0,0.0
2025-08-31,3,Sunday,7.283359328134372,77824.0,0.0,0.0,0.0,7.283359328134372,0.0,0.0
2025-08-31,4,Sunday,7.283359328134372,77824.0,0.0,0.0,0.0,7.283359328134372,0.0,0.0
2025-08-31,5,Sunday,7.412105578884224,77824.0,0.0,0.0,0.0,7.412105578884224,0.0,0.0
2025-08-31,6,Sunday,7.7063827234553095,77824.0,0.0,0.20659058055824447,0.20659058055824447,7.5258225560474035,0.0,0.7781607401763347
2025-08-31,7,Sunday,7.7063827234553095,77824.0,0.0,1.458874622635368,1.458874622635368,6.6279057150896215,0.0,0.9461815221084001
2025-08-31,8,Sunday,7.982267546490701,77824.0,0.0,2.858652673327742,2.858652673327742,5.4127034257436355,0.0,0.9449500439884786
2025-08-31,9,Sunday,7.982267546490701,77824.0,0.0,4.6176415872157195,4.6176415872157195,3.8369989565763047,0.0,0.9307439393605844
2025-08-31,10,Sunday,8.111013797240552,77824.0,0.0,6.412203097682765,6.412203097682765,2.4413005846790243,0.0,0.9129450437790771
2025-08-31,11,Sunday,8.111013797240552,77824.0,0.0,7.113,7.113,1.941924605660006,0.0,0.9056300784957124
2025-08-31,12,Sunday,8.258152369526094,77824.0,0.0,7.113,7.113,2.1384929586030923,0.0,0.9056300784957124
2025-08-31,13,Sunday,8.258152369526094,77824.0,0.0,7.014161947720846,7.014161947720846,2.2235281359948287,0.0,0.9066699161752256
2025-08-31,14,Sunday,8.111013797240552,77824.0,0.0,6.042634243877694,6.042634243877694,2.9062728480351234,0.0,0.9167396566029802
2025-08-31,15,Sunday,8.111013797240552,77824.0,0.0,4.544827759865222,4.544827759865222,4.152911149336944,0.0,0.9314217937590904
2025-08-31,16,Sunday,7.982267546490701,77824.0,0.0,2.8234308652615763,2.8234308652615763,5.483952757467819,0.0,0.9451601127000042
2025-08-31,17,Sunday,7.982267546490701,77824.0,0.0,1.395904841239977,1.395904841239977,6.728881648279086,0.0,0.9455427422493937
2025-08-31,18,Sunday,7.835128974205158,77824.0,0.0,0.13920574732113897,0.13920574732113897,7.710085239349198,0.0,0.6761274849364552
2025-08-31,19,Sunday,7.7063827234553095,77824.0,0.0,0.0,0.0,7.7063827234553095,0.0,0.0
2025-08-31,20,Sunday,7.559244151169766,77824.0,0.0,0.0,0.0,7.559244151169766,0.0,0.0
2025-08-31,21,Sunday,7.283359328134372,77824.0,0.0,0.0,0.0,7.283359328134372,0.0,0.0
2025-08-31,22,Sunday,7.1362207558488295,77824.0,0.0,0.0,0.0,7.1362207558488295,0.0,0.0
2025-08-31,23,Sunday,7.00747450509898,77824.0,0.0,0.0,0.0,7.00747450509898,0.0,0.0
2025-09-01,0,Monday,7.00747450509898,77824.0,0.0,0.0,0.0,7.00747450509898,0.0,0.0
2025-09-01,1,Monday,7.00747450509898,77824.0,0.0,0.0,0.0,7.00747450509898,0.0,0.0
2025-09-01,2,Monday,7.1362207558488295,77824.0,0.0,0.0,0.0,7.1362207558488295,0.0,0.0
2025-09-01,3,Monday,7.283359328134372,77824.0,0.0,0.0,0.0,7.283359328134372,0.0,0.0
2025-09-01,4,Monday,7.283359328134372,77824.0,0.0,0.0,0.0,7.283359328134372,0.0,0.0
2025-09-01,5,Monday,7.412105578884224,77824.0,0.0,0.0,0.0,7.412105578884224,0.0,0.0
2025-09-01,6,Monday,7.7063827234553095,77824.0,0.0,0.17505586340539606,0.17505586340539606,7.553383898838994,0.0,0.7402636250026129
2025-09-01,7,Monday,7.7063827234553095,77824.0,0.0,1.53032870824005,1.53032870824005,6.630178380298331,0.0,0.9467711459669289
2025-09-01,8,Monday,7.982267546490701,77824.0,0.0,2.7363575693925495,2.7363575693925495,5.52109837432909,0.0,0.9456582785431411
2025-09-01,9,Monday,7.982267546490701,77824.0,0.0,4.744541964639333,4.744541964639333,3.7198879290720033,0.0,0.9295514034175504
2025-09-01,10,Monday,8.111013797240552,77824.0,0.0,6.640475027180973,6.640475027180973,2.246984060409047,0.0,0.9105779510980462
2025-09-01,11,Monday,8.111013797240552,77824.0,0.0,7.113,7.113,1.9579198793881707,0.0,0.9056300784957124
2025-09-01,12,Monday,8.258152369526094,77824.0,0.0,7.113,7.113,2.1384929586030923,0.0,0.9056300784957124
2025-09-01,13,Monday,8.258152369526094,77824.0,0.0,7.113,7.113,2.1384929586030923,0.0,0.9056300784957124
2025-09-01,14,Monday,8.111013797240552,77824.0,0.0,6.618976255154011,6.618976255154011,2.416387010999988,0.0,0.9108015771634765
2025-09-01,15,Monday,8.111013797240552,77824.0,0.0,4.716308911815779,4.716308911815779,4.030173281732179,0.0,0.9298179040493134
2025-09-01,16,Monday,7.982267546490701,77824.0,0.0,2.6750984958419823,2.6750984958419823,5.619280793787901,0.0,0.945989465919142
2025-09-01,17,Monday,7.982267546490701,77824.0,0.0,1.5208061931260664,1.5208061931260664,6.615534240008943,0.0,0.9467001888537904
2025-09-01,18,Monday,7.835128974205158,77824.0,0.0,0.19302684422008862,0.19302684422008862,7.6615273518219995,0.0,0.7633923768793676
2025-09-01,19,Monday,7.7063827234553095,77824.0,0.0,0.0,0.0,7.7063827234553095,0.0,0.0
2025-09-01,20,Monday,7.559244151169766,77824.0,0.0,0.0,0.0,7.559244151169766,0.0,0.0
2025-09-01,21,Monday,7.283359328134372,77824.0,0.0,0.0,0.0,7.283359328134372,0.0,0.0
2025-09-01,22,Monday,7.1362207558488295,77824.0,0.0,0.0,0.0,7.1362207558488295,0.0,0.0
2025-09-01,23,Monday,7.00747450509898,77824.0,0.0,0.0,0.0,7.00747450509898,0.0,0.0
2025-09-02,0,Tuesday,7.00747450509898,77824.0,0.0,0.0,0.0,7.00747450509898,0.0,0.0
2025-09-02,1,Tuesday,7.00747450509898,77824.0,0.0,0.0,0.0,7.00747450509898,0.0,0.0
2025-09-02,2,Tuesday,7.1362207558488295,77824.0,0.0,0.0,0.0,7.1362207558488295,0.0,0.0
2025-09-02,3,Tuesday,7.283359328134372,77824.0,0.0,0.0,0.0,7.283359328134372,0.0,0.0
2025-09-02,4,Tuesday,7.283359328134372,77824.0,0.0,0.0,0.0,7.283359328134372,0.0,0.0
2025-09-02,5,Tuesday,7.412105578884224,77824.0,0.0,0.0,0.0,7.412105578884224,0.0,0.0
2025-09-02,6,Tuesday,7.7063827234553095,77824.0,0.0,0.16395751425423222,0.16395751425423222,7.56308385599711,0.0,0.7234250967823904
2025-09-02,7,Tuesday,7.7063827234553095,77824.0,0.0,1.4689664146165113,1.4689664146165113,6.69682991132448,0.0,0.9462730818018088
2025-09-02,8,Tuesday,7.982267546490701,77824.0,0.0,2.9034893594206173,2.9034893594206173,5.372148413578879,0.0,0.9446759102757067
2025-09-02,9,Tuesday,7.982267546490701,77824.0,0.0,4.72972837504465,4.72972837504465,3.737610111341165,0.0,0.9296913159388586
2025-09-02,10,Tuesday,8.111013797240552,77824.0,0.0,6.3462416219348565,6.3462416219348565,2.505970358716108,0.0,0.9136258879636602
2025-09-02,11,Tuesday,8.111013797240552,77824.0,0.0,7.113,7.113,1.9373239032093137,0.0,0.9056300784957124
2025-09-02,12,Tuesday,8.258152369526094,77824.0,0.0,7.113,7.113,2.1384929586030923,0.0,0.9056300784957124
2025-09-02,13,Tuesday,8.258152369526094,77824.0,0.0,7.113,7.113,2.1384929586030923,0.0,0.9056300784957124
2025-09-02,14,Tuesday,8.111013797240552,77824.0,0.0,6.232833400870537,6.232833400870537,2.748604465263524,0.0,0.9147929513850104
2025-09-02,15,Tuesday,8.111013797240552,77824.0,0.0,4.59839715256427,4.59839715256427,4.114761559547591,0.0,0.9309235625449749
2025-09-02,16,Tuesday,7.982267546490701,77824.0,0.0,2.7764253824177185,2.7764253824177185,5.526859728757135,0.0,0.9454328938395549
2025-09-02,17,Tuesday,7.982267546490701,77824.0,0.0,1.4222895246025682,1.4222895246025682,6.704822210424145,0.0,0.9458250162493252
2025-09-02,18,Tuesday,7.835128974205158,77824.0,0.0,0.18241410634192629,0.18241410634192629,7.6712237403649475,0.0,0.750289569170142
2025-09-02,19,Tuesday,7.7063827234553095,77824.0,0.0,0.0,0.0,7.7063827234553095,0.0,0.0
2025-09-02,20,Tuesday,7.559244151169766,77824.0,0.0,0.0,0.0,7.559244151169766,0.0,0.0
2025-09-02,21,Tuesday,7.283359328134372,77824.0,0.0,0.0,0.0,7.283359328134372,0.0,0.0
2025-09-02,22,Tuesday,7.1362207558488295,77824.0,0.0,0.0,0.0,7.1362207558488295,0.0,0.0
2025-09-02,23,Tuesday,7.00747450509898,77824.0,0.0,0.0,0.0,7.00747450509898,0.0,0.0
2025-09-03,0,Wednesday,7.00747450509898,77824.0,0.0,0.0,0.0,7.00747450509898,0.0,0.0
2025-09-03,1,Wednesday,7.00747450509898,77824.0,0.0,0.0,0.0,7.00747450509898,0.0,0.0
2025-09-03,2,Wednesday,7.1362207558488295,77824.0,0.0,0.0,0.0,7.1362207558488295,0.0,0.0
2025-09-03,3,Wednesday,7.283359328134372,77824.0,0.0,0.0,0.0,7.283359328134372,0.0,0.0
2025-09-03,4,Wednesday,7.283359328134372,77824.0,0.0,0.0,0.0,7.283359328134372,0.0,0.0
2025-09-03,5,Wednesday,7.412105578884224,77824.0,0.0,0.0,0.0,7.412105578884224,0.0,0.0
2025-09-03,6,Wednesday,7.7063827234553095,77824.0,0.0,0.0977314376502249,0.0977314376502249,7.620965446949013,0.0,0.5428507065522565
2025-09-03,7,Wednesday,7.7063827234553095,77824.0,0.0,1.2189222334251548,1.2189222334251548,7.077774567590565,0.0,0.9429967866543398
2025-09-03,8,Wednesday,7.982267546490701,77824.0,0.0,2.6706109243894045,2.6706109243894045,5.589808902392676,0.0,0.9460130650905559
2025-09-03,9,Wednesday,7.982267546490701,77824.0,0.0,3.3102091173540376,3.3102091173540376,5.007341526951844,0.0,0.9418959306309888
2025-09-03,10,Wednesday,8.111013797240552,77824.0,0.0,2.615073024028043,2.615073024028043,5.771043489587409,0.0,0.946297298136431
2025-09-03,11,Wednesday,8.111013797240552,77824.0,0.0,1.5946786703983113,1.5946786703983113,6.67742568590652,0.0,0.9471944545236355
2025-09-03,12,Wednesday,8.258152369526094,77824.0,0.0,4.096197813580646,4.096197813580646,4.5722513085534375,0.0,0.9354788838882339
2025-09-03,13,Wednesday,8.258152369526094,77824.0,0.0,1.0475551760955328,1.0475551760955328,7.327184909928162,0.0,0.9390622170322748
2025-09-03,14,Wednesday,8.111013797240552,77824.0,0.0,2.8729249169098625,2.8729249169098625,5.548051317491945,0.0,0.9448635854019861
2025-09-03,15,Wednesday,8.111013797240552,77824.0,0.0,4.285698881146896,4.285698881146896,4.264083026986503,0.0,0.9337921740347079
2025-09-03,16,Wednesday,7.982267546490701,77824.0,0.0,2.916022950443832,2.916022950443832,5.395456106582154,0.0,0.9445979758305276
2025-09-03,17,Wednesday,7.982267546490701,77824.0,0.0,1.613299772799439,1.613299772799439,6.534543831686211,0.0,0.9472997310822058
2025-09-03,18,Wednesday,7.835128974205158,77824.0,0.0,0.20411155322224442,0.20411155322224442,7.651441895700865,0.0,0.7756096649411178
2025-09-03,19,Wednesday,7.7063827234553095,77824.0,0.0,0.0,0.0,7.7063827234553095,0.0,0.0
2025-09-03,20,Wednesday,7.559244151169766,77824.0,0.0,0.0,0.0,7.559244151169766,0.0,0.0
2025-09-03,21,Wednesday,7.283359328134372,77824.0,0.0,0.0,0.0,7.283359328134372,0.0,0.0
2025-09-03,22,Wednesday,7.1362207558488295,77824.0,0.0,0.0,0.0,7.1362207558488295,0.0,0.0
2025-09-03,23,Wednesday,7.00747450509898,77824.0,0.0,0.0,0.0,7.00747450509898,0.0,0.0
2025-09-04,0,Thursday,7.00747450509898,77824.0,0.0,0.0,0.0,7.00747450509898,0.0,0.0
2025-09-04,1,Thursday,7.00747450509898,77824.0,0.0,0.0,0.0,7.00747450509898,0.0,0.0
2025-09-04,2,Thursday,7.1362207558488295,77824.0,0.0,0.0,0.0,7.1362207558488295,0.0,0.0
2025-09-04,3,Thursday,7.283359328134372,77824.0,0.0,0.0,0.0,7.283359328134372,0.0,0.0
2025-09-04,4,Thursday,7.283359328134372,77824.0,0.0,0.0,0.0,7.283359328134372,0.0,0.0
2025-09-04,5,Thursday,7.412105578884224,77824.0,0.0,0.0,0.0,7.412105578884224,0.0,0.0
2025-09-04,6,Thursday,7.7063827234553095,77824.0,0.0,0.11986752961931513,0.11986752961931513,7.601618502568028,0.0,0.62550127758778
2025-09-04,7,Thursday,7.7063827234553095,77824.0,0.0,1.3513037778407806,1.3513037778407806,6.903402595979138,0.0,0.9450138065597844
2025-09-04,8,Thursday,7.982267546490701,77824.0,0.0,2.842824799012373,2.842824799012373,5.430084296028326,0.0,0.9450450310136559
2025-09-04,9,Thursday,7.982267546490701,77824.0,0.0,4.717639959897707,4.717639959897707,3.74680445438855,0.0,0.9298053547514323
2025-09-04,10,Thursday,8.111013797240552,77824.0,0.0,6.86346639315351,6.86346639315351,2.048410382955452,0.0,0.9082505090296533
2025-09-04,11,Thursday,8.111013797240552,77824.0,0.0,7.113,7.113,1.973647220049025,0.0,0.9056300784957124
2025-09-04,12,Thursday,8.258152369526094,77824.0,0.0,6.566868673539401,6.566868673539401,2.608356266851998,0.0,0.9113430071362507
2025-09-04,13,Thursday,8.258152369526094,77824.0,0.0,5.592603782283243,5.592603782283243,3.416211038291893,0.0,0.9212857436908137
2025-09-04,14,Thursday,8.111013797240552,77824.0,0.0,5.175343918799158,5.175343918799158,3.581441754708271,0.0,0.9254100097075566
2025-09-04,15,Thursday,8.111013797240552,77824.0,0.0,4.388842668630569,4.388842668630569,4.2526088074873165,0.0,0.9328569240645522
2025-09-04,16,Thursday,7.982267546490701,77824.0,0.0,2.81671868630298,2.81671868630298,5.486051793313944,0.0,0.9451996020590199
2025-09-04,17,Thursday,7.982267546490701,77824.0,0.0,1.2284122738504186,1.2284122738504186,6.879227493703262,0.0,0.9431666692407654
2025-09-04,18,Thursday,7.835128974205158,77824.0,0.0,0.12867805965851403,0.12867805965851403,7.719832360119297,0.0,0.6504619710521731
2025-09-04,19,Thursday,6.0,68599.78664545978,0.0,0.0,0.0,0.0,9.224213354540206,0.6634712104732166
2025-09-04,20,Thursday,6.0,59556.44021943998,0.0,0.0,0.0,0.0,9.04334642601981,0.676740634682681
2025-09-04,21,Thursday,6.0,50690.41431157742,0.0,0.0,0.0,0.0,8.866025907862557,0.6902754473763346
2025-09-04,22,Thursday,6.0,41998.23204896707,0.0,0.0,0.0,0.0,8.69218226261035,0.7040809563238614
2025-09-04,23,Thursday,6.0,33476.48473268241,0.0,0.0,0.0,0.0,8.521747316284657,0.7181625754503386
2025-09-05,0,Friday,6.0,25121.830501030785,0.0,0.0,0.0,0.0,8.354654231651624,0.7325258269593453
2025-09-05,1,Friday,6.0,16930.993019019388,0.0,0.0,0.0,0.0,8.190837482011396,0.7471763434985322
2025-09-05,2,Friday,6.0,16384.0,0.0,0.0,0.0,5.591299756129869,0.5469930190193892,0.910123946499323
2025-09-05,3,Friday,7.283359328134372,16384.0,0.0,0.0,0.0,7.283359328134372,0.0,0.0
2025-09-05,4,Friday,7.283359328134372,16384.0,0.0,0.0,0.0,7.283359328134372,0.0,0.0
2025-09-05,5,Friday,7.412105578884224,16384.0,0.0,0.0,0.0,7.412105578884224,0.0,0.0
2025-09-05,6,Friday,7.7063827234553095,16494.785688659507,0.13089046391718684,0.0,0.13089046391718684,7.7063827234553095,0.0,0.0
2025-09-05,7,Friday,7.7063827234553095,17624.699247156288,1.3349640341408093,0.0,1.3349640341408093,7.7063827234553095,0.0,0.0
2025-09-05,8,Friday,7.982267546490701,20207.22848584991,3.051192389760893,0.0,3.051192389760893,7.982267546490701,0.0,0.0
2025-09-05,9,Friday,7.982267546490701,23952.80325986918,4.425301009001971,0.0,4.425301009001971,7.982267546490701,0.0,0.0
2025-09-05,10,Friday,8.111013797240552,29067.06316737632,6.042367565580271,0.0,6.042367565580271,8.111013797240552,0.0,0.0
2025-09-05,11,Friday,8.111013797240552,35087.50636737632,7.113,0.0,7.113,8.111013797240552,0.0,0.0
2025-09-05,12,Friday,8.258152369526094,41107.94956737632,7.113,0.0,7.113,8.258152369526094,0.0,0.0
2025-09-05,13,Friday,8.258152369526094,47128.392767376325,7.113,0.0,7.113,8.258152369526094,0.0,0.0
2025-09-05,14,Friday,8.111013797240552,52510.7154678492,6.359076914547348,0.0,6.359076914547348,8.111013797240552,0.0,0.0
2025-09-05,15,Friday,8.111013797240552,56350.705088991024,4.536849741424653,0.0,4.536849741424653,8.111013797240552,0.0,0.0
2025-09-05,16,Friday,7.982267546490701,58662.26527859557,2.7310493733512975,0.0,2.7310493733512975,7.982267546490701,0.0,0.0
2025-09-05,17,Friday,7.982267546490701,59630.45669544382,1.1438934509076648,0.0,1.1438934509076648,7.982267546490701,0.0,0.0
2025-09-05,18,Friday,7.835128974205158,59675.87449450081,0.053659970530474624,0.0,0.053659970530474624,7.835128974205158,0.0,0.0
2025-09-05,19,Friday,7.7063827234553095,59675.87449450081,0.0,0.0,0.0,7.7063827234553095,0.0,0.0
2025-09-05,20,Friday,7.559244151169766,59675.87449450081,0.0,0.0,0.0,7.559244151169766,0.0,0.0
2025-09-05,21,Friday,7.283359328134372,59675.87449450081,0.0,0.0,0.0,7.283359328134372,0.0,0.0
2025-09-05,22,Friday,7.1362207558488295,59675.87449450081,0.0,0.0,0.0,7.1362207558488295,0.0,0.0
2025-09-05,23,Friday,7.00747450509898,59675.87449450081,0.0,0.0,0.0,7.00747450509898,0.0,0.0
2025-09-06,0,Saturday,7.00747450509898,59675.87449450081,0.0,0.0,0.0,7.00747450509898,0.0,0.0
2025-09-06,1,Saturday,7.00747450509898,59675.87449450081,0.0,0.0,0.0,7.00747450509898,0.0,0.0
2025-09-06,2,Saturday,7.1362207558488295,59675.87449450081,0.0,0.0,0.0,7.1362207558488295,0.0,0.0
2025-09-06,3,Saturday,7.283359328134372,59675.87449450081,0.0,0.0,0.0,7.283359328134372,0.0,0.0
2025-09-06,4,Saturday,7.283359328134372,59675.87449450081,0.0,0.0,0.0,7.283359328134372,0.0,0.0
2025-09-06,5,Saturday,7.412105578884224,59675.87449450081,0.0,0.0,0.0,7.412105578884224,0.0,0.0
2025-09-06,6,Saturday,7.7063827234553095,59814.43206776199,0.16370223683976998,0.0,0.16370223683976998,7.7063827234553095,0.0,0.0
2025-09-06,7,Saturday,7.7063827234553095,60991.364778694064,1.3905159628214483,0.0,1.3905159628214483,7.7063827234553095,0.0,0.0
2025-09-06,8,Saturday,7.982267546490701,63401.99301303427,2.8480957400049736,0.0,2.8480957400049736,7.982267546490701,0.0,0.0
2025-09-06,9,Saturday,7.982267546490701,67171.13282428133,4.453142499110413,0.0,4.453142499110413,7.982267546490701,0.0,0.0
2025-09-06,10,Saturday,8.111013797240552,71856.69012677456,5.535866378181977,0.0,5.535866378181977,8.111013797240552,0.0,0.0
2025-09-06,11,Saturday,8.111013797240552,76876.96378109265,5.931325205952386,0.0,5.931325205952386,8.111013797240552,0.0,0.0
2025-09-06,12,Saturday,8.258152369526094,77824.0,1.1188991244179378,5.994100875582062,7.113,3.0193082042673716,0.0,0.9172341481724462
2025-09-06,13,Saturday,8.258152369526094,77824.0,0.0,6.835316420907364,6.835316420907364,2.302046016447,0.0,0.9085450929744541
2025-09-06,14,Saturday,8.111013797240552,77824.0,0.0,5.779343473432726,5.779343473432726,3.122759351509375,0.0,0.9194103941954552
2025-09-06,15,Saturday,8.111013797240552,77824.0,0.0,4.464595127037462,4.464595127037462,4.211458389851562,0.0,0.9321629630359487
2025-09-06,16,Saturday,7.982267546490701,77824.0,0.0,2.6800818768210455,2.6800818768210455,5.608908136188072,0.0,0.9459631512428754
2025-09-06,17,Saturday,7.982267546490701,77824.0,0.0,1.1029492459262151,1.1029492459262151,6.991085669370251,0.0,0.9405341909981108
2025-09-06,18,Saturday,7.835128974205158,77824.0,0.0,0.1825587635434549,0.1825587635434549,7.672011353175147,0.0,0.7504785028704757
2025-09-06,19,Saturday,7.7063827234553095,77824.0,0.0,0.0,0.0,7.7063827234553095,0.0,0.0
2025-09-06,20,Saturday,7.559244151169766,77824.0,0.0,0.0,0.0,7.559244151169766,0.0,0.0
2025-09-06,21,Saturday,7.283359328134372,77824.0,0.0,0.0,0.0,7.283359328134372,0.0,0.0
2025-09-06,22,Saturday,7.1362207558488295,77824.0,0.0,0.0,0.0,7.1362207558488295,0.0,0.0
2025-09-06,23,Saturday,7.00747450509898,77824.0,0.0,0.0,0.0,7.00747450509898,0.0,0.0
2025-09-07,0,Sunday,7.00747450509898,77824.0,0.0,0.0,0.0,7.00747450509898,0.0,0.0
2025-09-07,1,Sunday,7.00747450509898,77824.0,0.0,0.0,0.0,7.00747450509898,0.0,0.0
2025-09-07,2,Sunday,7.1362207558488295,77824.0,0.0,0.0,0.0,7.1362207558488295,0.0,0.0
2025-09-07,3,Sunday,7.283359328134372,77824.0,0.0,0.0,0.0,7.283359328134372,0.0,0.0
2025-09-07,4,Sunday,7.283359328134372,77824.0,0.0,0.0,0.0,7.283359328134372,0.0,0.0
2025-09-07,5,Sunday,7.412105578884224,77824.0,0.0,0.0,0.0,7.412105578884224,0.0,0.0
2025-09-07,6,Sunday,7.7063827234553095,77824.0,0.0,0.12036673878537464,0.12036673878537464,7.601182193756892,0.0,0.6270136126884661
2025-09-07,7,Sunday,7.7063827234553095,77824.0,0.0,1.3571564184990674,1.3571564184990674,6.897974951956192,0.0,0.9450871011763489
2025-09-07,8,Sunday,7.982267546490701,77824.0,0.0,2.4926964914040615,2.4926964914040615,5.7442430103758575,0.0,0.9468687274268042
2025-09-07,9,Sunday,7.982267546490701,77824.0,0.0,4.1939056897083695,4.1939056897083695,4.209743310296614,0.0,0.934614550970761
2025-09-07,10,Sunday,8.111013797240552,77824.0,0.0,5.498923951050652,5.498923951050652,3.2286081748736626,0.0,0.9222200468124431
2025-09-07,11,Sunday,8.111013797240552,77824.0,0.0,6.3195890801401315,6.3195890801401315,2.574364646784428,0.0,0.913900570270062
2025-09-07,12,Sunday,8.258152369526094,77824.0,0.0,5.688345980185874,5.688345980185874,3.3194988661000737,0.0,0.9203263234113079
2025-09-07,13,Sunday,8.258152369526094,77824.0,0.0,4.94679589931768,4.94679589931768,3.9331192109751782,0.0,0.9276237883209711
2025-09-07,14,Sunday,8.111013797240552,77824.0,0.0,4.538785262435203,4.538785262435203,4.111242876700793,0.0,0.9314778264243689
2025-09-07,15,Sunday,8.111013797240552,77824.0,0.0,3.944861256589804,3.944861256589804,4.620190547848276,0.0,0.9367932208408681
2025-09-07,16,Sunday,7.982267546490701,77824.0,0.0,2.812217528776476,2.812217528776476,5.479524545827422,0.0,0.9452259844350785
2025-09-07,17,Sunday,7.982267546490701,77824.0,0.0,1.2889587054313525,1.2889587054313525,6.824828148315062,0.0,0.9441541238078073
2025-09-07,18,Sunday,7.835128974205158,77824.0,0.0,0.03248191837605255,0.03248191837605255,7.805994433880417,0.0,0.0
2025-09-07,19,Sunday,7.7063827234553095,77824.0,0.0,0.0,0.0,7.7063827234553095,0.0,0.0
2025-09-07,20,Sunday,7.559244151169766,77824.0,0.0,0.0,0.0,7.559244151169766,0.0,0.0
2025-09-07,21,Sunday,7.283359328134372,77824.0,0.0,0.0,0.0,7.283359328134372,0.0,0.0
2025-09-07,22,Sunday,7.1362207558488295,77824.0,0.0,0.0,0.0,7.1362207558488295,0.0,0.0
2025-09-07,23,Sunday,7.00747450509898,77824.0,0.0,0.0,0.0,7.00747450509898,0.0,0.0
2025-09-08,0,Monday,7.00747450509898,77824.0,0.0,0.0,0.0,7.00747450509898,0.0,0.0
2025-09-08,1,Monday,7.00747450509898,77824.0,0.0,0.0,0.0,7.00747450509898,0.0,0.0
2025-09-08,2,Monday,7.1362207558488295,77824.0,0.0,0.0,0.0,7.1362207558488295,0.0,0.0
2025-09-08,3,Monday,7.283359328134372,77824.0,0.0,0.0,0.0,7.283359328134372,0.0,0.0
2025-09-08,4,Monday,7.283359328134372,77824.0,0.0,0.0,0.0,7.283359328134372,0.0,0.0
2025-09-08,5,Monday,7.412105578884224,77824.0,0.0,0.0,0.0,7.412105578884224,0.0,0.0
2025-09-08,6,Monday,7.7063827234553095,77824.0,0.0,0.10920594623250324,0.10920594623250324,7.610936726448101,0.0,0.5898890692699661
2025-09-08,7,Monday,7.7063827234553095,77824.0,0.0,1.4678882335442518,1.4678882335442518,6.883786060771444,0.0,0.9462634353414412
2025-09-08,8,Monday,7.982267546490701,77824.0,0.0,2.9723072465195584,2.9723072465195584,5.3103111638079366,0.0,0.9442412446193988
2025-09-08,9,Monday,7.982267546490701,77824.0,0.0,5.387407624471471,5.387407624471471,3.1496056899178697,0.0,0.9233261802509904
2025-09-08,10,Monday,8.111013797240552,77824.0,0.0,3.470216602965019,3.470216602965019,5.067079048614257,0.0,0.9406829744727835
2025-09-08,11,Monday,8.111013797240552,77824.0,0.0,6.590612851865886,6.590612851865886,2.221320361203384,0.0,0.9110963935950677
2025-09-08,12,Monday,8.258152369526094,77824.0,0.0,6.381780119791659,6.381780119791659,2.7344563602601584,0.0,0.9132592477255775
2025-09-08,13,Monday,8.258152369526094,77824.0,0.0,2.355840822219101,2.355840822219101,6.214233623318123,0.0,0.947406408276479
2025-09-08,14,Monday,8.111013797240552,77824.0,0.0,2.716525337484094,2.716525337484094,5.666042959911589,0.0,0.9457673110549303
2025-09-08,15,Monday,8.111013797240552,77824.0,0.0,2.9238148395472,2.9238148395472,5.484027723360548,0.0,0.9445492448156622
2025-09-08,16,Monday,7.982267546490701,77824.0,0.0,2.779498147907919,2.779498147907919,5.4881633137463925,0.0,0.9454153338644072
2025-09-08,17,Monday,7.982267546490701,77824.0,0.0,1.3575784721969895,1.3575784721969895,6.762965817178415,0.0,0.9450923400310776
2025-09-08,18,Monday,7.835128974205158,77824.0,0.0,0.1403119494504754,0.1403119494504754,7.70915161299671,0.0,0.6785996511134472
2025-09-08,19,Monday,7.7063827234553095,77824.0,0.0,0.0,0.0,7.7063827234553095,0.0,0.0
2025-09-08,20,Monday,7.559244151169766,77824.0,0.0,0.0,0.0,7.559244151169766,0.0,0.0
2025-09-08,21,Monday,7.283359328134372,77824.0,0.0,0.0,0.0,7.283359328134372,0.0,0.0
2025-09-08,22,Monday,7.1362207558488295,77824.0,0.0,0.0,0.0,7.1362207558488295,0.0,0.0
2025-09-08,23,Monday,7.00747450509898,77824.0,0.0,0.0,0.0,7.00747450509898,0.0,0.0
2025-09-09,0,Tuesday,7.00747450509898,77824.0,0.0,0.0,0.0,7.00747450509898,0.0,0.0
2025-09-09,1,Tuesday,7.00747450509898,77824.0,0.0,0.0,0.0,7.00747450509898,0.0,0.0
2025-09-09,2,Tuesday,7.1362207558488295,77824.0,0.0,0.0,0.0,7.1362207558488295,0.0,0.0
2025-09-09,3,Tuesday,7.283359328134372,77824.0,0.0,0.0,0.0,7.283359328134372,0.0,0.0
2025-09-09,4,Tuesday,7.283359328134372,77824.0,0.0,0.0,0.0,7.283359328134372,0.0,0.0
2025-09-09,5,Tuesday,7.412105578884224,77824.0,0.0,0.0,0.0,7.412105578884224,0.0,0.0
2025-09-09,6,Tuesday,7.7063827234553095,77824.0,0.0,0.17564583787437546,0.17564583787437546,7.5528682611531055,0.0,0.7410987274074645
2025-09-09,7,Tuesday,7.7063827234553095,77824.0,0.0,0.9916006190644919,0.9916006190644919,7.008252464414418,0.0,0.9373367573911915
2025-09-09,8,Tuesday,7.982267546490701,77824.0,0.0,1.571270736122762,1.571270736122762,6.58309822054877,0.0,0.9470514373503351
2025-09-09,9,Tuesday,7.982267546490701,77824.0,0.0,3.817448246229915,3.817448246229915,4.547713690318272,0.0,0.9378745243295672
2025-09-09,10,Tuesday,8.111013797240552,77824.0,0.0,4.452942001843901,4.452942001843901,4.143527978486378,0.0,0.9322700917981549
2025-09-09,11,Tuesday,8.111013797240552,77824.0,0.0,5.513804082111423,5.513804082111423,3.227676891342848,0.0,0.9220719452228349
2025-09-09,12,Tuesday,8.258152369526094,77824.0,0.0,6.297276528708985,6.297276528708985,2.7419374520149393,0.0,0.9141303346446955
2025-09-09,13,Tuesday,8.258152369526094,77824.0,0.0,6.1003081985792305,6.1003081985792305,2.9604994332732337,0.0,0.9161508181195737
2025-09-09,14,Tuesday,8.111013797240552,77824.0,0.0,6.05852928941529,6.05852928941529,2.8380135603962966,0.0,0.9165775021192776
2025-09-09,15,Tuesday,8.111013797240552,77824.0,0.0,4.4526102884218925,4.4526102884218925,4.233909501971835,0.0,0.9322731393142767
2025-09-09,16,Tuesday,7.982267546490701,77824.0,0.0,2.7467338562432033,2.7467338562432033,5.549596661221074,0.0,0.9456005588311635
2025-09-09,17,Tuesday,7.982267546490701,77824.0,0.0,1.1982818307226935,1.1982818307226935,6.9058263761605225,0.0,0.9426120926184546
2025-09-09,18,Tuesday,7.835128974205158,77824.0,0.0,0.11930591930749818,0.11930591930749818,7.72829273205796,0.0,0.6237847157234814
2025-09-09,19,Tuesday,7.7063827234553095,77824.0,0.0,0.0,0.0,7.7063827234553095,0.0,0.0
2025-09-09,20,Tuesday,7.559244151169766,77824.0,0.0,0.0,0.0,7.559244151169766,0.0,0.0
2025-09-09,21,Tuesday,7.283359328134372,77824.0,0.0,0.0,0.0,7.283359328134372,0.0,0.0
2025-09-09,22,Tuesday,7.1362207558488295,77824.0,0.0,0.0,0.0,7.1362207558488295,0.0,0.0
2025-09-09,23,Tuesday,7.00747450509898,77824.0,0.0,0.0,0.0,7.00747450509898,0.0,0.0
2025-09-10,0,Wednesday,7.00747450509898,77824.0,0.0,0.0,0.0,7.00747450509898,0.0,0.0
2025-09-10,1,Wednesday,7.00747450509898,77824.0,0.0,0.0,0.0,7.00747450509898,0.0,0.0
2025-09-10,2,Wednesday,7.1362207558488295,77824.0,0.0,0.0,0.0,7.1362207558488295,0.0,0.0
2025-09-10,3,Wednesday,7.283359328134372,77824.0,0.0,0.0,0.0,7.283359328134372,0.0,0.0
2025-09-10,4,Wednesday,7.283359328134372,77824.0,0.0,0.0,0.0,7.283359328134372,0.0,0.0
2025-09-10,5,Wednesday,7.412105578884224,77824.0,0.0,0.0,0.0,7.412105578884224,0.0,0.0
2025-09-10,6,Wednesday,7.7063827234553095,77824.0,0.0,0.13170735164346603,0.13170735164346603,7.59127049811892,0.0,0.6582695185515839
2025-09-10,7,Wednesday,7.7063827234553095,77824.0,0.0,1.1707548617164698,1.1707548617164698,6.9742440962494845,0.0,0.9420650288590694
2025-09-10,8,Wednesday,7.982267546490701,77824.0,0.0,2.7798157810577164,2.7798157810577164,5.494438674185918,0.0,0.9454135164793992
2025-09-10,9,Wednesday,7.982267546490701,77824.0,0.0,4.616590207309446,4.616590207309446,3.835910103555759,0.0,0.9307537612629085
2025-09-10,10,Wednesday,8.111013797240552,77824.0,0.0,6.338557963367477,6.338557963367477,2.506358965122674,0.0,0.9137051012525493
2025-09-10,11,Wednesday,8.111013797240552,77824.0,0.0,7.113,7.113,1.9367886312916385,0.0,0.9056300784957124
2025-09-10,12,Wednesday,8.258152369526094,77824.0,0.0,7.113,7.113,2.1384929586030923,0.0,0.9056300784957124
2025-09-10,13,Wednesday,8.258152369526094,77824.0,0.0,7.113,7.113,2.1384929586030923,0.0,0.9056300784957124
2025-09-10,14,Wednesday,8.111013797240552,77824.0,0.0,6.003593450326678,6.003593450326678,2.9458307299486437,0.0,0.9171375060197398
2025-09-10,15,Wednesday,8.111013797240552,77824.0,0.0,4.273175444784654,4.273175444784654,4.3878788005366935,0.0,0.9339049388181561
2025-09-10,16,Wednesday,7.982267546490701,77824.0,0.0,2.5470614708193344,2.5470614708193344,5.7224899237726685,0.0,0.9466246441150455
2025-09-10,17,Wednesday,7.982267546490701,77824.0,0.0,1.0909430210055715,1.0909430210055715,7.001189674931969,0.0,0.9402332842867429
2025-09-10,18,Wednesday,7.835128974205158,77824.0,0.0,0.06469316663206495,0.06469316663206495,7.777343639098452,0.0,0.313966784015658
2025-09-10,19,Wednesday,7.7063827234553095,77824.0,0.0,0.0,0.0,7.7063827234553095,0.0,0.0
2025-09-10,20,Wednesday,7.559244151169766,77824.0,0.0,0.0,0.0,7.559244151169766,0.0,0.0
2025-09-10,21,Wednesday,7.283359328134372,77824.0,0.0,0.0,0.0,7.283359328134372,0.0,0.0
2025-09-10,22,Wednesday,7.1362207558488295,77824.0,0.0,0.0,0.0,7.1362207558488295,0.0,0.0
2025-09-10,23,Wednesday,7.00747450509898,77824.0,0.0,0.0,0.0,7.00747450509898,0.0,0.0
2025-09-11,0,Thursday,7.00747450509898,77824.0,0.0,0.0,0.0,7.00747450509898,0.0,0.0
2025-09-11,1,Thursday,7.00747450509898,77824.0,0.0,0.0,0.0,7.00747450509898,0.0,0.0
2025-09-11,2,Thursday,7.1362207558488295,77824.0,0.0,0.0,0.0,7.1362207558488295,0.0,0.0
2025-09-11,3,Thursday,7.283359328134372,77824.0,0.0,0.0,0.0,7.283359328134372,0.0,0.0
2025-09-11,4,Thursday,7.283359328134372,77824.0,0.0,0.0,0.0,7.283359328134372,0.0,0.0
2025-09-11,5,Thursday,7.412105578884224,77824.0,0.0,0.0,0.0,7.412105578884224,0.0,0.0
2025-09-11,6,Thursday,7.7063827234553095,77824.0,0.0,0.03272868654336605,0.03272868654336605,7.6777778514164075,0.0,0.0
2025-09-11,7,Thursday,7.7063827234553095,77824.0,0.0,0.7909929294019779,0.7909929294019779,7.0150549031579805,0.0,0.9284023916504359
2025-09-11,8,Thursday,7.982267546490701,77824.0,0.0,1.4320365450384909,1.4320365450384909,6.719236700813367,0.0,0.9459238592167304
2025-09-11,9,Thursday,7.982267546490701,77824.0,0.0,2.2425290603328345,2.2425290603328345,5.967068890492783,0.0,0.9477571491909984
2025-09-11,10,Thursday,8.111013797240552,77824.0,0.0,2.9079086851054847,2.9079086851054847,5.4928221140124,0.0,0.944648494607955
2025-09-11,11,Thursday,8.111013797240552,77824.0,0.0,2.8952090352224764,2.8952090352224764,5.512806683377203,0.0,0.9447270892409434
2025-09-11,12,Thursday,8.258152369526094,77824.0,0.0,2.4805088082208195,2.4805088082208195,6.031918696610466,0.0,0.9469211870087755
2025-09-11,13,Thursday,8.258152369526094,77824.0,0.0,2.7337870489390514,2.7337870489390514,5.798905535986039,0.0,0.9456725064020877
2025-09-11,14,Thursday,8.111013797240552,77824.0,0.0,2.5239271667001777,2.5239271667001777,5.84354569401636,0.0,0.9467304887072108
2025-09-11,15,Thursday,8.111013797240552,77824.0,0.0,2.792101314500396,2.792101314500396,5.599814727343397,0.0,0.9453429080898446
2025-09-11,16,Thursday,7.982267546490701,77824.0,0.0,2.187945834716007,2.187945834716007,6.017326422263883,0.0,0.9478913199058452
2025-09-11,17,Thursday,7.982267546490701,77824.0,0.0,1.0772807888899893,1.0772807888899893,7.012179693045066,0.0,0.9398790041013002
2025-09-11,18,Thursday,7.835128974205158,77824.0,0.0,0.06539092489826177,0.06539092489826177,7.776742394703049,0.0,0.32119541732133344
2025-09-11,19,Thursday,6.0,59143.78329567067,0.0,0.0,0.0,0.0,18.68021670432932,0.3276193256677601
2025-09-11,20,Thursday,6.0,40829.84535024977,0.0,0.0,0.0,0.0,18.313937945420903,0.33417171218111524
2025-09-11,21,Thursday,6.0,22875.004227288096,0.0,0.0,0.0,0.0,17.95484112296167,0.3408551464247376
2025-09-11,22,Thursday,6.0,16384.0,0.0,0.0,0.0,3.7875078036641248,6.491004227288098,0.9085731314427966
2025-09-11,23,Thursday,6.0,16384.0,0.0,0.0,0.0,6.0,0.0,0.0
2025-09-12,0,Friday,6.0,16384.0,0.0,0.0,0.0,6.0,0.0,0.0
2025-09-12,1,Friday,6.0,16384.0,0.0,0.0,0.0,6.0,0.0,0.0
2025-09-12,2,Friday,6.0,16384.0,0.0,0.0,0.0,6.0,0.0,0.0
2025-09-12,3,Friday,7.283359328134372,16384.0,0.0,0.0,0.0,7.283359328134372,0.0,0.0
2025-09-12,4,Friday,7.283359328134372,16384.0,0.0,0.0,0.0,7.283359328134372,0.0,0.0
2025-09-12,5,Friday,7.412105578884224,16384.0,0.0,0.0,0.0,7.412105578884224,0.0,0.0
2025-09-12,6,Friday,7.7063827234553095,16486.22171385144,0.12077234623279799,0.0,0.12077234623279799,7.7063827234553095,0.0,0.0
2025-09-12,7,Friday,7.7063827234553095,17578.482123640988,1.2904777998458759,0.0,1.2904777998458759,7.7063827234553095,0.0,0.0
2025-09-12,8,Friday,7.982267546490701,19900.430345127876,2.743322567919292,0.0,2.743322567919292,7.982267546490701,0.0,0.0
2025-09-12,9,Friday,7.982267546490701,23684.786875045596,4.471120663891445,0.0,4.471120663891445,7.982267546490701,0.0,0.0
2025-09-12,10,Friday,8.111013797240552,28719.946857856434,5.948913023169705,0.0,5.948913023169705,8.111013797240552,0.0,0.0
2025-09-12,11,Friday,8.111013797240552,34740.390057856435,7.113,0.0,7.113,8.111013797240552,0.0,0.0
2025-09-12,12,Friday,8.258152369526094,40760.83325785644,7.113,0.0,7.113,8.258152369526094,0.0,0.0
2025-09-12,13,Friday,8.258152369526094,46692.870271753694,7.008550347232105,0.0,7.008550347232105,8.258152369526094,0.0,0.0
2025-09-12,14,Friday,8.111013797240552,51617.041121125054,5.817782194436864,0.0,5.817782194436864,8.111013797240552,0.0,0.0
2025-09-12,15,Friday,8.111013797240552,55190.404644159535,4.221837810768522,0.0,4.221837810768522,8.111013797240552,0.0,0.0
2025-09-12,16,Friday,7.982267546490701,57232.994645398205,2.413267959875554,0.0,2.413267959875554,7.982267546490701,0.0,0.0
2025-09-12,17,Friday,7.982267546490701,57998.60204764536,0.9045456075698886,0.0,0.9045456075698886,7.982267546490701,0.0,0.0
2025-09-12,18,Friday,7.835128974205158,58071.65647965528,0.08631194708165175,0.0,0.08631194708165175,7.835128974205158,0.0,0.0
2025-09-12,19,Friday,7.7063827234553095,58071.65647965528,0.0,0.0,0.0,7.7063827234553095,0.0,0.0
2025-09-12,20,Friday,7.559244151169766,58071.65647965528,0.0,0.0,0.0,7.559244151169766,0.0,0.0
2025-09-12,21,Friday,7.283359328134372,58071.65647965528,0.0,0.0,0.0,7.283359328134372,0.0,0.0
2025-09-12,22,Friday,7.1362207558488295,58071.65647965528,0.0,0.0,0.0,7.1362207558488295,0.0,0.0
2025-09-12,23,Friday,7.00747450509898,58071.65647965528,0.0,0.0,0.0,7.00747450509898,0.0,0.0
2025-09-13,0,Saturday,7.00747450509898,58071.65647965528,0.0,0.0,0.0,7.00747450509898,0.0,0.0
2025-09-13,1,Saturday,7.00747450509898,58071.65647965528,0.0,0.0,0.0,7.00747450509898,0.0,0.0
2025-09-13,2,Saturday,7.1362207558488295,58071.65647965528,0.0,0.0,0.0,7.1362207558488295,0.0,0.0
2025-09-13,3,Saturday,7.283359328134372,58071.65647965528,0.0,0.0,0.0,7.283359328134372,0.0,0.0
2025-09-13,4,Saturday,7.283359328134372,58071.65647965528,0.0,0.0,0.0,7.283359328134372,0.0,0.0
2025-09-13,5,Saturday,7.412105578884224,58071.65647965528,0.0,0.0,0.0,7.412105578884224,0.0,0.0
2025-09-13,6,Saturday,7.7063827234553095,58192.35151193351,0.14259810051777067,0.0,0.14259810051777067,7.7063827234553095,0.0,0.0
2025-09-13,7,Saturday,7.7063827234553095,59151.97099825331,1.133765933742671,0.0,1.133765933742671,7.7063827234553095,0.0,0.0
2025-09-13,8,Saturday,7.982267546490701,61394.66911876684,2.6496905960698607,0.0,2.6496905960698607,7.982267546490701,0.0,0.0
2025-09-13,9,Saturday,7.982267546490701,65228.6117648865,4.529705394753841,0.0,4.529705394753841,7.982267546490701,0.0,0.0
2025-09-13,10,Saturday,8.111013797240552,70511.72532444661,6.241863846361196,0.0,6.241863846361196,8.111013797240552,0.0,0.0
2025-09-13,11,Saturday,8.111013797240552,76532.16852444662,7.113,0.0,7.113,8.111013797240552,0.0,0.0
2025-09-13,12,Saturday,8.258152369526094,77824.0,1.5262659210224243,5.586734078977576,7.113,3.375346784499693,0.0,0.921344416000677
2025-09-13,13,Saturday,8.258152369526094,77824.0,0.0,6.96884932188597,6.96884932188597,2.1584774812898386,0.0,0.907145808899209
2025-09-13,14,Saturday,8.111013797240552,77824.0,0.0,5.670864813165941,5.670864813165941,3.223927611547948,0.0,0.9205018326570492
2025-09-13,15,Saturday,8.111013797240552,77824.0,0.0,4.226844129144776,4.226844129144776,4.414736918368771,0.0,0.9343205743919243
2025-09-13,16,Saturday,7.982267546490701,77824.0,0.0,2.4754572750499086,2.4754572750499086,5.785040416538767,0.0,0.9469426807596172
2025-09-13,17,Saturday,7.982267546490701,77824.0,0.0,1.0484155026739845,1.0484155026739845,7.039117629171258,0.0,0.9390867775839897
2025-09-13,18,Saturday,7.835128974205158,77824.0,0.0,0.04323772992297393,0.04323772992297393,7.796555192764917,0.0,0.0
2025-09-13,19,Saturday,7.7063827234553095,77824.0,0.0,0.0,0.0,7.7063827234553095,0.0,0.0
2025-09-13,20,Saturday,7.559244151169766,77824.0,0.0,0.0,0.0,7.559244151169766,0.0,0.0
2025-09-13,21,Saturday,7.283359328134372,77824.0,0.0,0.0,0.0,7.283359328134372,0.0,0.0
2025-09-13,22,Saturday,7.1362207558488295,77824.0,0.0,0.0,0.0,7.1362207558488295,0.0,0.0
2025-09-13,23,Saturday,7.00747450509898,77824.0,0.0,0.0,0.0,7.00747450509898,0.0,0.0
2025-09-14,0,Sunday,7.00747450509898,77824.0,0.0,0.0,0.0,7.00747450509898,0.0,0.0
2025-09-14,1,Sunday,7.00747450509898,77824.0,0.0,0.0,0.0,7.00747450509898,0.0,0.0
2025-09-14,2,Sunday,7.1362207558488295,77824.0,0.0,0.0,0.0,7.1362207558488295,0.0,0.0
2025-09-14,3,Sunday,7.283359328134372,77824.0,0.0,0.0,0.0,7.283359328134372,0.0,0.0
2025-09-14,4,Sunday,7.283359328134372,77824.0,0.0,0.0,0.0,7.283359328134372,0.0,0.0
2025-09-14,5,Sunday,7.412105578884224,77824.0,0.0,0.0,0.0,7.412105578884224,0.0,0.0
2025-09-14,6,Sunday,7.7063827234553095,77824.0,0.0,0.021809488999998808,0.021809488999998808,7.68732123006931,0.0,0.0
2025-09-14,7,Sunday,7.7063827234553095,77824.0,0.0,0.7773598736014631,0.7773598736014631,7.026970193927631,0.0,0.9275850540412834
2025-09-14,8,Sunday,7.982267546490701,77824.0,0.0,1.5950882987778143,1.5950882987778143,6.576666483959385,0.0,0.9471968501617558
2025-09-14,9,Sunday,7.982267546490701,77824.0,0.0,1.6888754293500785,1.6888754293500785,6.4625549338445225,0.0,0.9476551220609069
2025-09-14,10,Sunday,8.111013797240552,77824.0,0.0,2.1458683334031594,2.1458683334031594,6.179147835693637,0.0,0.9479778020372531
2025-09-14,11,Sunday,8.111013797240552,77824.0,0.0,2.371206114864685,2.371206114864685,5.97555557434117,0.0,0.9473519225558811
2025-09-14,12,Sunday,8.258152369526094,77824.0,0.0,2.963114424507702,2.963114424507702,5.5913958300561815,0.0,0.9443002484865346
2025-09-14,13,Sunday,8.258152369526094,77824.0,0.0,2.5769770865008605,2.5769770865008605,5.946384271555569,0.0,0.9464835705008483
2025-09-14,14,Sunday,8.111013797240552,77824.0,0.0,2.274303617198004,2.274303617198004,6.066052339632419,0.0,0.947668255795596
2025-09-14,15,Sunday,8.111013797240552,77824.0,0.0,2.0908901132874753,2.0908901132874753,6.228617119857125,0.0,0.948066951434207
2025-09-14,16,Sunday,7.982267546490701,77824.0,0.0,1.2913732853112985,1.2913732853112985,6.819174629410474,0.0,0.9441902413100637
2025-09-14,17,Sunday,7.982267546490701,77824.0,0.0,0.6338101139174869,0.6338101139174869,7.413752088306415,0.0,0.9164387235408767
2025-09-14,18,Sunday,7.835128974205158,77824.0,0.0,0.021599594236996516,0.021599594236996516,7.8163240048621825,0.0,0.0
2025-09-14,19,Sunday,7.7063827234553095,77824.0,0.0,0.0,0.0,7.7063827234553095,0.0,0.0
2025-09-14,20,Sunday,7.559244151169766,77824.0,0.0,0.0,0.0,7.559244151169766,0.0,0.0
2025-09-14,21,Sunday,7.283359328134372,77824.0,0.0,0.0,0.0,7.283359328134372,0.0,0.0
2025-09-14,22,Sunday,7.1362207558488295,77824.0,0.0,0.0,0.0,7.1362207558488295,0.0,0.0
2025-09-14,23,Sunday,7.00747450509898,77824.0,0.0,0.0,0.0,7.00747450509898,0.0,0.0
2025-09-15,0,Monday,7.00747450509898,77824.0,0.0,0.0,0.0,7.00747450509898,0.0,0.0
2025-09-15,1,Monday,7.00747450509898,77824.0,0.0,0.0,0.0,7.00747450509898,0.0,0.0
2025-09-15,2,Monday,7.1362207558488295,77824.0,0.0,0.0,0.0,7.1362207558488295,0.0,0.0
2025-09-15,3,Monday,7.283359328134372,77824.0,0.0,0.0,0.0,7.283359328134372,0.0,0.0
2025-09-15,4,Monday,7.283359328134372,77824.0,0.0,0.0,0.0,7.283359328134372,0.0,0.0
2025-09-15,5,Monday,7.412105578884224,77824.0,0.0,0.0,0.0,7.412105578884224,0.0,0.0
2025-09-15,6,Monday,7.7063827234553095,77824.0,0.0,0.04372559342616845,0.04372559342616845,7.668166554800838,0.0,0.0
2025-09-15,7,Monday,7.7063827234553095,77824.0,0.0,1.0537088557904604,1.0537088557904604,6.785441183494447,0.0,0.9392366569902583
2025-09-15,8,Monday,7.982267546490701,77824.0,0.0,2.2165078445748714,2.2165078445748714,6.004533399266075,0.0,0.9478241101070366
2025-09-15,9,Monday,7.982267546490701,77824.0,0.0,3.271097953634451,3.271097953634451,5.036863314863005,0.0,0.9421833244554371
2025-09-15,10,Monday,8.111013797240552,77824.0,0.0,4.21907122215291,4.21907122215291,4.334632174548375,0.0,0.9343900625717568
2025-09-15,11,Monday,8.111013797240552,77824.0,0.0,4.790229085306376,4.790229085306376,3.8588684652257017,0.0,0.9291187660503122
2025-09-15,12,Monday,8.258152369526094,77824.0,0.0,4.4795523315203125,4.4795523315203125,4.30421804154214,0.0,0.9320252633404104
2025-09-15,13,Monday,8.258152369526094,77824.0,0.0,4.368738596129328,4.368738596129328,4.389966366029386,0.0,0.933040107856738
2025-09-15,14,Monday,8.111013797240552,77824.0,0.0,3.9965948676388443,3.9965948676388443,4.568479656197192,0.0,0.9363474222587612
2025-09-15,15,Monday,8.111013797240552,77824.0,0.0,3.0188485085120536,3.0188485085120536,5.425657329062334,0.0,0.9439382404902646
2025-09-15,16,Monday,7.982267546490701,77824.0,0.0,1.9088183387902888,1.9088183387902888,6.270551253564109,0.0,0.9481410883055071
2025-09-15,17,Monday,7.982267546490701,77824.0,0.0,0.9194884272957163,0.9194884272957163,7.1540530262572455,0.0,0.9346888292151956
2025-09-15,18,Monday,7.835128974205158,77824.0,0.0,0.02169603237134892,0.02169603237134892,7.815863887064157,0.0,0.0
2025-09-15,19,Monday,7.7063827234553095,77824.0,0.0,0.0,0.0,7.7063827234553095,0.0,0.0
2025-09-15,20,Monday,7.559244151169766,77824.0,0.0,0.0,0.0,7.559244151169766,0.0,0.0
2025-09-15,21,Monday,7.283359328134372,77824.0,0.0,0.0,0.0,7.283359328134372,0.0,0.0
2025-09-15,22,Monday,7.1362207558488295,77824.0,0.0,0.0,0.0,7.1362207558488295,0.0,0.0
2025-09-15,23,Monday,7.00747450509898,77824.0,0.0,0.0,0.0,7.00747450509898,0.0,0.0
2025-09-16,0,Tuesday,7.00747450509898,77824.0,0.0,0.0,0.0,7.00747450509898,0.0,0.0
2025-09-16,1,Tuesday,7.00747450509898,77824.0,0.0,0.0,0.0,7.00747450509898,0.0,0.0
2025-09-16,2,Tuesday,7.1362207558488295,77824.0,0.0,0.0,0.0,7.1362207558488295,0.0,0.0
2025-09-16,3,Tuesday,7.283359328134372,77824.0,0.0,0.0,0.0,7.283359328134372,0.0,0.0
2025-09-16,4,Tuesday,7.283359328134372,77824.0,0.0,0.0,0.0,7.283359328134372,0.0,0.0
2025-09-16,5,Tuesday,7.412105578884224,77824.0,0.0,0.0,0.0,7.412105578884224,0.0,0.0
2025-09-16,6,Tuesday,7.7063827234553095,77824.0,0.0,0.07687907362954814,0.07687907362954814,7.639190413103084,0.0,0.4213247894502773
2025-09-16,7,Tuesday,7.7063827234553095,77824.0,0.0,1.1967453089441997,1.1967453089441997,7.227375181404613,0.0,0.9425825997792737
2025-09-16,8,Tuesday,7.982267546490701,77824.0,0.0,1.8694285885740096,1.8694285885740096,6.308281230326902,0.0,0.9481058314452927
2025-09-16,9,Tuesday,7.982267546490701,77824.0,0.0,3.5183983723790924,3.5183983723790924,4.81324423300047,0.0,0.9403068377047041
2025-09-16,10,Tuesday,8.111013797240552,77824.0,0.0,4.513213373043251,4.513213373043251,4.079398672282316,0.0,0.9317145760509179
2025-09-16,11,Tuesday,8.111013797240552,77824.0,0.0,6.223945371606455,6.223945371606455,2.602020205133692,0.0,0.914884222769621
2025-09-16,12,Tuesday,8.258152369526094,77824.0,0.0,6.207299411050037,6.207299411050037,2.863140087208097,0.0,0.9150550830934941
2025-09-16,13,Tuesday,8.258152369526094,77824.0,0.0,6.279703248782793,6.279703248782793,2.799191710314542,0.0,0.9143111731309552
2025-09-16,14,Tuesday,8.111013797240552,77824.0,0.0,6.449711281448362,6.449711281448362,2.508822863548395,0.0,0.9125572413348157
2025-09-16,15,Tuesday,8.111013797240552,77824.0,0.0,4.410625431512606,4.410625431512606,4.287313029715344,0.0,0.9326579710655296
2025-09-16,16,Tuesday,7.982267546490701,77824.0,0.0,2.243885909602292,2.243885909602292,5.9941283707261075,0.0,0.9477535114564118
2025-09-16,17,Tuesday,7.982267546490701,77824.0,0.0,0.9664117660769522,0.9664117660769522,7.1121434089190885,0.0,0.9364706851098792
2025-09-16,18,Tuesday,7.835128974205158,77824.0,0.0,0.07562821429868313,0.07562821429868313,7.76784654883013,0.0,0.411900152894269
2025-09-16,19,Tuesday,7.7063827234553095,77824.0,0.0,0.0,0.0,7.7063827234553095,0.0,0.0
2025-09-16,20,Tuesday,7.559244151169766,77824.0,0.0,0.0,0.0,7.559244151169766,0.0,0.0
2025-09-16,21,Tuesday,7.283359328134372,77824.0,0.0,0.0,0.0,7.283359328134372,0.0,0.0
2025-09-16,22,Tuesday,7.1362207558488295,77824.0,0.0,0.0,0.0,7.1362207558488295,0.0,0.0
2025-09-16,23,Tuesday,7.00747450509898,77824.0,0.0,0.0,0.0,7.00747450509898,0.0,0.0
2025-09-17,0,Wednesday,7.00747450509898,77824.0,0.0,0.0,0.0,7.00747450509898,0.0,0.0
2025-09-17,1,Wednesday,7.00747450509898,77824.0,0.0,0.0,0.0,7.00747450509898,0.0,0.0
2025-09-17,2,Wednesday,7.1362207558488295,77824.0,0.0,0.0,0.0,7.1362207558488295,0.0,0.0
2025-09-17,3,Wednesday,7.283359328134372,77824.0,0.0,0.0,0.0,7.283359328134372,0.0,0.0
2025-09-17,4,Wednesday,7.283359328134372,77824.0,0.0,0.0,0.0,7.283359328134372,0.0,0.0
2025-09-17,5,Wednesday,7.412105578884224,77824.0,0.0,0.0,0.0,7.412105578884224,0.0,0.0
2025-09-17,6,Wednesday,7.7063827234553095,77824.0,0.0,0.11011359926170233,0.11011359926170233,7.610143437700581,0.0,0.5931903180223351
2025-09-17,7,Wednesday,7.7063827234553095,77824.0,0.0,1.075822856143255,1.075822856143255,7.100123406392561,0.0,0.9398404329909357
2025-09-17,8,Wednesday,7.982267546490701,77824.0,0.0,2.5620714817993195,2.5620714817993195,5.694726094223101,0.0,0.9465544448385959
2025-09-17,9,Wednesday,7.982267546490701,77824.0,0.0,4.4821880110675485,4.4821880110675485,3.95176431123636,0.0,0.9320009759327368
2025-09-17,10,Wednesday,8.111013797240552,77824.0,0.0,6.254887425120217,6.254887425120217,2.572930671907179,0.0,0.9145663546962768
2025-09-17,11,Wednesday,8.111013797240552,77824.0,0.0,7.113,7.113,1.9309688403336667,0.0,0.9056300784957124
2025-09-17,12,Wednesday,8.258152369526094,77824.0,0.0,7.113,7.113,2.1384929586030923,0.0,0.9056300784957124
2025-09-17,13,Wednesday,8.258152369526094,77824.0,0.0,7.113,7.113,2.1384929586030923,0.0,0.9056300784957124
2025-09-17,14,Wednesday,8.111013797240552,77824.0,0.0,5.900340502351142,5.900340502351142,3.0346642565596413,0.0,0.9181867048521062
2025-09-17,15,Wednesday,8.111013797240552,77824.0,0.0,4.076481205850835,4.076481205850835,4.55519149373842,0.0,0.9356518483494141
2025-09-17,16,Wednesday,7.982267546490701,77824.0,0.0,2.2143117777408032,2.2143117777408032,6.014033884208894,0.0,0.9478295142770967
2025-09-17,17,Wednesday,7.982267546490701,77824.0,0.0,0.8113471131490757,0.8113471131490757,7.251699743332798,0.0,0.9295618408698115
2025-09-17,18,Wednesday,7.835128974205158,77824.0,0.0,0.0,0.0,7.835128974205158,0.0,0.0
2025-09-17,19,Wednesday,7.7063827234553095,77824.0,0.0,0.0,0.0,7.7063827234553095,0.0,0.0
2025-09-17,20,Wednesday,7.559244151169766,77824.0,0.0,0.0,0.0,7.559244151169766,0.0,0.0
2025-09-17,21,Wednesday,7.283359328134372,77824.0,0.0,0.0,0.0,7.283359328134372,0.0,0.0
2025-09-17,22,Wednesday,7.1362207558488295,77824.0,0.0,0.0,0.0,7.1362207558488295,0.0,0.0
2025-09-17,23,Wednesday,7.00747450509898,77824.0,0.0,0.0,0.0,7.00747450509898,0.0,0.0
2025-09-18,0,Thursday,7.00747450509898,77824.0,0.0,0.0,0.0,7.00747450509898,0.0,0.0
2025-09-18,1,Thursday,7.00747450509898,77824.0,0.0,0.0,0.0,7.00747450509898,0.0,0.0
2025-09-18,2,Thursday,7.1362207558488295,77824.0,0.0,0.0,0.0,7.1362207558488295,0.0,0.0
2025-09-18,3,Thursday,7.283359328134372,77824.0,0.0,0.0,0.0,7.283359328134372,0.0,0.0
2025-09-18,4,Thursday,7.283359328134372,77824.0,0.0,0.0,0.0,7.283359328134372,0.0,0.0
2025-09-18,5,Thursday,7.412105578884224,77824.0,0.0,0.0,0.0,7.412105578884224,0.0,0.0
2025-09-18,6,Thursday,7.7063827234553095,77824.0,0.0,0.0984462144107192,0.0984462144107192,7.620340732060341,0.0,0.5461019895201703
2025-09-18,7,Thursday,7.7063827234553095,77824.0,0.0,1.3470506183661572,1.3470506183661572,7.007537051914882,0.0,0.944959779448018
2025-09-18,8,Thursday,7.982267546490701,77824.0,0.0,2.818839111390159,2.818839111390159,5.451762440741944,0.0,0.9451871461448381
2025-09-18,9,Thursday,7.982267546490701,77824.0,0.0,4.1338953268776475,4.1338953268776475,4.270328056341383,0.0,0.9351468058013797
2025-09-18,10,Thursday,8.111013797240552,77824.0,0.0,4.988009741583594,4.988009741583594,3.6797184889498933,0.0,0.9272272323906208
2025-09-18,11,Thursday,8.111013797240552,77824.0,0.0,6.257781820140381,6.257781820140381,2.5987473651471014,0.0,0.9145366029050974
2025-09-18,12,Thursday,8.258152369526094,77824.0,0.0,6.125418155240173,6.125418155240173,2.936329214012866,0.0,0.915894047036923
2025-09-18,13,Thursday,8.258152369526094,77824.0,0.0,5.796361983267096,5.796361983267096,3.2147416063279017,0.0,0.9192386722691959
2025-09-18,14,Thursday,8.111013797240552,77824.0,0.0,4.684594101787437,4.684594101787437,4.020066738105722,0.0,0.9301164743366839
2025-09-18,15,Thursday,8.111013797240552,77824.0,0.0,3.49400965711127,3.49400965711127,5.023669650848426,0.0,0.9404978279241266
2025-09-18,16,Thursday,7.982267546490701,77824.0,0.0,2.2187423897346896,2.2187423897346896,5.999881268135472,0.0,0.9478185713599199
2025-09-18,17,Thursday,7.982267546490701,77824.0,0.0,0.926724430533458,0.926724430533458,7.147819251987771,0.0,0.9349789076830578
2025-09-18,18,Thursday,7.835128974205158,77824.0,0.0,0.0,0.0,7.835128974205158,0.0,0.0
2025-09-18,19,Thursday,6.0,71302.26086956522,0.0,0.0,0.0,0.0,6.521739130434782,0.9082345737162401
2025-09-18,20,Thursday,6.0,64696.038013007696,0.0,0.0,0.0,0.0,6.606222856557519,0.9073024996154092
2025-09-18,21,Thursday,6.0,58083.02856737815,0.0,0.0,0.0,0.0,6.613009445629547,0.9072275353639845
2025-09-18,22,Thursday,6.0,51469.47268848525,0.0,0.0,0.0,0.0,6.613555878892904,0.907221498917243
2025-09-18,23,Thursday,6.0,44855.872804486775,0.0,0.0,0.0,0.0,6.613599883998474,0.9072210127892202
2025-09-19,0,Friday,6.0,38242.26937663714,0.0,0.0,0.0,0.0,6.613603427849631,0.9072209736399804
2025-09-19,1,Friday,6.0,31628.665663391166,0.0,0.0,0.0,0.0,6.613603713245971,0.9072209704871814
2025-09-19,2,Friday,6.0,25015.06192716142,0.0,0.0,0.0,0.0,6.613603736229747,0.9072209702332776
2025-09-19,3,Friday,7.283359328134372,25015.06192716142,0.0,0.0,0.0,7.283359328134372,0.0,0.0
2025-09-19,4,Friday,7.283359328134372,25015.06192716142,0.0,0.0,0.0,7.283359328134372,0.0,0.0
2025-09-19,5,Friday,7.412105578884224,25015.06192716142,0.0,0.0,0.0,7.412105578884224,0.0,0.0
2025-09-19,6,Friday,7.7063827234553095,25088.884596695243,0.08721960011085085,0.0,0.08721960011085085,7.7063827234553095,0.0,0.0
2025-09-19,7,Friday,7.7063827234553095,26145.373525412906,1.2482147078422292,0.0,1.2482147078422292,7.7063827234553095,0.0,0.0
2025-09-19,8,Friday,7.982267546490701,27946.083678399977,2.1274930919034367,0.0,2.1274930919034367,7.982267546490701,0.0,0.0
2025-09-19,9,Friday,7.982267546490701,30580.719195605005,3.1127546280777763,0.0,3.1127546280777763,7.982267546490701,0.0,0.0
2025-09-19,10,Friday,8.111013797240552,34639.65510257102,4.795529190649824,0.0,4.795529190649824,8.111013797240552,0.0,0.0
2025-09-19,11,Friday,8.111013797240552,39237.08314136563,5.431743902167538,0.0,5.431743902167538,8.111013797240552,0.0,0.0
2025-09-19,12,Friday,8.258152369526094,41770.92529323947,2.993669839170417,0.0,2.993669839170417,8.258152369526094,0.0,0.0
2025-09-19,13,Friday,8.258152369526094,44085.7523266387,2.7349090659253723,0.0,2.7349090659253723,8.258152369526094,0.0,0.0
2025-09-19,14,Friday,8.111013797240552,46514.97728635559,2.8700672964519125,0.0,2.8700672964519125,8.111013797240552,0.0,0.0
2025-09-19,15,Friday,8.111013797240552,48730.057254417436,2.6170604537592648,0.0,2.6170604537592648,8.111013797240552,0.0,0.0
2025-09-19,16,Friday,7.982267546490701,49049.74263800834,0.37770012239000544,0.0,0.37770012239000544,7.982267546490701,0.0,0.0
2025-09-19,17,Friday,7.982267546490701,49506.49337928704,0.5396393446109433,0.0,0.5396393446109433,7.982267546490701,0.0,0.0
2025-09-19,18,Friday,7.835128974205158,49506.49337928704,0.0,0.0,0.0,7.835128974205158,0.0,0.0
2025-09-19,19,Friday,7.7063827234553095,49506.49337928704,0.0,0.0,0.0,7.7063827234553095,0.0,0.0
2025-09-19,20,Friday,7.559244151169766,49506.49337928704,0.0,0.0,0.0,7.559244151169766,0.0,0.0
2025-09-19,21,Friday,7.283359328134372,49506.49337928704,0.0,0.0,0.0,7.283359328134372,0.0,0.0
2025-09-19,22,Friday,7.1362207558488295,49506.49337928704,0.0,0.0,0.0,7.1362207558488295,0.0,0.0
2025-09-19,23,Friday,7.00747450509898,49506.49337928704,0.0,0.0,0.0,7.00747450509898,0.0,0.0
2025-09-20,0,Saturday,7.00747450509898,49506.49337928704,0.0,0.0,0.0,7.00747450509898,0.0,0.0
2025-09-20,1,Saturday,7.00747450509898,49506.49337928704,0.0,0.0,0.0,7.00747450509898,0.0,0.0
2025-09-20,2,Saturday,7.1362207558488295,49506.49337928704,0.0,0.0,0.0,7.1362207558488295,0.0,0.0
2025-09-20,3,Saturday,7.283359328134372,49506.49337928704,0.0,0.0,0.0,7.283359328134372,0.0,0.0
2025-09-20,4,Saturday,7.283359328134372,49506.49337928704,0.0,0.0,0.0,7.283359328134372,0.0,0.0
2025-09-20,5,Saturday,7.412105578884224,49506.49337928704,0.0,0.0,0.0,7.412105578884224,0.0,0.0
2025-09-20,6,Saturday,7.7063827234553095,49552.71542700189,0.05461016979541745,0.0,0.05461016979541745,7.7063827234553095,0.0,0.0
2025-09-20,7,Saturday,7.7063827234553095,50466.39630173472,1.079490636499092,0.0,1.079490636499092,7.7063827234553095,0.0,0.0
2025-09-20,8,Saturday,7.982267546490701,52230.329244580156,2.0840417566699347,0.0,2.0840417566699347,7.982267546490701,0.0,0.0
2025-09-20,9,Saturday,7.982267546490701,54689.13067947283,2.9050111470849207,0.0,2.9050111470849207,7.982267546490701,0.0,0.0
2025-09-20,10,Saturday,8.111013797240552,57757.792006421114,3.6255450460163954,0.0,3.6255450460163954,8.111013797240552,0.0,0.0
2025-09-20,11,Saturday,8.111013797240552,61557.05091007257,4.488727438151533,0.0,4.488727438151533,8.111013797240552,0.0,0.0
2025-09-20,12,Saturday,8.258152369526094,65545.93571922263,4.712765606273696,0.0,4.712765606273696,8.258152369526094,0.0,0.0
2025-09-20,13,Saturday,8.258152369526094,69118.99677585177,4.221480454429515,0.0,4.221480454429515,8.258152369526094,0.0,0.0
2025-09-20,14,Saturday,8.111013797240552,71865.12476354773,3.2444801366918425,0.0,3.2444801366918425,8.111013797240552,0.0,0.0
2025-09-20,15,Saturday,8.111013797240552,74047.3666721897,2.5782631245769725,0.0,2.5782631245769725,8.111013797240552,0.0,0.0
2025-09-20,16,Saturday,7.982267546490701,75514.33126868767,1.7331812340477062,0.0,1.7331812340477062,7.982267546490701,0.0,0.0
2025-09-20,17,Saturday,7.982267546490701,75997.48129498746,0.5708294261576009,0.0,0.5708294261576009,7.982267546490701,0.0,0.0
2025-09-20,18,Saturday,7.835128974205158,75997.48129498746,0.0,0.0,0.0,7.835128974205158,0.0,0.0
2025-09-20,19,Saturday,7.7063827234553095,75997.48129498746,0.0,0.0,0.0,7.7063827234553095,0.0,0.0
2025-09-20,20,Saturday,7.559244151169766,75997.48129498746,0.0,0.0,0.0,7.559244151169766,0.0,0.0
2025-09-20,21,Saturday,7.283359328134372,75997.48129498746,0.0,0.0,0.0,7.283359328134372,0.0,0.0
2025-09-20,22,Saturday,7.1362207558488295,75997.48129498746,0.0,0.0,0.0,7.1362207558488295,0.0,0.0
2025-09-20,23,Saturday,7.00747450509898,75997.48129498746,0.0,0.0,0.0,7.00747450509898,0.0,0.0
2025-09-21,0,Sunday,7.00747450509898,75997.48129498746,0.0,0.0,0.0,7.00747450509898,0.0,0.0
2025-09-21,1,Sunday,7.00747450509898,75997.48129498746,0.0,0.0,0.0,7.00747450509898,0.0,0.0
2025-09-21,2,Sunday,7.1362207558488295,75997.48129498746,0.0,0.0,0.0,7.1362207558488295,0.0,0.0
2025-09-21,3,Sunday,7.283359328134372,75997.48129498746,0.0,0.0,0.0,7.283359328134372,0.0,0.0
2025-09-21,4,Sunday,7.283359328134372,75997.48129498746,0.0,0.0,0.0,7.283359328134372,0.0,0.0
2025-09-21,5,Sunday,7.412105578884224,75997.48129498746,0.0,0.0,0.0,7.412105578884224,0.0,0.0
2025-09-21,6,Sunday,7.7063827234553095,76071.78411297374,0.0877868832541003,0.0,0.0877868832541003,7.7063827234553095,0.0,0.0
2025-09-21,7,Sunday,7.7063827234553095,76973.19211989846,1.0649905563855386,0.0,1.0649905563855386,7.7063827234553095,0.0,0.0
2025-09-21,8,Sunday,7.982267546490701,77824.0,1.0052077978515377,1.5187637024689962,2.523971500320534,6.654868070532798,0.0,0.9466846760163995
2025-09-21,9,Sunday,7.982267546490701,77824.0,0.0,4.3554472696858815,4.3554472696858815,4.065194118452065,0.0,0.9331609822414774
2025-09-21,10,Sunday,8.111013797240552,77824.0,0.0,6.02295762204641,6.02295762204641,2.7716441991823135,0.0,0.9169402498476303
2025-09-21,11,Sunday,8.111013797240552,77824.0,0.0,7.113,7.113,1.9149275999326676,0.0,0.9056300784957124
2025-09-21,12,Sunday,8.258152369526094,77824.0,0.0,7.113,7.113,2.1384929586030923,0.0,0.9056300784957124
2025-09-21,13,Sunday,8.258152369526094,77824.0,0.0,6.987919643298238,6.987919643298238,2.246105665198277,0.0,0.9069455884459908
2025-09-21,14,Sunday,8.111013797240552,77824.0,0.0,5.67076586199124,5.67076586199124,3.2250915196796246,0.0,0.9205028257001586
2025-09-21,15,Sunday,8.111013797240552,77824.0,0.0,3.849999548218771,3.849999548218771,4.7442751073148255,0.0,0.9376006110659167
2025-09-21,16,Sunday,7.982267546490701,77824.0,0.0,2.031966473394743,2.031966473394743,6.172353189726352,0.0,0.9481302005872806
2025-09-21,17,Sunday,7.982267546490701,77824.0,0.0,0.7328485761905558,0.7328485761905558,7.322173472324229,0.0,0.9246645001591017
2025-09-21,18,Sunday,7.835128974205158,77824.0,0.0,0.0,0.0,7.835128974205158,0.0,0.0
2025-09-21,19,Sunday,7.7063827234553095,77824.0,0.0,0.0,0.0,7.7063827234553095,0.0,0.0
2025-09-21,20,Sunday,7.559244151169766,77824.0,0.0,0.0,0.0,7.559244151169766,0.0,0.0
2025-09-21,21,Sunday,7.283359328134372,77824.0,0.0,0.0,0.0,7.283359328134372,0.0,0.0
2025-09-21,22,Sunday,7.1362207558488295,77824.0,0.0,0.0,0.0,7.1362207558488295,0.0,0.0
2025-09-21,23,Sunday,7.00747450509898,77824.0,0.0,0.0,0.0,7.00747450509898,0.0,0.0
2025-09-22,0,Monday,7.00747450509898,77824.0,0.0,0.0,0.0,7.00747450509898,0.0,0.0
2025-09-22,1,Monday,7.00747450509898,77824.0,0.0,0.0,0.0,7.00747450509898,0.0,0.0
2025-09-22,2,Monday,7.1362207558488295,77824.0,0.0,0.0,0.0,7.1362207558488295,0.0,0.0
2025-09-22,3,Monday,7.283359328134372,77824.0,0.0,0.0,0.0,7.283359328134372,0.0,0.0
2025-09-22,4,Monday,7.283359328134372,77824.0,0.0,0.0,0.0,7.283359328134372,0.0,0.0
2025-09-22,5,Monday,7.412105578884224,77824.0,0.0,0.0,0.0,7.412105578884224,0.0,0.0
2025-09-22,6,Monday,7.7063827234553095,77824.0,0.0,0.07660110488935593,0.07660110488935593,7.639433357782012,0.0,0.4192570659829206
2025-09-22,7,Monday,7.7063827234553095,77824.0,0.0,1.2789209724585402,1.2789209724585402,7.196995901645168,0.0,0.9440014024388862
2025-09-22,8,Monday,7.982267546490701,77824.0,0.0,2.5679493097565764,2.5679493097565764,5.679327184178632,0.0,0.9465266337952314
2025-09-22,9,Monday,7.982267546490701,77824.0,0.0,3.7894270828183836,3.7894270828183836,4.574813568813761,0.0,0.9381089802199217
2025-09-22,10,Monday,8.111013797240552,77824.0,0.0,4.537684709841232,4.537684709841232,4.067013160317297,0.0,0.9314880282706668
2025-09-22,11,Monday,8.111013797240552,77824.0,0.0,5.3804208047684075,5.3804208047684075,3.349806108875365,0.0,0.9233952548053661
2025-09-22,12,Monday,8.258152369526094,77824.0,0.0,5.570355248501666,5.570355248501666,3.371694745681821,0.0,0.9215080434561795
2025-09-22,13,Monday,8.258152369526094,77824.0,0.0,5.2609431939131355,5.2609431939131355,3.652550973636947,0.0,0.9245721121811166
2025-09-22,14,Monday,8.111013797240552,77824.0,0.0,4.727202894586411,4.727202894586411,3.9589058305319282,0.0,0.9297151506784986
2025-09-22,15,Monday,8.111013797240552,77824.0,0.0,3.6237395234553014,3.6237395234553014,4.91042053702512,0.0,0.9394684425703731
2025-09-22,16,Monday,7.982267546490701,77824.0,0.0,2.212113686618678,2.212113686618678,6.0079670965322585,0.0,0.9478348843975235
2025-09-22,17,Monday,7.982267546490701,77824.0,0.0,0.9181584634673243,0.9181584634673243,7.1555180564655,0.0,0.934634874475574
2025-09-22,18,Monday,7.835128974205158,77824.0,0.0,0.0,0.0,7.835128974205158,0.0,0.0
2025-09-22,19,Monday,7.7063827234553095,77824.0,0.0,0.0,0.0,7.7063827234553095,0.0,0.0
2025-09-22,20,Monday,7.559244151169766,77824.0,0.0,0.0,0.0,7.559244151169766,0.0,0.0
2025-09-22,21,Monday,7.283359328134372,77824.0,0.0,0.0,0.0,7.283359328134372,0.0,0.0
2025-09-22,22,Monday,7.1362207558488295,77824.0,0.0,0.0,0.0,7.1362207558488295,0.0,0.0
2025-09-22,23,Monday,7.00747450509898,77824.0,0.0,0.0,0.0,7.00747450509898,0.0,0.0
2025-09-23,0,Tuesday,7.00747450509898,77824.0,0.0,0.0,0.0,7.00747450509898,0.0,0.0
2025-09-23,1,Tuesday,7.00747450509898,77824.0,0.0,0.0,0.0,7.00747450509898,0.0,0.0
2025-09-23,2,Tuesday,7.1362207558488295,77824.0,0.0,0.0,0.0,7.1362207558488295,0.0,0.0
2025-09-23,3,Tuesday,7.283359328134372,77824.0,0.0,0.0,0.0,7.283359328134372,0.0,0.0
2025-09-23,4,Tuesday,7.283359328134372,77824.0,0.0,0.0,0.0,7.283359328134372,0.0,0.0
2025-09-23,5,Tuesday,7.412105578884224,77824.0,0.0,0.0,0.0,7.412105578884224,0.0,0.0
2025-09-23,6,Tuesday,7.7063827234553095,77824.0,0.0,0.06573129478421144,0.06573129478421144,7.648933571813909,0.0,0.32466582812751965
2025-09-23,7,Tuesday,7.7063827234553095,77824.0,0.0,1.116894706917587,1.116894706917587,7.3618960557503,0.0,0.940871884936552
2025-09-23,8,Tuesday,7.982267546490701,77824.0,0.0,2.571090403033808,2.571090403033808,5.6841542063382375,0.0,0.9465116981828093
2025-09-23,9,Tuesday,7.982267546490701,77824.0,0.0,4.301517136497037,4.301517136497037,4.1144030713438475,0.0,0.9336494920247306
2025-09-23,10,Tuesday,8.111013797240552,77824.0,0.0,5.405146310629296,5.405146310629296,3.3168272953640834,0.0,0.9231506855320218
2025-09-23,11,Tuesday,8.111013797240552,77824.0,0.0,6.4559819638179965,6.4559819638179965,2.449161830343648,0.0,0.9124923627481897
2025-09-23,12,Tuesday,8.258152369526094,77824.0,0.0,6.888270784877437,6.888270784877437,2.2869326099710614,0.0,0.9079907576002901
2025-09-23,13,Tuesday,8.258152369526094,77824.0,0.0,6.5836434180008805,6.5836434180008805,2.5791593633893504,0.0,0.911168798046033
2025-09-23,14,Tuesday,8.111013797240552,77824.0,0.0,5.542371218918248,5.542371218918248,3.3134798614672185,0.0,0.9217872931434844
2025-09-23,15,Tuesday,8.111013797240552,77824.0,0.0,3.7872675307198653,3.7872675307198653,4.794511465965703,0.0,0.9381269972148008
2025-09-23,16,Tuesday,7.982267546490701,77824.0,0.0,2.069947445901654,2.069947445901654,6.137487643765344,0.0,0.9480933996974942
2025-09-23,17,Tuesday,7.982267546490701,77824.0,0.0,0.7665444995334194,0.7665444995334194,7.29184955493775,0.0,0.9269120308403207
2025-09-23,18,Tuesday,7.835128974205158,77824.0,0.0,0.0,0.0,7.835128974205158,0.0,0.0
2025-09-23,19,Tuesday,7.7063827234553095,77824.0,0.0,0.0,0.0,7.7063827234553095,0.0,0.0
2025-09-23,20,Tuesday,7.559244151169766,77824.0,0.0,0.0,0.0,7.559244151169766,0.0,0.0
2025-09-23,21,Tuesday,7.283359328134372,77824.0,0.0,0.0,0.0,7.283359328134372,0.0,0.0
2025-09-23,22,Tuesday,7.1362207558488295,77824.0,0.0,0.0,0.0,7.1362207558488295,0.0,0.0
2025-09-23,23,Tuesday,7.00747450509898,77824.0,0.0,0.0,0.0,7.00747450509898,0.0,0.0
2025-09-24,0,Wednesday,7.00747450509898,77824.0,0.0,0.0,0.0,7.00747450509898,0.0,0.0
2025-09-24,1,Wednesday,7.00747450509898,77824.0,0.0,0.0,0.0,7.00747450509898,0.0,0.0
2025-09-24,2,Wednesday,7.1362207558488295,77824.0,0.0,0.0,0.0,7.1362207558488295,0.0,0.0
2025-09-24,3,Wednesday,7.283359328134372,77824.0,0.0,0.0,0.0,7.283359328134372,0.0,0.0
2025-09-24,4,Wednesday,7.283359328134372,77824.0,0.0,0.0,0.0,7.283359328134372,0.0,0.0
2025-09-24,5,Wednesday,7.412105578884224,77824.0,0.0,0.0,0.0,7.412105578884224,0.0,0.0
2025-09-24,6,Wednesday,7.7063827234553095,77824.0,0.0,0.08783226590556026,0.08783226590556026,7.62961732305385,0.0,0.4923676697391565
2025-09-24,7,Wednesday,7.7063827234553095,77824.0,0.0,0.9361641717301759,0.9361641717301759,7.268492600313639,0.0,0.9353486724038568
2025-09-24,8,Wednesday,7.982267546490701,77824.0,0.0,2.3706813469643175,2.3706813469643175,5.875724578443823,0.0,0.9473538091970528
2025-09-24,9,Wednesday,7.982267546490701,77824.0,0.0,4.308609135262039,4.308609135262039,4.104579133690574,0.0,0.933585431844471
2025-09-24,10,Wednesday,8.111013797240552,77824.0,0.0,6.113759102709577,6.113759102709577,2.6886831867491763,0.0,0.9160133010778088
2025-09-24,11,Wednesday,8.111013797240552,77824.0,0.0,7.113,7.113,1.921191317202422,0.0,0.9056300784957124
2025-09-24,12,Wednesday,8.258152369526094,77824.0,0.0,7.113,7.113,2.1384929586030923,0.0,0.9056300784957124
2025-09-24,13,Wednesday,8.258152369526094,77824.0,0.0,7.017437947913655,7.017437947913655,2.220709633898651,0.0,0.9066354898498756
2025-09-24,14,Wednesday,8.111013797240552,77824.0,0.0,5.636348430696023,5.636348430696023,3.256405952833319,0.0,0.9208479407458099
2025-09-24,15,Wednesday,8.111013797240552,77824.0,0.0,3.7178537372105978,3.7178537372105978,4.858614737231285,0.0,0.9387020265593172
2025-09-24,16,Wednesday,7.982267546490701,77824.0,0.0,1.8874620229254282,1.8874620229254282,6.299091341815545,0.0,0.9481244815104134
2025-09-24,17,Wednesday,7.982267546490701,77824.0,0.0,0.6753172295438251,0.6753172295438251,7.373996988280227,0.0,0.920220157668113
2025-09-24,18,Wednesday,7.835128974205158,77824.0,0.0,0.0,0.0,7.835128974205158,0.0,0.0
2025-09-24,19,Wednesday,7.7063827234553095,77824.0,0.0,0.0,0.0,7.7063827234553095,0.0,0.0
2025-09-24,20,Wednesday,7.559244151169766,77824.0,0.0,0.0,0.0,7.559244151169766,0.0,0.0
2025-09-24,21,Wednesday,7.283359328134372,77824.0,0.0,0.0,0.0,7.283359328134372,0.0,0.0
2025-09-24,22,Wednesday,7.1362207558488295,77824.0,0.0,0.0,0.0,7.1362207558488295,0.0,0.0
2025-09-24,23,Wednesday,7.00747450509898,77824.0,0.0,0.0,0.0,7.00747450509898,0.0,0.0
2025-09-25,0,Thursday,7.00747450509898,77824.0,0.0,0.0,0.0,7.00747450509898,0.0,0.0
2025-09-25,1,Thursday,7.00747450509898,77824.0,0.0,0.0,0.0,7.00747450509898,0.0,0.0
2025-09-25,2,Thursday,7.1362207558488295,77824.0,0.0,0.0,0.0,7.1362207558488295,0.0,0.0
2025-09-25,3,Thursday,7.283359328134372,77824.0,0.0,0.0,0.0,7.283359328134372,0.0,0.0
2025-09-25,4,Thursday,7.283359328134372,77824.0,0.0,0.0,0.0,7.283359328134372,0.0,0.0
2025-09-25,5,Thursday,7.412105578884224,77824.0,0.0,0.0,0.0,7.412105578884224,0.0,0.0
2025-09-25,6,Thursday,7.7063827234553095,77824.0,0.0,0.07707762272968545,0.07707762272968545,7.639016881189565,0.0,0.4227925898552028
2025-09-25,7,Thursday,7.7063827234553095,77824.0,0.0,0.9364108993327848,0.9364108993327848,7.330270513622639,0.0,0.935358207918856
2025-09-25,8,Thursday,7.982267546490701,77824.0,0.0,2.379043626000691,2.379043626000691,5.868272463042757,0.0,0.9473235301893353
2025-09-25,9,Thursday,7.982267546490701,77824.0,0.0,4.387994480159701,4.387994480159701,4.033259646164305,0.0,0.9328646610843851
2025-09-25,10,Thursday,8.111013797240552,77824.0,0.0,6.2826444696722685,6.2826444696722685,2.5431996435217705,0.0,0.9142809139885621
2025-09-25,11,Thursday,8.111013797240552,77824.0,0.0,7.113,7.113,1.9328976630999426,0.0,0.9056300784957124
2025-09-25,12,Thursday,8.258152369526094,77824.0,0.0,7.113,7.113,2.1384929586030923,0.0,0.9056300784957124
2025-09-25,13,Thursday,8.258152369526094,77824.0,0.0,7.113,7.113,2.1384929586030923,0.0,0.9056300784957124
2025-09-25,14,Thursday,8.111013797240552,77824.0,0.0,5.784886579147201,5.784886579147201,3.133994874816773,0.0,0.9193544769786144
2025-09-25,15,Thursday,8.111013797240552,77824.0,0.0,3.8365909498731843,3.8365909498731843,4.760186084444083,0.0,0.9377136416887433
2025-09-25,16,Thursday,7.982267546490701,77824.0,0.0,1.9273417459343622,1.9273417459343622,6.265337631499792,0.0,0.9481508248018039
2025-09-25,17,Thursday,7.982267546490701,77824.0,0.0,0.6452619255330871,0.6452619255330871,7.401052200928674,0.0,0.9175366971077344
2025-09-25,18,Thursday,7.835128974205158,77824.0,0.0,0.0,0.0,7.835128974205158,0.0,0.0
2025-09-25,19,Thursday,6.0,71302.26086956522,0.0,0.0,0.0,0.0,6.521739130434782,0.9082345737162401
2025-09-25,20,Thursday,6.0,64696.038013007696,0.0,0.0,0.0,0.0,6.606222856557519,0.9073024996154092
2025-09-25,21,Thursday,6.0,58083.02856737815,0.0,0.0,0.0,0.0,6.613009445629547,0.9072275353639845
2025-09-25,22,Thursday,6.0,51469.47268848525,0.0,0.0,0.0,0.0,6.613555878892904,0.907221498917243
2025-09-25,23,Thursday,6.0,44855.872804486775,0.0,0.0,0.0,0.0,6.613599883998474,0.9072210127892202
2025-09-26,0,Friday,6.0,38242.26937663714,0.0,0.0,0.0,0.0,6.613603427849631,0.9072209736399804
2025-09-26,1,Friday,6.0,31628.665663391166,0.0,0.0,0.0,0.0,6.613603713245971,0.9072209704871814
2025-09-26,2,Friday,6.0,25015.06192716142,0.0,0.0,0.0,0.0,6.613603736229747,0.9072209702332776
2025-09-26,3,Friday,7.283359328134372,25015.06192716142,0.0,0.0,0.0,7.283359328134372,0.0,0.0
2025-09-26,4,Friday,7.283359328134372,25015.06192716142,0.0,0.0,0.0,7.283359328134372,0.0,0.0
2025-09-26,5,Friday,7.412105578884224,25015.06192716142,0.0,0.0,0.0,7.412105578884224,0.0,0.0
2025-09-26,6,Friday,7.7063827234553095,25042.907531987457,0.03289887148634089,0.0,0.03289887148634089,7.7063827234553095,0.0,0.0
2025-09-26,7,Friday,7.7063827234553095,25999.460497111082,1.1301429172065536,0.0,1.1301429172065536,7.7063827234553095,0.0,0.0
2025-09-26,8,Friday,7.982267546490701,28115.424154286215,2.499957061879879,0.0,2.499957061879879,7.982267546490701,0.0,0.0
2025-09-26,9,Friday,7.982267546490701,30925.70991756486,3.320280911246035,0.0,3.320280911246035,7.982267546490701,0.0,0.0
2025-09-26,10,Friday,8.111013797240552,34698.31508070582,4.457236723937806,0.0,4.457236723937806,8.111013797240552,0.0,0.0
2025-09-26,11,Friday,8.111013797240552,39436.0638645009,5.597529281421414,0.0,5.597529281421414,8.111013797240552,0.0,0.0
2025-09-26,12,Friday,8.258152369526094,44316.94438373494,5.766635774142295,0.0,5.766635774142295,8.258152369526094,0.0,0.0
2025-09-26,13,Friday,8.258152369526094,49164.42392602912,5.727173372275734,0.0,5.727173372275734,8.258152369526094,0.0,0.0
2025-09-26,14,Friday,8.111013797240552,53369.75141252217,4.968487105970044,0.0,4.968487105970044,8.111013797240552,0.0,0.0
2025-09-26,15,Friday,8.111013797240552,56536.042273102656,3.740891848511919,0.0,3.740891848511919,8.111013797240552,0.0,0.0
2025-09-26,16,Friday,7.982267546490701,58309.40089373932,2.095177954438398,0.0,2.095177954438398,7.982267546490701,0.0,0.0
2025-09-26,17,Friday,7.982267546490701,59034.55288085523,0.8567485670083961,0.0,0.8567485670083961,7.982267546490701,0.0,0.0
2025-09-26,18,Friday,7.835128974205158,59034.55288085523,0.0,0.0,0.0,7.835128974205158,0.0,0.0
2025-09-26,19,Friday,7.7063827234553095,59034.55288085523,0.0,0.0,0.0,7.7063827234553095,0.0,0.0
2025-09-26,20,Friday,7.559244151169766,59034.55288085523,0.0,0.0,0.0,7.559244151169766,0.0,0.0
2025-09-26,21,Friday,7.283359328134372,59034.55288085523,0.0,0.0,0.0,7.283359328134372,0.0,0.0
2025-09-26,22,Friday,7.1362207558488295,59034.55288085523,0.0,0.0,0.0,7.1362207558488295,0.0,0.0
2025-09-26,23,Friday,7.00747450509898,59034.55288085523,0.0,0.0,0.0,7.00747450509898,0.0,0.0
2025-09-27,0,Saturday,7.00747450509898,59034.55288085523,0.0,0.0,0.0,7.00747450509898,0.0,0.0
2025-09-27,1,Saturday,7.00747450509898,59034.55288085523,0.0,0.0,0.0,7.00747450509898,0.0,0.0
2025-09-27,2,Saturday,7.1362207558488295,59034.55288085523,0.0,0.0,0.0,7.1362207558488295,0.0,0.0
2025-09-27,3,Saturday,7.283359328134372,59034.55288085523,0.0,0.0,0.0,7.283359328134372,0.0,0.0
2025-09-27,4,Saturday,7.283359328134372,59034.55288085523,0.0,0.0,0.0,7.283359328134372,0.0,0.0
2025-09-27,5,Saturday,7.412105578884224,59034.55288085523,0.0,0.0,0.0,7.412105578884224,0.0,0.0
2025-09-27,6,Saturday,7.7063827234553095,59071.64864985258,0.04382770439195335,0.0,0.04382770439195335,7.7063827234553095,0.0,0.0
2025-09-27,7,Saturday,7.7063827234553095,60055.69436344371,1.1626248979101361,0.0,1.1626248979101361,7.7063827234553095,0.0,0.0
2025-09-27,8,Saturday,7.982267546490701,61960.48967837495,2.2504670545028778,0.0,2.2504670545028778,7.982267546490701,0.0,0.0
2025-09-27,9,Saturday,7.982267546490701,65034.25646117269,3.6315770118120727,0.0,3.6315770118120727,7.982267546490701,0.0,0.0
2025-09-27,10,Saturday,8.111013797240552,67825.54187205694,3.2978324797781826,0.0,3.2978324797781826,8.111013797240552,0.0,0.0
2025-09-27,11,Saturday,8.111013797240552,70494.56291083226,3.153380244299756,0.0,3.153380244299756,8.111013797240552,0.0,0.0
2025-09-27,12,Saturday,8.258152369526094,74503.45912463836,4.736408570186802,0.0,4.736408570186802,8.258152369526094,0.0,0.0
2025-09-27,13,Saturday,8.258152369526094,77824.0,3.923134304538787,1.521839252406651,5.444973556945438,6.928064862922681,0.0,0.9467079953431471
2025-09-27,14,Saturday,8.111013797240552,77824.0,0.0,5.191563064544031,5.191563064544031,3.441864248785148,0.0,0.9252515961644462
2025-09-27,15,Saturday,8.111013797240552,77824.0,0.0,3.5783092596879067,3.5783092596879067,4.965719260849112,0.0,0.9398326329680057
2025-09-27,16,Saturday,7.982267546490701,77824.0,0.0,2.1438541603875403,2.1438541603875403,6.068146651247088,0.0,0.9479815546786379
2025-09-27,17,Saturday,7.982267546490701,77824.0,0.0,0.9520908610012905,0.9520908610012905,7.124831200613741,0.0,0.9359510788374366
2025-09-27,18,Saturday,7.835128974205158,77824.0,0.0,0.0,0.0,7.835128974205158,0.0,0.0
2025-09-27,19,Saturday,7.7063827234553095,77824.0,0.0,0.0,0.0,7.7063827234553095,0.0,0.0
2025-09-27,20,Saturday,7.559244151169766,77824.0,0.0,0.0,0.0,7.559244151169766,0.0,0.0
2025-09-27,21,Saturday,7.283359328134372,77824.0,0.0,0.0,0.0,7.283359328134372,0.0,0.0
2025-09-27,22,Saturday,7.1362207558488295,77824.0,0.0,0.0,0.0,7.1362207558488295,0.0,0.0
2025-09-27,23,Saturday,7.00747450509898,77824.0,0.0,0.0,0.0,7.00747450509898,0.0,0.0
2025-09-28,0,Sunday,7.00747450509898,77824.0,0.0,0.0,0.0,7.00747450509898,0.0,0.0
2025-09-28,1,Sunday,7.00747450509898,77824.0,0.0,0.0,0.0,7.00747450509898,0.0,0.0
2025-09-28,2,Sunday,7.1362207558488295,77824.0,0.0,0.0,0.0,7.1362207558488295,0.0,0.0
2025-09-28,3,Sunday,7.283359328134372,77824.0,0.0,0.0,0.0,7.283359328134372,0.0,0.0
2025-09-28,4,Sunday,7.283359328134372,77824.0,0.0,0.0,0.0,7.283359328134372,0.0,0.0
2025-09-28,5,Sunday,7.412105578884224,77824.0,0.0,0.0,0.0,7.412105578884224,0.0,0.0
2025-09-28,6,Sunday,7.7063827234553095,77824.0,0.0,0.06595253521007872,0.06595253521007872,7.6487402076817,0.0,0.32690236498126723
2025-09-28,7,Sunday,7.7063827234553095,77824.0,0.0,1.0932865069944697,1.0932865069944697,7.366854675953639,0.0,0.9402927732647858
2025-09-28,8,Sunday,7.982267546490701,77824.0,0.0,2.339738372134042,2.339738372134042,5.892230417975145,0.0,0.9474618070724589
2025-09-28,9,Sunday,7.982267546490701,77824.0,0.0,2.7345396796855512,2.7345396796855512,5.5209392353857965,0.0,0.9456683435171271
2025-09-28,10,Sunday,8.111013797240552,77824.0,0.0,2.7504747268654923,2.7504747268654923,5.64002876234197,0.0,0.9455796375757276
2025-09-28,11,Sunday,8.111013797240552,77824.0,0.0,6.48554578677934,6.48554578677934,2.2850437644241373,0.0,0.9121863133883843
2025-09-28,12,Sunday,8.258152369526094,77824.0,0.0,5.094950911403605,5.094950911403605,3.842985105196453,0.0,0.9261927245931999
2025-09-28,13,Sunday,8.258152369526094,77824.0,0.0,5.569377364603136,5.569377364603136,3.357751413697094,0.0,0.9215178083953272
2025-09-28,14,Sunday,8.111013797240552,77824.0,0.0,2.775219810270749,2.775219810270749,5.681470043733356,0.0,0.9454397727729537
2025-09-28,15,Sunday,8.111013797240552,77824.0,0.0,4.205499364472532,4.205499364472532,4.333769751874026,0.0,0.9345112227037555
2025-09-28,16,Sunday,7.982267546490701,77824.0,0.0,1.5613447023478557,1.5613447023478557,6.596128106980231,0.0,0.9469870809305606
2025-09-28,17,Sunday,7.982267546490701,77824.0,0.0,0.11964912560916409,0.11964912560916409,7.8746266791040105,0.0,0.6248356477257083
2025-09-28,18,Sunday,7.835128974205158,77824.0,0.0,0.0,0.0,7.835128974205158,0.0,0.0
2025-09-28,19,Sunday,7.7063827234553095,77824.0,0.0,0.0,0.0,7.7063827234553095,0.0,0.0
2025-09-28,20,Sunday,7.559244151169766,77824.0,0.0,0.0,0.0,7.559244151169766,0.0,0.0
2025-09-28,21,Sunday,7.283359328134372,77824.0,0.0,0.0,0.0,7.283359328134372,0.0,0.0
2025-09-28,22,Sunday,7.1362207558488295,77824.0,0.0,0.0,0.0,7.1362207558488295,0.0,0.0
2025-09-28,23,Sunday,7.00747450509898,77824.0,0.0,0.0,0.0,7.00747450509898,0.0,0.0
2025-09-29,0,Monday,7.00747450509898,77824.0,0.0,0.0,0.0,7.00747450509898,0.0,0.0
2025-09-29,1,Monday,7.00747450509898,77824.0,0.0,0.0,0.0,7.00747450509898,0.0,0.0
2025-09-29,2,Monday,7.1362207558488295,77824.0,0.0,0.0,0.0,7.1362207558488295,0.0,0.0
2025-09-29,3,Monday,7.283359328134372,77824.0,0.0,0.0,0.0,7.283359328134372,0.0,0.0
2025-09-29,4,Monday,7.283359328134372,77824.0,0.0,0.0,0.0,7.283359328134372,0.0,0.0
2025-09-29,5,Monday,7.412105578884224,77824.0,0.0,0.0,0.0,7.412105578884224,0.0,0.0
2025-09-29,6,Monday,7.7063827234553095,77824.0,0.0,0.06608868316445858,0.06608868316445858,7.648621214369573,0.0,0.32827124416515235
2025-09-29,7,Monday,7.7063827234553095,77824.0,0.0,0.9236518467027558,0.9236518467027558,7.418334799607383,0.0,0.9348564463807163
2025-09-29,8,Monday,7.982267546490701,77824.0,0.0,2.301584814106704,2.301584814106704,5.938198716149067,0.0,0.9475859114817973
2025-09-29,9,Monday,7.982267546490701,77824.0,0.0,4.173012903333397,4.173012903333397,4.225693722641746,0.0,0.9348003526895512
2025-09-29,10,Monday,8.111013797240552,77824.0,0.0,5.943777519687078,5.943777519687078,2.8325807416144313,0.0,0.9177458635394391
2025-09-29,11,Monday,8.111013797240552,77824.0,0.0,7.09556752443113,7.09556752443113,1.9246824394796782,0.0,0.9058136548369301
2025-09-29,12,Monday,8.258152369526094,77824.0,0.0,7.113,7.113,2.137252469013765,0.0,0.9056300784957124
2025-09-29,13,Monday,8.258152369526094,77824.0,0.0,6.7400561552324145,6.7400561552324145,2.459354663843885,0.0,0.9095403418120146
2025-09-29,14,Monday,8.111013797240552,77824.0,0.0,5.332913351700704,5.332913351700704,3.503038956118824,0.0,0.9238641981187834
2025-09-29,15,Monday,8.111013797240552,77824.0,0.0,3.479142665126311,3.479142665126311,5.057471216205675,0.0,0.9406136540009677
2025-09-29,16,Monday,7.982267546490701,77824.0,0.0,1.7889827506126712,1.7889827506126712,6.383663024592138,0.0,0.9479675718600097
2025-09-29,17,Monday,7.982267546490701,77824.0,0.0,0.6267054500348703,0.6267054500348703,7.41787592493676,0.0,0.9157349769943937
2025-09-29,18,Monday,7.835128974205158,77824.0,0.0,0.0,0.0,7.835128974205158,0.0,0.0
2025-09-29,19,Monday,7.7063827234553095,77824.0,0.0,0.0,0.0,7.7063827234553095,0.0,0.0
2025-09-29,20,Monday,7.559244151169766,77824.0,0.0,0.0,0.0,7.559244151169766,0.0,0.0
2025-09-29,21,Monday,7.283359328134372,77824.0,0.0,0.0,0.0,7.283359328134372,0.0,0.0
2025-09-29,22,Monday,7.1362207558488295,77824.0,0.0,0.0,0.0,7.1362207558488295,0.0,0.0
2025-09-29,23,Monday,7.00747450509898,77824.0,0.0,0.0,0.0,7.00747450509898,0.0,0.0
2025-09-30,0,Tuesday,7.00747450509898,77824.0,0.0,0.0,0.0,7.00747450509898,0.0,0.0
2025-09-30,1,Tuesday,7.00747450509898,77824.0,0.0,0.0,0.0,7.00747450509898,0.0,0.0
2025-09-30,2,Tuesday,7.1362207558488295,77824.0,0.0,0.0,0.0,7.1362207558488295,0.0,0.0
2025-09-30,3,Tuesday,7.283359328134372,77824.0,0.0,0.0,0.0,7.283359328134372,0.0,0.0
2025-09-30,4,Tuesday,7.283359328134372,77824.0,0.0,0.0,0.0,7.283359328134372,0.0,0.0
2025-09-30,5,Tuesday,7.412105578884224,77824.0,0.0,0.0,0.0,7.412105578884224,0.0,0.0
2025-09-30,6,Tuesday,7.7063827234553095,77824.0,0.0,0.06602060918726865,0.06602060918726865,7.648680711025636,0.0,0.32758751110037004
2025-09-30,7,Tuesday,7.7063827234553095,77824.0,0.0,0.9608578132041437,0.9608578132041437,7.407355954883864,0.0,0.936271587026688
2025-09-30,8,Tuesday,7.982267546490701,77824.0,0.0,2.3280311782509813,2.3280311782509813,5.911581572877477,0.0,0.9475009713060598
2025-09-30,9,Tuesday,7.982267546490701,77824.0,0.0,4.139582352464524,4.139582352464524,4.256122161717219,0.0,0.9350965542598707
2025-09-30,10,Tuesday,8.111013797240552,77824.0,0.0,5.824746845556636,5.824746845556636,2.936648127760294,0.0,0.9189519706189281
2025-09-30,11,Tuesday,8.111013797240552,77824.0,0.0,6.934801369178271,6.934801369178271,2.0569018823862004,0.0,0.9075030454440932
2025-09-30,12,Tuesday,8.258152369526094,77824.0,0.0,7.113,7.113,2.125836665394451,0.0,0.9056300784957124
2025-09-30,13,Tuesday,8.258152369526094,77824.0,0.0,6.615291251474619,6.615291251474619,2.566695970948383,0.0,0.9108398938553867
2025-09-30,14,Tuesday,8.111013797240552,77824.0,0.0,5.258833698726972,5.258833698726972,3.5605560456865275,0.0,0.9245928151635913
2025-09-30,15,Tuesday,8.111013797240552,77824.0,0.0,3.443940949795275,3.443940949795275,5.085982892113586,0.0,0.9408860572041614
2025-09-30,16,Tuesday,7.982267546490701,77824.0,0.0,1.7270982726121225,1.7270982726121225,6.4385149965746695,0.0,0.9477943091110566
2025-09-30,17,Tuesday,7.982267546490701,77824.0,0.0,0.5893884643817491,0.5893884643817491,7.451579465713811,0.0,0.9117279167521628
2025-09-30,18,Tuesday,7.835128974205158,77824.0,0.0,0.0,0.0,7.835128974205158,0.0,0.0
2025-09-30,19,Tuesday,7.7063827234553095,77824.0,0.0,0.0,0.0,7.7063827234553095,0.0,0.0
2025-09-30,20,Tuesday,7.559244151169766,77824.0,0.0,0.0,0.0,7.559244151169766,0.0,0.0
2025-09-30,21,Tuesday,7.283359328134372,77824.0,0.0,0.0,0.0,7.283359328134372,0.0,0.0
2025-09-30,22,Tuesday,7.1362207558488295,77824.0,0.0,0.0,0.0,7.1362207558488295,0.0,0.0
2025-09-30,23,Tuesday,7.00747450509898,77824.0,0.0,0.0,0.0,7.00747450509898,0.0,0.0
2025-10-01,0,Wednesday,7.00747450509898,77824.0,0.0,0.0,0.0,7.00747450509898,0.0,0.0
2025-10-01,1,Wednesday,7.00747450509898,77824.0,0.0,0.0,0.0,7.00747450509898,0.0,0.0
2025-10-01,2,Wednesday,7.1362207558488295,77824.0,0.0,0.0,0.0,7.1362207558488295,0.0,0.0
2025-10-01,3,Wednesday,7.283359328134372,77824.0,0.0,0.0,0.0,7.283359328134372,0.0,0.0
2025-10-01,4,Wednesday,7.283359328134372,77824.0,0.0,0.0,0.0,7.283359328134372,0.0,0.0
2025-10-01,5,Wednesday,7.412105578884224,77824.0,0.0,0.0,0.0,7.412105578884224,0.0,0.0
2025-10-01,6,Wednesday,7.7063827234553095,77824.0,0.0,0.06693960787933276,0.06693960787933276,7.647877506168773,0.0,0.33670043909653113
2025-10-01,7,Wednesday,7.7063827234553095,77824.0,0.0,0.9110813927661273,0.9110813927661273,7.414959293708127,0.0,0.9343443740385167
2025-10-01,8,Wednesday,7.982267546490701,77824.0,0.0,2.278872294935157,2.278872294935157,5.959478613962039,0.0,0.9476548475581038
2025-10-01,9,Wednesday,7.982267546490701,77824.0,0.0,4.17941818630841,4.17941818630841,4.219653937474421,0.0,0.9347434455040917
2025-10-01,10,Wednesday,8.111013797240552,77824.0,0.0,5.974770594127292,5.974770594127292,2.805380028552033,0.0,0.9174308325124572
2025-10-01,11,Wednesday,8.111013797240552,77824.0,0.0,7.113,7.113,1.9116125611625003,0.0,0.9056300784957124
2025-10-01,12,Wednesday,8.258152369526094,77824.0,0.0,7.113,7.113,2.1384929586030923,0.0,0.9056300784957124
2025-10-01,13,Wednesday,8.258152369526094,77824.0,0.0,6.805472973840713,6.805472973840713,2.403073397201271,0.0,0.9088571609685601
2025-10-01,14,Wednesday,8.111013797240552,77824.0,0.0,5.3293627075199765,5.3293627075199765,3.5095658101186444,0.0,0.9238991943075004
2025-10-01,15,Wednesday,8.111013797240552,77824.0,0.0,3.4390050105474947,3.4390050105474947,5.09258453669948,0.0,0.9409240422876277
2025-10-01,16,Wednesday,7.982267546490701,77824.0,0.0,1.6820242430211305,1.6820242430211305,6.4787433490199335,0.0,0.9476274121914964
2025-10-01,17,Wednesday,7.982267546490701,77824.0,0.0,0.5784156804337156,0.5784156804337156,7.461551119791335,0.0,0.9104408596083909
2025-10-01,18,Wednesday,7.835128974205158,77824.0,0.0,0.0,0.0,7.835128974205158,0.0,0.0
2025-10-01,19,Wednesday,7.7063827234553095,77824.0,0.0,0.0,0.0,7.7063827234553095,0.0,0.0
2025-10-01,20,Wednesday,7.559244151169766,77824.0,0.0,0.0,0.0,7.559244151169766,0.0,0.0
2025-10-01,21,Wednesday,7.283359328134372,77824.0,0.0,0.0,0.0,7.283359328134372,0.0,0.0
2025-10-01,22,Wednesday,7.1362207558488295,77824.0,0.0,0.0,0.0,7.1362207558488295,0.0,0.0
2025-10-01,23,Wednesday,7.00747450509898,77824.0,0.0,0.0,0.0,7.00747450509898,0.0,0.0
2025-10-02,0,Thursday,7.00747450509898,77824.0,0.0,0.0,0.0,7.00747450509898,0.0,0.0
2025-10-02,1,Thursday,7.00747450509898,77824.0,0.0,0.0,0.0,7.00747450509898,0.0,0.0
2025-10-02,2,Thursday,7.1362207558488295,77824.0,0.0,0.0,0.0,7.1362207558488295,0.0,0.0
2025-10-02,3,Thursday,7.283359328134372,77824.0,0.0,0.0,0.0,7.283359328134372,0.0,0.0
2025-10-02,4,Thursday,7.283359328134372,77824.0,0.0,0.0,0.0,7.283359328134372,0.0,0.0
2025-10-02,5,Thursday,7.412105578884224,77824.0,0.0,0.0,0.0,7.412105578884224,0.0,0.0
2025-10-02,6,Thursday,7.7063827234553095,77824.0,0.0,0.0222236056945709,0.0222236056945709,7.686959292078255,0.0,0.0
2025-10-02,7,Thursday,7.7063827234553095,77824.0,0.0,0.25528890301083956,0.25528890301083956,7.483260222223835,0.0,0.8181168886523965
2025-10-02,8,Thursday,7.982267546490701,77824.0,0.0,0.3655338700375017,0.3655338700375017,7.698170585661158,0.0,0.8686928092133818
2025-10-02,9,Thursday,7.982267546490701,77824.0,0.0,2.0633941038801686,2.0633941038801686,6.279434706907408,0.0,0.9481007905936212
2025-10-02,10,Thursday,8.111013797240552,77824.0,0.0,4.33331453947059,4.33331453947059,4.2080158035157975,0.0,0.9333618452037189
2025-10-02,11,Thursday,8.111013797240552,77824.0,0.0,7.113,7.113,1.8039611325532032,0.0,0.9056300784957124
2025-10-02,12,Thursday,8.258152369526094,77824.0,0.0,4.385712914932109,4.385712914932109,4.48491051468695,0.0,0.932885469395085
2025-10-02,13,Thursday,8.258152369526094,77824.0,0.0,0.7425066181268272,0.7425066181268272,7.600112416294902,0.0,0.9253331147386489
2025-10-02,14,Thursday,8.111013797240552,77824.0,0.0,4.117603032608073,4.117603032608073,4.491367079791045,0.0,0.935290544363793
2025-10-02,15,Thursday,8.111013797240552,77824.0,0.0,2.64900676282744,2.64900676282744,5.75730236887372,0.0,0.9461253699140822
2025-10-02,16,Thursday,7.982267546490701,77824.0,0.0,2.0556330653902797,2.0556330653902797,6.134625281810703,0.0,0.9481089883870473
2025-10-02,17,Thursday,7.982267546490701,77824.0,0.0,0.6757833654099205,0.6757833654099205,7.373587077690487,0.0,0.9202596565032273
2025-10-02,18,Thursday,7.835128974205158,77824.0,0.0,0.0,0.0,7.835128974205158,0.0,0.0
2025-10-02,19,Thursday,6.0,71302.26086956522,0.0,0.0,0.0,0.0,6.521739130434782,0.9082345737162401
2025-10-02,20,Thursday,6.0,64696.038013007696,0.0,0.0,0.0,0.0,6.606222856557519,0.9073024996154092
2025-10-02,21,Thursday,6.0,58083.02856737815,0.0,0.0,0.0,0.0,6.613009445629547,0.9072275353639845
2025-10-02,22,Thursday,6.0,51469.47268848525,0.0,0.0,0.0,0.0,6.613555878892904,0.907221498917243
2025-10-02,23,Thursday,6.0,44855.872804486775,0.0,0.0,0.0,0.0,6.613599883998474,0.9072210127892202
2025-10-03,0,Friday,6.0,38242.26937663714,0.0,0.0,0.0,0.0,6.613603427849631,0.9072209736399804
2025-10-03,1,Friday,6.0,31628.665663391166,0.0,0.0,0.0,0.0,6.613603713245971,0.9072209704871814
2025-10-03,2,Friday,6.0,25015.06192716142,0.0,0.0,0.0,0.0,6.613603736229747,0.9072209702332776
2025-10-03,3,Friday,7.283359328134372,25015.06192716142,0.0,0.0,0.0,7.283359328134372,0.0,0.0
2025-10-03,4,Friday,7.283359328134372,25015.06192716142,0.0,0.0,0.0,7.283359328134372,0.0,0.0
2025-10-03,5,Friday,7.412105578884224,25015.06192716142,0.0,0.0,0.0,7.412105578884224,0.0,0.0
2025-10-03,6,Friday,7.7063827234553095,25033.819170691535,0.022161204548813464,0.0,0.022161204548813464,7.7063827234553095,0.0,0.0
2025-10-03,7,Friday,7.7063827234553095,25990.94160685042,1.1308157327018966,0.0,1.1308157327018966,7.7063827234553095,0.0,0.0
2025-10-03,8,Friday,7.982267546490701,27850.22710937717,2.196698372550506,0.0,2.196698372550506,7.982267546490701,0.0,0.0
2025-10-03,9,Friday,7.982267546490701,30740.162272794478,3.414384644869221,0.0,3.414384644869221,7.982267546490701,0.0,0.0
2025-10-03,10,Friday,8.111013797240552,34779.71635437127,4.772630058573713,0.0,4.772630058573713,8.111013797240552,0.0,0.0
2025-10-03,11,Friday,8.111013797240552,39606.93044378322,5.703230256866674,0.0,5.703230256866674,8.111013797240552,0.0,0.0
2025-10-03,12,Friday,8.258152369526094,45627.37364378322,7.113,0.0,7.113,8.258152369526094,0.0,0.0
2025-10-03,13,Friday,8.258152369526094,51647.81684378323,7.113,0.0,7.113,8.258152369526094,0.0,0.0
2025-10-03,14,Friday,8.111013797240552,55273.41472310749,4.283551369712032,0.0,4.283551369712032,8.111013797240552,0.0,0.0
2025-10-03,15,Friday,8.111013797240552,56203.79596134853,1.09922168979328,0.0,1.09922168979328,8.111013797240552,0.0,0.0
2025-10-03,16,Friday,7.982267546490701,57710.916532556716,1.7806244933934177,0.0,1.7806244933934177,7.982267546490701,0.0,0.0
2025-10-03,17,Friday,7.982267546490701,57803.18039348955,0.10900739713236593,0.0,0.10900739713236593,7.982267546490701,0.0,0.0
2025-10-03,18,Friday,7.835128974205158,57803.18039348955,0.0,0.0,0.0,7.835128974205158,0.0,0.0
2025-10-03,19,Friday,7.7063827234553095,57803.18039348955,0.0,0.0,0.0,7.7063827234553095,0.0,0.0
2025-10-03,20,Friday,7.559244151169766,57803.18039348955,0.0,0.0,0.0,7.559244151169766,0.0,0.0
2025-10-03,21,Friday,7.283359328134372,57803.18039348955,0.0,0.0,0.0,7.283359328134372,0.0,0.0
2025-10-03,22,Friday,7.1362207558488295,57803.18039348955,0.0,0.0,0.0,7.1362207558488295,0.0,0.0
2025-10-03,23,Friday,7.00747450509898,57803.18039348955,0.0,0.0,0.0,7.00747450509898,0.0,0.0
2025-10-04,0,Saturday,7.00747450509898,57803.18039348955,0.0,0.0,0.0,7.00747450509898,0.0,0.0
2025-10-04,1,Saturday,7.00747450509898,57803.18039348955,0.0,0.0,0.0,7.00747450509898,0.0,0.0
2025-10-04,2,Saturday,7.1362207558488295,57803.18039348955,0.0,0.0,0.0,7.1362207558488295,0.0,0.0
2025-10-04,3,Saturday,7.283359328134372,57803.18039348955,0.0,0.0,0.0,7.283359328134372,0.0,0.0
2025-10-04,4,Saturday,7.283359328134372,57803.18039348955,0.0,0.0,0.0,7.283359328134372,0.0,0.0
2025-10-04,5,Saturday,7.412105578884224,57803.18039348955,0.0,0.0,0.0,7.412105578884224,0.0,0.0
2025-10-04,6,Saturday,7.7063827234553095,57850.08665274912,0.05541854827454789,0.0,0.05541854827454789,7.7063827234553095,0.0,0.0
2025-10-04,7,Saturday,7.7063827234553095,58739.8070735109,1.0511819715994477,0.0,1.0511819715994477,7.7063827234553095,0.0,0.0
2025-10-04,8,Saturday,7.982267546490701,60836.424560022955,2.477100054952799,0.0,2.477100054952799,7.982267546490701,0.0,0.0
2025-10-04,9,Saturday,7.982267546490701,64246.97376044203,4.029476843595311,0.0,4.029476843595311,7.982267546490701,0.0,0.0
2025-10-04,10,Saturday,8.111013797240552,69037.7681943298,5.6602013632889445,0.0,5.6602013632889445,8.111013797240552,0.0,0.0
2025-10-04,11,Saturday,8.111013797240552,74750.93029984449,6.749955228632681,0.0,6.749955228632681,8.111013797240552,0.0,0.0
2025-10-04,12,Saturday,8.258152369526094,77824.0,3.6307534264597114,3.3433498502623475,6.974103276722059,5.336064600396803,0.0,0.9416495063753831
2025-10-04,13,Saturday,8.258152369526094,77824.0,0.0,6.39601663172054,6.39601663172054,2.536486760699127,0.0,0.9131122537964772
2025-10-04,14,Saturday,8.111013797240552,77824.0,0.0,5.06334453280842,5.06334453280842,3.7187819560448236,0.0,0.9264992843984352
2025-10-04,15,Saturday,8.111013797240552,77824.0,0.0,3.2712806528799496,3.2712806528799496,5.2317165724788195,0.0,0.9421819907673671
2025-10-04,16,Saturday,7.982267546490701,77824.0,0.0,1.624225032773928,1.624225032773928,6.528467750399226,0.0,0.9473581090352355
2025-10-04,17,Saturday,7.982267546490701,77824.0,0.0,0.5408400362998202,0.5408400362998202,7.495516812115133,0.0,0.9055993231517251
2025-10-04,18,Saturday,7.835128974205158,77824.0,0.0,0.0,0.0,7.835128974205158,0.0,0.0
2025-10-04,19,Saturday,7.7063827234553095,77824.0,0.0,0.0,0.0,7.7063827234553095,0.0,0.0
2025-10-04,20,Saturday,7.559244151169766,77824.0,0.0,0.0,0.0,7.559244151169766,0.0,0.0
2025-10-04,21,Saturday,7.283359328134372,77824.0,0.0,0.0,0.0,7.283359328134372,0.0,0.0
2025-10-04,22,Saturday,7.1362207558488295,77824.0,0.0,0.0,0.0,7.1362207558488295,0.0,0.0
2025-10-04,23,Saturday,7.00747450509898,77824.0,0.0,0.0,0.0,7.00747450509898,0.0,0.0
2025-10-05,0,Sunday,7.00747450509898,77824.0,0.0,0.0,0.0,7.00747450509898,0.0,0.0
2025-10-05,1,Sunday,7.00747450509898,77824.0,0.0,0.0,0.0,7.00747450509898,0.0,0.0
2025-10-05,2,Sunday,7.1362207558488295,77824.0,0.0,0.0,0.0,7.1362207558488295,0.0,0.0
2025-10-05,3,Sunday,7.283359328134372,77824.0,0.0,0.0,0.0,7.283359328134372,0.0,0.0
2025-10-05,4,Sunday,7.283359328134372,77824.0,0.0,0.0,0.0,7.283359328134372,0.0,0.0
2025-10-05,5,Sunday,7.412105578884224,77824.0,0.0,0.0,0.0,7.412105578884224,0.0,0.0
2025-10-05,6,Sunday,7.7063827234553095,77824.0,0.0,0.055319273724479236,0.055319273724479236,7.658033678220114,0.0,0.19915517500664337
2025-10-05,7,Sunday,7.7063827234553095,77824.0,0.0,0.9294408089241966,0.9294408089241966,7.530534923843676,0.0,0.9350863048232747
2025-10-05,8,Sunday,7.982267546490701,77824.0,0.0,2.284072391336529,2.284072391336529,5.953252974745152,0.0,0.94763939795317
2025-10-05,9,Sunday,7.982267546490701,77824.0,0.0,4.050262210361844,4.050262210361844,4.335988906039916,0.0,0.935881073873489
2025-10-05,10,Sunday,8.111013797240552,77824.0,0.0,5.6437584104279646,5.6437584104279646,3.0932214494983867,0.0,0.9207736870853285
2025-10-05,11,Sunday,8.111013797240552,77824.0,0.0,6.71851049321289,6.71851049321289,2.2340975026113066,0.0,0.909765087283266
2025-10-05,12,Sunday,8.258152369526094,77824.0,0.0,6.967410417614244,6.967410417614244,2.2363809601428937,0.0,0.907160912225856
2025-10-05,13,Sunday,8.258152369526094,77824.0,0.0,6.329822993797492,6.329822993797492,2.8030927683086384,0.0,0.9137951281303569
2025-10-05,14,Sunday,8.111013797240552,77824.0,0.0,4.9766907934364495,4.9766907934364495,3.7907217860497955,0.0,0.9273362632016293
2025-10-05,15,Sunday,8.111013797240552,77824.0,0.0,3.262181252928284,3.262181252928284,5.237131772912475,0.0,0.9422483135921039
2025-10-05,16,Sunday,7.982267546490701,77824.0,0.0,1.645365533194194,1.645365533194194,6.509441792540639,0.0,0.947464172795033
2025-10-05,17,Sunday,7.982267546490701,77824.0,0.0,0.5507034250017098,0.5507034250017098,7.4865843697172965,0.0,0.9069398091113703
2025-10-05,18,Sunday,7.835128974205158,77824.0,0.0,0.0,0.0,7.835128974205158,0.0,0.0
2025-10-05,19,Sunday,7.7063827234553095,77824.0,0.0,0.0,0.0,7.7063827234553095,0.0,0.0
2025-10-05,20,Sunday,7.559244151169766,77824.0,0.0,0.0,0.0,7.559244151169766,0.0,0.0
2025-10-05,21,Sunday,7.283359328134372,77824.0,0.0,0.0,0.0,7.283359328134372,0.0,0.0
2025-10-05,22,Sunday,7.1362207558488295,77824.0,0.0,0.0,0.0,7.1362207558488295,0.0,0.0
2025-10-05,23,Sunday,7.00747450509898,77824.0,0.0,0.0,0.0,7.00747450509898,0.0,0.0
2025-10-06,0,Monday,7.00747450509898,77824.0,0.0,0.0,0.0,7.00747450509898,0.0,0.0
2025-10-06,1,Monday,7.00747450509898,77824.0,0.0,0.0,0.0,7.00747450509898,0.0,0.0
2025-10-06,2,Monday,7.1362207558488295,77824.0,0.0,0.0,0.0,7.1362207558488295,0.0,0.0
2025-10-06,3,Monday,7.283359328134372,77824.0,0.0,0.0,0.0,7.283359328134372,0.0,0.0
2025-10-06,4,Monday,7.283359328134372,77824.0,0.0,0.0,0.0,7.283359328134372,0.0,0.0
2025-10-06,5,Monday,7.412105578884224,77824.0,0.0,0.0,0.0,7.412105578884224,0.0,0.0
2025-10-06,6,Monday,7.7063827234553095,77824.0,0.0,0.055134906702923175,0.055134906702923175,7.658194814996954,0.0,0.1965052075511504
2025-10-06,7,Monday,7.7063827234553095,77824.0,0.0,0.943908469802341,0.943908469802341,7.530173940175902,0.0,0.9356448949750003
2025-10-06,8,Monday,7.982267546490701,77824.0,0.0,2.3797274187427058,2.3797274187427058,5.867016726250986,0.0,0.947321034021369
2025-10-06,9,Monday,7.982267546490701,77824.0,0.0,4.036388253189939,4.036388253189939,4.34969982745328,0.0,0.936002003901407
2025-10-06,10,Monday,8.111013797240552,77824.0,0.0,5.6425321464485965,5.6425321464485965,3.093663470894259,0.0,0.9207859770411779
2025-10-06,11,Monday,8.111013797240552,77824.0,0.0,6.176846236524989,6.176846236524989,2.707838070155357,0.0,0.9153674020885973
2025-10-06,12,Monday,8.258152369526094,77824.0,0.0,6.371637610315805,6.371637610315805,2.7173824714415566,0.0,0.9133639288081953
2025-10-06,13,Monday,8.258152369526094,77824.0,0.0,6.008969669242977,6.008969669242977,3.044195031596499,0.0,0.9170827555075937
2025-10-06,14,Monday,8.111013797240552,77824.0,0.0,4.744364366827939,4.744364366827939,3.9775877879110766,0.0,0.9295530818780745
2025-10-06,15,Monday,8.111013797240552,77824.0,0.0,3.3220405551781975,3.3220405551781975,5.177401412860201,0.0,0.9418082565762943
2025-10-06,16,Monday,7.982267546490701,77824.0,0.0,1.962915213800949,1.962915213800949,6.226012278939593,0.0,0.9481578316406041
2025-10-06,17,Monday,7.982267546490701,77824.0,0.0,0.6217020836182867,0.6217020836182867,7.422269431937239,0.0,0.9152286096576957
2025-10-06,18,Monday,7.835128974205158,77824.0,0.0,0.0,0.0,7.835128974205158,0.0,0.0
2025-10-06,19,Monday,7.7063827234553095,77824.0,0.0,0.0,0.0,7.7063827234553095,0.0,0.0
2025-10-06,20,Monday,7.559244151169766,77824.0,0.0,0.0,0.0,7.559244151169766,0.0,0.0
2025-10-06,21,Monday,7.283359328134372,77824.0,0.0,0.0,0.0,7.283359328134372,0.0,0.0
2025-10-06,22,Monday,7.1362207558488295,77824.0,0.0,0.0,0.0,7.1362207558488295,0.0,0.0
2025-10-06,23,Monday,7.00747450509898,77824.0,0.0,0.0,0.0,7.00747450509898,0.0,0.0
2025-10-07,0,Tuesday,7.00747450509898,77824.0,0.0,0.0,0.0,7.00747450509898,0.0,0.0
2025-10-07,1,Tuesday,7.00747450509898,77824.0,0.0,0.0,0.0,7.00747450509898,0.0,0.0
2025-10-07,2,Tuesday,7.1362207558488295,77824.0,0.0,0.0,0.0,7.1362207558488295,0.0,0.0
2025-10-07,3,Tuesday,7.283359328134372,77824.0,0.0,0.0,0.0,7.283359328134372,0.0,0.0
2025-10-07,4,Tuesday,7.283359328134372,77824.0,0.0,0.0,0.0,7.283359328134372,0.0,0.0
2025-10-07,5,Tuesday,7.412105578884224,77824.0,0.0,0.0,0.0,7.412105578884224,0.0,0.0
2025-10-07,6,Tuesday,7.7063827234553095,77824.0,0.0,0.06605464617586362,0.06605464617586362,7.648650962697605,0.0,0.3279295539915039
2025-10-07,7,Tuesday,7.7063827234553095,77824.0,0.0,0.924746349787175,0.924746349787175,7.418293648316379,0.0,0.9349001890393728
2025-10-07,8,Tuesday,7.982267546490701,77824.0,0.0,2.1871627821411113,2.1871627821411113,6.039727592931276,0.0,0.9478930674733161
2025-10-07,9,Tuesday,7.982267546490701,77824.0,0.0,4.014309667157953,4.014309667157953,4.36738805751007,0.0,0.9361939175421229
2025-10-07,10,Tuesday,8.111013797240552,77824.0,0.0,5.682254432695459,5.682254432695459,3.057306361315111,0.0,0.9203874985725677
2025-10-07,11,Tuesday,8.111013797240552,77824.0,0.0,5.830859721679976,5.830859721679976,3.01269592316421,0.0,0.9188901804409331
2025-10-07,12,Tuesday,8.258152369526094,77824.0,0.0,5.817442668846193,5.817442668846193,3.1798409730292754,0.0,0.9190257809405846
2025-10-07,13,Tuesday,8.258152369526094,77824.0,0.0,5.012278469655077,5.012278469655077,3.8820598914029807,0.0,0.9269931570885078
2025-10-07,14,Tuesday,8.111013797240552,77824.0,0.0,4.286124004161848,4.286124004161848,4.336466556064266,0.0,0.9337883430225293
2025-10-07,15,Tuesday,8.111013797240552,77824.0,0.0,3.2381425500929297,3.2381425500929297,5.238461019234629,0.0,0.9424225131635163
2025-10-07,16,Tuesday,7.982267546490701,77824.0,0.0,1.817950754012553,1.817950754012553,6.354653714006883,0.0,0.9480281190497201
2025-10-07,17,Tuesday,7.982267546490701,77824.0,0.0,0.6246865248149032,0.6246865248149032,7.419658174930521,0.0,0.9155317371319708
2025-10-07,18,Tuesday,7.835128974205158,77824.0,0.0,0.0,0.0,7.835128974205158,0.0,0.0
2025-10-07,19,Tuesday,7.7063827234553095,77824.0,0.0,0.0,0.0,7.7063827234553095,0.0,0.0
2025-10-07,20,Tuesday,7.559244151169766,77824.0,0.0,0.0,0.0,7.559244151169766,0.0,0.0
2025-10-07,21,Tuesday,7.283359328134372,77824.0,0.0,0.0,0.0,7.283359328134372,0.0,0.0
2025-10-07,22,Tuesday,7.1362207558488295,77824.0,0.0,0.0,0.0,7.1362207558488295,0.0,0.0
2025-10-07,23,Tuesday,7.00747450509898,77824.0,0.0,0.0,0.0,7.00747450509898,0.0,0.0
2025-10-08,0,Wednesday,7.00747450509898,77824.0,0.0,0.0,0.0,7.00747450509898,0.0,0.0
2025-10-08,1,Wednesday,7.00747450509898,77824.0,0.0,0.0,0.0,7.00747450509898,0.0,0.0
2025-10-08,2,Wednesday,7.1362207558488295,77824.0,0.0,0.0,0.0,7.1362207558488295,0.0,0.0
2025-10-08,3,Wednesday,7.283359328134372,77824.0,0.0,0.0,0.0,7.283359328134372,0.0,0.0
2025-10-08,4,Wednesday,7.283359328134372,77824.0,0.0,0.0,0.0,7.283359328134372,0.0,0.0
2025-10-08,5,Wednesday,7.412105578884224,77824.0,0.0,0.0,0.0,7.412105578884224,0.0,0.0
2025-10-08,6,Wednesday,7.7063827234553095,77824.0,0.0,0.04410000030071308,0.04410000030071308,7.667839323192486,0.0,0.0
2025-10-08,7,Wednesday,7.7063827234553095,77824.0,0.0,1.08316526360527,1.08316526360527,6.7596962830643035,0.0,0.9400331738990945
2025-10-08,8,Wednesday,7.982267546490701,77824.0,0.0,2.6436343586230238,2.6436343586230238,5.621418749563858,0.0,0.9461529572714931
2025-10-08,9,Wednesday,7.982267546490701,77824.0,0.0,3.7851209711278053,3.7851209711278053,4.580029316050928,0.0,0.9381448983486804
2025-10-08,10,Wednesday,8.111013797240552,77824.0,0.0,4.997949136935839,4.997949136935839,3.656653336469133,0.0,0.9271314155294625
2025-10-08,11,Wednesday,8.111013797240552,77824.0,0.0,6.002971766880381,6.002971766880381,2.823747271209906,0.0,0.9171438363843019
2025-10-08,12,Wednesday,8.258152369526094,77824.0,0.0,5.993165969401705,5.993165969401705,3.036386901724417,0.0,0.9172436642966656
2025-10-08,13,Wednesday,8.258152369526094,77824.0,0.0,5.486653161593387,5.486653161593387,3.4771844113945303,0.0,0.9223420898204079
2025-10-08,14,Wednesday,8.111013797240552,77824.0,0.0,4.19672432865481,4.19672432865481,4.433739083933508,0.0,0.9345894445989305
2025-10-08,15,Wednesday,8.111013797240552,77824.0,0.0,3.3068742054952325,3.3068742054952325,5.174972556521849,0.0,0.9419205821789743
2025-10-08,16,Wednesday,7.982267546490701,77824.0,0.0,1.7869009817864612,1.7869009817864612,6.383304674083241,0.0,0.9479627326857295
2025-10-08,17,Wednesday,7.982267546490701,77824.0,0.0,0.727216933854922,0.727216933854922,7.327361722211874,0.0,0.9242650815189354
2025-10-08,18,Wednesday,7.835128974205158,77824.0,0.0,0.0,0.0,7.835128974205158,0.0,0.0
2025-10-08,19,Wednesday,7.7063827234553095,77824.0,0.0,0.0,0.0,7.7063827234553095,0.0,0.0
2025-10-08,20,Wednesday,7.559244151169766,77824.0,0.0,0.0,0.0,7.559244151169766,0.0,0.0
2025-10-08,21,Wednesday,7.283359328134372,77824.0,0.0,0.0,0.0,7.283359328134372,0.0,0.0
2025-10-08,22,Wednesday,7.1362207558488295,77824.0,0.0,0.0,0.0,7.1362207558488295,0.0,0.0
2025-10-08,23,Wednesday,7.00747450509898,77824.0,0.0,0.0,0.0,7.00747450509898,0.0,0.0
2025-10-09,0,Thursday,7.00747450509898,77824.0,0.0,0.0,0.0,7.00747450509898,0.0,0.0
2025-10-09,1,Thursday,7.00747450509898,77824.0,0.0,0.0,0.0,7.00747450509898,0.0,0.0
2025-10-09,2,Thursday,7.1362207558488295,77824.0,0.0,0.0,0.0,7.1362207558488295,0.0,0.0
2025-10-09,3,Thursday,7.283359328134372,77824.0,0.0,0.0,0.0,7.283359328134372,0.0,0.0
2025-10-09,4,Thursday,7.283359328134372,77824.0,0.0,0.0,0.0,7.283359328134372,0.0,0.0
2025-10-09,5,Thursday,7.412105578884224,77824.0,0.0,0.0,0.0,7.412105578884224,0.0,0.0
2025-10-09,6,Thursday,7.7063827234553095,77824.0,0.0,0.0,0.0,7.7063827234553095,0.0,0.0
2025-10-09,7,Thursday,7.7063827234553095,77824.0,0.0,0.9307148511602151,0.9307148511602151,6.892937943541281,0.0,0.9351363982455707
2025-10-09,8,Thursday,7.982267546490701,77824.0,0.0,2.4860423448620463,2.4860423448620463,5.773718296443447,0.0,0.9468974740394872
2025-10-09,9,Thursday,7.982267546490701,77824.0,0.0,3.957442337043827,3.957442337043827,4.4223400015171626,0.0,0.9366851535997676
2025-10-09,10,Thursday,8.111013797240552,77824.0,0.0,5.321586133622856,5.321586133622856,3.375595608521981,0.0,0.9239758169442884
2025-10-09,11,Thursday,8.111013797240552,77824.0,0.0,5.99168077219213,5.99168077219213,2.8516540677027242,0.0,0.9172587809324084
2025-10-09,12,Thursday,8.258152369526094,77824.0,0.0,5.991148987371028,5.991148987371028,3.0374900538127303,0.0,0.9172641933264737
2025-10-09,13,Thursday,8.258152369526094,77824.0,0.0,5.236621687089756,5.236621687089756,3.694955080340006,0.0,0.9248106444247296
2025-10-09,14,Thursday,8.111013797240552,77824.0,0.0,4.6986728489835405,4.6986728489835405,3.982900265101577,0.0,0.9299840388091103
2025-10-09,15,Thursday,8.111013797240552,77824.0,0.0,3.2273102635646853,3.2273102635646853,5.259734115510572,0.0,0.9425005246088736
2025-10-09,16,Thursday,7.982267546490701,77824.0,0.0,1.7026597196416087,1.7026597196416087,6.457747751447718,0.0,0.9477082929628265
2025-10-09,17,Thursday,7.982267546490701,77824.0,0.0,0.5388795118372505,0.5388795118372505,7.497101993328575,0.0,0.9053265410003171
2025-10-09,18,Thursday,7.835128974205158,77824.0,0.0,0.0,0.0,7.835128974205158,0.0,0.0
2025-10-09,19,Thursday,6.0,71302.26086956522,0.0,0.0,0.0,0.0,6.521739130434782,0.9082345737162401
2025-10-09,20,Thursday,6.0,64696.038013007696,0.0,0.0,0.0,0.0,6.606222856557519,0.9073024996154092
2025-10-09,21,Thursday,6.0,58083.02856737815,0.0,0.0,0.0,0.0,6.613009445629547,0.9072275353639845
2025-10-09,22,Thursday,6.0,51469.47268848525,0.0,0.0,0.0,0.0,6.613555878892904,0.907221498917243
2025-10-09,23,Thursday,6.0,44855.872804486775,0.0,0.0,0.0,0.0,6.613599883998474,0.9072210127892202
2025-10-10,0,Friday,6.0,38242.26937663714,0.0,0.0,0.0,0.0,6.613603427849631,0.9072209736399804
2025-10-10,1,Friday,6.0,31628.665663391166,0.0,0.0,0.0,0.0,6.613603713245971,0.9072209704871814
2025-10-10,2,Friday,6.0,25015.06192716142,0.0,0.0,0.0,0.0,6.613603736229747,0.9072209702332776
2025-10-10,3,Friday,7.283359328134372,25015.06192716142,0.0,0.0,0.0,7.283359328134372,0.0,0.0
2025-10-10,4,Friday,7.283359328134372,25015.06192716142,0.0,0.0,0.0,7.283359328134372,0.0,0.0
2025-10-10,5,Friday,7.412105578884224,25015.06192716142,0.0,0.0,0.0,7.412105578884224,0.0,0.0
2025-10-10,6,Friday,7.7063827234553095,25015.06192716142,0.0,0.0,0.0,7.7063827234553095,0.0,0.0
2025-10-10,7,Friday,7.7063827234553095,25843.492248497863,0.9787692832424902,0.0,0.9787692832424902,7.7063827234553095,0.0,0.0
2025-10-10,8,Friday,7.982267546490701,27804.614655117617,2.3170160758739993,0.0,2.3170160758739993,7.982267546490701,0.0,0.0
2025-10-10,9,Friday,7.982267546490701,30827.276582167106,3.571197928933705,0.0,3.571197928933705,7.982267546490701,0.0,0.0
2025-10-10,10,Friday,8.111013797240552,34780.02472285212,4.670071054684562,0.0,4.670071054684562,8.111013797240552,0.0,0.0
2025-10-10,11,Friday,8.111013797240552,39099.72964433467,5.103621126515304,0.0,5.103621126515304,8.111013797240552,0.0,0.0
2025-10-10,12,Friday,8.258152369526094,43284.07366683016,4.9436956787517605,0.0,4.9436956787517605,8.258152369526094,0.0,0.0
2025-10-10,13,Friday,8.258152369526094,47106.68576428358,4.51631864065858,0.0,4.51631864065858,8.258152369526094,0.0,0.0
2025-10-10,14,Friday,8.111013797240552,50528.89631757517,4.0432544344182215,0.0,4.0432544344182215,8.111013797240552,0.0,0.0
2025-10-10,15,Friday,8.111013797240552,53077.24732056653,3.0108116765020827,0.0,3.0108116765020827,8.111013797240552,0.0,0.0
2025-10-10,16,Friday,7.982267546490701,54488.546335317005,1.6674137697902638,0.0,1.6674137697902638,7.982267546490701,0.0,0.0
2025-10-10,17,Friday,7.982267546490701,54932.619097642695,0.5246606360180603,0.0,0.5246606360180603,7.982267546490701,0.0,0.0
2025-10-10,18,Friday,7.835128974205158,54932.619097642695,0.0,0.0,0.0,7.835128974205158,0.0,0.0
2025-10-10,19,Friday,7.7063827234553095,54932.619097642695,0.0,0.0,0.0,7.7063827234553095,0.0,0.0
2025-10-10,20,Friday,7.559244151169766,54932.619097642695,0.0,0.0,0.0,7.559244151169766,0.0,0.0
2025-10-10,21,Friday,7.283359328134372,54932.619097642695,0.0,0.0,0.0,7.283359328134372,0.0,0.0
2025-10-10,22,Friday,7.1362207558488295,54932.619097642695,0.0,0.0,0.0,7.1362207558488295,0.0,0.0
2025-10-10,23,Friday,7.00747450509898,54932.619097642695,0.0,0.0,0.0,7.00747450509898,0.0,0.0
2025-10-11,0,Saturday,7.00747450509898,54932.619097642695,0.0,0.0,0.0,7.00747450509898,0.0,0.0
2025-10-11,1,Saturday,7.00747450509898,54932.619097642695,0.0,0.0,0.0,7.00747450509898,0.0,0.0
2025-10-11,2,Saturday,7.1362207558488295,54932.619097642695,0.0,0.0,0.0,7.1362207558488295,0.0,0.0
2025-10-11,3,Saturday,7.283359328134372,54932.619097642695,0.0,0.0,0.0,7.283359328134372,0.0,0.0
2025-10-11,4,Saturday,7.283359328134372,54932.619097642695,0.0,0.0,0.0,7.283359328134372,0.0,0.0
2025-10-11,5,Saturday,7.412105578884224,54932.619097642695,0.0,0.0,0.0,7.412105578884224,0.0,0.0
2025-10-11,6,Saturday,7.7063827234553095,54932.619097642695,0.0,0.0,0.0,7.7063827234553095,0.0,0.0
2025-10-11,7,Saturday,7.7063827234553095,55609.01090863119,0.7991396632661832,0.0,0.7991396632661832,7.7063827234553095,0.0,0.0
2025-10-11,8,Saturday,7.982267546490701,57342.32277566696,2.0478637370460335,0.0,2.0478637370460335,7.982267546490701,0.0,0.0
2025-10-11,9,Saturday,7.982267546490701,60572.5290316181,3.8164062570311215,0.0,3.8164062570311215,7.982267546490701,0.0,0.0
2025-10-11,10,Saturday,8.111013797240552,65219.52655491553,5.490308983101892,0.0,5.490308983101892,8.111013797240552,0.0,0.0
2025-10-11,11,Saturday,8.111013797240552,70793.76316056478,6.585818295899394,0.0,6.585818295899394,8.111013797240552,0.0,0.0
2025-10-11,12,Saturday,8.258152369526094,76557.64184760167,6.809875575421658,0.0,6.809875575421658,8.258152369526094,0.0,0.0
2025-10-11,13,Saturday,8.258152369526094,77824.0,1.496169839790082,4.65848536455185,6.154655204341932,4.186636160907778,0.0,0.9303616242645605
2025-10-11,14,Saturday,8.111013797240552,77824.0,0.0,4.737215382455663,4.737215382455663,3.9240565694136667,0.0,0.929620624719176
2025-10-11,15,Saturday,8.111013797240552,77824.0,0.0,2.944911275101024,2.944911275101024,5.5102460509036915,0.0,0.944416241309419
2025-10-11,16,Saturday,7.982267546490701,77824.0,0.0,1.3965237811153288,1.3965237811153288,6.729312793243552,0.0,0.9455496162684179
2025-10-11,17,Saturday,7.982267546490701,77824.0,0.0,0.4350638978875395,0.4350638978875395,7.591461769875886,0.0,0.8870822807617782
2025-10-11,18,Saturday,7.835128974205158,77824.0,0.0,0.0,0.0,7.835128974205158,0.0,0.0
2025-10-11,19,Saturday,7.7063827234553095,77824.0,0.0,0.0,0.0,7.7063827234553095,0.0,0.0
2025-10-11,20,Saturday,7.559244151169766,77824.0,0.0,0.0,0.0,7.559244151169766,0.0,0.0
2025-10-11,21,Saturday,7.283359328134372,77824.0,0.0,0.0,0.0,7.283359328134372,0.0,0.0
2025-10-11,22,Saturday,7.1362207558488295,77824.0,0.0,0.0,0.0,7.1362207558488295,0.0,0.0
2025-10-11,23,Saturday,7.00747450509898,77824.0,0.0,0.0,0.0,7.00747450509898,0.0,0.0
2025-10-12,0,Sunday,7.00747450509898,77824.0,0.0,0.0,0.0,7.00747450509898,0.0,0.0
2025-10-12,1,Sunday,7.00747450509898,77824.0,0.0,0.0,0.0,7.00747450509898,0.0,0.0
2025-10-12,2,Sunday,7.1362207558488295,77824.0,0.0,0.0,0.0,7.1362207558488295,0.0,0.0
2025-10-12,3,Sunday,7.283359328134372,77824.0,0.0,0.0,0.0,7.283359328134372,0.0,0.0
2025-10-12,4,Sunday,7.283359328134372,77824.0,0.0,0.0,0.0,7.283359328134372,0.0,0.0
2025-10-12,5,Sunday,7.412105578884224,77824.0,0.0,0.0,0.0,7.412105578884224,0.0,0.0
2025-10-12,6,Sunday,7.7063827234553095,77824.0,0.0,0.0,0.0,7.7063827234553095,0.0,0.0
2025-10-12,7,Sunday,7.7063827234553095,77824.0,0.0,0.8539559095460902,0.8539559095460902,6.960025258512027,0.0,0.9317742242820899
2025-10-12,8,Sunday,7.982267546490701,77824.0,0.0,2.131406971515246,2.131406971515246,6.095576972853297,0.0,0.9480039398399838
2025-10-12,9,Sunday,7.982267546490701,77824.0,0.0,3.7958620368999663,3.7958620368999663,4.563699988724017,0.0,0.938055249298733
2025-10-12,10,Sunday,8.111013797240552,77824.0,0.0,5.332380977933879,5.332380977933879,3.359049228009545,0.0,0.9238694458156922
2025-10-12,11,Sunday,8.111013797240552,77824.0,0.0,6.3302476371949234,6.3302476371949234,2.555107539611753,0.0,0.9137907521569646
2025-10-12,12,Sunday,8.258152369526094,77824.0,0.0,6.550931143034767,6.550931143034767,2.5712810878299814,0.0,0.9115084408290526
2025-10-12,13,Sunday,8.258152369526094,77824.0,0.0,5.915491297011317,5.915491297011317,3.13573313309331,0.0,0.9180330304102704
2025-10-12,14,Sunday,8.111013797240552,77824.0,0.0,4.599980225676506,4.599980225676506,4.099226700155686,0.0,0.9309087990586894
2025-10-12,15,Sunday,8.111013797240552,77824.0,0.0,2.9789042471982277,2.9789042471982277,5.476580030733928,0.0,0.9441987277651464
2025-10-12,16,Sunday,7.982267546490701,77824.0,0.0,1.487192359063034,1.487192359063034,6.648272669789806,0.0,0.9464313352603408
2025-10-12,17,Sunday,7.982267546490701,77824.0,0.0,0.43779133657605396,0.43779133657605396,7.5886450792116715,0.0,0.8876794481189626
2025-10-12,18,Sunday,7.835128974205158,77824.0,0.0,0.0,0.0,7.835128974205158,0.0,0.0
2025-10-12,19,Sunday,7.7063827234553095,77824.0,0.0,0.0,0.0,7.7063827234553095,0.0,0.0
2025-10-12,20,Sunday,7.559244151169766,77824.0,0.0,0.0,0.0,7.559244151169766,0.0,0.0
2025-10-12,21,Sunday,7.283359328134372,77824.0,0.0,0.0,0.0,7.283359328134372,0.0,0.0
2025-10-12,22,Sunday,7.1362207558488295,77824.0,0.0,0.0,0.0,7.1362207558488295,0.0,0.0
2025-10-12,23,Sunday,7.00747450509898,77824.0,0.0,0.0,0.0,7.00747450509898,0.0,0.0
2025-10-13,0,Monday,7.00747450509898,77824.0,0.0,0.0,0.0,7.00747450509898,0.0,0.0
2025-10-13,1,Monday,7.00747450509898,77824.0,0.0,0.0,0.0,7.00747450509898,0.0,0.0
2025-10-13,2,Monday,7.1362207558488295,77824.0,0.0,0.0,0.0,7.1362207558488295,0.0,0.0
2025-10-13,3,Monday,7.283359328134372,77824.0,0.0,0.0,0.0,7.283359328134372,0.0,0.0
2025-10-13,4,Monday,7.283359328134372,77824.0,0.0,0.0,0.0,7.283359328134372,0.0,0.0
2025-10-13,5,Monday,7.412105578884224,77824.0,0.0,0.0,0.0,7.412105578884224,0.0,0.0
2025-10-13,6,Monday,7.7063827234553095,77824.0,0.0,0.0,0.0,7.7063827234553095,0.0,0.0
2025-10-13,7,Monday,7.7063827234553095,77824.0,0.0,0.9232663654834184,0.9232663654834184,6.899447920022801,0.0,0.934841008586908
2025-10-13,8,Monday,7.982267546490701,77824.0,0.0,2.1577843668648047,2.1577843668648047,6.0659414983493924,0.0,0.9479548674166163
2025-10-13,9,Monday,7.982267546490701,77824.0,0.0,3.742315364822702,3.742315364822702,4.6120987842736145,0.0,0.9385003000552695
2025-10-13,10,Monday,8.111013797240552,77824.0,0.0,5.2735760202544135,5.2735760202544135,3.409223753736163,0.0,0.9244480752444326
2025-10-13,11,Monday,8.111013797240552,77824.0,0.0,6.245000340847169,6.245000340847169,2.6264941794934105,0.0,0.9146679623945668
2025-10-13,12,Monday,8.258152369526094,77824.0,0.0,6.438452344672934,6.438452344672934,2.663558586803407,0.0,0.9126736977783746
2025-10-13,13,Monday,8.258152369526094,77824.0,0.0,5.823226468962833,5.823226468962833,3.209182016818339,0.0,0.918967336316004
2025-10-13,14,Monday,8.111013797240552,77824.0,0.0,4.546787950399503,4.546787950399503,4.141581666246835,0.0,0.931403609383979
2025-10-13,15,Monday,8.111013797240552,77824.0,0.0,2.915427944335614,2.915427944335614,5.5313456925001026,0.0,0.9446016882318544
2025-10-13,16,Monday,7.982267546490701,77824.0,0.0,1.7795379029867664,1.7795379029867664,6.385360764428521,0.0,0.9479450804997606
2025-10-13,17,Monday,7.982267546490701,77824.0,0.0,0.3219992002223353,0.3219992002223353,7.6922918666038615,0.0,0.8529613820511635
2025-10-13,18,Monday,7.835128974205158,77824.0,0.0,0.0,0.0,7.835128974205158,0.0,0.0
2025-10-13,19,Monday,7.7063827234553095,77824.0,0.0,0.0,0.0,7.7063827234553095,0.0,0.0
2025-10-13,20,Monday,7.559244151169766,77824.0,0.0,0.0,0.0,7.559244151169766,0.0,0.0
2025-10-13,21,Monday,7.283359328134372,77824.0,0.0,0.0,0.0,7.283359328134372,0.0,0.0
2025-10-13,22,Monday,7.1362207558488295,77824.0,0.0,0.0,0.0,7.1362207558488295,0.0,0.0
2025-10-13,23,Monday,7.00747450509898,77824.0,0.0,0.0,0.0,7.00747450509898,0.0,0.0
2025-10-14,0,Tuesday,7.00747450509898,77824.0,0.0,0.0,0.0,7.00747450509898,0.0,0.0
2025-10-14,1,Tuesday,7.00747450509898,77824.0,0.0,0.0,0.0,7.00747450509898,0.0,0.0
2025-10-14,2,Tuesday,7.1362207558488295,77824.0,0.0,0.0,0.0,7.1362207558488295,0.0,0.0
2025-10-14,3,Tuesday,7.283359328134372,77824.0,0.0,0.0,0.0,7.283359328134372,0.0,0.0
2025-10-14,4,Tuesday,7.283359328134372,77824.0,0.0,0.0,0.0,7.283359328134372,0.0,0.0
2025-10-14,5,Tuesday,7.412105578884224,77824.0,0.0,0.0,0.0,7.412105578884224,0.0,0.0
2025-10-14,6,Tuesday,7.7063827234553095,77824.0,0.0,0.0,0.0,7.7063827234553095,0.0,0.0
2025-10-14,7,Tuesday,7.7063827234553095,77824.0,0.0,0.7959263177798767,0.7959263177798767,7.010743121715698,0.0,0.9286899499936487
2025-10-14,8,Tuesday,7.982267546490701,77824.0,0.0,2.015338848452636,2.015338848452636,6.204223858820452,0.0,0.9481416118652176
2025-10-14,9,Tuesday,7.982267546490701,77824.0,0.0,3.683334736138646,3.683334736138646,4.664560759417141,0.0,0.9389849497071648
2025-10-14,10,Tuesday,8.111013797240552,77824.0,0.0,5.281324417782592,5.281324417782592,3.3998838615626843,0.0,0.9243719493778152
2025-10-14,11,Tuesday,8.111013797240552,77824.0,0.0,6.317768325049889,6.317768325049889,2.563044366013961,0.0,0.9139193260778592
2025-10-14,12,Tuesday,8.258152369526094,77824.0,0.0,6.521540848082199,6.521540848082199,2.5959982635010066,0.0,0.9118133076766296
2025-10-14,13,Tuesday,8.258152369526094,77824.0,0.0,5.869879692605682,5.869879692605682,3.173529672256363,0.0,0.9184953711821688
2025-10-14,14,Tuesday,8.111013797240552,77824.0,0.0,4.512577507058461,4.512577507058461,4.173471322523284,0.0,0.9317204551148709
2025-10-14,15,Tuesday,8.111013797240552,77824.0,0.0,2.813142694451315,2.813142694451315,5.621004335242162,0.0,0.9452205683284842
2025-10-14,16,Tuesday,7.982267546490701,77824.0,0.0,1.7491801252627357,1.7491801252627357,6.411574565986456,0.0,0.9478632683820865
2025-10-14,17,Tuesday,7.982267546490701,77824.0,0.0,0.31153746107455754,0.31153746107455754,7.701737376216993,0.0,0.8485050932990814
2025-10-14,18,Tuesday,7.835128974205158,77824.0,0.0,0.0,0.0,7.835128974205158,0.0,0.0
2025-10-14,19,Tuesday,7.7063827234553095,77824.0,0.0,0.0,0.0,7.7063827234553095,0.0,0.0
2025-10-14,20,Tuesday,7.559244151169766,77824.0,0.0,0.0,0.0,7.559244151169766,0.0,0.0
2025-10-14,21,Tuesday,7.283359328134372,77824.0,0.0,0.0,0.0,7.283359328134372,0.0,0.0
2025-10-14,22,Tuesday,7.1362207558488295,77824.0,0.0,0.0,0.0,7.1362207558488295,0.0,0.0
2025-10-14,23,Tuesday,7.00747450509898,77824.0,0.0,0.0,0.0,7.00747450509898,0.0,0.0
2025-10-15,0,Wednesday,7.00747450509898,77824.0,0.0,0.0,0.0,7.00747450509898,0.0,0.0
2025-10-15,1,Wednesday,7.00747450509898,77824.0,0.0,0.0,0.0,7.00747450509898,0.0,0.0
2025-10-15,2,Wednesday,7.1362207558488295,77824.0,0.0,0.0,0.0,7.1362207558488295,0.0,0.0
2025-10-15,3,Wednesday,7.283359328134372,77824.0,0.0,0.0,0.0,7.283359328134372,0.0,0.0
2025-10-15,4,Wednesday,7.283359328134372,77824.0,0.0,0.0,0.0,7.283359328134372,0.0,0.0
2025-10-15,5,Wednesday,7.412105578884224,77824.0,0.0,0.0,0.0,7.412105578884224,0.0,0.0
2025-10-15,6,Wednesday,7.7063827234553095,77824.0,0.0,0.0,0.0,7.7063827234553095,0.0,0.0
2025-10-15,7,Wednesday,7.7063827234553095,77824.0,0.0,0.9003717583837975,0.9003717583837975,6.919457806627871,0.0,0.933893667396661
2025-10-15,8,Wednesday,7.982267546490701,77824.0,0.0,2.2141497554663836,2.2141497554663836,6.017876132957676,0.0,0.9478299114455626
2025-10-15,9,Wednesday,7.982267546490701,77824.0,0.0,3.770137552660154,3.770137552660154,4.587490860949011,0.0,0.9382696435124245
2025-10-15,10,Wednesday,8.111013797240552,77824.0,0.0,5.12985363418554,5.12985363418554,3.5384871536532794,0.0,0.9258534229550616
2025-10-15,11,Wednesday,8.111013797240552,77824.0,0.0,6.021393059439939,6.021393059439939,2.8148327909522513,0.0,0.9169561931216355
2025-10-15,12,Wednesday,8.258152369526094,77824.0,0.0,5.9843770488372625,5.9843770488372625,3.0451113524651063,0.0,0.9173331065911438
2025-10-15,13,Wednesday,8.258152369526094,77824.0,0.0,5.545802747050946,5.545802747050946,3.425171330156849,0.0,0.9217530718748695
2025-10-15,14,Wednesday,8.111013797240552,77824.0,0.0,4.491050735598424,4.491050735598424,4.178355976330999,0.0,0.9319192576183302
2025-10-15,15,Wednesday,8.111013797240552,77824.0,0.0,2.982499526175658,2.982499526175658,5.470537490173944,0.0,0.9441754957558927
2025-10-15,16,Wednesday,7.982267546490701,77824.0,0.0,1.6640003232004914,1.6640003232004914,6.489714632899701,0.0,0.9475503524363768
2025-10-15,17,Wednesday,7.982267546490701,77824.0,0.0,0.25847131557158054,0.25847131557158054,7.749598689634383,0.0,0.8201966152805732
2025-10-15,18,Wednesday,7.835128974205158,77824.0,0.0,0.0,0.0,7.835128974205158,0.0,0.0
2025-10-15,19,Wednesday,7.7063827234553095,77824.0,0.0,0.0,0.0,7.7063827234553095,0.0,0.0
2025-10-15,20,Wednesday,7.559244151169766,77824.0,0.0,0.0,0.0,7.559244151169766,0.0,0.0
2025-10-15,21,Wednesday,7.283359328134372,77824.0,0.0,0.0,0.0,7.283359328134372,0.0,0.0
2025-10-15,22,Wednesday,7.1362207558488295,77824.0,0.0,0.0,0.0,7.1362207558488295,0.0,0.0
2025-10-15,23,Wednesday,7.00747450509898,77824.0,0.0,0.0,0.0,7.00747450509898,0.0,0.0
2025-10-16,0,Thursday,7.00747450509898,77824.0,0.0,0.0,0.0,7.00747450509898,0.0,0.0
2025-10-16,1,Thursday,7.00747450509898,77824.0,0.0,0.0,0.0,7.00747450509898,0.0,0.0
2025-10-16,2,Thursday,7.1362207558488295,77824.0,0.0,0.0,0.0,7.1362207558488295,0.0,0.0
2025-10-16,3,Thursday,7.283359328134372,77824.0,0.0,0.0,0.0,7.283359328134372,0.0,0.0
2025-10-16,4,Thursday,7.283359328134372,77824.0,0.0,0.0,0.0,7.283359328134372,0.0,0.0
2025-10-16,5,Thursday,7.412105578884224,77824.0,0.0,0.0,0.0,7.412105578884224,0.0,0.0
2025-10-16,6,Thursday,7.7063827234553095,77824.0,0.0,0.0,0.0,7.7063827234553095,0.0,0.0
2025-10-16,7,Thursday,7.7063827234553095,77824.0,0.0,0.953561632118918,0.953561632118918,6.872969856983375,0.0,0.9360053879946011
2025-10-16,8,Thursday,7.982267546490701,77824.0,0.0,2.310569501552157,2.310569501552157,5.927697318841323,0.0,0.9475576105294169
2025-10-16,9,Thursday,7.982267546490701,77824.0,0.0,3.8985790357195254,3.8985790357195254,4.472845722721553,0.0,0.9371888056588438
2025-10-16,10,Thursday,8.111013797240552,77824.0,0.0,5.462627437146534,5.462627437146534,3.247476177840891,0.0,0.9225808130979762
2025-10-16,11,Thursday,8.111013797240552,77824.0,0.0,5.785952765495721,5.785952765495721,3.0399052406499028,0.0,0.9193437200066964
2025-10-16,12,Thursday,8.258152369526094,77824.0,0.0,6.49448574675095,6.49448574675095,2.5860209178750333,0.0,0.91209370997425
2025-10-16,13,Thursday,8.258152369526094,77824.0,0.0,5.025461145390449,5.025461145390449,3.903645444117007,0.0,0.9268658359230911
2025-10-16,14,Thursday,8.111013797240552,77824.0,0.0,2.8498534461932814,2.8498534461932814,5.601653590409526,0.0,0.945002967509287
2025-10-16,15,Thursday,8.111013797240552,77824.0,0.0,2.347812963617089,2.347812963617089,6.003258090354375,0.0,0.9474342470444826
2025-10-16,16,Thursday,7.982267546490701,77824.0,0.0,1.1389592383357376,1.1389592383357376,6.957133007523073,0.0,0.9413813394131871
2025-10-16,17,Thursday,7.982267546490701,77824.0,0.0,0.19527328546735637,0.19527328546735637,7.807632250817071,0.0,0.7659815721267301
2025-10-16,18,Thursday,7.835128974205158,77824.0,0.0,0.0,0.0,7.835128974205158,0.0,0.0
2025-10-16,19,Thursday,6.0,71302.26086956522,0.0,0.0,0.0,0.0,6.521739130434782,0.9082345737162401
2025-10-16,20,Thursday,6.0,64696.038013007696,0.0,0.0,0.0,0.0,6.606222856557519,0.9073024996154092
2025-10-16,21,Thursday,6.0,58083.02856737815,0.0,0.0,0.0,0.0,6.613009445629547,0.9072275353639845
2025-10-16,22,Thursday,6.0,51469.47268848525,0.0,0.0,0.0,0.0,6.613555878892904,0.907221498917243
2025-10-16,23,Thursday,6.0,44855.872804486775,0.0,0.0,0.0,0.0,6.613599883998474,0.9072210127892202
2025-10-17,0,Friday,6.0,38242.26937663714,0.0,0.0,0.0,0.0,6.613603427849631,0.9072209736399804
2025-10-17,1,Friday,6.0,31628.665663391166,0.0,0.0,0.0,0.0,6.613603713245971,0.9072209704871814
2025-10-17,2,Friday,6.0,25015.06192716142,0.0,0.0,0.0,0.0,6.613603736229747,0.9072209702332776
2025-10-17,3,Friday,7.283359328134372,25015.06192716142,0.0,0.0,0.0,7.283359328134372,0.0,0.0
2025-10-17,4,Friday,7.283359328134372,25015.06192716142,0.0,0.0,0.0,7.283359328134372,0.0,0.0
2025-10-17,5,Friday,7.412105578884224,25015.06192716142,0.0,0.0,0.0,7.412105578884224,0.0,0.0
2025-10-17,6,Friday,7.7063827234553095,25015.06192716142,0.0,0.0,0.0,7.7063827234553095,0.0,0.0
2025-10-17,7,Friday,7.7063827234553095,25664.971964267013,0.7678521232343999,0.0,0.7678521232343999,7.7063827234553095,0.0,0.0
2025-10-17,8,Friday,7.982267546490701,27327.366625648072,1.964076868361364,0.0,1.964076868361364,7.982267546490701,0.0,0.0
2025-10-17,9,Friday,7.982267546490701,30506.30255057357,3.755831669335423,0.0,3.755831669335423,7.982267546490701,0.0,0.0
2025-10-17,10,Friday,8.111013797240552,34837.15434934212,5.116790877562084,0.0,5.116790877562084,8.111013797240552,0.0,0.0
2025-10-17,11,Friday,8.111013797240552,39843.89616507152,5.915337683990309,0.0,5.915337683990309,8.111013797240552,0.0,0.0
2025-10-17,12,Friday,8.258152369526094,44706.26926800286,5.744769734087122,0.0,5.744769734087122,8.258152369526094,0.0,0.0
2025-10-17,13,Friday,8.258152369526094,49234.54485574058,5.350042046003918,0.0,5.350042046003918,8.258152369526094,0.0,0.0
2025-10-17,14,Friday,8.111013797240552,52889.353422214044,4.318063051126491,0.0,4.318063051126491,8.111013797240552,0.0,0.0
2025-10-17,15,Friday,8.111013797240552,55315.01878047454,2.8658617181716615,0.0,2.8658617181716615,8.111013797240552,0.0,0.0
2025-10-17,16,Friday,7.982267546490701,56678.631694391064,1.6110738585970303,0.0,1.6110738585970303,7.982267546490701,0.0,0.0
2025-10-17,17,Friday,7.982267546490701,56870.60530592945,0.2268119228950675,0.0,0.2268119228950675,7.982267546490701,0.0,0.0
2025-10-17,18,Friday,7.835128974205158,56870.60530592945,0.0,0.0,0.0,7.835128974205158,0.0,0.0
2025-10-17,19,Friday,7.7063827234553095,56870.60530592945,0.0,0.0,0.0,7.7063827234553095,0.0,0.0
2025-10-17,20,Friday,7.559244151169766,56870.60530592945,0.0,0.0,0.0,7.559244151169766,0.0,0.0
2025-10-17,21,Friday,7.283359328134372,56870.60530592945,0.0,0.0,0.0,7.283359328134372,0.0,0.0
2025-10-17,22,Friday,7.1362207558488295,56870.60530592945,0.0,0.0,0.0,7.1362207558488295,0.0,0.0
2025-10-17,23,Friday,7.00747450509898,56870.60530592945,0.0,0.0,0.0,7.00747450509898,0.0,0.0
2025-10-18,0,Saturday,7.00747450509898,56870.60530592945,0.0,0.0,0.0,7.00747450509898,0.0,0.0
2025-10-18,1,Saturday,7.00747450509898,56870.60530592945,0.0,0.0,0.0,7.00747450509898,0.0,0.0
2025-10-18,2,Saturday,7.1362207558488295,56870.60530592945,0.0,0.0,0.0,7.1362207558488295,0.0,0.0
2025-10-18,3,Saturday,7.283359328134372,56870.60530592945,0.0,0.0,0.0,7.283359328134372,0.0,0.0
2025-10-18,4,Saturday,7.283359328134372,56870.60530592945,0.0,0.0,0.0,7.283359328134372,0.0,0.0
2025-10-18,5,Saturday,7.412105578884224,56870.60530592945,0.0,0.0,0.0,7.412105578884224,0.0,0.0
2025-10-18,6,Saturday,7.7063827234553095,56870.60530592945,0.0,0.0,0.0,7.7063827234553095,0.0,0.0
2025-10-18,7,Saturday,7.7063827234553095,57602.74992187731,0.8650101795225185,0.0,0.8650101795225185,7.7063827234553095,0.0,0.0
2025-10-18,8,Saturday,7.982267546490701,59449.528779455766,2.181922090711788,0.0,2.181922090711788,7.982267546490701,0.0,0.0
2025-10-18,9,Saturday,7.982267546490701,62518.13475937634,3.625479654915612,0.0,3.625479654915612,7.982267546490701,0.0,0.0
2025-10-18,10,Saturday,8.111013797240552,66767.4218774017,5.0204242887823165,0.0,5.0204242887823165,8.111013797240552,0.0,0.0
2025-10-18,11,Saturday,8.111013797240552,71660.09169414638,5.780564528290017,0.0,5.780564528290017,8.111013797240552,0.0,0.0
2025-10-18,12,Saturday,8.258152369526094,76783.29201209423,6.052930432358045,0.0,6.052930432358045,8.258152369526094,0.0,0.0
2025-10-18,13,Saturday,8.258152369526094,77824.0,1.229569929000208,4.339040333771469,5.568610262771677,4.46583111780983,0.0,0.9333099317674899
2025-10-18,14,Saturday,8.111013797240552,77824.0,0.0,4.320794756017627,4.320794756017627,4.280005171266419,0.0,0.9334752336001508
2025-10-18,15,Saturday,8.111013797240552,77824.0,0.0,2.7955697069616634,2.7955697069616634,5.631898466251586,0.0,0.9453228637851142
2025-10-18,16,Saturday,7.982267546490701,77824.0,0.0,1.594016162936925,1.594016162936925,6.550750618626772,0.0,0.9471905722816534
2025-10-18,17,Saturday,7.982267546490701,77824.0,0.0,0.2481780088102078,0.2481780088102078,7.7589492698076725,0.0,0.8132737751531379
2025-10-18,18,Saturday,7.835128974205158,77824.0,0.0,0.0,0.0,7.835128974205158,0.0,0.0
2025-10-18,19,Saturday,7.7063827234553095,77824.0,0.0,0.0,0.0,7.7063827234553095,0.0,0.0
2025-10-18,20,Saturday,7.559244151169766,77824.0,0.0,0.0,0.0,7.559244151169766,0.0,0.0
2025-10-18,21,Saturday,7.283359328134372,77824.0,0.0,0.0,0.0,7.283359328134372,0.0,0.0
2025-10-18,22,Saturday,7.1362207558488295,77824.0,0.0,0.0,0.0,7.1362207558488295,0.0,0.0
2025-10-18,23,Saturday,7.00747450509898,77824.0,0.0,0.0,0.0,7.00747450509898,0.0,0.0
2025-10-19,0,Sunday,7.00747450509898,77824.0,0.0,0.0,0.0,7.00747450509898,0.0,0.0
2025-10-19,1,Sunday,7.00747450509898,77824.0,0.0,0.0,0.0,7.00747450509898,0.0,0.0
2025-10-19,2,Sunday,7.1362207558488295,77824.0,0.0,0.0,0.0,7.1362207558488295,0.0,0.0
2025-10-19,3,Sunday,7.283359328134372,77824.0,0.0,0.0,0.0,7.283359328134372,0.0,0.0
2025-10-19,4,Sunday,7.283359328134372,77824.0,0.0,0.0,0.0,7.283359328134372,0.0,0.0
2025-10-19,5,Sunday,7.412105578884224,77824.0,0.0,0.0,0.0,7.412105578884224,0.0,0.0
2025-10-19,6,Sunday,7.7063827234553095,77824.0,0.0,0.0,0.0,7.7063827234553095,0.0,0.0
2025-10-19,7,Sunday,7.7063827234553095,77824.0,0.0,0.8487848107896927,0.8487848107896927,6.964544798825118,0.0,0.9315201674715528
2025-10-19,8,Sunday,7.982267546490701,77824.0,0.0,2.0471236290218413,2.0471236290218413,6.170677448036373,0.0,0.9481172771202898
2025-10-19,9,Sunday,7.982267546490701,77824.0,0.0,3.5680182238563902,3.5680182238563902,4.768512809528323,0.0,0.9399145869796817
2025-10-19,10,Sunday,8.111013797240552,77824.0,0.0,5.060598711937515,5.060598711937515,3.5923097764499277,0.0,0.9265258852443117
2025-10-19,11,Sunday,8.111013797240552,77824.0,0.0,6.074457468270193,6.074457468270193,2.7642788182309896,0.0,0.9164149096203571
2025-10-19,12,Sunday,8.258152369526094,77824.0,0.0,6.2643164263334254,6.2643164263334254,2.8044750464380126,0.0,0.9144694219750339
2025-10-19,13,Sunday,8.258152369526094,77824.0,0.0,5.625670499919146,5.625670499919146,3.370873901757186,0.0,0.9209548944213601
2025-10-19,14,Sunday,8.111013797240552,77824.0,0.0,4.296062439366851,4.296062439366851,4.352358053479617,0.0,0.9336987251735361
2025-10-19,15,Sunday,8.111013797240552,77824.0,0.0,2.6455587295814693,2.6455587295814693,5.764366724717712,0.0,0.9461430913176221
2025-10-19,16,Sunday,7.982267546490701,77824.0,0.0,1.6216444069716087,1.6216444069716087,6.524675276872154,0.0,0.9473445420797986
2025-10-19,17,Sunday,7.982267546490701,77824.0,0.0,0.2598327951153792,0.2598327951153792,7.748423925200102,0.0,0.8210705198270882
2025-10-19,18,Sunday,7.835128974205158,77824.0,0.0,0.0,0.0,7.835128974205158,0.0,0.0
2025-10-19,19,Sunday,7.7063827234553095,77824.0,0.0,0.0,0.0,7.7063827234553095,0.0,0.0
2025-10-19,20,Sunday,7.559244151169766,77824.0,0.0,0.0,0.0,7.559244151169766,0.0,0.0
2025-10-19,21,Sunday,7.283359328134372,77824.0,0.0,0.0,0.0,7.283359328134372,0.0,0.0
2025-10-19,22,Sunday,7.1362207558488295,77824.0,0.0,0.0,0.0,7.1362207558488295,0.0,0.0
2025-10-19,23,Sunday,7.00747450509898,77824.0,0.0,0.0,0.0,7.00747450509898,0.0,0.0
2025-10-20,0,Monday,7.00747450509898,77824.0,0.0,0.0,0.0,7.00747450509898,0.0,0.0
2025-10-20,1,Monday,7.00747450509898,77824.0,0.0,0.0,0.0,7.00747450509898,0.0,0.0
2025-10-20,2,Monday,7.1362207558488295,77824.0,0.0,0.0,0.0,7.1362207558488295,0.0,0.0
2025-10-20,3,Monday,7.283359328134372,77824.0,0.0,0.0,0.0,7.283359328134372,0.0,0.0
2025-10-20,4,Monday,7.283359328134372,77824.0,0.0,0.0,0.0,7.283359328134372,0.0,0.0
2025-10-20,5,Monday,7.412105578884224,77824.0,0.0,0.0,0.0,7.412105578884224,0.0,0.0
2025-10-20,6,Monday,7.7063827234553095,77824.0,0.0,0.0,0.0,7.7063827234553095,0.0,0.0
2025-10-20,7,Monday,7.7063827234553095,77824.0,0.0,0.8473930267660443,0.8473930267660443,6.965761218061787,0.0,0.9314511364672603
2025-10-20,8,Monday,7.982267546490701,77824.0,0.0,2.0153593334574906,2.0153593334574906,6.198919242028765,0.0,0.9481415996151805
2025-10-20,9,Monday,7.982267546490701,77824.0,0.0,3.551098571306852,3.551098571306852,4.783670480690143,0.0,0.9400488833278966
2025-10-20,10,Monday,8.111013797240552,77824.0,0.0,4.996549364615638,4.996549364615638,3.648863179075893,0.0,0.9271449136984149
2025-10-20,11,Monday,8.111013797240552,77824.0,0.0,5.664480099856959,5.664480099856959,3.121809579578697,0.0,0.9205658979811938
2025-10-20,12,Monday,8.258152369526094,77824.0,0.0,5.810183113344871,5.810183113344871,3.1769287561131794,0.0,0.919099116794336
2025-10-20,13,Monday,8.258152369526094,77824.0,0.0,5.241270646182262,5.241270646182262,3.681767508829209,0.0,0.9247650777258587
2025-10-20,14,Monday,8.111013797240552,77824.0,0.0,4.162171406909525,4.162171406909525,4.454434570852471,0.0,0.9348965600218
2025-10-20,15,Monday,8.111013797240552,77824.0,0.0,2.7686934301006345,2.7686934301006345,5.651993931862314,0.0,0.9454769081878612
2025-10-20,16,Monday,7.982267546490701,77824.0,0.0,1.5299112308067375,1.5299112308067375,6.608096593200913,0.0,0.9467680819674136
2025-10-20,17,Monday,7.982267546490701,77824.0,0.0,0.23709446817909857,0.23709446817909857,7.769017745351842,0.0,0.8051359710152575
2025-10-20,18,Monday,7.835128974205158,77824.0,0.0,0.0,0.0,7.835128974205158,0.0,0.0
2025-10-20,19,Monday,7.7063827234553095,77824.0,0.0,0.0,0.0,7.7063827234553095,0.0,0.0
2025-10-20,20,Monday,7.559244151169766,77824.0,0.0,0.0,0.0,7.559244151169766,0.0,0.0
2025-10-20,21,Monday,7.283359328134372,77824.0,0.0,0.0,0.0,7.283359328134372,0.0,0.0
2025-10-20,22,Monday,7.1362207558488295,77824.0,0.0,0.0,0.0,7.1362207558488295,0.0,0.0
2025-10-20,23,Monday,7.00747450509898,77824.0,0.0,0.0,0.0,7.00747450509898,0.0,0.0
2025-10-21,0,Tuesday,7.00747450509898,77824.0,0.0,0.0,0.0,7.00747450509898,0.0,0.0
2025-10-21,1,Tuesday,7.00747450509898,77824.0,0.0,0.0,0.0,7.00747450509898,0.0,0.0
2025-10-21,2,Tuesday,7.1362207558488295,77824.0,0.0,0.0,0.0,7.1362207558488295,0.0,0.0
2025-10-21,3,Tuesday,7.283359328134372,77824.0,0.0,0.0,0.0,7.283359328134372,0.0,0.0
2025-10-21,4,Tuesday,7.283359328134372,77824.0,0.0,0.0,0.0,7.283359328134372,0.0,0.0
2025-10-21,5,Tuesday,7.412105578884224,77824.0,0.0,0.0,0.0,7.412105578884224,0.0,0.0
2025-10-21,6,Tuesday,7.7063827234553095,77824.0,0.0,0.0,0.0,7.7063827234553095,0.0,0.0
2025-10-21,7,Tuesday,7.7063827234553095,77824.0,0.0,0.2943103743868454,0.2943103743868454,7.449155456241207,0.0,0.8404581893275005
2025-10-21,8,Tuesday,7.982267546490701,77824.0,0.0,1.3506542304145446,1.3506542304145446,6.903857558034051,0.0,0.9450055972476641
2025-10-21,9,Tuesday,7.982267546490701,77824.0,0.0,2.0341031471329267,2.0341031471329267,6.156140630041982,0.0,0.9481285230489783
2025-10-21,10,Tuesday,8.111013797240552,77824.0,0.0,2.80678293498162,2.80678293498162,5.582882386510513,0.0,0.945257731353136
2025-10-21,11,Tuesday,8.111013797240552,77824.0,0.0,3.0110378549880816,3.0110378549880816,5.407117326007328,0.0,0.9439895825289949
2025-10-21,12,Tuesday,8.258152369526094,77824.0,0.0,2.647251090682001,2.647251090682001,5.884123790180882,0.0,0.9461344003381881
2025-10-21,13,Tuesday,8.258152369526094,77824.0,0.0,2.214137781359471,2.214137781359471,6.268024043595059,0.0,0.9478299407895117
2025-10-21,14,Tuesday,8.111013797240552,77824.0,0.0,1.6783206029528435,1.6783206029528435,6.599789405404072,0.0,0.9476120729534847
2025-10-21,15,Tuesday,8.111013797240552,77824.0,0.0,1.2444291760556745,1.2444291760556745,6.990739491632934,0.0,0.9434437706499219
2025-10-21,16,Tuesday,7.982267546490701,77824.0,0.0,0.6901536770301926,0.6901536770301926,7.363702418474691,0.0,0.9214476510514544
2025-10-21,17,Tuesday,7.982267546490701,77824.0,0.0,0.054227253673724066,0.054227253673724066,7.934798349746107,0.0,0.18319628735019242
2025-10-21,18,Tuesday,7.835128974205158,77824.0,0.0,0.0,0.0,7.835128974205158,0.0,0.0
2025-10-21,19,Tuesday,7.7063827234553095,77824.0,0.0,0.0,0.0,7.7063827234553095,0.0,0.0
2025-10-21,20,Tuesday,7.559244151169766,77824.0,0.0,0.0,0.0,7.559244151169766,0.0,0.0
2025-10-21,21,Tuesday,7.283359328134372,77824.0,0.0,0.0,0.0,7.283359328134372,0.0,0.0
2025-10-21,22,Tuesday,7.1362207558488295,77824.0,0.0,0.0,0.0,7.1362207558488295,0.0,0.0
2025-10-21,23,Tuesday,7.00747450509898,77824.0,0.0,0.0,0.0,7.00747450509898,0.0,0.0
2025-10-22,0,Wednesday,7.00747450509898,77824.0,0.0,0.0,0.0,7.00747450509898,0.0,0.0
2025-10-22,1,Wednesday,7.00747450509898,77824.0,0.0,0.0,0.0,7.00747450509898,0.0,0.0
2025-10-22,2,Wednesday,7.1362207558488295,77824.0,0.0,0.0,0.0,7.1362207558488295,0.0,0.0
2025-10-22,3,Wednesday,7.283359328134372,77824.0,0.0,0.0,0.0,7.283359328134372,0.0,0.0
2025-10-22,4,Wednesday,7.283359328134372,77824.0,0.0,0.0,0.0,7.283359328134372,0.0,0.0
2025-10-22,5,Wednesday,7.412105578884224,77824.0,0.0,0.0,0.0,7.412105578884224,0.0,0.0
2025-10-22,6,Wednesday,7.7063827234553095,77824.0,0.0,0.0,0.0,7.7063827234553095,0.0,0.0
2025-10-22,7,Wednesday,7.7063827234553095,77824.0,0.0,0.7773409143096378,0.7773409143096378,7.0269867643486865,0.0,0.9275838936233844
2025-10-22,8,Wednesday,7.982267546490701,77824.0,0.0,1.9741234998342092,1.9741234998342092,6.2426606421445445,0.0,0.9481569590663655
2025-10-22,9,Wednesday,7.982267546490701,77824.0,0.0,3.5098970607200703,3.5098970607200703,4.8207308889488,0.0,0.9403735495743867
2025-10-22,10,Wednesday,8.111013797240552,77824.0,0.0,4.8461966473633185,4.8461966473633185,3.781640411184843,0.0,0.9285865110307948
2025-10-22,11,Wednesday,8.111013797240552,77824.0,0.0,5.811048240953292,5.811048240953292,2.984755836317021,0.0,0.9190903785318926
2025-10-22,12,Wednesday,8.258152369526094,77824.0,0.0,5.923866356971292,5.923866356971292,3.0858122257450606,0.0,0.9179480404063757
2025-10-22,13,Wednesday,8.258152369526094,77824.0,0.0,5.454471164368587,5.454471164368587,3.5015773085801287,0.0,0.922661784628802
2025-10-22,14,Wednesday,8.111013797240552,77824.0,0.0,4.165677869073954,4.165677869073954,4.459677609215497,0.0,0.9348654593074323
2025-10-22,15,Wednesday,8.111013797240552,77824.0,0.0,2.6416407306277487,2.6416407306277487,5.764914056025198,0.0,0.9461631597465328
2025-10-22,16,Wednesday,7.982267546490701,77824.0,0.0,1.4881295776630636,1.4881295776630636,6.644654832342441,0.0,0.9464392306272262
2025-10-22,17,Wednesday,7.982267546490701,77824.0,0.0,0.1843428690289744,0.1843428690289744,7.816521689512073,0.0,0.7527840918858497
2025-10-22,18,Wednesday,7.835128974205158,77824.0,0.0,0.0,0.0,7.835128974205158,0.0,0.0
2025-10-22,19,Wednesday,7.7063827234553095,77824.0,0.0,0.0,0.0,7.7063827234553095,0.0,0.0
2025-10-22,20,Wednesday,7.559244151169766,77824.0,0.0,0.0,0.0,7.559244151169766,0.0,0.0
2025-10-22,21,Wednesday,7.283359328134372,77824.0,0.0,0.0,0.0,7.283359328134372,0.0,0.0
2025-10-22,22,Wednesday,7.1362207558488295,77824.0,0.0,0.0,0.0,7.1362207558488295,0.0,0.0
2025-10-22,23,Wednesday,7.00747450509898,77824.0,0.0,0.0,0.0,7.00747450509898,0.0,0.0
2025-10-23,0,Thursday,7.00747450509898,77824.0,0.0,0.0,0.0,7.00747450509898,0.0,0.0
2025-10-23,1,Thursday,7.00747450509898,77824.0,0.0,0.0,0.0,7.00747450509898,0.0,0.0
2025-10-23,2,Thursday,7.1362207558488295,77824.0,0.0,0.0,0.0,7.1362207558488295,0.0,0.0
2025-10-23,3,Thursday,7.283359328134372,77824.0,0.0,0.0,0.0,7.283359328134372,0.0,0.0
2025-10-23,4,Thursday,7.283359328134372,77824.0,0.0,0.0,0.0,7.283359328134372,0.0,0.0
2025-10-23,5,Thursday,7.412105578884224,77824.0,0.0,0.0,0.0,7.412105578884224,0.0,0.0
2025-10-23,6,Thursday,7.7063827234553095,77824.0,0.0,0.0,0.0,7.7063827234553095,0.0,0.0
2025-10-23,7,Thursday,7.7063827234553095,77824.0,0.0,0.802014461561309,0.802014461561309,7.005422084050726,0.0,0.9290389864792086
2025-10-23,8,Thursday,7.982267546490701,77824.0,0.0,2.080482751413608,2.080482751413608,6.146060439067966,0.0,0.9480806290183585
2025-10-23,9,Thursday,7.982267546490701,77824.0,0.0,3.4630972455536844,3.4630972455536844,4.8631369023202335,0.0,0.9407381440713206
2025-10-23,10,Thursday,8.111013797240552,77824.0,0.0,4.84598054001598,4.84598054001598,3.780154994791202,0.0,0.9285885709240482
2025-10-23,11,Thursday,8.111013797240552,77824.0,0.0,5.621603484280822,5.621603484280822,3.1518648887590732,0.0,0.920995616230859
2025-10-23,12,Thursday,8.258152369526094,77824.0,0.0,5.861519491837826,5.861519491837826,3.129640300913443,0.0,0.9185800168616604
2025-10-23,13,Thursday,8.258152369526094,77824.0,0.0,5.383116409920163,5.383116409920163,3.560570365062988,0.0,0.9233686082038761
2025-10-23,14,Thursday,8.111013797240552,77824.0,0.0,4.160622460663816,4.160622460663816,4.4613150350138655,0.0,0.9349102937035101
2025-10-23,15,Thursday,8.111013797240552,77824.0,0.0,2.5146976441883226,2.5146976441883226,5.877547919792105,0.0,0.946771905161916
2025-10-23,16,Thursday,7.982267546490701,77824.0,0.0,1.5222706645761923,1.5222706645761923,6.613086604081448,0.0,0.9467112475154599
2025-10-23,17,Thursday,7.982267546490701,77824.0,0.0,0.23884170026030688,0.23884170026030688,7.767459128679159,0.0,0.8064697566940807
2025-10-23,18,Thursday,7.835128974205158,77824.0,0.0,0.0,0.0,7.835128974205158,0.0,0.0
2025-10-23,19,Thursday,6.0,71302.26086956522,0.0,0.0,0.0,0.0,6.521739130434782,0.9082345737162401
2025-10-23,20,Thursday,6.0,64696.038013007696,0.0,0.0,0.0,0.0,6.606222856557519,0.9073024996154092
2025-10-23,21,Thursday,6.0,58083.02856737815,0.0,0.0,0.0,0.0,6.613009445629547,0.9072275353639845
2025-10-23,22,Thursday,6.0,51469.47268848525,0.0,0.0,0.0,0.0,6.613555878892904,0.907221498917243
2025-10-23,23,Thursday,6.0,44855.872804486775,0.0,0.0,0.0,0.0,6.613599883998474,0.9072210127892202
2025-10-24,0,Friday,6.0,38242.26937663714,0.0,0.0,0.0,0.0,6.613603427849631,0.9072209736399804
2025-10-24,1,Friday,6.0,31628.665663391166,0.0,0.0,0.0,0.0,6.613603713245971,0.9072209704871814
2025-10-24,2,Friday,6.0,25015.06192716142,0.0,0.0,0.0,0.0,6.613603736229747,0.9072209702332776
2025-10-24,3,Friday,7.283359328134372,25015.06192716142,0.0,0.0,0.0,7.283359328134372,0.0,0.0
2025-10-24,4,Friday,7.283359328134372,25015.06192716142,0.0,0.0,0.0,7.283359328134372,0.0,0.0
2025-10-24,5,Friday,7.412105578884224,25015.06192716142,0.0,0.0,0.0,7.412105578884224,0.0,0.0
2025-10-24,6,Friday,7.7063827234553095,25015.06192716142,0.0,0.0,0.0,7.7063827234553095,0.0,0.0
2025-10-24,7,Friday,7.7063827234553095,25618.937213012592,0.7134632394271909,0.0,0.7134632394271909,7.7063827234553095,0.0,0.0
2025-10-24,8,Friday,7.982267546490701,27169.312679598315,1.831729048423587,0.0,1.831729048423587,7.982267546490701,0.0,0.0
2025-10-24,9,Friday,7.982267546490701,30060.2408394718,3.4155578448410697,0.0,3.4155578448410697,7.982267546490701,0.0,0.0
2025-10-24,10,Friday,8.111013797240552,34186.424486067,4.874980678869572,0.0,4.874980678869572,8.111013797240552,0.0,0.0
2025-10-24,11,Friday,8.111013797240552,39113.25203054726,5.820921011909559,0.0,5.820921011909559,8.111013797240552,0.0,0.0
2025-10-24,12,Friday,8.258152369526094,44167.096792797,5.970988613244017,0.0,5.970988613244017,8.258152369526094,0.0,0.0
2025-10-24,13,Friday,8.258152369526094,48685.9154796996,5.338868959005911,0.0,5.338868959005911,8.258152369526094,0.0,0.0
2025-10-24,14,Friday,8.111013797240552,52116.33881147267,4.052957622605238,0.0,4.052957622605238,8.111013797240552,0.0,0.0
2025-10-24,15,Friday,8.111013797240552,54218.8783820086,2.484096846096325,0.0,2.484096846096325,8.111013797240552,0.0,0.0
2025-10-24,16,Friday,7.982267546490701,55491.60096901916,1.5036892568650264,0.0,1.5036892568650264,7.982267546490701,0.0,0.0
2025-10-24,17,Friday,7.982267546490701,55638.42383613864,0.1734674706042976,0.0,0.1734674706042976,7.982267546490701,0.0,0.0
2025-10-24,18,Friday,7.835128974205158,55638.42383613864,0.0,0.0,0.0,7.835128974205158,0.0,0.0
2025-10-24,19,Friday,7.7063827234553095,55638.42383613864,0.0,0.0,0.0,7.7063827234553095,0.0,0.0
2025-10-24,20,Friday,7.559244151169766,55638.42383613864,0.0,0.0,0.0,7.559244151169766,0.0,0.0
2025-10-24,21,Friday,7.283359328134372,55638.42383613864,0.0,0.0,0.0,7.283359328134372,0.0,0.0
2025-10-24,22,Friday,7.1362207558488295,55638.42383613864,0.0,0.0,0.0,7.1362207558488295,0.0,0.0
2025-10-24,23,Friday,7.00747450509898,55638.42383613864,0.0,0.0,0.0,7.00747450509898,0.0,0.0
2025-10-25,0,Saturday,7.00747450509898,55638.42383613864,0.0,0.0,0.0,7.00747450509898,0.0,0.0
2025-10-25,1,Saturday,7.00747450509898,55638.42383613864,0.0,0.0,0.0,7.00747450509898,0.0,0.0
2025-10-25,2,Saturday,7.1362207558488295,55638.42383613864,0.0,0.0,0.0,7.1362207558488295,0.0,0.0
2025-10-25,3,Saturday,7.283359328134372,55638.42383613864,0.0,0.0,0.0,7.283359328134372,0.0,0.0
2025-10-25,4,Saturday,7.283359328134372,55638.42383613864,0.0,0.0,0.0,7.283359328134372,0.0,0.0
2025-10-25,5,Saturday,7.412105578884224,55638.42383613864,0.0,0.0,0.0,7.412105578884224,0.0,0.0
2025-10-25,6,Saturday,7.7063827234553095,55638.42383613864,0.0,0.0,0.0,7.7063827234553095,0.0,0.0
2025-10-25,7,Saturday,7.7063827234553095,56311.23269475704,0.7949064964773167,0.0,0.7949064964773167,7.7063827234553095,0.0,0.0
2025-10-25,8,Saturday,7.982267546490701,58069.47959405276,2.077323841322932,0.0,2.077323841322932,7.982267546490701,0.0,0.0
2025-10-25,9,Saturday,7.982267546490701,60706.601325345844,3.1156920265750014,0.0,3.1156920265750014,7.982267546490701,0.0,0.0
2025-10-25,10,Saturday,8.111013797240552,64296.01351531157,4.240798901188239,0.0,4.240798901188239,8.111013797240552,0.0,0.0
2025-10-25,11,Saturday,8.111013797240552,68549.61352610626,5.025519861524914,0.0,5.025519861524914,8.111013797240552,0.0,0.0
2025-10-25,12,Saturday,8.258152369526094,72665.42379584887,4.862724798845238,0.0,4.862724798845238,8.258152369526094,0.0,0.0
2025-10-25,13,Saturday,8.258152369526094,76796.51425392547,4.8807779514137675,0.0,4.8807779514137675,8.258152369526094,0.0,0.0
2025-10-25,14,Saturday,8.111013797240552,77824.0,1.2139481877061886,2.610423608141243,3.8243717958474317,5.8295035637251065,0.0,0.9463204195699498
2025-10-25,15,Saturday,8.111013797240552,77824.0,0.0,2.6287735757264987,2.6287735757264987,5.74773478976145,0.0,0.9462285509688102
2025-10-25,16,Saturday,7.982267546490701,77824.0,0.0,1.2570039868555656,1.2570039868555656,6.85232513849856,0.0,0.9436531128465442
2025-10-25,17,Saturday,7.982267546490701,77824.0,0.0,0.10917758207534076,0.10917758207534076,7.8843930695711695,0.0,0.5897850180133831
2025-10-25,18,Saturday,7.835128974205158,77824.0,0.0,0.0,0.0,7.835128974205158,0.0,0.0
2025-10-25,19,Saturday,7.7063827234553095,77824.0,0.0,0.0,0.0,7.7063827234553095,0.0,0.0
2025-10-25,20,Saturday,7.559244151169766,77824.0,0.0,0.0,0.0,7.559244151169766,0.0,0.0
2025-10-25,21,Saturday,7.283359328134372,77824.0,0.0,0.0,0.0,7.283359328134372,0.0,0.0
2025-10-25,22,Saturday,7.1362207558488295,77824.0,0.0,0.0,0.0,7.1362207558488295,0.0,0.0
2025-10-25,23,Saturday,7.00747450509898,77824.0,0.0,0.0,0.0,7.00747450509898,0.0,0.0
2025-10-26,0,Sunday,7.00747450509898,77824.0,0.0,0.0,0.0,7.00747450509898,0.0,0.0
2025-10-26,1,Sunday,7.00747450509898,77824.0,0.0,0.0,0.0,7.00747450509898,0.0,0.0
2025-10-26,2,Sunday,7.1362207558488295,77824.0,0.0,0.0,0.0,7.1362207558488295,0.0,0.0
2025-10-26,3,Sunday,7.283359328134372,77824.0,0.0,0.0,0.0,7.283359328134372,0.0,0.0
2025-10-26,4,Sunday,7.283359328134372,77824.0,0.0,0.0,0.0,7.283359328134372,0.0,0.0
2025-10-26,5,Sunday,7.412105578884224,77824.0,0.0,0.0,0.0,7.412105578884224,0.0,0.0
2025-10-26,6,Sunday,7.7063827234553095,77824.0,0.0,0.0,0.0,7.7063827234553095,0.0,0.0
2025-10-26,7,Sunday,7.7063827234553095,77824.0,0.0,0.8612537491972744,0.8612537491972744,6.9536469466568915,0.0,0.932126372821888
2025-10-26,8,Sunday,7.982267546490701,77824.0,0.0,2.132435342653099,2.132435342653099,6.09395328632749,0.0,0.9480021432795452
2025-10-26,9,Sunday,7.982267546490701,77824.0,0.0,3.4971640691177073,3.4971640691177073,4.832714465213089,0.0,0.9404731937963372
2025-10-26,10,Sunday,8.111013797240552,77824.0,0.0,4.578558067410369,4.578558067410369,4.020303225033108,0.0,0.9311083861455067
2025-10-26,11,Sunday,8.111013797240552,77824.0,0.0,5.210819635197475,5.210819635197475,3.501767829267716,0.0,0.9250633017998054
2025-10-26,12,Sunday,8.258152369526094,77824.0,0.0,5.500249457375055,5.500249457375055,3.4244773919522355,0.0,0.9222068588063549
2025-10-26,13,Sunday,8.258152369526094,77824.0,0.0,5.071777767184476,5.071777767184476,3.8147855384489455,0.0,0.9264175534438609
2025-10-26,14,Sunday,8.111013797240552,77824.0,0.0,3.982081194297373,3.982081194297373,4.606397375486562,0.0,0.9364728669106755
2025-10-26,15,Sunday,8.111013797240552,77824.0,0.0,2.6864093752800837,2.6864093752800837,5.721051782344508,0.0,0.9459295759402266
2025-10-26,16,Sunday,7.982267546490701,77824.0,0.0,1.3511962470185532,1.3511962470185532,6.7680378781841295,0.0,0.9450124485672279
2025-10-26,17,Sunday,7.982267546490701,77824.0,0.0,0.1433355686039949,0.1433355686039949,7.853586344670125,0.0,0.6851612204462735
2025-10-26,18,Sunday,7.835128974205158,77824.0,0.0,0.0,0.0,7.835128974205158,0.0,0.0
2025-10-26,19,Sunday,7.7063827234553095,77824.0,0.0,0.0,0.0,7.7063827234553095,0.0,0.0
2025-10-26,20,Sunday,7.559244151169766,77824.0,0.0,0.0,0.0,7.559244151169766,0.0,0.0
2025-10-26,21,Sunday,7.283359328134372,77824.0,0.0,0.0,0.0,7.283359328134372,0.0,0.0
2025-10-26,22,Sunday,7.1362207558488295,77824.0,0.0,0.0,0.0,7.1362207558488295,0.0,0.0
2025-10-26,23,Sunday,7.00747450509898,77824.0,0.0,0.0,0.0,7.00747450509898,0.0,0.0
2025-10-27,0,Monday,7.00747450509898,77824.0,0.0,0.0,0.0,7.00747450509898,0.0,0.0
2025-10-27,1,Monday,7.00747450509898,77824.0,0.0,0.0,0.0,7.00747450509898,0.0,0.0
2025-10-27,2,Monday,7.1362207558488295,77824.0,0.0,0.0,0.0,7.1362207558488295,0.0,0.0
2025-10-27,3,Monday,7.283359328134372,77824.0,0.0,0.0,0.0,7.283359328134372,0.0,0.0
2025-10-27,4,Monday,7.283359328134372,77824.0,0.0,0.0,0.0,7.283359328134372,0.0,0.0
2025-10-27,5,Monday,7.412105578884224,77824.0,0.0,0.0,0.0,7.412105578884224,0.0,0.0
2025-10-27,6,Monday,7.7063827234553095,77824.0,0.0,0.0,0.0,7.7063827234553095,0.0,0.0
2025-10-27,7,Monday,7.7063827234553095,77824.0,0.0,0.8165088366332123,0.8165088366332123,6.992754000237882,0.0,0.9298448443089828
2025-10-27,8,Monday,7.982267546490701,77824.0,0.0,2.051164072291386,2.051164072291386,6.170366425911336,0.0,0.9481134332522111
2025-10-27,9,Monday,7.982267546490701,77824.0,0.0,3.4160147833037064,3.4160147833037064,4.905436517464235,0.0,0.9411002699762698
2025-10-27,10,Monday,8.111013797240552,77824.0,0.0,4.354942909418649,4.354942909418649,4.217497746844677,0.0,0.9331655653259591
2025-10-27,11,Monday,8.111013797240552,77824.0,0.0,5.0063787410287555,5.0063787410287555,3.6728225615379895,0.0,0.9270500987895727
2025-10-27,12,Monday,8.258152369526094,77824.0,0.0,5.036472714891606,5.036472714891606,3.8225429680294063,0.0,0.9267593916407182
2025-10-27,13,Monday,8.258152369526094,77824.0,0.0,4.62047540821115,4.62047540821115,4.1901868400416635,0.0,0.9307174611399488
2025-10-27,14,Monday,8.111013797240552,77824.0,0.0,3.6641507761813745,3.6641507761813745,4.871239144981126,0.0,0.9391412836399107
2025-10-27,15,Monday,8.111013797240552,77824.0,0.0,2.6488772233115507,2.6488772233115507,5.7477273393204875,0.0,0.946126036707297
2025-10-27,16,Monday,7.982267546490701,77824.0,0.0,1.3338057994889168,1.3338057994889168,6.783416571423428,0.0,0.944787344897528
2025-10-27,17,Monday,7.982267546490701,77824.0,0.0,0.10934776701831558,0.10934776701831558,7.884122679342578,0.0,0.5904085133283982
2025-10-27,18,Monday,7.835128974205158,77824.0,0.0,0.0,0.0,7.835128974205158,0.0,0.0
2025-10-27,19,Monday,7.7063827234553095,77824.0,0.0,0.0,0.0,7.7063827234553095,0.0,0.0
2025-10-27,20,Monday,7.559244151169766,77824.0,0.0,0.0,0.0,7.559244151169766,0.0,0.0
2025-10-27,21,Monday,7.283359328134372,77824.0,0.0,0.0,0.0,7.283359328134372,0.0,0.0
2025-10-27,22,Monday,7.1362207558488295,77824.0,0.0,0.0,0.0,7.1362207558488295,0.0,0.0
2025-10-27,23,Monday,7.00747450509898,77824.0,0.0,0.0,0.0,7.00747450509898,0.0,0.0
2025-10-28,0,Tuesday,7.00747450509898,77824.0,0.0,0.0,0.0,7.00747450509898,0.0,0.0
2025-10-28,1,Tuesday,7.00747450509898,77824.0,0.0,0.0,0.0,7.00747450509898,0.0,0.0
2025-10-28,2,Tuesday,7.1362207558488295,77824.0,0.0,0.0,0.0,7.1362207558488295,0.0,0.0
2025-10-28,3,Tuesday,7.283359328134372,77824.0,0.0,0.0,0.0,7.283359328134372,0.0,0.0
2025-10-28,4,Tuesday,7.283359328134372,77824.0,0.0,0.0,0.0,7.283359328134372,0.0,0.0
2025-10-28,5,Tuesday,7.412105578884224,77824.0,0.0,0.0,0.0,7.412105578884224,0.0,0.0
2025-10-28,6,Tuesday,7.7063827234553095,77824.0,0.0,0.0,0.0,7.7063827234553095,0.0,0.0
2025-10-28,7,Tuesday,7.7063827234553095,77824.0,0.0,0.11201399779158797,0.11201399779158797,7.6084824893854615,0.0,0.599928489515569
2025-10-28,8,Tuesday,7.982267546490701,77824.0,0.0,1.7255623419941426,1.7255623419941426,6.9988142375630815,0.0,0.9477892072590139
2025-10-28,9,Tuesday,7.982267546490701,77824.0,0.0,1.3712577190541582,1.3712577190541582,6.747587443325064,0.0,0.9452587876035935
2025-10-28,10,Tuesday,8.111013797240552,77824.0,0.0,3.5891308217186526,3.5891308217186526,4.887989220606514,0.0,0.9397462352944429
2025-10-28,11,Tuesday,8.111013797240552,77824.0,0.0,4.62230271773656,4.62230271773656,3.9844117987255583,0.0,0.9307003836171767
2025-10-28,12,Tuesday,8.258152369526094,77824.0,0.0,4.534806231713724,4.534806231713724,4.248633765014844,0.0,0.9315147056600143
2025-10-28,13,Tuesday,8.258152369526094,77824.0,0.0,4.2908628674247264,4.2908628674247264,4.461000601598297,0.0,0.9337456249546894
2025-10-28,14,Tuesday,8.111013797240552,77824.0,0.0,2.0145962190323656,2.0145962190323656,6.3239494119474084,0.0,0.9481420529191316
2025-10-28,15,Tuesday,8.111013797240552,77824.0,0.0,2.4172704176142465,2.4172704176142465,5.933693847833967,0.0,0.9471793833202181
2025-10-28,16,Tuesday,7.982267546490701,77824.0,0.0,1.1865762495064753,1.1865762495064753,6.914562014234239,0.0,0.9423843401135646
2025-10-28,17,Tuesday,7.982267546490701,77824.0,0.0,0.07759385039004243,0.07759385039004243,7.912800478468845,0.0,0.4265736619906496
2025-10-28,18,Tuesday,7.835128974205158,77824.0,0.0,0.0,0.0,7.835128974205158,0.0,0.0
2025-10-28,19,Tuesday,7.7063827234553095,77824.0,0.0,0.0,0.0,7.7063827234553095,0.0,0.0
2025-10-28,20,Tuesday,7.559244151169766,77824.0,0.0,0.0,0.0,7.559244151169766,0.0,0.0
2025-10-28,21,Tuesday,7.283359328134372,77824.0,0.0,0.0,0.0,7.283359328134372,0.0,0.0
2025-10-28,22,Tuesday,7.1362207558488295,77824.0,0.0,0.0,0.0,7.1362207558488295,0.0,0.0
2025-10-28,23,Tuesday,7.00747450509898,77824.0,0.0,0.0,0.0,7.00747450509898,0.0,0.0
2025-10-29,0,Wednesday,7.00747450509898,77824.0,0.0,0.0,0.0,7.00747450509898,0.0,0.0
2025-10-29,1,Wednesday,7.00747450509898,77824.0,0.0,0.0,0.0,7.00747450509898,0.0,0.0
2025-10-29,2,Wednesday,7.1362207558488295,77824.0,0.0,0.0,0.0,7.1362207558488295,0.0,0.0
2025-10-29,3,Wednesday,7.283359328134372,77824.0,0.0,0.0,0.0,7.283359328134372,0.0,0.0
2025-10-29,4,Wednesday,7.283359328134372,77824.0,0.0,0.0,0.0,7.283359328134372,0.0,0.0
2025-10-29,5,Wednesday,7.412105578884224,77824.0,0.0,0.0,0.0,7.412105578884224,0.0,0.0
2025-10-29,6,Wednesday,7.7063827234553095,77824.0,0.0,0.0,0.0,7.7063827234553095,0.0,0.0
2025-10-29,7,Wednesday,7.7063827234553095,77824.0,0.0,0.6894371641486837,0.6894371641486837,7.10381464198936,0.0,0.9213897517427817
2025-10-29,8,Wednesday,7.982267546490701,77824.0,0.0,1.7599387041200636,1.7599387041200636,6.441757535102587,0.0,0.9478939507341221
2025-10-29,9,Wednesday,7.982267546490701,77824.0,0.0,3.2411758600305873,3.2411758600305873,5.063591105051664,0.0,0.9424006135384784
2025-10-29,10,Wednesday,8.111013797240552,77824.0,0.0,4.6452577708622815,4.6452577708622815,3.952204712600804,0.0,0.9304856005462059
2025-10-29,11,Wednesday,8.111013797240552,77824.0,0.0,5.5938802953322595,5.5938802953322595,3.166239984554019,0.0,0.9212729816470739
2025-10-29,12,Wednesday,8.258152369526094,77824.0,0.0,5.7546474796701315,5.7546474796701315,3.2216311896987486,0.0,0.919659349804986
2025-10-29,13,Wednesday,8.258152369526094,77824.0,0.0,5.109693287903811,5.109693287903811,3.7939340230124,0.0,0.9260495064091842
2025-10-29,14,Wednesday,8.111013797240552,77824.0,0.0,3.840294116528609,3.840294116528609,4.73252644971701,0.0,0.9376824528587784
2025-10-29,15,Wednesday,8.111013797240552,77824.0,0.0,2.318018473904158,2.318018473904158,6.04612681127726,0.0,0.9475337112557402
2025-10-29,16,Wednesday,7.982267546490701,77824.0,0.0,1.0637447810564449,1.0637447810564449,7.02473020827853,0.0,0.9395150769280508
2025-10-29,17,Wednesday,7.982267546490701,77824.0,0.0,0.13027779812247747,0.13027779812247747,7.8659894887418975,0.0,0.6546305011655664
2025-10-29,18,Wednesday,7.835128974205158,77824.0,0.0,0.0,0.0,7.835128974205158,0.0,0.0
2025-10-29,19,Wednesday,7.7063827234553095,77824.0,0.0,0.0,0.0,7.7063827234553095,0.0,0.0
2025-10-29,20,Wednesday,7.559244151169766,77824.0,0.0,0.0,0.0,7.559244151169766,0.0,0.0
2025-10-29,21,Wednesday,7.283359328134372,77824.0,0.0,0.0,0.0,7.283359328134372,0.0,0.0
2025-10-29,22,Wednesday,7.1362207558488295,77824.0,0.0,0.0,0.0,7.1362207558488295,0.0,0.0
2025-10-29,23,Wednesday,7.00747450509898,77824.0,0.0,0.0,0.0,7.00747450509898,0.0,0.0
2025-10-30,0,Thursday,7.00747450509898,77824.0,0.0,0.0,0.0,7.00747450509898,0.0,0.0
2025-10-30,1,Thursday,7.00747450509898,77824.0,0.0,0.0,0.0,7.00747450509898,0.0,0.0
2025-10-30,2,Thursday,7.1362207558488295,77824.0,0.0,0.0,0.0,7.1362207558488295,0.0,0.0
2025-10-30,3,Thursday,7.283359328134372,77824.0,0.0,0.0,0.0,7.283359328134372,0.0,0.0
2025-10-30,4,Thursday,7.283359328134372,77824.0,0.0,0.0,0.0,7.283359328134372,0.0,0.0
2025-10-30,5,Thursday,7.412105578884224,77824.0,0.0,0.0,0.0,7.412105578884224,0.0,0.0
2025-10-30,6,Thursday,7.7063827234553095,77824.0,0.0,0.0,0.0,7.7063827234553095,0.0,0.0
2025-10-30,7,Thursday,7.7063827234553095,77824.0,0.0,0.7740809119312344,0.7740809119312344,7.029836006427411,0.0,0.927383360068359
2025-10-30,8,Thursday,7.982267546490701,77824.0,0.0,1.7901186011983503,1.7901186011983503,6.405147653355514,0.0,0.9479701841804399
2025-10-30,9,Thursday,7.982267546490701,77824.0,0.0,3.3354753281558214,3.3354753281558214,4.978432943387573,0.0,0.9417082953589293
2025-10-30,10,Thursday,8.111013797240552,77824.0,0.0,4.536462703938852,4.536462703938852,4.052590465349218,0.0,0.9314993546258833
2025-10-30,11,Thursday,8.111013797240552,77824.0,0.0,5.512727911150204,5.512727911150204,3.23266643034927,0.0,0.9220826602261157
2025-10-30,12,Thursday,8.258152369526094,77824.0,0.0,5.655868513196255,5.655868513196255,3.303732999215822,0.0,0.9206522769537119
2025-10-30,13,Thursday,8.258152369526094,77824.0,0.0,4.959184920987388,4.959184920987388,3.9207517246516197,0.0,0.9275047102949789
2025-10-30,14,Thursday,8.111013797240552,77824.0,0.0,3.937419634591526,3.937419634591526,4.641637302623556,0.0,0.936857035516024
2025-10-30,15,Thursday,8.111013797240552,77824.0,0.0,2.419648083538585,2.419648083538585,5.957492683231365,0.0,0.9471701131343794
2025-10-30,16,Thursday,7.982267546490701,77824.0,0.0,1.2005798917783574,1.2005798917783574,6.901971824164262,0.0,0.9426559782988004
2025-10-30,17,Thursday,7.982267546490701,77824.0,0.0,0.14141815157981183,0.14141815157981183,7.855624313765359,0.0,0.6810329444096065
2025-10-30,18,Thursday,7.835128974205158,77824.0,0.0,0.0,0.0,7.835128974205158,0.0,0.0
2025-10-30,19,Thursday,6.0,71302.26086956522,0.0,0.0,0.0,0.0,6.521739130434782,0.9082345737162401
2025-10-30,20,Thursday,6.0,64696.038013007696,0.0,0.0,0.0,0.0,6.606222856557519,0.9073024996154092
2025-10-30,21,Thursday,6.0,58083.02856737815,0.0,0.0,0.0,0.0,6.613009445629547,0.9072275353639845
2025-10-30,22,Thursday,6.0,51469.47268848525,0.0,0.0,0.0,0.0,6.613555878892904,0.907221498917243
2025-10-30,23,Thursday,6.0,44855.872804486775,0.0,0.0,0.0,0.0,6.613599883998474,0.9072210127892202
2025-10-31,0,Friday,6.0,38242.26937663714,0.0,0.0,0.0,0.0,6.613603427849631,0.9072209736399804
2025-10-31,1,Friday,6.0,31628.665663391166,0.0,0.0,0.0,0.0,6.613603713245971,0.9072209704871814
2025-10-31,2,Friday,6.0,25015.06192716142,0.0,0.0,0.0,0.0,6.613603736229747,0.9072209702332776
2025-10-31,3,Friday,7.283359328134372,25015.06192716142,0.0,0.0,0.0,7.283359328134372,0.0,0.0
2025-10-31,4,Friday,7.283359328134372,25015.06192716142,0.0,0.0,0.0,7.283359328134372,0.0,0.0
2025-10-31,5,Friday,7.412105578884224,25015.06192716142,0.0,0.0,0.0,7.412105578884224,0.0,0.0
2025-10-31,6,Friday,7.7063827234553095,25015.06192716142,0.0,0.0,0.0,7.7063827234553095,0.0,0.0
2025-10-31,7,Friday,7.7063827234553095,25525.343188071653,0.6028842874648295,0.0,0.6028842874648295,7.7063827234553095,0.0,0.0
2025-10-31,8,Friday,7.982267546490701,26871.48781382926,1.5904355219253374,0.0,1.5904355219253374,7.982267546490701,0.0,0.0
2025-10-31,9,Friday,7.982267546490701,29101.532301660907,2.6347406519750076,0.0,2.6347406519750076,7.982267546490701,0.0,0.0
2025-10-31,10,Friday,8.111013797240552,32096.33080907023,3.5382780096991056,0.0,3.5382780096991056,8.111013797240552,0.0,0.0
2025-10-31,11,Friday,8.111013797240552,35465.32887467475,3.9803852381905873,0.0,3.9803852381905873,8.111013797240552,0.0,0.0
2025-10-31,12,Friday,8.258152369526094,38735.50079999645,3.8636246754746044,0.0,3.8636246754746044,8.258152369526094,0.0,0.0
2025-10-31,13,Friday,8.258152369526094,41782.82697663788,3.600338110398665,0.0,3.600338110398665,8.258152369526094,0.0,0.0
2025-10-31,14,Friday,8.111013797240552,44010.254478012575,2.6316487492612186,0.0,2.6316487492612186,8.111013797240552,0.0,0.0
2025-10-31,15,Friday,8.111013797240552,45532.275174407325,1.7982286110523928,0.0,1.7982286110523928,8.111013797240552,0.0,0.0
2025-10-31,16,Friday,7.982267546490701,46202.47260659373,0.791821162791122,0.0,0.791821162791122,7.982267546490701,0.0,0.0
2025-10-31,17,Friday,7.982267546490701,46230.28940251262,0.03286483449774592,0.0,0.03286483449774592,7.982267546490701,0.0,0.0
2025-10-31,18,Friday,7.835128974205158,46230.28940251262,0.0,0.0,0.0,7.835128974205158,0.0,0.0
2025-10-31,19,Friday,7.7063827234553095,46230.28940251262,0.0,0.0,0.0,7.7063827234553095,0.0,0.0
2025-10-31,20,Friday,7.559244151169766,46230.28940251262,0.0,0.0,0.0,7.559244151169766,0.0,0.0
2025-10-31,21,Friday,7.283359328134372,46230.28940251262,0.0,0.0,0.0,7.283359328134372,0.0,0.0
2025-10-31,22,Friday,7.1362207558488295,46230.28940251262,0.0,0.0,0.0,7.1362207558488295,0.0,0.0
2025-10-31,23,Friday,7.00747450509898,46230.28940251262,0.0,0.0,0.0,7.00747450509898,0.0,0.0
2025-11-01,0,Saturday,7.00747450509898,46230.28940251262,0.0,0.0,0.0,7.00747450509898,0.0,0.0
2025-11-01,1,Saturday,7.00747450509898,46230.28940251262,0.0,0.0,0.0,7.00747450509898,0.0,0.0
2025-11-01,2,Saturday,7.1362207558488295,46230.28940251262,0.0,0.0,0.0,7.1362207558488295,0.0,0.0
2025-11-01,3,Saturday,7.283359328134372,46230.28940251262,0.0,0.0,0.0,7.283359328134372,0.0,0.0
2025-11-01,4,Saturday,7.283359328134372,46230.28940251262,0.0,0.0,0.0,7.283359328134372,0.0,0.0
2025-11-01,5,Saturday,7.412105578884224,46230.28940251262,0.0,0.0,0.0,7.412105578884224,0.0,0.0
2025-11-01,6,Saturday,7.7063827234553095,46230.28940251262,0.0,0.0,0.0,7.7063827234553095,0.0,0.0
2025-11-01,7,Saturday,7.7063827234553095,46731.634654417874,0.5923266208710385,0.0,0.5923266208710385,7.7063827234553095,0.0,0.0
2025-11-01,8,Saturday,7.982267546490701,47336.21584479234,0.7142972476068888,0.0,0.7142972476068888,7.982267546490701,0.0,0.0
2025-11-01,9,Saturday,7.982267546490701,47714.86996572027,0.44737018068044254,0.0,0.44737018068044254,7.982267546490701,0.0,0.0
2025-11-01,10,Saturday,8.111013797240552,48768.72702112322,1.2451052166859078,0.0,1.2451052166859078,8.111013797240552,0.0,0.0
2025-11-01,11,Saturday,8.111013797240552,52362.5385815937,4.24599664516833,0.0,4.24599664516833,8.111013797240552,0.0,0.0
2025-11-01,12,Saturday,8.258152369526094,54549.65644667997,2.584023942682268,0.0,2.584023942682268,8.258152369526094,0.0,0.0
2025-11-01,13,Saturday,8.258152369526094,58479.57531969648,4.643098857533681,0.0,4.643098857533681,8.258152369526094,0.0,0.0
2025-11-01,14,Saturday,8.111013797240552,61610.78202493574,3.699440814318597,0.0,3.699440814318597,8.111013797240552,0.0,0.0
2025-11-01,15,Saturday,8.111013797240552,63806.070930408496,2.5936778183751836,0.0,2.5936778183751836,8.111013797240552,0.0,0.0
2025-11-01,16,Saturday,7.982267546490701,64767.48640231594,1.1358878448811902,0.0,1.1358878448811902,7.982267546490701,0.0,0.0
2025-11-01,17,Saturday,7.982267546490701,64871.266197895566,0.12261318003264242,0.0,0.12261318003264242,7.982267546490701,0.0,0.0
2025-11-01,18,Saturday,7.835128974205158,64871.266197895566,0.0,0.0,0.0,7.835128974205158,0.0,0.0
2025-11-01,19,Saturday,7.7063827234553095,64871.266197895566,0.0,0.0,0.0,7.7063827234553095,0.0,0.0
2025-11-01,20,Saturday,7.559244151169766,64871.266197895566,0.0,0.0,0.0,7.559244151169766,0.0,0.0
2025-11-01,21,Saturday,7.283359328134372,64871.266197895566,0.0,0.0,0.0,7.283359328134372,0.0,0.0
2025-11-01,22,Saturday,7.1362207558488295,64871.266197895566,0.0,0.0,0.0,7.1362207558488295,0.0,0.0
2025-11-01,23,Saturday,7.00747450509898,64871.266197895566,0.0,0.0,0.0,7.00747450509898,0.0,0.0
2025-11-02,0,Sunday,7.00747450509898,64871.266197895566,0.0,0.0,0.0,7.00747450509898,0.0,0.0
2025-11-02,1,Sunday,7.00747450509898,64871.266197895566,0.0,0.0,0.0,7.00747450509898,0.0,0.0
2025-11-02,2,Sunday,7.1362207558488295,64871.266197895566,0.0,0.0,0.0,7.1362207558488295,0.0,0.0
2025-11-02,3,Sunday,7.283359328134372,64871.266197895566,0.0,0.0,0.0,7.283359328134372,0.0,0.0
2025-11-02,4,Sunday,7.283359328134372,64871.266197895566,0.0,0.0,0.0,7.283359328134372,0.0,0.0
2025-11-02,5,Sunday,7.412105578884224,64871.266197895566,0.0,0.0,0.0,7.412105578884224,0.0,0.0
2025-11-02,6,Sunday,7.7063827234553095,64871.266197895566,0.0,0.0,0.0,7.7063827234553095,0.0,0.0
2025-11-02,7,Sunday,7.7063827234553095,64966.09885304899,0.11204236194875042,0.0,0.11204236194875042,7.7063827234553095,0.0,0.0
2025-11-02,8,Sunday,7.982267546490701,65260.20427481193,0.3474780502870222,0.0,0.3474780502870222,7.982267546490701,0.0,0.0
2025-11-02,9,Sunday,7.982267546490701,65806.68694410363,0.6456553276130742,0.0,0.6456553276130742,7.982267546490701,0.0,0.0
2025-11-02,10,Sunday,8.111013797240552,66455.10395613863,0.7660881522152675,0.0,0.7660881522152675,8.111013797240552,0.0,0.0
2025-11-02,11,Sunday,8.111013797240552,67158.85912384797,0.8314687709231435,0.0,0.8314687709231435,8.111013797240552,0.0,0.0
2025-11-02,12,Sunday,8.258152369526094,68011.03947303008,1.0068293350450233,0.0,1.0068293350450233,8.258152369526094,0.0,0.0
2025-11-02,13,Sunday,8.258152369526094,72178.04011232281,4.923204914098211,0.0,4.923204914098211,8.258152369526094,0.0,0.0
2025-11-02,14,Sunday,8.111013797240552,75372.41707292543,3.7740748589350535,0.0,3.7740748589350535,8.111013797240552,0.0,0.0
2025-11-02,15,Sunday,8.111013797240552,77683.93638335017,2.7310010756435976,0.0,2.7310010756435976,8.111013797240552,0.0,0.0
2025-11-02,16,Sunday,7.982267546490701,77824.0,0.16548158866945406,1.2051561033507059,1.37063769202016,6.928961112162184,0.0,0.9427425733741953
2025-11-02,17,Sunday,7.982267546490701,77824.0,0.0,0.07719675218976783,0.07719675218976783,7.913129714915964,0.0,0.42366964035137167
2025-11-02,18,Sunday,7.835128974205158,77824.0,0.0,0.0,0.0,7.835128974205158,0.0,0.0
2025-11-02,19,Sunday,7.7063827234553095,77824.0,0.0,0.0,0.0,7.7063827234553095,0.0,0.0
2025-11-02,20,Sunday,7.559244151169766,77824.0,0.0,0.0,0.0,7.559244151169766,0.0,0.0
2025-11-02,21,Sunday,7.283359328134372,77824.0,0.0,0.0,0.0,7.283359328134372,0.0,0.0
2025-11-02,22,Sunday,7.1362207558488295,77824.0,0.0,0.0,0.0,7.1362207558488295,0.0,0.0
2025-11-02,23,Sunday,7.00747450509898,77824.0,0.0,0.0,0.0,7.00747450509898,0.0,0.0
2025-11-03,0,Monday,7.00747450509898,77824.0,0.0,0.0,0.0,7.00747450509898,0.0,0.0
2025-11-03,1,Monday,7.00747450509898,77824.0,0.0,0.0,0.0,7.00747450509898,0.0,0.0
2025-11-03,2,Monday,7.1362207558488295,77824.0,0.0,0.0,0.0,7.1362207558488295,0.0,0.0
2025-11-03,3,Monday,7.283359328134372,77824.0,0.0,0.0,0.0,7.283359328134372,0.0,0.0
2025-11-03,4,Monday,7.283359328134372,77824.0,0.0,0.0,0.0,7.283359328134372,0.0,0.0
2025-11-03,5,Monday,7.412105578884224,77824.0,0.0,0.0,0.0,7.412105578884224,0.0,0.0
2025-11-03,6,Monday,7.7063827234553095,77824.0,0.0,0.0,0.0,7.7063827234553095,0.0,0.0
2025-11-03,7,Monday,7.7063827234553095,77824.0,0.0,0.3362096429607338,0.3362096429607338,7.412535495507628,0.0,0.8585583870390747
2025-11-03,8,Monday,7.982267546490701,77824.0,0.0,1.486092619672654,1.486092619672654,6.770165128080715,0.0,0.946422040894246
2025-11-03,9,Monday,7.982267546490701,77824.0,0.0,3.542001740861282,3.542001740861282,4.797650455875639,0.0,0.940120856226
2025-11-03,10,Monday,8.111013797240552,77824.0,0.0,5.361361725364129,5.361361725364129,3.3227022202432543,0.0,0.9235835405077342
2025-11-03,11,Monday,8.111013797240552,77824.0,0.0,5.701418282258237,5.701418282258237,3.1085645183491453,0.0,0.9201949834687417
2025-11-03,12,Monday,8.258152369526094,77824.0,0.0,2.538642348529925,2.538642348529925,6.03890871328448,0.0,0.9466634965316787
2025-11-03,13,Monday,8.258152369526094,77824.0,0.0,2.8420695545976646,2.8420695545976646,5.702193042681522,0.0,0.9450495396329576
2025-11-03,14,Monday,8.111013797240552,77824.0,0.0,2.684151811598095,2.684151811598095,5.701190185077591,0.0,0.945941576002038
2025-11-03,15,Monday,8.111013797240552,77824.0,0.0,1.9627029496327295,1.9627029496327295,6.347241591911091,0.0,0.9481578341813308
2025-11-03,16,Monday,7.982267546490701,77824.0,0.0,0.18820039440307063,0.18820039440307063,7.812746052058878,0.0,0.7576183952897942
2025-11-03,17,Monday,7.982267546490701,77824.0,0.0,0.03332433384377796,0.03332433384377796,7.958282774576418,0.0,0.0
2025-11-03,18,Monday,7.835128974205158,77824.0,0.0,0.0,0.0,7.835128974205158,0.0,0.0
2025-11-03,19,Monday,7.7063827234553095,77824.0,0.0,0.0,0.0,7.7063827234553095,0.0,0.0
2025-11-03,20,Monday,7.559244151169766,77824.0,0.0,0.0,0.0,7.559244151169766,0.0,0.0
2025-11-03,21,Monday,7.283359328134372,77824.0,0.0,0.0,0.0,7.283359328134372,0.0,0.0
2025-11-03,22,Monday,7.1362207558488295,77824.0,0.0,0.0,0.0,7.1362207558488295,0.0,0.0
2025-11-03,23,Monday,7.00747450509898,77824.0,0.0,0.0,0.0,7.00747450509898,0.0,0.0
2025-11-04,0,Tuesday,7.00747450509898,77824.0,0.0,0.0,0.0,7.00747450509898,0.0,0.0
2025-11-04,1,Tuesday,7.00747450509898,77824.0,0.0,0.0,0.0,7.00747450509898,0.0,0.0
2025-11-04,2,Tuesday,7.1362207558488295,77824.0,0.0,0.0,0.0,7.1362207558488295,0.0,0.0
2025-11-04,3,Tuesday,7.283359328134372,77824.0,0.0,0.0,0.0,7.283359328134372,0.0,0.0
2025-11-04,4,Tuesday,7.283359328134372,77824.0,0.0,0.0,0.0,7.283359328134372,0.0,0.0
2025-11-04,5,Tuesday,7.412105578884224,77824.0,0.0,0.0,0.0,7.412105578884224,0.0,0.0
2025-11-04,6,Tuesday,7.7063827234553095,77824.0,0.0,0.0,0.0,7.7063827234553095,0.0,0.0
2025-11-04,7,Tuesday,7.7063827234553095,77824.0,0.0,0.7114833663406461,0.7114833663406461,7.0845462612735846,0.0,0.9231102986571934
2025-11-04,8,Tuesday,7.982267546490701,77824.0,0.0,1.7830863292798953,1.7830863292798953,6.4185814602352345,0.0,0.9479536922091356
2025-11-04,9,Tuesday,7.982267546490701,77824.0,0.0,2.688404941144371,2.688404941144371,5.561208325885165,0.0,0.9459189493167023
2025-11-04,10,Tuesday,8.111013797240552,77824.0,0.0,3.4397264216366095,3.4397264216366095,5.01999651468372,0.0,0.940918493860651
2025-11-04,11,Tuesday,8.111013797240552,77824.0,0.0,4.118606001098747,4.118606001098747,4.429504869649245,0.0,0.9352817052836226
2025-11-04,12,Tuesday,8.258152369526094,77824.0,0.0,4.092142645884523,4.092142645884523,4.622211525024718,0.0,0.935514498731977
2025-11-04,13,Tuesday,8.258152369526094,77824.0,0.0,3.7597063211394777,3.7597063211394777,4.9167555838458625,0.0,0.938356272439867
2025-11-04,14,Tuesday,8.111013797240552,77824.0,0.0,2.8154843948396318,2.8154843948396318,5.601182727478938,0.0,0.945206844473142
2025-11-04,15,Tuesday,8.111013797240552,77824.0,0.0,2.059973196238763,2.059973196238763,6.261268070950264,0.0,0.9481044785659839
2025-11-04,16,Tuesday,7.982267546490701,77824.0,0.0,0.8918269277209917,0.8918269277209917,7.178999697426588,0.0,0.9335241979532316
2025-11-04,17,Tuesday,7.982267546490701,77824.0,0.0,0.03330731534948049,0.03330731534948049,7.9527290208854815,0.0,0.0
2025-11-04,18,Tuesday,7.835128974205158,77824.0,0.0,0.0,0.0,7.835128974205158,0.0,0.0
2025-11-04,19,Tuesday,7.7063827234553095,77824.0,0.0,0.0,0.0,7.7063827234553095,0.0,0.0
2025-11-04,20,Tuesday,7.559244151169766,77824.0,0.0,0.0,0.0,7.559244151169766,0.0,0.0
2025-11-04,21,Tuesday,7.283359328134372,77824.0,0.0,0.0,0.0,7.283359328134372,0.0,0.0
2025-11-04,22,Tuesday,7.1362207558488295,77824.0,0.0,0.0,0.0,7.1362207558488295,0.0,0.0
2025-11-04,23,Tuesday,7.00747450509898,77824.0,0.0,0.0,0.0,7.00747450509898,0.0,0.0
2025-11-05,0,Wednesday,7.00747450509898,77824.0,0.0,0.0,0.0,7.00747450509898,0.0,0.0
2025-11-05,1,Wednesday,7.00747450509898,77824.0,0.0,0.0,0.0,7.00747450509898,0.0,0.0
2025-11-05,2,Wednesday,7.1362207558488295,77824.0,0.0,0.0,0.0,7.1362207558488295,0.0,0.0
2025-11-05,3,Wednesday,7.283359328134372,77824.0,0.0,0.0,0.0,7.283359328134372,0.0,0.0
2025-11-05,4,Wednesday,7.283359328134372,77824.0,0.0,0.0,0.0,7.283359328134372,0.0,0.0
2025-11-05,5,Wednesday,7.412105578884224,77824.0,0.0,0.0,0.0,7.412105578884224,0.0,0.0
2025-11-05,6,Wednesday,7.7063827234553095,77824.0,0.0,0.0,0.0,7.7063827234553095,0.0,0.0
2025-11-05,7,Wednesday,7.7063827234553095,77824.0,0.0,0.6735719736488852,0.6735719736488852,7.117680818486184,0.0,0.9200717195217816
2025-11-05,8,Wednesday,7.982267546490701,77824.0,0.0,2.02847552559215,2.02847552559215,6.209241729893253,0.0,0.94813283858394
2025-11-05,9,Wednesday,7.982267546490701,77824.0,0.0,3.271916529424849,3.271916529424849,5.03516661517007,0.0,0.9421773482734825
2025-11-05,10,Wednesday,8.111013797240552,77824.0,0.0,4.262187009474562,4.262187009474562,4.296064545529747,0.0,0.9340037367721443
2025-11-05,11,Wednesday,8.111013797240552,77824.0,0.0,5.142333826094192,5.142333826094192,3.5482027384038686,0.0,0.9257319055842608
2025-11-05,12,Wednesday,8.258152369526094,77824.0,0.0,5.515749782008924,5.515749782008924,3.4073520909222568,0.0,0.9220525711295307
2025-11-05,13,Wednesday,8.258152369526094,77824.0,0.0,5.116865973019778,5.116865973019778,3.7760339143054047,0.0,0.9259797739497673
2025-11-05,14,Wednesday,8.111013797240552,77824.0,0.0,2.82959349071793,2.82959349071793,5.621874773381068,0.0,0.945123701804571
2025-11-05,15,Wednesday,8.111013797240552,77824.0,0.0,1.1761936334809784,1.1761936334809784,7.054947740371767,0.0,0.9421763117818077
2025-11-05,16,Wednesday,7.982267546490701,77824.0,0.0,0.18709135585801795,0.18709135585801795,7.814808155043564,0.0,0.7562491367242169
2025-11-05,17,Wednesday,7.982267546490701,77824.0,0.0,0.03314563965365439,0.03314563965365439,7.958454503185165,0.0,0.0
2025-11-05,18,Wednesday,7.835128974205158,77824.0,0.0,0.0,0.0,7.835128974205158,0.0,0.0
2025-11-05,19,Wednesday,7.7063827234553095,77824.0,0.0,0.0,0.0,7.7063827234553095,0.0,0.0
2025-11-05,20,Wednesday,7.559244151169766,77824.0,0.0,0.0,0.0,7.559244151169766,0.0,0.0
2025-11-05,21,Wednesday,7.283359328134372,77824.0,0.0,0.0,0.0,7.283359328134372,0.0,0.0
2025-11-05,22,Wednesday,7.1362207558488295,77824.0,0.0,0.0,0.0,7.1362207558488295,0.0,0.0
2025-11-05,23,Wednesday,7.00747450509898,77824.0,0.0,0.0,0.0,7.00747450509898,0.0,0.0
2025-11-06,0,Thursday,7.00747450509898,77824.0,0.0,0.0,0.0,7.00747450509898,0.0,0.0
2025-11-06,1,Thursday,7.00747450509898,77824.0,0.0,0.0,0.0,7.00747450509898,0.0,0.0
2025-11-06,2,Thursday,7.1362207558488295,77824.0,0.0,0.0,0.0,7.1362207558488295,0.0,0.0
2025-11-06,3,Thursday,7.283359328134372,77824.0,0.0,0.0,0.0,7.283359328134372,0.0,0.0
2025-11-06,4,Thursday,7.283359328134372,77824.0,0.0,0.0,0.0,7.283359328134372,0.0,0.0
2025-11-06,5,Thursday,7.412105578884224,77824.0,0.0,0.0,0.0,7.412105578884224,0.0,0.0
2025-11-06,6,Thursday,7.7063827234553095,77824.0,0.0,0.0,0.0,7.7063827234553095,0.0,0.0
2025-11-06,7,Thursday,7.7063827234553095,77824.0,0.0,0.10089687758955679,0.10089687758955679,7.6181988524420365,0.0,0.5568986458225201
2025-11-06,8,Thursday,7.982267546490701,77824.0,0.0,0.7133895945776898,0.7133895945776898,7.6048461322847185,0.0,0.9232533414369335
2025-11-06,9,Thursday,7.982267546490701,77824.0,0.0,3.0099694011721847,3.0099694011721847,5.342251454598313,0.0,0.9439965906205507
2025-11-06,10,Thursday,8.111013797240552,77824.0,0.0,3.9473094855450883,3.9473094855450883,4.571079435585765,0.0,0.9367722090412723
2025-11-06,11,Thursday,8.111013797240552,77824.0,0.0,5.07650718748132,5.07650718748132,3.593259487621319,0.0,0.9263716971687609
2025-11-06,12,Thursday,8.258152369526094,77824.0,0.0,5.219798618795314,5.219798618795314,3.664452349422154,0.0,0.9249754248400269
2025-11-06,13,Thursday,8.258152369526094,77824.0,0.0,3.455155661964837,3.455155661964837,5.222014997027462,0.0,0.940799558917564
2025-11-06,14,Thursday,8.111013797240552,77824.0,0.0,2.964454958261504,2.964454958261504,5.461503775935315,0.0,0.9442916619972183
2025-11-06,15,Thursday,8.111013797240552,77824.0,0.0,1.7353175105615068,1.7353175105615068,6.554300233906602,0.0,0.9478209304810016
2025-11-06,16,Thursday,7.982267546490701,77824.0,0.0,1.0907840983688262,1.0907840983688262,7.000092947374371,0.0,0.9402292366522775
2025-11-06,17,Thursday,7.982267546490701,77824.0,0.0,0.06630992359032586,0.06630992359032586,7.923038344092888,0.0,0.330483670316546
2025-11-06,18,Thursday,7.835128974205158,77824.0,0.0,0.0,0.0,7.835128974205158,0.0,0.0
2025-11-06,19,Thursday,6.0,71302.26086956522,0.0,0.0,0.0,0.0,6.521739130434782,0.9082345737162401
2025-11-06,20,Thursday,6.0,64696.038013007696,0.0,0.0,0.0,0.0,6.606222856557519,0.9073024996154092
2025-11-06,21,Thursday,6.0,58083.02856737815,0.0,0.0,0.0,0.0,6.613009445629547,0.9072275353639845
2025-11-06,22,Thursday,6.0,51469.47268848525,0.0,0.0,0.0,0.0,6.613555878892904,0.907221498917243
2025-11-06,23,Thursday,6.0,44855.872804486775,0.0,0.0,0.0,0.0,6.613599883998474,0.9072210127892202
2025-11-07,0,Friday,6.0,38242.26937663714,0.0,0.0,0.0,0.0,6.613603427849631,0.9072209736399804
2025-11-07,1,Friday,6.0,31628.665663391166,0.0,0.0,0.0,0.0,6.613603713245971,0.9072209704871814
2025-11-07,2,Friday,6.0,25015.06192716142,0.0,0.0,0.0,0.0,6.613603736229747,0.9072209702332776
2025-11-07,3,Friday,7.283359328134372,25015.06192716142,0.0,0.0,0.0,7.283359328134372,0.0,0.0
2025-11-07,4,Friday,7.283359328134372,25015.06192716142,0.0,0.0,0.0,7.283359328134372,0.0,0.0
2025-11-07,5,Friday,7.412105578884224,25015.06192716142,0.0,0.0,0.0,7.412105578884224,0.0,0.0
2025-11-07,6,Friday,7.7063827234553095,25015.06192716142,0.0,0.0,0.0,7.7063827234553095,0.0,0.0
2025-11-07,7,Friday,7.7063827234553095,25591.985935311455,0.6816209926158268,0.0,0.6816209926158268,7.7063827234553095,0.0,0.0
2025-11-07,8,Friday,7.982267546490701,27059.367947742612,1.7336744003203621,0.0,1.7336744003203621,7.982267546490701,0.0,0.0
2025-11-07,9,Friday,7.982267546490701,29673.690381173026,3.0887552379848953,0.0,3.0887552379848953,7.982267546490701,0.0,0.0
2025-11-07,10,Friday,8.111013797240552,33310.57101044055,4.296881650835926,0.0,4.296881650835926,8.111013797240552,0.0,0.0
2025-11-07,11,Friday,8.111013797240552,37667.98863612167,5.148177724103395,0.0,5.148177724103395,8.111013797240552,0.0,0.0
2025-11-07,12,Friday,8.258152369526094,42163.296334652514,5.311091326241543,0.0,5.311091326241543,8.258152369526094,0.0,0.0
2025-11-07,13,Friday,8.258152369526094,46167.00432816335,4.730278820310532,0.0,4.730278820310532,8.258152369526094,0.0,0.0
2025-11-07,14,Friday,8.111013797240552,49169.97065535019,3.547928080324719,0.0,3.547928080324719,8.111013797240552,0.0,0.0
2025-11-07,15,Friday,8.111013797240552,51030.820337255405,2.1985464105685404,0.0,2.1985464105685404,8.111013797240552,0.0,0.0
2025-11-07,16,Friday,7.982267546490701,51887.694686961484,1.012375176873905,0.0,1.012375176873905,7.982267546490701,0.0,0.0
2025-11-07,17,Friday,7.982267546490701,51952.714719294025,0.07681950889950696,0.0,0.07681950889950696,7.982267546490701,0.0,0.0
2025-11-07,18,Friday,7.835128974205158,51952.714719294025,0.0,0.0,0.0,7.835128974205158,0.0,0.0
2025-11-07,19,Friday,7.7063827234553095,51952.714719294025,0.0,0.0,0.0,7.7063827234553095,0.0,0.0
2025-11-07,20,Friday,7.559244151169766,51952.714719294025,0.0,0.0,0.0,7.559244151169766,0.0,0.0
2025-11-07,21,Friday,7.283359328134372,51952.714719294025,0.0,0.0,0.0,7.283359328134372,0.0,0.0
2025-11-07,22,Friday,7.1362207558488295,51952.714719294025,0.0,0.0,0.0,7.1362207558488295,0.0,0.0
2025-11-07,23,Friday,7.00747450509898,51952.714719294025,0.0,0.0,0.0,7.00747450509898,0.0,0.0
2025-11-08,0,Saturday,7.00747450509898,51952.714719294025,0.0,0.0,0.0,7.00747450509898,0.0,0.0
2025-11-08,1,Saturday,7.00747450509898,51952.714719294025,0.0,0.0,0.0,7.00747450509898,0.0,0.0
2025-11-08,2,Saturday,7.1362207558488295,51952.714719294025,0.0,0.0,0.0,7.1362207558488295,0.0,0.0
2025-11-08,3,Saturday,7.283359328134372,51952.714719294025,0.0,0.0,0.0,7.283359328134372,0.0,0.0
2025-11-08,4,Saturday,7.283359328134372,51952.714719294025,0.0,0.0,0.0,7.283359328134372,0.0,0.0
2025-11-08,5,Saturday,7.412105578884224,51952.714719294025,0.0,0.0,0.0,7.412105578884224,0.0,0.0
2025-11-08,6,Saturday,7.7063827234553095,51952.714719294025,0.0,0.0,0.0,7.7063827234553095,0.0,0.0
2025-11-08,7,Saturday,7.7063827234553095,52441.93846521205,0.5780053708861345,0.0,0.5780053708861345,7.7063827234553095,0.0,0.0
2025-11-08,8,Saturday,7.982267546490701,53870.936533060856,1.6883247493487838,0.0,1.6883247493487838,7.982267546490701,0.0,0.0
2025-11-08,9,Saturday,7.982267546490701,56433.16317694511,3.027205392112779,0.0,3.027205392112779,7.982267546490701,0.0,0.0
2025-11-08,10,Saturday,8.111013797240552,59962.99205351421,4.170402736967264,0.0,4.170402736967264,8.111013797240552,0.0,0.0
2025-11-08,11,Saturday,8.111013797240552,64204.57519923494,5.011322242108608,0.0,5.011322242108608,8.111013797240552,0.0,0.0
2025-11-08,12,Saturday,8.258152369526094,68591.75175896482,5.1833371452385135,0.0,5.1833371452385135,8.258152369526094,0.0,0.0
2025-11-08,13,Saturday,8.258152369526094,72484.17426725116,4.598797859506549,0.0,4.598797859506549,8.258152369526094,0.0,0.0
2025-11-08,14,Saturday,8.111013797240552,75515.35180081861,3.581258900717673,0.0,3.581258900717673,8.111013797240552,0.0,0.0
2025-11-08,15,Saturday,8.111013797240552,77486.43887580435,2.328789077251598,0.0,2.328789077251598,8.111013797240552,0.0,0.0
2025-11-08,16,Saturday,7.982267546490701,77824.0,0.39881985372831386,0.7173189096534995,1.1161387633818134,7.355330819453542,0.0,0.9235454329141164
2025-11-08,17,Saturday,7.982267546490701,77824.0,0.0,0.0983441034449343,0.0983441034449343,7.895983561279628,0.0,0.5456404213336384
2025-11-08,18,Saturday,7.835128974205158,77824.0,0.0,0.0,0.0,7.835128974205158,0.0,0.0
2025-11-08,19,Saturday,7.7063827234553095,77824.0,0.0,0.0,0.0,7.7063827234553095,0.0,0.0
2025-11-08,20,Saturday,7.559244151169766,77824.0,0.0,0.0,0.0,7.559244151169766,0.0,0.0
2025-11-08,21,Saturday,7.283359328134372,77824.0,0.0,0.0,0.0,7.283359328134372,0.0,0.0
2025-11-08,22,Saturday,7.1362207558488295,77824.0,0.0,0.0,0.0,7.1362207558488295,0.0,0.0
2025-11-08,23,Saturday,7.00747450509898,77824.0,0.0,0.0,0.0,7.00747450509898,0.0,0.0
2025-11-09,0,Sunday,7.00747450509898,77824.0,0.0,0.0,0.0,7.00747450509898,0.0,0.0
2025-11-09,1,Sunday,7.00747450509898,77824.0,0.0,0.0,0.0,7.00747450509898,0.0,0.0
2025-11-09,2,Sunday,7.1362207558488295,77824.0,0.0,0.0,0.0,7.1362207558488295,0.0,0.0
2025-11-09,3,Sunday,7.283359328134372,77824.0,0.0,0.0,0.0,7.283359328134372,0.0,0.0
2025-11-09,4,Sunday,7.283359328134372,77824.0,0.0,0.0,0.0,7.283359328134372,0.0,0.0
2025-11-09,5,Sunday,7.412105578884224,77824.0,0.0,0.0,0.0,7.412105578884224,0.0,0.0
2025-11-09,6,Sunday,7.7063827234553095,77824.0,0.0,0.0,0.0,7.7063827234553095,0.0,0.0
2025-11-09,7,Sunday,7.7063827234553095,77824.0,0.0,0.5708466849094886,0.5708466849094886,7.207462720844417,0.0,0.9095214114455329
2025-11-09,8,Sunday,7.982267546490701,77824.0,0.0,1.5683819072891394,1.5683819072891394,6.627114466787608,0.0,0.9470329391496659
2025-11-09,9,Sunday,7.982267546490701,77824.0,0.0,2.849043311057882,2.849043311057882,5.419036578886651,0.0,0.9450078254040067
2025-11-09,10,Sunday,8.111013797240552,77824.0,0.0,4.149242998375044,4.149242998375044,4.386000049421712,0.0,0.9350110995066399
2025-11-09,11,Sunday,8.111013797240552,77824.0,0.0,5.013018867098165,5.013018867098165,3.658146928606217,0.0,0.9269860093688753
2025-11-09,12,Sunday,8.258152369526094,77824.0,0.0,5.159721722813576,5.159721722813576,3.7143120127054816,0.0,0.9255624353748605
2025-11-09,13,Sunday,8.258152369526094,77824.0,0.0,4.581642426855662,4.581642426855662,4.229586053039647,0.0,0.9310796753402343
2025-11-09,14,Sunday,8.111013797240552,77824.0,0.0,3.4311959519565765,3.4311959519565765,5.07603282491292,0.0,0.9409840303380257
2025-11-09,15,Sunday,8.111013797240552,77824.0,0.0,2.0684740083923305,2.0684740083923305,6.261932838627409,0.0,0.9480950986193086
2025-11-09,16,Sunday,7.982267546490701,77824.0,0.0,0.9608962520773207,0.9608962520773207,7.116797570958338,0.0,0.9362729754079788
2025-11-09,17,Sunday,7.982267546490701,77824.0,0.0,0.06510161049520455,0.06510161049520455,7.924362311856615,0.0,0.3182170043188743
2025-11-09,18,Sunday,7.835128974205158,77824.0,0.0,0.0,0.0,7.835128974205158,0.0,0.0
2025-11-09,19,Sunday,7.7063827234553095,77824.0,0.0,0.0,0.0,7.7063827234553095,0.0,0.0
2025-11-09,20,Sunday,7.559244151169766,77824.0,0.0,0.0,0.0,7.559244151169766,0.0,0.0
2025-11-09,21,Sunday,7.283359328134372,77824.0,0.0,0.0,0.0,7.283359328134372,0.0,0.0
2025-11-09,22,Sunday,7.1362207558488295,77824.0,0.0,0.0,0.0,7.1362207558488295,0.0,0.0
2025-11-09,23,Sunday,7.00747450509898,77824.0,0.0,0.0,0.0,7.00747450509898,0.0,0.0
2025-11-10,0,Monday,7.00747450509898,77824.0,0.0,0.0,0.0,7.00747450509898,0.0,0.0
2025-11-10,1,Monday,7.00747450509898,77824.0,0.0,0.0,0.0,7.00747450509898,0.0,0.0
2025-11-10,2,Monday,7.1362207558488295,77824.0,0.0,0.0,0.0,7.1362207558488295,0.0,0.0
2025-11-10,3,Monday,7.283359328134372,77824.0,0.0,0.0,0.0,7.283359328134372,0.0,0.0
2025-11-10,4,Monday,7.283359328134372,77824.0,0.0,0.0,0.0,7.283359328134372,0.0,0.0
2025-11-10,5,Monday,7.412105578884224,77824.0,0.0,0.0,0.0,7.412105578884224,0.0,0.0
2025-11-10,6,Monday,7.7063827234553095,77824.0,0.0,0.0,0.0,7.7063827234553095,0.0,0.0
2025-11-10,7,Monday,7.7063827234553095,77824.0,0.0,0.5628403074002053,0.5628403074002053,7.21446029478753,0.0,0.9085193922726728
2025-11-10,8,Monday,7.982267546490701,77824.0,0.0,1.4652988483438272,1.4652988483438272,6.7175777482552785,0.0,0.9462401363030445
2025-11-10,9,Monday,7.982267546490701,77824.0,0.0,2.7624378132096705,2.7624378132096705,5.499034490235508,0.0,0.9455123376711467
2025-11-10,10,Monday,8.111013797240552,77824.0,0.0,4.1255711586780075,4.1255711586780075,4.405274288293763,0.0,0.9352202871106315
2025-11-10,11,Monday,8.111013797240552,77824.0,0.0,5.02869073898645,5.02869073898645,3.643226880370346,0.0,0.9268346254425396
2025-11-10,12,Monday,8.258152369526094,77824.0,0.0,5.187296574253966,5.187296574253966,3.690774595940953,0.0,0.9252932833299253
2025-11-10,13,Monday,8.258152369526094,77824.0,0.0,4.578017044391652,4.578017044391652,4.233944368487858,0.0,0.9311134213701553
2025-11-10,14,Monday,8.111013797240552,77824.0,0.0,3.3711389549013426,3.3711389549013426,5.129046707338774,0.0,0.9414408840642706
2025-11-10,15,Monday,8.111013797240552,77824.0,0.0,1.9667786224610335,1.9667786224610335,6.35198828240655,0.0,0.9481576942246345
2025-11-10,16,Monday,7.982267546490701,77824.0,0.0,0.9050455805710705,0.9050455805710705,7.1670479121903625,0.0,0.9340920286776926
2025-11-10,17,Monday,7.982267546490701,77824.0,0.0,0.06503353651801463,0.06503353651801463,7.924557603835414,0.0,0.3175123457684047
2025-11-10,18,Monday,7.835128974205158,77824.0,0.0,0.0,0.0,7.835128974205158,0.0,0.0
2025-11-10,19,Monday,7.7063827234553095,77824.0,0.0,0.0,0.0,7.7063827234553095,0.0,0.0
2025-11-10,20,Monday,7.559244151169766,77824.0,0.0,0.0,0.0,7.559244151169766,0.0,0.0
2025-11-10,21,Monday,7.283359328134372,77824.0,0.0,0.0,0.0,7.283359328134372,0.0,0.0
2025-11-10,22,Monday,7.1362207558488295,77824.0,0.0,0.0,0.0,7.1362207558488295,0.0,0.0
2025-11-10,23,Monday,7.00747450509898,77824.0,0.0,0.0,0.0,7.00747450509898,0.0,0.0
2025-11-11,0,Tuesday,7.00747450509898,77824.0,0.0,0.0,0.0,7.00747450509898,0.0,0.0
2025-11-11,1,Tuesday,7.00747450509898,77824.0,0.0,0.0,0.0,7.00747450509898,0.0,0.0
2025-11-11,2,Tuesday,7.1362207558488295,77824.0,0.0,0.0,0.0,7.1362207558488295,0.0,0.0
2025-11-11,3,Tuesday,7.283359328134372,77824.0,0.0,0.0,0.0,7.283359328134372,0.0,0.0
2025-11-11,4,Tuesday,7.283359328134372,77824.0,0.0,0.0,0.0,7.283359328134372,0.0,0.0
2025-11-11,5,Tuesday,7.412105578884224,77824.0,0.0,0.0,0.0,7.412105578884224,0.0,0.0
2025-11-11,6,Tuesday,7.7063827234553095,77824.0,0.0,0.0,0.0,7.7063827234553095,0.0,0.0
2025-11-11,7,Tuesday,7.7063827234553095,77824.0,0.0,0.6093364203328984,0.6093364203328984,7.173822692084356,0.0,0.9139374474054625
2025-11-11,8,Tuesday,7.982267546490701,77824.0,0.0,1.6585909426396988,1.6585909426396988,6.542211592705052,0.0,0.9475260270732638
2025-11-11,9,Tuesday,7.982267546490701,77824.0,0.0,2.8413126012991046,2.8413126012991046,5.424660787747667,0.0,0.9450540562662125
2025-11-11,10,Tuesday,8.111013797240552,77824.0,0.0,4.09933487566849,4.09933487566849,4.430625397608699,0.0,0.9354513179763938
2025-11-11,11,Tuesday,8.111013797240552,77824.0,0.0,4.840847385684279,4.840847385684279,3.8090555835326603,0.0,0.9286374885570652
2025-11-11,12,Tuesday,8.258152369526094,77824.0,0.0,4.929586181747637,4.929586181747637,3.9092437646545433,0.0,0.9277890160309009
2025-11-11,13,Tuesday,8.258152369526094,77824.0,0.0,4.483366395939025,4.483366395939025,4.3065151773815336,0.0,0.9319901150952121
2025-11-11,14,Tuesday,8.111013797240552,77824.0,0.0,3.433260812789973,3.433260812789973,5.071236914179745,0.0,0.9409681812230997
2025-11-11,15,Tuesday,8.111013797240552,77824.0,0.0,2.1935621541936112,2.1935621541936112,6.150145216140735,0.0,0.9478786355378978
2025-11-11,16,Tuesday,7.982267546490701,77824.0,0.0,1.1405568933860055,1.1405568933860055,6.955213510227434,0.0,0.9414170849867226
2025-11-11,17,Tuesday,7.982267546490701,77824.0,0.0,0.054042886652168,0.054042886652168,7.933934494515166,0.0,0.1804382446063076
2025-11-11,18,Tuesday,7.835128974205158,77824.0,0.0,0.0,0.0,7.835128974205158,0.0,0.0
2025-11-11,19,Tuesday,7.7063827234553095,77824.0,0.0,0.0,0.0,7.7063827234553095,0.0,0.0
2025-11-11,20,Tuesday,7.559244151169766,77824.0,0.0,0.0,0.0,7.559244151169766,0.0,0.0
2025-11-11,21,Tuesday,7.283359328134372,77824.0,0.0,0.0,0.0,7.283359328134372,0.0,0.0
2025-11-11,22,Tuesday,7.1362207558488295,77824.0,0.0,0.0,0.0,7.1362207558488295,0.0,0.0
2025-11-11,23,Tuesday,7.00747450509898,77824.0,0.0,0.0,0.0,7.00747450509898,0.0,0.0
2025-11-12,0,Wednesday,7.00747450509898,77824.0,0.0,0.0,0.0,7.00747450509898,0.0,0.0
2025-11-12,1,Wednesday,7.00747450509898,77824.0,0.0,0.0,0.0,7.00747450509898,0.0,0.0
2025-11-12,2,Wednesday,7.1362207558488295,77824.0,0.0,0.0,0.0,7.1362207558488295,0.0,0.0
2025-11-12,3,Wednesday,7.283359328134372,77824.0,0.0,0.0,0.0,7.283359328134372,0.0,0.0
2025-11-12,4,Wednesday,7.283359328134372,77824.0,0.0,0.0,0.0,7.283359328134372,0.0,0.0
2025-11-12,5,Wednesday,7.412105578884224,77824.0,0.0,0.0,0.0,7.412105578884224,0.0,0.0
2025-11-12,6,Wednesday,7.7063827234553095,77824.0,0.0,0.0,0.0,7.7063827234553095,0.0,0.0
2025-11-12,7,Wednesday,7.7063827234553095,77824.0,0.0,0.5361257566851805,0.5361257566851805,7.237808812112462,0.0,0.9049397456701339
2025-11-12,8,Wednesday,7.982267546490701,77824.0,0.0,1.6087764807203146,1.6087764807203146,6.599214056152723,0.0,0.9472748340961202
2025-11-12,9,Wednesday,7.982267546490701,77824.0,0.0,2.9081002946180257,2.9081002946180257,5.365235833577492,0.0,0.9446473043631275
2025-11-12,10,Wednesday,8.111013797240552,77824.0,0.0,4.039848927361918,4.039848927361918,4.48559301793718,0.0,0.9359718634529489
2025-11-12,11,Wednesday,8.111013797240552,77824.0,0.0,4.907467001644218,4.907467001644218,3.7474253145958984,0.0,0.9280010597663798
2025-11-12,12,Wednesday,8.258152369526094,77824.0,0.0,5.066862682711918,5.066862682711918,3.7912011272410817,0.0,0.9264651939692696
2025-11-12,13,Wednesday,8.258152369526094,77824.0,0.0,4.501840878852787,4.501840878852787,4.2958934306332175,0.0,0.9318196649679246
2025-11-12,14,Wednesday,8.111013797240552,77824.0,0.0,3.4151857728925905,3.4151857728925905,5.087793397675556,0.0,0.9411066030213748
2025-11-12,15,Wednesday,8.111013797240552,77824.0,0.0,2.1059231396977354,2.1059231396977354,6.228210533626761,0.0,0.9480453630728357
2025-11-12,16,Wednesday,7.982267546490701,77824.0,0.0,0.9494757985260829,0.9494757985260829,7.127128724755297,0.0,0.9358539721739487
2025-11-12,17,Wednesday,7.982267546490701,77824.0,0.0,0.06551005435834416,0.06551005435834416,7.924025094131543,0.0,0.32241416778256576
2025-11-12,18,Wednesday,7.835128974205158,77824.0,0.0,0.0,0.0,7.835128974205158,0.0,0.0
2025-11-12,19,Wednesday,7.7063827234553095,77824.0,0.0,0.0,0.0,7.7063827234553095,0.0,0.0
2025-11-12,20,Wednesday,7.559244151169766,77824.0,0.0,0.0,0.0,7.559244151169766,0.0,0.0
2025-11-12,21,Wednesday,7.283359328134372,77824.0,0.0,0.0,0.0,7.283359328134372,0.0,0.0
2025-11-12,22,Wednesday,7.1362207558488295,77824.0,0.0,0.0,0.0,7.1362207558488295,0.0,0.0
2025-11-12,23,Wednesday,7.00747450509898,77824.0,0.0,0.0,0.0,7.00747450509898,0.0,0.0
2025-11-13,0,Thursday,7.00747450509898,77824.0,0.0,0.0,0.0,7.00747450509898,0.0,0.0
2025-11-13,1,Thursday,7.00747450509898,77824.0,0.0,0.0,0.0,7.00747450509898,0.0,0.0
2025-11-13,2,Thursday,7.1362207558488295,77824.0,0.0,0.0,0.0,7.1362207558488295,0.0,0.0
2025-11-13,3,Thursday,7.283359328134372,77824.0,0.0,0.0,0.0,7.283359328134372,0.0,0.0
2025-11-13,4,Thursday,7.283359328134372,77824.0,0.0,0.0,0.0,7.283359328134372,0.0,0.0
2025-11-13,5,Thursday,7.412105578884224,77824.0,0.0,0.0,0.0,7.412105578884224,0.0,0.0
2025-11-13,6,Thursday,7.7063827234553095,77824.0,0.0,0.0,0.0,7.7063827234553095,0.0,0.0
2025-11-13,7,Thursday,7.7063827234553095,77824.0,0.0,0.5725801967160734,0.5725801967160734,7.205947631525461,0.0,0.909734338344659
2025-11-13,8,Thursday,7.982267546490701,77824.0,0.0,1.4453762983602052,1.4453762983602052,6.733104518565316,0.0,0.9460545457216292
2025-11-13,9,Thursday,7.982267546490701,77824.0,0.0,2.7415968301758618,2.7415968301758618,5.518252409953012,0.0,0.9456291916440153
2025-11-13,10,Thursday,8.111013797240552,77824.0,0.0,4.0381918459626975,4.0381918459626975,4.483313310789452,0.0,0.935986297654306
2025-11-13,11,Thursday,8.111013797240552,77824.0,0.0,4.8869050311668785,4.8869050311668785,3.7656414574859696,0.0,0.9281978497478593
2025-11-13,12,Thursday,8.258152369526094,77824.0,0.0,5.054668251947802,5.054668251947802,3.8010067770117093,0.0,0.9265833206708083
2025-11-13,13,Thursday,8.258152369526094,77824.0,0.0,4.494775606846189,4.494775606846189,4.301607467437489,0.0,0.9318848898907788
2025-11-13,14,Thursday,8.111013797240552,77824.0,0.0,3.4672977646196403,3.4672977646196403,5.041447521419491,0.0,0.940705606156639
2025-11-13,15,Thursday,8.111013797240552,77824.0,0.0,2.074145926238397,2.074145926238397,6.257411131481108,0.0,0.9480884410655981
2025-11-13,16,Thursday,7.982267546490701,77824.0,0.0,0.9239452797296842,0.9239452797296842,7.150084798596309,0.0,0.9348681867255506
2025-11-13,17,Thursday,7.982267546490701,77824.0,0.0,0.06593551671578125,0.06593551671578125,7.923708580385451,0.0,0.3267308571488653
2025-11-13,18,Thursday,7.835128974205158,77824.0,0.0,0.0,0.0,7.835128974205158,0.0,0.0
2025-11-13,19,Thursday,6.0,71302.26086956522,0.0,0.0,0.0,0.0,6.521739130434782,0.9082345737162401
2025-11-13,20,Thursday,6.0,64696.038013007696,0.0,0.0,0.0,0.0,6.606222856557519,0.9073024996154092
2025-11-13,21,Thursday,6.0,58083.02856737815,0.0,0.0,0.0,0.0,6.613009445629547,0.9072275353639845
2025-11-13,22,Thursday,6.0,51469.47268848525,0.0,0.0,0.0,0.0,6.613555878892904,0.907221498917243
2025-11-13,23,Thursday,6.0,44855.872804486775,0.0,0.0,0.0,0.0,6.613599883998474,0.9072210127892202
2025-11-14,0,Friday,6.0,38242.26937663714,0.0,0.0,0.0,0.0,6.613603427849631,0.9072209736399804
2025-11-14,1,Friday,6.0,31628.665663391166,0.0,0.0,0.0,0.0,6.613603713245971,0.9072209704871814
2025-11-14,2,Friday,6.0,25015.06192716142,0.0,0.0,0.0,0.0,6.613603736229747,0.9072209702332776
2025-11-14,3,Friday,7.283359328134372,25015.06192716142,0.0,0.0,0.0,7.283359328134372,0.0,0.0
2025-11-14,4,Friday,7.283359328134372,25015.06192716142,0.0,0.0,0.0,7.283359328134372,0.0,0.0
2025-11-14,5,Friday,7.412105578884224,25015.06192716142,0.0,0.0,0.0,7.412105578884224,0.0,0.0
2025-11-14,6,Friday,7.7063827234553095,25015.06192716142,0.0,0.0,0.0,7.7063827234553095,0.0,0.0
2025-11-14,7,Friday,7.7063827234553095,25454.825535348253,0.5195694803719675,0.0,0.5195694803719675,7.7063827234553095,0.0,0.0
2025-11-14,8,Friday,7.982267546490701,26943.372754181903,1.7586805515520423,0.0,1.7586805515520423,7.982267546490701,0.0,0.0
2025-11-14,9,Friday,7.982267546490701,29522.765337221317,3.047486511152426,0.0,3.047486511152426,7.982267546490701,0.0,0.0
2025-11-14,10,Friday,8.111013797240552,32778.71596150791,3.846822571227067,0.0,3.846822571227067,8.111013797240552,0.0,0.0
2025-11-14,11,Friday,8.111013797240552,36726.49622907642,4.66420163937679,0.0,4.66420163937679,8.111013797240552,0.0,0.0
2025-11-14,12,Friday,8.258152369526094,40919.983328606766,4.9544979909384965,0.0,4.9544979909384965,8.258152369526094,0.0,0.0
2025-11-14,13,Friday,8.258152369526094,44675.68952942138,4.437271031208193,0.0,4.437271031208193,8.258152369526094,0.0,0.0
2025-11-14,14,Friday,8.111013797240552,47900.74395836045,3.8103195048902045,0.0,3.8103195048902045,8.111013797240552,0.0,0.0
2025-11-14,15,Friday,8.111013797240552,49833.62872427354,2.2836540239994014,0.0,2.2836540239994014,8.111013797240552,0.0,0.0
2025-11-14,16,Friday,7.982267546490701,50648.67989618326,0.9629621596286788,0.0,0.9629621596286788,7.982267546490701,0.0,0.0
2025-11-14,17,Friday,7.982267546490701,50713.6495129283,0.07675994416946577,0.0,0.07675994416946577,7.982267546490701,0.0,0.0
2025-11-14,18,Friday,7.835128974205158,50713.6495129283,0.0,0.0,0.0,7.835128974205158,0.0,0.0
2025-11-14,19,Friday,7.7063827234553095,50713.6495129283,0.0,0.0,0.0,7.7063827234553095,0.0,0.0
2025-11-14,20,Friday,7.559244151169766,50713.6495129283,0.0,0.0,0.0,7.559244151169766,0.0,0.0
2025-11-14,21,Friday,7.283359328134372,50713.6495129283,0.0,0.0,0.0,7.283359328134372,0.0,0.0
2025-11-14,22,Friday,7.1362207558488295,50713.6495129283,0.0,0.0,0.0,7.1362207558488295,0.0,0.0
2025-11-14,23,Friday,7.00747450509898,50713.6495129283,0.0,0.0,0.0,7.00747450509898,0.0,0.0
2025-11-15,0,Saturday,7.00747450509898,50713.6495129283,0.0,0.0,0.0,7.00747450509898,0.0,0.0
2025-11-15,1,Saturday,7.00747450509898,50713.6495129283,0.0,0.0,0.0,7.00747450509898,0.0,0.0
2025-11-15,2,Saturday,7.1362207558488295,50713.6495129283,0.0,0.0,0.0,7.1362207558488295,0.0,0.0
2025-11-15,3,Saturday,7.283359328134372,50713.6495129283,0.0,0.0,0.0,7.283359328134372,0.0,0.0
2025-11-15,4,Saturday,7.283359328134372,50713.6495129283,0.0,0.0,0.0,7.283359328134372,0.0,0.0
2025-11-15,5,Saturday,7.412105578884224,50713.6495129283,0.0,0.0,0.0,7.412105578884224,0.0,0.0
2025-11-15,6,Saturday,7.7063827234553095,50713.6495129283,0.0,0.0,0.0,7.7063827234553095,0.0,0.0
2025-11-15,7,Saturday,7.7063827234553095,51225.84292029995,0.6051434397113049,0.0,0.6051434397113049,7.7063827234553095,0.0,0.0
2025-11-15,8,Saturday,7.982267546490701,52524.311646524795,1.534107663309131,0.0,1.534107663309131,7.982267546490701,0.0,0.0
2025-11-15,9,Saturday,7.982267546490701,54971.427851081535,2.891205345648323,0.0,2.891205345648323,7.982267546490701,0.0,0.0
2025-11-15,10,Saturday,8.111013797240552,58372.57161066783,4.018364555276813,0.0,4.018364555276813,8.111013797240552,0.0,0.0
2025-11-15,11,Saturday,8.111013797240552,62395.89222745432,4.75345063419953,0.0,4.75345063419953,8.111013797240552,0.0,0.0
2025-11-15,12,Saturday,8.258152369526094,66646.4328303557,5.021905249174587,0.0,5.021905249174587,8.258152369526094,0.0,0.0
2025-11-15,13,Saturday,8.258152369526094,70395.59015097347,4.429533696382074,0.0,4.429533696382074,8.258152369526094,0.0,0.0
2025-11-15,14,Saturday,8.111013797240552,73211.45983391612,3.3268781698282655,0.0,3.3268781698282655,8.111013797240552,0.0,0.0
2025-11-15,15,Saturday,8.111013797240552,74934.99844586285,2.0363168855703266,0.0,2.0363168855703266,8.111013797240552,0.0,0.0
2025-11-15,16,Saturday,7.982267546490701,75709.40743740751,0.9149444607096572,0.0,0.9149444607096572,7.982267546490701,0.0,0.0
2025-11-15,17,Saturday,7.982267546490701,75755.96558903907,0.055007267995692055,0.0,0.055007267995692055,7.982267546490701,0.0,0.0
2025-11-15,18,Saturday,7.835128974205158,75755.96558903907,0.0,0.0,0.0,7.835128974205158,0.0,0.0
2025-11-15,19,Saturday,7.7063827234553095,75755.96558903907,0.0,0.0,0.0,7.7063827234553095,0.0,0.0
2025-11-15,20,Saturday,7.559244151169766,75755.96558903907,0.0,0.0,0.0,7.559244151169766,0.0,0.0
2025-11-15,21,Saturday,7.283359328134372,75755.96558903907,0.0,0.0,0.0,7.283359328134372,0.0,0.0
2025-11-15,22,Saturday,7.1362207558488295,75755.96558903907,0.0,0.0,0.0,7.1362207558488295,0.0,0.0
2025-11-15,23,Saturday,7.00747450509898,75755.96558903907,0.0,0.0,0.0,7.00747450509898,0.0,0.0
2025-11-16,0,Sunday,7.00747450509898,75755.96558903907,0.0,0.0,0.0,7.00747450509898,0.0,0.0
2025-11-16,1,Sunday,7.00747450509898,75755.96558903907,0.0,0.0,0.0,7.00747450509898,0.0,0.0
2025-11-16,2,Sunday,7.1362207558488295,75755.96558903907,0.0,0.0,0.0,7.1362207558488295,0.0,0.0
2025-11-16,3,Sunday,7.283359328134372,75755.96558903907,0.0,0.0,0.0,7.283359328134372,0.0,0.0
2025-11-16,4,Sunday,7.283359328134372,75755.96558903907,0.0,0.0,0.0,7.283359328134372,0.0,0.0
2025-11-16,5,Sunday,7.412105578884224,75755.96558903907,0.0,0.0,0.0,7.412105578884224,0.0,0.0
2025-11-16,6,Sunday,7.7063827234553095,75755.96558903907,0.0,0.0,0.0,7.7063827234553095,0.0,0.0
2025-11-16,7,Sunday,7.7063827234553095,76179.71506159105,0.5006491877977182,0.0,0.5006491877977182,7.7063827234553095,0.0,0.0
2025-11-16,8,Sunday,7.982267546490701,77654.91282599037,1.7429085118139347,0.0,1.7429085118139347,7.982267546490701,0.0,0.0
2025-11-16,9,Sunday,7.982267546490701,77824.0,0.19977218101327113,2.4350976711833834,2.6348698521966547,5.853992181876423,0.0,0.9471090289372013
2025-11-16,10,Sunday,8.111013797240552,77824.0,0.0,4.0266701224590715,4.0266701224590715,4.488002949184533,0.0,0.9360865575600757
2025-11-16,11,Sunday,8.111013797240552,77824.0,0.0,4.7209134306602065,4.7209134306602065,3.9127893754870042,0.0,0.9297744857391501
2025-11-16,12,Sunday,8.258152369526094,77824.0,0.0,5.145273618117659,5.145273618117659,3.7134054438671598,0.0,0.9257032667080025
2025-11-16,13,Sunday,8.258152369526094,77824.0,0.0,4.35395523441358,4.35395523441358,4.429205315108889,0.0,0.9331745394728659
2025-11-16,14,Sunday,8.111013797240552,77824.0,0.0,3.351068462290149,3.351068462290149,5.140238616652881,0.0,0.9415917400689409
2025-11-16,15,Sunday,8.111013797240552,77824.0,0.0,2.3854622447395215,2.3854622447395215,5.9771888286421575,0.0,0.947299979603712
2025-11-16,16,Sunday,7.982267546490701,77824.0,0.0,1.1646657299513585,1.1646657299513585,6.93414411537404,0.0,0.9419385186157454
2025-11-16,17,Sunday,7.982267546490701,77824.0,0.0,0.03283079750915095,0.03283079750915095,7.9528891833584945,0.0,0.0
2025-11-16,18,Sunday,7.835128974205158,77824.0,0.0,0.0,0.0,7.835128974205158,0.0,0.0
2025-11-16,19,Sunday,7.7063827234553095,77824.0,0.0,0.0,0.0,7.7063827234553095,0.0,0.0
2025-11-16,20,Sunday,7.559244151169766,77824.0,0.0,0.0,0.0,7.559244151169766,0.0,0.0
2025-11-16,21,Sunday,7.283359328134372,77824.0,0.0,0.0,0.0,7.283359328134372,0.0,0.0
2025-11-16,22,Sunday,7.1362207558488295,77824.0,0.0,0.0,0.0,7.1362207558488295,0.0,0.0
2025-11-16,23,Sunday,7.00747450509898,77824.0,0.0,0.0,0.0,7.00747450509898,0.0,0.0
2025-11-17,0,Monday,7.00747450509898,77824.0,0.0,0.0,0.0,7.00747450509898,0.0,0.0
2025-11-17,1,Monday,7.00747450509898,77824.0,0.0,0.0,0.0,7.00747450509898,0.0,0.0
2025-11-17,2,Monday,7.1362207558488295,77824.0,0.0,0.0,0.0,7.1362207558488295,0.0,0.0
2025-11-17,3,Monday,7.283359328134372,77824.0,0.0,0.0,0.0,7.283359328134372,0.0,0.0
2025-11-17,4,Monday,7.283359328134372,77824.0,0.0,0.0,0.0,7.283359328134372,0.0,0.0
2025-11-17,5,Monday,7.412105578884224,77824.0,0.0,0.0,0.0,7.412105578884224,0.0,0.0
2025-11-17,6,Monday,7.7063827234553095,77824.0,0.0,0.0,0.0,7.7063827234553095,0.0,0.0
2025-11-17,7,Monday,7.7063827234553095,77824.0,0.0,0.5969943537735515,0.5969943537735515,7.184609658257226,0.0,0.9125895906957882
2025-11-17,8,Monday,7.982267546490701,77824.0,0.0,1.4670096168784112,1.4670096168784112,6.71042872596754,0.0,0.9462555505332421
2025-11-17,9,Monday,7.982267546490701,77824.0,0.0,2.8873501774331087,2.8873501774331087,5.386704971347942,0.0,0.9447754339404041
2025-11-17,10,Monday,8.111013797240552,77824.0,0.0,3.8152416351469527,3.8152416351469527,4.686694554378766,0.0,0.9378930325483394
2025-11-17,11,Monday,8.111013797240552,77824.0,0.0,4.718092671247787,4.718092671247787,3.9072008661239046,0.0,0.929801086191275
2025-11-17,12,Monday,8.258152369526094,77824.0,0.0,5.12197914798318,5.12197914798318,3.733851683044464,0.0,0.9259300433565317
2025-11-17,13,Monday,8.258152369526094,77824.0,0.0,4.467163522664791,4.467163522664791,4.328685501015453,0.0,0.9321393333814155
2025-11-17,14,Monday,8.111013797240552,77824.0,0.0,3.5509953001124006,3.5509953001124006,4.966492524947606,0.0,0.9400497013080215
2025-11-17,15,Monday,8.111013797240552,77824.0,0.0,2.3874667975968342,2.3874667975968342,5.978893219775016,0.0,0.9472925700143537
2025-11-17,16,Monday,7.982267546490701,77824.0,0.0,1.0928546747800547,1.0928546747800547,6.998777088642332,0.0,0.940281839066559
2025-11-17,17,Monday,7.982267546490701,77824.0,0.0,0.021956982617243666,0.021956982617243666,7.962654082094791,0.0,0.0
2025-11-17,18,Monday,7.835128974205158,77824.0,0.0,0.0,0.0,7.835128974205158,0.0,0.0
2025-11-17,19,Monday,7.7063827234553095,77824.0,0.0,0.0,0.0,7.7063827234553095,0.0,0.0
2025-11-17,20,Monday,7.559244151169766,77824.0,0.0,0.0,0.0,7.559244151169766,0.0,0.0
2025-11-17,21,Monday,7.283359328134372,77824.0,0.0,0.0,0.0,7.283359328134372,0.0,0.0
2025-11-17,22,Monday,7.1362207558488295,77824.0,0.0,0.0,0.0,7.1362207558488295,0.0,0.0
2025-11-17,23,Monday,7.00747450509898,77824.0,0.0,0.0,0.0,7.00747450509898,0.0,0.0
2025-11-18,0,Tuesday,7.00747450509898,77824.0,0.0,0.0,0.0,7.00747450509898,0.0,0.0
2025-11-18,1,Tuesday,7.00747450509898,77824.0,0.0,0.0,0.0,7.00747450509898,0.0,0.0
2025-11-18,2,Tuesday,7.1362207558488295,77824.0,0.0,0.0,0.0,7.1362207558488295,0.0,0.0
2025-11-18,3,Tuesday,7.283359328134372,77824.0,0.0,0.0,0.0,7.283359328134372,0.0,0.0
2025-11-18,4,Tuesday,7.283359328134372,77824.0,0.0,0.0,0.0,7.283359328134372,0.0,0.0
2025-11-18,5,Tuesday,7.412105578884224,77824.0,0.0,0.0,0.0,7.412105578884224,0.0,0.0
2025-11-18,6,Tuesday,7.7063827234553095,77824.0,0.0,0.0,0.0,7.7063827234553095,0.0,0.0
2025-11-18,7,Tuesday,7.7063827234553095,77824.0,0.0,0.5041271341415428,0.5041271341415428,7.265775608215601,0.0,0.9001102031626776
2025-11-18,8,Tuesday,7.982267546490701,77824.0,0.0,1.533931831350485,1.533931831350485,6.670595238753847,0.0,0.9467974134547729
2025-11-18,9,Tuesday,7.982267546490701,77824.0,0.0,2.906025672083349,2.906025672083349,5.368420836217102,0.0,0.9446601845815689
2025-11-18,10,Tuesday,8.111013797240552,77824.0,0.0,3.9916862995473648,3.9916862995473648,4.528766036544527,0.0,0.936389880579877
2025-11-18,11,Tuesday,8.111013797240552,77824.0,0.0,4.830814359054295,4.830814359054295,3.8136644005010663,0.0,0.9287330417955939
2025-11-18,12,Tuesday,8.258152369526094,77824.0,0.0,4.819320783058968,4.819320783058968,4.006083041798969,0.0,0.9288424087979175
2025-11-18,13,Tuesday,8.258152369526094,77824.0,0.0,4.298236173097588,4.298236173097588,4.465387530953904,0.0,0.933679109369863
2025-11-18,14,Tuesday,8.111013797240552,77824.0,0.0,3.386542215257018,3.386542215257018,5.107167263825168,0.0,0.9413244817893356
2025-11-18,15,Tuesday,8.111013797240552,77824.0,0.0,2.157597005649307,2.157597005649307,6.18156485815015,0.0,0.9479552376786358
2025-11-18,16,Tuesday,7.982267546490701,77824.0,0.0,1.0119924900442798,1.0119924900442798,7.070910144133228,0.0,0.9379958442166142
2025-11-18,17,Tuesday,7.982267546490701,77824.0,0.0,0.04391846969487326,0.04391846969487326,7.943131971535464,0.0,0.0
2025-11-18,18,Tuesday,7.835128974205158,77824.0,0.0,0.0,0.0,7.835128974205158,0.0,0.0
2025-11-18,19,Tuesday,7.7063827234553095,77824.0,0.0,0.0,0.0,7.7063827234553095,0.0,0.0
2025-11-18,20,Tuesday,7.559244151169766,77824.0,0.0,0.0,0.0,7.559244151169766,0.0,0.0
2025-11-18,21,Tuesday,7.283359328134372,77824.0,0.0,0.0,0.0,7.283359328134372,0.0,0.0
2025-11-18,22,Tuesday,7.1362207558488295,77824.0,0.0,0.0,0.0,7.1362207558488295,0.0,0.0
2025-11-18,23,Tuesday,7.00747450509898,77824.0,0.0,0.0,0.0,7.00747450509898,0.0,0.0
2025-11-19,0,Wednesday,7.00747450509898,77824.0,0.0,0.0,0.0,7.00747450509898,0.0,0.0
2025-11-19,1,Wednesday,7.00747450509898,77824.0,0.0,0.0,0.0,7.00747450509898,0.0,0.0
2025-11-19,2,Wednesday,7.1362207558488295,77824.0,0.0,0.0,0.0,7.1362207558488295,0.0,0.0
2025-11-19,3,Wednesday,7.283359328134372,77824.0,0.0,0.0,0.0,7.283359328134372,0.0,0.0
2025-11-19,4,Wednesday,7.283359328134372,77824.0,0.0,0.0,0.0,7.283359328134372,0.0,0.0
2025-11-19,5,Wednesday,7.412105578884224,77824.0,0.0,0.0,0.0,7.412105578884224,0.0,0.0
2025-11-19,6,Wednesday,7.7063827234553095,77824.0,0.0,0.0,0.0,7.7063827234553095,0.0,0.0
2025-11-19,7,Wednesday,7.7063827234553095,77824.0,0.0,0.5036406942617203,0.5036406942617203,7.266200756670566,0.0,0.9000316917454187
2025-11-19,8,Wednesday,7.982267546490701,77824.0,0.0,1.3339886574837962,1.3339886574837962,6.8416670817345775,0.0,0.9447897692511016
2025-11-19,9,Wednesday,7.982267546490701,77824.0,0.0,2.4715886654174457,2.4715886654174457,5.763892445851484,0.0,0.9469590415326292
2025-11-19,10,Wednesday,8.111013797240552,77824.0,0.0,3.7925430386171928,3.7925430386171928,4.69920002246138,0.0,0.9380829707642016
2025-11-19,11,Wednesday,8.111013797240552,77824.0,0.0,4.696331418312721,4.696331418312721,3.9257426950857015,0.0,0.9300060757714118
2025-11-19,12,Wednesday,8.258152369526094,77824.0,0.0,4.871874463762552,4.871874463762552,3.9538231604160705,0.0,0.9283415001073033
2025-11-19,13,Wednesday,8.258152369526094,77824.0,0.0,4.30678646076805,4.30678646076805,4.459892196076421,0.0,0.9336019008681697
2025-11-19,14,Wednesday,8.111013797240552,77824.0,0.0,3.1914097099807015,3.1914097099807015,5.280482934137791,0.0,0.9427568644734203
2025-11-19,15,Wednesday,8.111013797240552,77824.0,0.0,1.8524558440543308,1.8524558440543308,6.451919107280235,0.0,0.9480842902343057
2025-11-19,16,Wednesday,7.982267546490701,77824.0,0.0,0.8489051184619317,0.8489051184619317,7.217675620113114,0.0,0.9315261215321046
2025-11-19,17,Wednesday,7.982267546490701,77824.0,0.0,0.05398615833784305,0.05398615833784305,7.934492505632475,0.0,0.17958582331422515
2025-11-19,18,Wednesday,7.835128974205158,77824.0,0.0,0.0,0.0,7.835128974205158,0.0,0.0
2025-11-19,19,Wednesday,7.7063827234553095,77824.0,0.0,0.0,0.0,7.7063827234553095,0.0,0.0
2025-11-19,20,Wednesday,7.559244151169766,77824.0,0.0,0.0,0.0,7.559244151169766,0.0,0.0
2025-11-19,21,Wednesday,7.283359328134372,77824.0,0.0,0.0,0.0,7.283359328134372,0.0,0.0
2025-11-19,22,Wednesday,7.1362207558488295,77824.0,0.0,0.0,0.0,7.1362207558488295,0.0,0.0
2025-11-19,23,Wednesday,7.00747450509898,77824.0,0.0,0.0,0.0,7.00747450509898,0.0,0.0
2025-11-20,0,Thursday,7.00747450509898,77824.0,0.0,0.0,0.0,7.00747450509898,0.0,0.0
2025-11-20,1,Thursday,7.00747450509898,77824.0,0.0,0.0,0.0,7.00747450509898,0.0,0.0
2025-11-20,2,Thursday,7.1362207558488295,77824.0,0.0,0.0,0.0,7.1362207558488295,0.0,0.0
2025-11-20,3,Thursday,7.283359328134372,77824.0,0.0,0.0,0.0,7.283359328134372,0.0,0.0
2025-11-20,4,Thursday,7.283359328134372,77824.0,0.0,0.0,0.0,7.283359328134372,0.0,0.0
2025-11-20,5,Thursday,7.412105578884224,77824.0,0.0,0.0,0.0,7.412105578884224,0.0,0.0
2025-11-20,6,Thursday,7.7063827234553095,77824.0,0.0,0.0,0.0,7.7063827234553095,0.0,0.0
2025-11-20,7,Thursday,7.7063827234553095,77824.0,0.0,0.47651258974227984,0.47651258974227984,7.289910720020557,0.0,0.8953815538350526
2025-11-20,8,Thursday,7.982267546490701,77824.0,0.0,1.5225109029838544,1.5225109029838544,6.687200777348433,0.0,0.9467130565298192
2025-11-20,9,Thursday,7.982267546490701,77824.0,0.0,2.643234880300248,2.643234880300248,5.605001822468187,0.0,0.9461550031322138
2025-11-20,10,Thursday,8.111013797240552,77824.0,0.0,3.737384791811637,3.737384791811637,4.7516757438078665,0.0,0.9385410420205065
2025-11-20,11,Thursday,8.111013797240552,77824.0,0.0,4.508375642898602,4.508375642898602,4.0912830022199245,0.0,0.9317592948271377
2025-11-20,12,Thursday,8.258152369526094,77824.0,0.0,4.656438046733751,4.656438046733751,4.136406910236745,0.0,0.9303808228192344
2025-11-20,13,Thursday,8.258152369526094,77824.0,0.0,4.1785002985139394,4.1785002985139394,4.56493565093837,0.0,0.9347516034315404
2025-11-20,14,Thursday,8.111013797240552,77824.0,0.0,3.314122653581224,3.314122653581224,5.168026406056904,0.0,0.9418669676059939
2025-11-20,15,Thursday,8.111013797240552,77824.0,0.0,2.010493065900663,2.010493065900663,6.3120776402364545,0.0,0.9481443829485849
2025-11-20,16,Thursday,7.982267546490701,77824.0,0.0,0.9227938463235186,0.9227938463235186,7.151072834580095,0.0,0.9348220624848985
2025-11-20,17,Thursday,7.982267546490701,77824.0,0.0,0.08692461287636115,0.08692461287636115,7.905071452895409,0.0,0.4871621351763446
2025-11-20,18,Thursday,7.835128974205158,77824.0,0.0,0.0,0.0,7.835128974205158,0.0,0.0
2025-11-20,19,Thursday,6.0,71302.26086956522,0.0,0.0,0.0,0.0,6.521739130434782,0.9082345737162401
2025-11-20,20,Thursday,6.0,64696.038013007696,0.0,0.0,0.0,0.0,6.606222856557519,0.9073024996154092
2025-11-20,21,Thursday,6.0,58083.02856737815,0.0,0.0,0.0,0.0,6.613009445629547,0.9072275353639845
2025-11-20,22,Thursday,6.0,51469.47268848525,0.0,0.0,0.0,0.0,6.613555878892904,0.907221498917243
2025-11-20,23,Thursday,6.0,44855.872804486775,0.0,0.0,0.0,0.0,6.613599883998474,0.9072210127892202
2025-11-21,0,Friday,6.0,38242.26937663714,0.0,0.0,0.0,0.0,6.613603427849631,0.9072209736399804
2025-11-21,1,Friday,6.0,31628.665663391166,0.0,0.0,0.0,0.0,6.613603713245971,0.9072209704871814
2025-11-21,2,Friday,6.0,25015.06192716142,0.0,0.0,0.0,0.0,6.613603736229747,0.9072209702332776
2025-11-21,3,Friday,7.283359328134372,25015.06192716142,0.0,0.0,0.0,7.283359328134372,0.0,0.0
2025-11-21,4,Friday,7.283359328134372,25015.06192716142,0.0,0.0,0.0,7.283359328134372,0.0,0.0
2025-11-21,5,Friday,7.412105578884224,25015.06192716142,0.0,0.0,0.0,7.412105578884224,0.0,0.0
2025-11-21,6,Friday,7.7063827234553095,25015.06192716142,0.0,0.0,0.0,7.7063827234553095,0.0,0.0
2025-11-21,7,Friday,7.7063827234553095,25239.881919162028,0.26561908317652355,0.0,0.26561908317652355,7.7063827234553095,0.0,0.0
2025-11-21,8,Friday,7.982267546490701,26418.007689207257,1.3919255317169552,0.0,1.3919255317169552,7.982267546490701,0.0,0.0
2025-11-21,9,Friday,7.982267546490701,28366.973005614218,2.3026527840346867,0.0,2.3026527840346867,7.982267546490701,0.0,0.0
2025-11-21,10,Friday,8.111013797240552,30777.052480460992,2.84744739466774,0.0,2.84744739466774,8.111013797240552,0.0,0.0
2025-11-21,11,Friday,8.111013797240552,33930.59854913659,3.725834202121445,0.0,3.725834202121445,8.111013797240552,0.0,0.0
2025-11-21,12,Friday,8.258152369526094,37898.88422554189,4.688428256622532,0.0,4.688428256622532,8.258152369526094,0.0,0.0
2025-11-21,13,Friday,8.258152369526094,41592.72751403572,4.364181579033357,0.0,4.364181579033357,8.258152369526094,0.0,0.0
2025-11-21,14,Friday,8.111013797240552,44305.42705760372,3.204985283043477,0.0,3.204985283043477,8.111013797240552,0.0,0.0
2025-11-21,15,Friday,8.111013797240552,46143.54060756995,2.1716842509052796,0.0,2.1716842509052796,8.111013797240552,0.0,0.0
2025-11-21,16,Friday,7.982267546490701,46959.31376369237,0.9638151655510583,0.0,0.9638151655510583,7.982267546490701,0.0,0.0
2025-11-21,17,Friday,7.982267546490701,46977.80692557364,0.02184919882002627,0.0,0.02184919882002627,7.982267546490701,0.0,0.0
2025-11-21,18,Friday,7.835128974205158,46977.80692557364,0.0,0.0,0.0,7.835128974205158,0.0,0.0
2025-11-21,19,Friday,7.7063827234553095,46977.80692557364,0.0,0.0,0.0,7.7063827234553095,0.0,0.0
2025-11-21,20,Friday,7.559244151169766,46977.80692557364,0.0,0.0,0.0,7.559244151169766,0.0,0.0
2025-11-21,21,Friday,7.283359328134372,46977.80692557364,0.0,0.0,0.0,7.283359328134372,0.0,0.0
2025-11-21,22,Friday,7.1362207558488295,46977.80692557364,0.0,0.0,0.0,7.1362207558488295,0.0,0.0
2025-11-21,23,Friday,7.00747450509898,46977.80692557364,0.0,0.0,0.0,7.00747450509898,0.0,0.0
2025-11-22,0,Saturday,7.00747450509898,46977.80692557364,0.0,0.0,0.0,7.00747450509898,0.0,0.0
2025-11-22,1,Saturday,7.00747450509898,46977.80692557364,0.0,0.0,0.0,7.00747450509898,0.0,0.0
2025-11-22,2,Saturday,7.1362207558488295,46977.80692557364,0.0,0.0,0.0,7.1362207558488295,0.0,0.0
2025-11-22,3,Saturday,7.283359328134372,46977.80692557364,0.0,0.0,0.0,7.283359328134372,0.0,0.0
2025-11-22,4,Saturday,7.283359328134372,46977.80692557364,0.0,0.0,0.0,7.283359328134372,0.0,0.0
2025-11-22,5,Saturday,7.412105578884224,46977.80692557364,0.0,0.0,0.0,7.412105578884224,0.0,0.0
2025-11-22,6,Saturday,7.7063827234553095,46977.80692557364,0.0,0.0,0.0,7.7063827234553095,0.0,0.0
2025-11-22,7,Saturday,7.7063827234553095,47173.96503087509,0.23175579548848638,0.0,0.23175579548848638,7.7063827234553095,0.0,0.0
2025-11-22,8,Saturday,7.982267546490701,48440.4994709468,1.4963781191773455,0.0,1.4963781191773455,7.982267546490701,0.0,0.0
2025-11-22,9,Saturday,7.982267546490701,50702.76165316544,2.672805035702544,0.0,2.672805035702544,7.982267546490701,0.0,0.0
2025-11-22,10,Saturday,8.111013797240552,53584.00307932702,3.404113216164439,0.0,3.404113216164439,8.111013797240552,0.0,0.0
2025-11-22,11,Saturday,8.111013797240552,56724.84827769709,3.7108284479797606,0.0,3.7108284479797606,8.111013797240552,0.0,0.0
2025-11-22,12,Saturday,8.258152369526094,59995.48875406423,3.8641782565774347,0.0,3.8641782565774347,8.258152369526094,0.0,0.0
2025-11-22,13,Saturday,8.258152369526094,62717.28103078506,3.2157281152183637,0.0,3.2157281152183637,8.258152369526094,0.0,0.0
2025-11-22,14,Saturday,8.111013797240552,65328.881752324676,3.0855396048435897,0.0,3.0855396048435897,8.111013797240552,0.0,0.0
2025-11-22,15,Saturday,8.111013797240552,67054.02749221394,2.038215666220765,0.0,2.038215666220765,8.111013797240552,0.0,0.0
2025-11-22,16,Saturday,7.982267546490701,67733.35215000017,0.8026047469119046,0.0,0.8026047469119046,7.982267546490701,0.0,0.0
2025-11-22,17,Saturday,7.982267546490701,67751.86451781954,0.021871890145756245,0.0,0.021871890145756245,7.982267546490701,0.0,0.0
2025-11-22,18,Saturday,7.835128974205158,67751.86451781954,0.0,0.0,0.0,7.835128974205158,0.0,0.0
2025-11-22,19,Saturday,7.7063827234553095,67751.86451781954,0.0,0.0,0.0,7.7063827234553095,0.0,0.0
2025-11-22,20,Saturday,7.559244151169766,67751.86451781954,0.0,0.0,0.0,7.559244151169766,0.0,0.0
2025-11-22,21,Saturday,7.283359328134372,67751.86451781954,0.0,0.0,0.0,7.283359328134372,0.0,0.0
2025-11-22,22,Saturday,7.1362207558488295,67751.86451781954,0.0,0.0,0.0,7.1362207558488295,0.0,0.0
2025-11-22,23,Saturday,7.00747450509898,67751.86451781954,0.0,0.0,0.0,7.00747450509898,0.0,0.0
2025-11-23,0,Sunday,7.00747450509898,67751.86451781954,0.0,0.0,0.0,7.00747450509898,0.0,0.0
2025-11-23,1,Sunday,7.00747450509898,67751.86451781954,0.0,0.0,0.0,7.00747450509898,0.0,0.0
2025-11-23,2,Sunday,7.1362207558488295,67751.86451781954,0.0,0.0,0.0,7.1362207558488295,0.0,0.0
2025-11-23,3,Sunday,7.283359328134372,67751.86451781954,0.0,0.0,0.0,7.283359328134372,0.0,0.0
2025-11-23,4,Sunday,7.283359328134372,67751.86451781954,0.0,0.0,0.0,7.283359328134372,0.0,0.0
2025-11-23,5,Sunday,7.412105578884224,67751.86451781954,0.0,0.0,0.0,7.412105578884224,0.0,0.0
2025-11-23,6,Sunday,7.7063827234553095,67751.86451781954,0.0,0.0,0.0,7.7063827234553095,0.0,0.0
2025-11-23,7,Sunday,7.7063827234553095,67976.56927419156,0.26548293522214367,0.0,0.26548293522214367,7.7063827234553095,0.0,0.0
2025-11-23,8,Sunday,7.982267546490701,69320.79755013318,1.5881714035227055,0.0,1.5881714035227055,7.982267546490701,0.0,0.0
2025-11-23,9,Sunday,7.982267546490701,71482.94443281194,2.554521364223498,0.0,2.554521364223498,7.982267546490701,0.0,0.0
2025-11-23,10,Sunday,8.111013797240552,74611.41482230932,3.6962079270999237,0.0,3.6962079270999237,8.111013797240552,0.0,0.0
2025-11-23,11,Sunday,8.111013797240552,77824.0,3.7955874027536267,0.6515634719199581,4.447150874673585,7.541547322782509,0.0,0.9181224553856867
2025-11-23,12,Sunday,8.258152369526094,77824.0,0.0,4.623211065622235,4.623211065622235,4.225712168957498,0.0,0.9306918933482214
2025-11-23,13,Sunday,8.258152369526094,77824.0,0.0,4.151433264796217,4.151433264796217,4.587632348470214,0.0,0.9349917091917797
2025-11-23,14,Sunday,8.111013797240552,77824.0,0.0,3.104318983722783,3.104318983722783,5.353626910396471,0.0,0.943364018199275
2025-11-23,15,Sunday,8.111013797240552,77824.0,0.0,2.0340677102659352,2.0340677102659352,6.288090823216975,0.0,0.9481285512596352
2025-11-23,16,Sunday,7.982267546490701,77824.0,0.0,0.8932925585535263,0.8932925585535263,7.177659176067952,0.0,0.9335882049060541
2025-11-23,17,Sunday,7.982267546490701,77824.0,0.0,0.04352137149459865,0.04352137149459865,7.943668059356444,0.0,0.0
2025-11-23,18,Sunday,7.835128974205158,77824.0,0.0,0.0,0.0,7.835128974205158,0.0,0.0
2025-11-23,19,Sunday,7.7063827234553095,77824.0,0.0,0.0,0.0,7.7063827234553095,0.0,0.0
2025-11-23,20,Sunday,7.559244151169766,77824.0,0.0,0.0,0.0,7.559244151169766,0.0,0.0
2025-11-23,21,Sunday,7.283359328134372,77824.0,0.0,0.0,0.0,7.283359328134372,0.0,0.0
2025-11-23,22,Sunday,7.1362207558488295,77824.0,0.0,0.0,0.0,7.1362207558488295,0.0,0.0
2025-11-23,23,Sunday,7.00747450509898,77824.0,0.0,0.0,0.0,7.00747450509898,0.0,0.0
2025-11-24,0,Monday,7.00747450509898,77824.0,0.0,0.0,0.0,7.00747450509898,0.0,0.0
2025-11-24,1,Monday,7.00747450509898,77824.0,0.0,0.0,0.0,7.00747450509898,0.0,0.0
2025-11-24,2,Monday,7.1362207558488295,77824.0,0.0,0.0,0.0,7.1362207558488295,0.0,0.0
2025-11-24,3,Monday,7.283359328134372,77824.0,0.0,0.0,0.0,7.283359328134372,0.0,0.0
2025-11-24,4,Monday,7.283359328134372,77824.0,0.0,0.0,0.0,7.283359328134372,0.0,0.0
2025-11-24,5,Monday,7.412105578884224,77824.0,0.0,0.0,0.0,7.412105578884224,0.0,0.0
2025-11-24,6,Monday,7.7063827234553095,77824.0,0.0,0.0,0.0,7.7063827234553095,0.0,0.0
2025-11-24,7,Monday,7.7063827234553095,77824.0,0.0,0.30212186326939017,0.30212186326939017,7.442328214957863,0.0,0.8442234854862599
2025-11-24,8,Monday,7.982267546490701,77824.0,0.0,1.667518867018593,1.667518867018593,6.644896885963592,0.0,0.9475658754528385
2025-11-24,9,Monday,7.982267546490701,77824.0,0.0,2.4379228830796826,2.4379228830796826,5.7876796420483885,0.0,0.9470977009886531
2025-11-24,10,Monday,8.111013797240552,77824.0,0.0,3.6536995318062115,3.6536995318062115,4.823623891897421,0.0,0.9392261773531148
2025-11-24,11,Monday,8.111013797240552,77824.0,0.0,4.518121056256471,4.518121056256471,4.079653107178489,0.0,0.9316691878205388
2025-11-24,12,Monday,8.258152369526094,77824.0,0.0,4.608913624411693,4.608913624411693,4.17886869699497,0.0,0.9308254453333741
2025-11-24,13,Monday,8.258152369526094,77824.0,0.0,4.194320474499759,4.194320474499759,4.549181157156323,0.0,0.9346108569641363
2025-11-24,14,Monday,8.111013797240552,77824.0,0.0,3.2348876525175707,3.2348876525175707,5.23882073219351,0.0,0.9424459861384299
2025-11-24,15,Monday,8.111013797240552,77824.0,0.0,1.996658447399575,1.996658447399575,6.323358194771489,0.0,0.948150892805604
2025-11-24,16,Monday,7.982267546490701,77824.0,0.0,0.9604950522932677,0.9604950522932677,7.1171080171918355,0.0,0.9362584771929613
2025-11-24,17,Monday,7.982267546490701,77824.0,0.0,0.03317116739510062,0.03317116739510062,7.952763599152254,0.0,0.0
2025-11-24,18,Monday,7.835128974205158,77824.0,0.0,0.0,0.0,7.835128974205158,0.0,0.0
2025-11-24,19,Monday,7.7063827234553095,77824.0,0.0,0.0,0.0,7.7063827234553095,0.0,0.0
2025-11-24,20,Monday,7.559244151169766,77824.0,0.0,0.0,0.0,7.559244151169766,0.0,0.0
2025-11-24,21,Monday,7.283359328134372,77824.0,0.0,0.0,0.0,7.283359328134372,0.0,0.0
2025-11-24,22,Monday,7.1362207558488295,77824.0,0.0,0.0,0.0,7.1362207558488295,0.0,0.0
2025-11-24,23,Monday,7.00747450509898,77824.0,0.0,0.0,0.0,7.00747450509898,0.0,0.0
2025-11-25,0,Tuesday,7.00747450509898,77824.0,0.0,0.0,0.0,7.00747450509898,0.0,0.0
2025-11-25,1,Tuesday,7.00747450509898,77824.0,0.0,0.0,0.0,7.00747450509898,0.0,0.0
2025-11-25,2,Tuesday,7.1362207558488295,77824.0,0.0,0.0,0.0,7.1362207558488295,0.0,0.0
2025-11-25,3,Tuesday,7.283359328134372,77824.0,0.0,0.0,0.0,7.283359328134372,0.0,0.0
2025-11-25,4,Tuesday,7.283359328134372,77824.0,0.0,0.0,0.0,7.283359328134372,0.0,0.0
2025-11-25,5,Tuesday,7.412105578884224,77824.0,0.0,0.0,0.0,7.412105578884224,0.0,0.0
2025-11-25,6,Tuesday,7.7063827234553095,77824.0,0.0,0.0,0.0,7.7063827234553095,0.0,0.0
2025-11-25,7,Tuesday,7.7063827234553095,77824.0,0.0,0.25574556594115533,0.25574556594115533,7.48286109882274,0.0,0.8184185569403932
2025-11-25,8,Tuesday,7.982267546490701,77824.0,0.0,1.662499561520299,1.662499561520299,6.689678079039895,0.0,0.9475436597734787
2025-11-25,9,Tuesday,7.982267546490701,77824.0,0.0,2.4914737436376235,2.4914737436376235,5.739526404678574,0.0,0.9468740286977652
2025-11-25,10,Tuesday,8.111013797240552,77824.0,0.0,4.314440568217519,4.314440568217519,4.230043660955616,0.0,0.9335327166773879
2025-11-25,11,Tuesday,8.111013797240552,77824.0,0.0,4.361673464246589,4.361673464246589,4.24283716281965,0.0,0.9331043830481796
2025-11-25,12,Tuesday,8.258152369526094,77824.0,0.0,4.651259025915208,4.651259025915208,4.135047694940902,0.0,0.9304293723872862
2025-11-25,13,Tuesday,8.258152369526094,77824.0,0.0,3.3924320252644673,3.3924320252644673,5.259554889399413,0.0,0.9412798304884323
2025-11-25,14,Tuesday,8.111013797240552,77824.0,0.0,2.7050417941232747,2.7050417941232747,5.692122579875896,0.0,0.9458296599605948
2025-11-25,15,Tuesday,8.111013797240552,77824.0,0.0,0.5986722101262023,0.5986722101262023,7.573083960955605,0.0,0.9127764313393224
2025-11-25,16,Tuesday,7.982267546490701,77824.0,0.0,0.15339637378853557,0.15339637378853557,7.849251781575964,0.0,0.7051221213074418
2025-11-25,17,Tuesday,7.982267546490701,77824.0,0.0,0.02199101960583863,0.02199101960583863,7.967536509816227,0.0,0.0
2025-11-25,18,Tuesday,7.835128974205158,77824.0,0.0,0.0,0.0,7.835128974205158,0.0,0.0
2025-11-25,19,Tuesday,7.7063827234553095,77824.0,0.0,0.0,0.0,7.7063827234553095,0.0,0.0
2025-11-25,20,Tuesday,7.559244151169766,77824.0,0.0,0.0,0.0,7.559244151169766,0.0,0.0
2025-11-25,21,Tuesday,7.283359328134372,77824.0,0.0,0.0,0.0,7.283359328134372,0.0,0.0
2025-11-25,22,Tuesday,7.1362207558488295,77824.0,0.0,0.0,0.0,7.1362207558488295,0.0,0.0
2025-11-25,23,Tuesday,7.00747450509898,77824.0,0.0,0.0,0.0,7.00747450509898,0.0,0.0
2025-11-26,0,Wednesday,7.00747450509898,77824.0,0.0,0.0,0.0,7.00747450509898,0.0,0.0
2025-11-26,1,Wednesday,7.00747450509898,77824.0,0.0,0.0,0.0,7.00747450509898,0.0,0.0
2025-11-26,2,Wednesday,7.1362207558488295,77824.0,0.0,0.0,0.0,7.1362207558488295,0.0,0.0
2025-11-26,3,Wednesday,7.283359328134372,77824.0,0.0,0.0,0.0,7.283359328134372,0.0,0.0
2025-11-26,4,Wednesday,7.283359328134372,77824.0,0.0,0.0,0.0,7.283359328134372,0.0,0.0
2025-11-26,5,Wednesday,7.412105578884224,77824.0,0.0,0.0,0.0,7.412105578884224,0.0,0.0
2025-11-26,6,Wednesday,7.7063827234553095,77824.0,0.0,0.0,0.0,7.7063827234553095,0.0,0.0
2025-11-26,7,Wednesday,7.7063827234553095,77824.0,0.0,0.2569850796091554,0.2569850796091554,7.481777763876908,0.0,0.8192318731887179
2025-11-26,8,Wednesday,7.982267546490701,77824.0,0.0,1.6641546798126936,1.6641546798126936,6.687105418652913,0.0,0.9475510383566259
2025-11-26,9,Wednesday,7.982267546490701,77824.0,0.0,2.3247606040035182,2.3247606040035182,5.889579688449296,0.0,0.9475117426788815
2025-11-26,10,Wednesday,8.111013797240552,77824.0,0.0,3.5788681454211058,3.5788681454211058,4.889545183618958,0.0,0.9398281763858489
2025-11-26,11,Wednesday,8.111013797240552,77824.0,0.0,4.464308946358507,4.464308946358507,4.125114628155364,0.0,0.9321655955418608
2025-11-26,12,Wednesday,8.258152369526094,77824.0,0.0,4.657912015445336,4.657912015445336,4.133304308059863,0.0,0.9303670011656753
2025-11-26,13,Wednesday,8.258152369526094,77824.0,0.0,4.153431871998374,4.153431871998374,4.587147211993884,0.0,0.9349740104920353
2025-11-26,14,Wednesday,8.111013797240552,77824.0,0.0,3.0469678132204945,3.0469678132204945,5.404619866881985,0.0,0.9437518024483671
2025-11-26,15,Wednesday,8.111013797240552,77824.0,0.0,1.8437655587285244,1.8437655587285244,6.4579595813654,0.0,0.9480717283867797
2025-11-26,16,Wednesday,7.982267546490701,77824.0,0.0,0.8512060324886582,0.8512060324886582,7.215613390777664,0.0,0.9316395958964577
2025-11-26,17,Wednesday,7.982267546490701,77824.0,0.0,0.043873087043413306,0.043873087043413306,7.943437336661038,0.0,0.0
2025-11-26,18,Wednesday,7.835128974205158,77824.0,0.0,0.0,0.0,7.835128974205158,0.0,0.0
2025-11-26,19,Wednesday,7.7063827234553095,77824.0,0.0,0.0,0.0,7.7063827234553095,0.0,0.0
2025-11-26,20,Wednesday,7.559244151169766,77824.0,0.0,0.0,0.0,7.559244151169766,0.0,0.0
2025-11-26,21,Wednesday,7.283359328134372,77824.0,0.0,0.0,0.0,7.283359328134372,0.0,0.0
2025-11-26,22,Wednesday,7.1362207558488295,77824.0,0.0,0.0,0.0,7.1362207558488295,0.0,0.0
2025-11-26,23,Wednesday,7.00747450509898,77824.0,0.0,0.0,0.0,7.00747450509898,0.0,0.0
2025-11-27,0,Thursday,7.00747450509898,77824.0,0.0,0.0,0.0,7.00747450509898,0.0,0.0
2025-11-27,1,Thursday,7.00747450509898,77824.0,0.0,0.0,0.0,7.00747450509898,0.0,0.0
2025-11-27,2,Thursday,7.1362207558488295,77824.0,0.0,0.0,0.0,7.1362207558488295,0.0,0.0
2025-11-27,3,Thursday,7.283359328134372,77824.0,0.0,0.0,0.0,7.283359328134372,0.0,0.0
2025-11-27,4,Thursday,7.283359328134372,77824.0,0.0,0.0,0.0,7.283359328134372,0.0,0.0
2025-11-27,5,Thursday,7.412105578884224,77824.0,0.0,0.0,0.0,7.412105578884224,0.0,0.0
2025-11-27,6,Thursday,7.7063827234553095,77824.0,0.0,0.0,0.0,7.7063827234553095,0.0,0.0
2025-11-27,7,Thursday,7.7063827234553095,77824.0,0.0,0.278934298790796,0.278934298790796,7.462594146312154,0.0,0.8324159191826401
2025-11-27,8,Thursday,7.982267546490701,77824.0,0.0,1.5229169145815002,1.5229169145815002,6.777952277365059,0.0,0.9467161105680294
2025-11-27,9,Thursday,7.982267546490701,77824.0,0.0,2.4276282386672747,2.4276282386672747,5.798906520675313,0.0,0.9471387442268702
2025-11-27,10,Thursday,8.111013797240552,77824.0,0.0,3.636919435037292,3.636919435037292,4.83857985601281,0.0,0.9393620675326576
2025-11-27,11,Thursday,8.111013797240552,77824.0,0.0,4.363465332532455,4.363465332532455,4.217083671684529,0.0,0.933088086473325
2025-11-27,12,Thursday,8.258152369526094,77824.0,0.0,4.531195985130631,4.531195985130631,4.241547627885,0.0,0.931548153968584
2025-11-27,13,Thursday,8.258152369526094,77824.0,0.0,4.08760705738446,4.08760705738446,4.640739701493417,0.0,0.9355543079610273
2025-11-27,14,Thursday,8.111013797240552,77824.0,0.0,3.0646662495347923,3.0646662495347923,5.387210170636265,0.0,0.9436331953145406
2025-11-27,15,Thursday,8.111013797240552,77824.0,0.0,2.0075302935421777,2.0075302935421777,6.311360182933907,0.0,0.9481459524392052
2025-11-27,16,Thursday,7.982267546490701,77824.0,0.0,0.9627451641480609,0.9627451641480609,7.115085762404169,0.0,0.9363395843929969
2025-11-27,17,Thursday,7.982267546490701,77824.0,0.0,0.0329839639578283,0.0329839639578283,7.95292756494199,0.0,0.0
2025-11-27,18,Thursday,7.835128974205158,77824.0,0.0,0.0,0.0,7.835128974205158,0.0,0.0
2025-11-27,19,Thursday,6.0,71302.26086956522,0.0,0.0,0.0,0.0,6.521739130434782,0.9082345737162401
2025-11-27,20,Thursday,6.0,64696.038013007696,0.0,0.0,0.0,0.0,6.606222856557519,0.9073024996154092
2025-11-27,21,Thursday,6.0,58083.02856737815,0.0,0.0,0.0,0.0,6.613009445629547,0.9072275353639845
2025-11-27,22,Thursday,6.0,51469.47268848525,0.0,0.0,0.0,0.0,6.613555878892904,0.907221498917243
2025-11-27,23,Thursday,6.0,44855.872804486775,0.0,0.0,0.0,0.0,6.613599883998474,0.9072210127892202
2025-11-28,0,Friday,6.0,38242.26937663714,0.0,0.0,0.0,0.0,6.613603427849631,0.9072209736399804
2025-11-28,1,Friday,6.0,31628.665663391166,0.0,0.0,0.0,0.0,6.613603713245971,0.9072209704871814
2025-11-28,2,Friday,6.0,25015.06192716142,0.0,0.0,0.0,0.0,6.613603736229747,0.9072209702332776
2025-11-28,3,Friday,7.283359328134372,25015.06192716142,0.0,0.0,0.0,7.283359328134372,0.0,0.0
2025-11-28,4,Friday,7.283359328134372,25015.06192716142,0.0,0.0,0.0,7.283359328134372,0.0,0.0
2025-11-28,5,Friday,7.412105578884224,25015.06192716142,0.0,0.0,0.0,7.412105578884224,0.0,0.0
2025-11-28,6,Friday,7.7063827234553095,25015.06192716142,0.0,0.0,0.0,7.7063827234553095,0.0,0.0
2025-11-28,7,Friday,7.7063827234553095,25148.19043631982,0.15728793615122674,0.0,0.15728793615122674,7.7063827234553095,0.0,0.0
2025-11-28,8,Friday,7.982267546490701,26241.14164071458,1.2912939560429622,0.0,1.2912939560429622,7.982267546490701,0.0,0.0
2025-11-28,9,Friday,7.982267546490701,28126.575526527005,2.227592020099747,0.0,2.227592020099747,7.982267546490701,0.0,0.0
2025-11-28,10,Friday,8.111013797240552,30622.594153709557,2.948982309998286,0.0,2.948982309998286,8.111013797240552,0.0,0.0
2025-11-28,11,Friday,8.111013797240552,33551.91399939539,3.460916641878346,0.0,3.460916641878346,8.111013797240552,0.0,0.0
2025-11-28,12,Friday,8.258152369526094,36375.7890378811,3.3363362931069367,0.0,3.3363362931069367,8.258152369526094,0.0,0.0
2025-11-28,13,Friday,8.258152369526094,38992.7636180993,3.091888681732272,0.0,3.091888681732272,8.258152369526094,0.0,0.0
2025-11-28,14,Friday,8.111013797240552,41081.03905333062,2.467244134252511,0.0,2.467244134252511,8.111013797240552,0.0,0.0
2025-11-28,15,Friday,8.111013797240552,42551.67553532579,1.7375194730566763,0.0,1.7375194730566763,8.111013797240552,0.0,0.0
2025-11-28,16,Friday,7.982267546490701,43227.2639835159,0.7981905106215823,0.0,0.7981905106215823,7.982267546490701,0.0,0.0
2025-11-28,17,Friday,7.982267546490701,43246.17007306627,0.02233706232322079,0.0,0.02233706232322079,7.982267546490701,0.0,0.0
2025-11-28,18,Friday,7.835128974205158,43246.17007306627,0.0,0.0,0.0,7.835128974205158,0.0,0.0
2025-11-28,19,Friday,7.7063827234553095,43246.17007306627,0.0,0.0,0.0,7.7063827234553095,0.0,0.0
2025-11-28,20,Friday,7.559244151169766,43246.17007306627,0.0,0.0,0.0,7.559244151169766,0.0,0.0
2025-11-28,21,Friday,7.283359328134372,43246.17007306627,0.0,0.0,0.0,7.283359328134372,0.0,0.0
2025-11-28,22,Friday,7.1362207558488295,43246.17007306627,0.0,0.0,0.0,7.1362207558488295,0.0,0.0
2025-11-28,23,Friday,7.00747450509898,43246.17007306627,0.0,0.0,0.0,7.00747450509898,0.0,0.0
2025-11-29,0,Saturday,7.00747450509898,43246.17007306627,0.0,0.0,0.0,7.00747450509898,0.0,0.0
2025-11-29,1,Saturday,7.00747450509898,43246.17007306627,0.0,0.0,0.0,7.00747450509898,0.0,0.0
2025-11-29,2,Saturday,7.1362207558488295,43246.17007306627,0.0,0.0,0.0,7.1362207558488295,0.0,0.0
2025-11-29,3,Saturday,7.283359328134372,43246.17007306627,0.0,0.0,0.0,7.283359328134372,0.0,0.0
2025-11-29,4,Saturday,7.283359328134372,43246.17007306627,0.0,0.0,0.0,7.283359328134372,0.0,0.0
2025-11-29,5,Saturday,7.412105578884224,43246.17007306627,0.0,0.0,0.0,7.412105578884224,0.0,0.0
2025-11-29,6,Saturday,7.7063827234553095,43246.17007306627,0.0,0.0,0.0,7.7063827234553095,0.0,0.0
2025-11-29,7,Saturday,7.7063827234553095,43439.05166269579,0.2278846758382705,0.0,0.2278846758382705,7.7063827234553095,0.0,0.0
2025-11-29,8,Saturday,7.982267546490701,44793.27031338808,1.599974776337774,0.0,1.599974776337774,7.982267546490701,0.0,0.0
2025-11-29,9,Saturday,7.982267546490701,46789.93086774922,2.359003490502294,0.0,2.359003490502294,7.982267546490701,0.0,0.0
2025-11-29,10,Saturday,8.111013797240552,49784.84285704416,3.538412085650925,0.0,3.538412085650925,8.111013797240552,0.0,0.0
2025-11-29,11,Saturday,8.111013797240552,53495.46703143265,4.38400776747223,0.0,4.38400776747223,8.111013797240552,0.0,0.0
2025-11-29,12,Saturday,8.258152369526094,57378.468600000655,4.587667259650284,0.0,4.587667259650284,8.258152369526094,0.0,0.0
2025-11-29,13,Saturday,8.258152369526094,60853.810690770384,4.106027990039848,0.0,4.106027990039848,8.258152369526094,0.0,0.0
2025-11-29,14,Saturday,8.111013797240552,63434.87907605802,3.0494664287424915,0.0,3.0494664287424915,8.111013797240552,0.0,0.0
2025-11-29,15,Saturday,8.111013797240552,65012.21846269341,1.8635862318470993,0.0,1.8635862318470993,8.111013797240552,0.0,0.0
2025-11-29,16,Saturday,7.982267546490701,65736.96479254219,0.8562692932995881,0.0,0.8562692932995881,7.982267546490701,0.0,0.0
2025-11-29,17,Saturday,7.982267546490701,65774.94403469203,0.04487150537553232,0.0,0.04487150537553232,7.982267546490701,0.0,0.0
2025-11-29,18,Saturday,7.835128974205158,65774.94403469203,0.0,0.0,0.0,7.835128974205158,0.0,0.0
2025-11-29,19,Saturday,7.7063827234553095,65774.94403469203,0.0,0.0,0.0,7.7063827234553095,0.0,0.0
2025-11-29,20,Saturday,7.559244151169766,65774.94403469203,0.0,0.0,0.0,7.559244151169766,0.0,0.0
2025-11-29,21,Saturday,7.283359328134372,65774.94403469203,0.0,0.0,0.0,7.283359328134372,0.0,0.0
2025-11-29,22,Saturday,7.1362207558488295,65774.94403469203,0.0,0.0,0.0,7.1362207558488295,0.0,0.0
2025-11-29,23,Saturday,7.00747450509898,65774.94403469203,0.0,0.0,0.0,7.00747450509898,0.0,0.0
2025-11-30,0,Sunday,7.00747450509898,65774.94403469203,0.0,0.0,0.0,7.00747450509898,0.0,0.0
2025-11-30,1,Sunday,7.00747450509898,65774.94403469203,0.0,0.0,0.0,7.00747450509898,0.0,0.0
2025-11-30,2,Sunday,7.1362207558488295,65774.94403469203,0.0,0.0,0.0,7.1362207558488295,0.0,0.0
2025-11-30,3,Sunday,7.283359328134372,65774.94403469203,0.0,0.0,0.0,7.283359328134372,0.0,0.0
2025-11-30,4,Sunday,7.283359328134372,65774.94403469203,0.0,0.0,0.0,7.283359328134372,0.0,0.0
2025-11-30,5,Sunday,7.412105578884224,65774.94403469203,0.0,0.0,0.0,7.412105578884224,0.0,0.0
2025-11-30,6,Sunday,7.7063827234553095,65774.94403469203,0.0,0.0,0.0,7.7063827234553095,0.0,0.0
2025-11-30,7,Sunday,7.7063827234553095,65889.90701488781,0.135825827263457,0.0,0.135825827263457,7.7063827234553095,0.0,0.0
2025-11-30,8,Sunday,7.982267546490701,66993.51747170152,1.3038875907534453,0.0,1.3038875907534453,7.982267546490701,0.0,0.0
2025-11-30,9,Sunday,7.982267546490701,69007.67692885835,2.379677997586033,0.0,2.379677997586033,7.982267546490701,0.0,0.0
2025-11-30,10,Sunday,8.111013797240552,71662.34780630759,3.136425894906958,0.0,3.136425894906958,8.111013797240552,0.0,0.0
2025-11-30,11,Sunday,8.111013797240552,74702.39357526964,3.591736494520378,0.0,3.591736494520378,8.111013797240552,0.0,0.0
2025-11-30,12,Sunday,8.258152369526094,77824.0,3.6880983278950366,0.015701642857780307,3.703799970752817,8.244429133668394,0.0,0.0
2025-11-30,13,Sunday,8.258152369526094,77824.0,0.0,3.492882520412523,3.492882520412523,5.2053730466855495,0.0,0.9405066252469806
2025-11-30,14,Sunday,8.111013797240552,77824.0,0.0,2.962494133326357,2.962494133326357,5.46408070557424,0.0,0.9443042195724108
2025-11-30,15,Sunday,8.111013797240552,77824.0,0.0,1.8956773062857046,1.8956773062857046,6.410422521930963,0.0,0.9481315632673128
2025-11-30,16,Sunday,7.982267546490701,77824.0,0.0,0.8348951074359249,0.8348951074359249,7.230256663282119,0.0,0.9308185700164561
2025-11-30,17,Sunday,7.982267546490701,77824.0,0.0,0.02236542648038326,0.02236542648038326,7.962490299911137,0.0,0.0
2025-11-30,18,Sunday,7.835128974205158,77824.0,0.0,0.0,0.0,7.835128974205158,0.0,0.0
2025-11-30,19,Sunday,7.7063827234553095,77824.0,0.0,0.0,0.0,7.7063827234553095,0.0,0.0
2025-11-30,20,Sunday,7.559244151169766,77824.0,0.0,0.0,0.0,7.559244151169766,0.0,0.0
2025-11-30,21,Sunday,7.283359328134372,77824.0,0.0,0.0,0.0,7.283359328134372,0.0,0.0
2025-11-30,22,Sunday,7.1362207558488295,77824.0,0.0,0.0,0.0,7.1362207558488295,0.0,0.0
2025-11-30,23,Sunday,7.00747450509898,77824.0,0.0,0.0,0.0,7.00747450509898,0.0,0.0
2025-12-01,0,Monday,7.00747450509898,77824.0,0.0,0.0,0.0,7.00747450509898,0.0,0.0
2025-12-01,1,Monday,7.00747450509898,77824.0,0.0,0.0,0.0,7.00747450509898,0.0,0.0
2025-12-01,2,Monday,7.1362207558488295,77824.0,0.0,0.0,0.0,7.1362207558488295,0.0,0.0
2025-12-01,3,Monday,7.283359328134372,77824.0,0.0,0.0,0.0,7.283359328134372,0.0,0.0
2025-12-01,4,Monday,7.283359328134372,77824.0,0.0,0.0,0.0,7.283359328134372,0.0,0.0
2025-12-01,5,Monday,7.412105578884224,77824.0,0.0,0.0,0.0,7.412105578884224,0.0,0.0
2025-12-01,6,Monday,7.7063827234553095,77824.0,0.0,0.0,0.0,7.7063827234553095,0.0,0.0
2025-12-01,7,Monday,7.7063827234553095,77824.0,0.0,0.19249189138175263,0.19249189138175263,7.538144810387657,0.0,0.7627668055936547
2025-12-01,8,Monday,7.982267546490701,77824.0,0.0,1.375007514997978,1.375007514997978,6.985897961102538,0.0,0.9453032945053773
2025-12-01,9,Monday,7.982267546490701,77824.0,0.0,2.505179457576957,2.505179457576957,5.732520871644744,0.0,0.9468141245786034
2025-12-01,10,Monday,8.111013797240552,77824.0,0.0,3.5679567994264163,3.5679567994264163,4.901731498336515,0.0,0.9399150755287327
2025-12-01,11,Monday,8.111013797240552,77824.0,0.0,4.181045811449464,4.181045811449464,4.377677207065819,0.0,0.9347289771420743
2025-12-01,12,Monday,8.258152369526094,77824.0,0.0,4.57618164701591,4.57618164701591,4.194537258901155,0.0,0.931130501158688
2025-12-01,13,Monday,8.258152369526094,77824.0,0.0,2.9117169398940534,2.9117169398940534,5.682523338724092,0.0,0.9446248138530324
2025-12-01,14,Monday,8.111013797240552,77824.0,0.0,3.2202288153672716,3.2202288153672716,5.221201154224097,0.0,0.9425513580628349
2025-12-01,15,Monday,8.111013797240552,77824.0,0.0,2.2006862675925865,2.2006862675925865,6.140466958560411,0.0,0.9478621688121365
2025-12-01,16,Monday,7.982267546490701,77824.0,0.0,0.9812847277361239,0.9812847277361239,7.098651009749221,0.0,0.9369892228650256
2025-12-01,17,Monday,7.982267546490701,77824.0,0.0,0.022308698166058318,0.022308698166058318,7.962409687220843,0.0,0.0
2025-12-01,18,Monday,7.835128974205158,77824.0,0.0,0.0,0.0,7.835128974205158,0.0,0.0
2025-12-01,19,Monday,7.7063827234553095,77824.0,0.0,0.0,0.0,7.7063827234553095,0.0,0.0
2025-12-01,20,Monday,7.559244151169766,77824.0,0.0,0.0,0.0,7.559244151169766,0.0,0.0
2025-12-01,21,Monday,7.283359328134372,77824.0,0.0,0.0,0.0,7.283359328134372,0.0,0.0
2025-12-01,22,Monday,7.1362207558488295,77824.0,0.0,0.0,0.0,7.1362207558488295,0.0,0.0
2025-12-01,23,Monday,7.00747450509898,77824.0,0.0,0.0,0.0,7.00747450509898,0.0,0.0
2025-12-02,0,Tuesday,7.00747450509898,77824.0,0.0,0.0,0.0,7.00747450509898,0.0,0.0
2025-12-02,1,Tuesday,7.00747450509898,77824.0,0.0,0.0,0.0,7.00747450509898,0.0,0.0
2025-12-02,2,Tuesday,7.1362207558488295,77824.0,0.0,0.0,0.0,7.1362207558488295,0.0,0.0
2025-12-02,3,Tuesday,7.283359328134372,77824.0,0.0,0.0,0.0,7.283359328134372,0.0,0.0
2025-12-02,4,Tuesday,7.283359328134372,77824.0,0.0,0.0,0.0,7.283359328134372,0.0,0.0
2025-12-02,5,Tuesday,7.412105578884224,77824.0,0.0,0.0,0.0,7.412105578884224,0.0,0.0
2025-12-02,6,Tuesday,7.7063827234553095,77824.0,0.0,0.0,0.0,7.7063827234553095,0.0,0.0
2025-12-02,7,Tuesday,7.7063827234553095,77824.0,0.0,0.04537071454159183,0.04537071454159183,7.666728718945958,0.0,0.025363283155111695
2025-12-02,8,Tuesday,7.982267546490701,77824.0,0.0,0.5079493153205571,0.5079493153205571,7.970028447293426,0.0,0.9007215009811815
2025-12-02,9,Tuesday,7.982267546490701,77824.0,0.0,0.6758153787099493,0.6758153787099493,7.4039821763077995,0.0,0.9202623669374412
2025-12-02,10,Tuesday,8.111013797240552,77824.0,0.0,1.2324194998911637,1.2324194998911637,7.033571975512338,0.0,0.9432371172486391
2025-12-02,11,Tuesday,8.111013797240552,77824.0,0.0,1.053911381636585,1.053911381636585,7.166629880462651,0.0,0.9392423494939316
2025-12-02,12,Tuesday,8.258152369526094,77824.0,0.0,1.0867477378741566,1.0867477378741566,7.288468845829363,0.0,0.940125859232491
2025-12-02,13,Tuesday,8.258152369526094,77824.0,0.0,4.327227727901217,4.327227727901217,4.393420618027692,0.0,0.9334169930640764
2025-12-02,14,Tuesday,8.111013797240552,77824.0,0.0,3.326094190343245,3.326094190343245,5.161612601332371,0.0,0.9417781408372145
2025-12-02,15,Tuesday,8.111013797240552,77824.0,0.0,2.2236047705646413,2.2236047705646413,6.121578548800381,0.0,0.947806380570884
2025-12-02,16,Tuesday,7.982267546490701,77824.0,0.0,1.0785306406104715,1.0785306406104715,7.011141234819483,0.0,0.9399119514253894
2025-12-02,17,Tuesday,7.982267546490701,77824.0,0.0,0.06721190378809248,0.06721190378809248,7.922252938424643,0.0,0.3393526526047054
2025-12-02,18,Tuesday,7.835128974205158,77824.0,0.0,0.0,0.0,7.835128974205158,0.0,0.0
2025-12-02,19,Tuesday,7.7063827234553095,77824.0,0.0,0.0,0.0,7.7063827234553095,0.0,0.0
2025-12-02,20,Tuesday,7.559244151169766,77824.0,0.0,0.0,0.0,7.559244151169766,0.0,0.0
2025-12-02,21,Tuesday,7.283359328134372,77824.0,0.0,0.0,0.0,7.283359328134372,0.0,0.0
2025-12-02,22,Tuesday,7.1362207558488295,77824.0,0.0,0.0,0.0,7.1362207558488295,0.0,0.0
2025-12-02,23,Tuesday,7.00747450509898,77824.0,0.0,0.0,0.0,7.00747450509898,0.0,0.0
2025-12-03,0,Wednesday,7.00747450509898,77824.0,0.0,0.0,0.0,7.00747450509898,0.0,0.0
2025-12-03,1,Wednesday,7.00747450509898,77824.0,0.0,0.0,0.0,7.00747450509898,0.0,0.0
2025-12-03,2,Wednesday,7.1362207558488295,77824.0,0.0,0.0,0.0,7.1362207558488295,0.0,0.0
2025-12-03,3,Wednesday,7.283359328134372,77824.0,0.0,0.0,0.0,7.283359328134372,0.0,0.0
2025-12-03,4,Wednesday,7.283359328134372,77824.0,0.0,0.0,0.0,7.283359328134372,0.0,0.0
2025-12-03,5,Wednesday,7.412105578884224,77824.0,0.0,0.0,0.0,7.412105578884224,0.0,0.0
2025-12-03,6,Wednesday,7.7063827234553095,77824.0,0.0,0.0,0.0,7.7063827234553095,0.0,0.0
2025-12-03,7,Wednesday,7.7063827234553095,77824.0,0.0,0.1566128692107599,0.1566128692107599,7.569503075765105,0.0,0.7109596045898267
2025-12-03,8,Wednesday,7.982267546490701,77824.0,0.0,1.3743111504924137,1.3743111504924137,7.054041819960099,0.0,0.9452950652499914
2025-12-03,9,Wednesday,7.982267546490701,77824.0,0.0,2.6355754938634233,2.6355754938634233,5.615440863469943,0.0,0.9461940823371712
2025-12-03,10,Wednesday,8.111013797240552,77824.0,0.0,3.664383059631374,3.664383059631374,4.817157109122759,0.0,0.9391393946208517
2025-12-03,11,Wednesday,8.111013797240552,77824.0,0.0,4.054235893663931,4.054235893663931,4.493895786556164,0.0,0.9358463909819276
2025-12-03,12,Wednesday,8.258152369526094,77824.0,0.0,3.8688879458710637,3.8688879458710637,4.818501789332022,0.0,0.9374409189638749
2025-12-03,13,Wednesday,8.258152369526094,77824.0,0.0,3.7049089251427834,3.7049089251427834,4.958675803435947,0.0,0.9388083657734841
2025-12-03,14,Wednesday,8.111013797240552,77824.0,0.0,3.1931360307305097,3.1931360307305097,5.26315811947314,0.0,0.9427446167683714
2025-12-03,15,Wednesday,8.111013797240552,77824.0,0.0,2.127806834274675,2.127806834274675,6.205334280631923,0.0,0.9480101536714193
2025-12-03,16,Wednesday,7.982267546490701,77824.0,0.0,0.8944834144256559,0.8944834144256559,7.176687155282809,0.0,0.9336400171299091
2025-12-03,17,Wednesday,7.982267546490701,77824.0,0.0,0.02196265544867616,0.02196265544867616,7.962787593181846,0.0,0.0
2025-12-03,18,Wednesday,7.835128974205158,77824.0,0.0,0.0,0.0,7.835128974205158,0.0,0.0
2025-12-03,19,Wednesday,7.7063827234553095,77824.0,0.0,0.0,0.0,7.7063827234553095,0.0,0.0
2025-12-03,20,Wednesday,7.559244151169766,77824.0,0.0,0.0,0.0,7.559244151169766,0.0,0.0
2025-12-03,21,Wednesday,7.283359328134372,77824.0,0.0,0.0,0.0,7.283359328134372,0.0,0.0
2025-12-03,22,Wednesday,7.1362207558488295,77824.0,0.0,0.0,0.0,7.1362207558488295,0.0,0.0
2025-12-03,23,Wednesday,7.00747450509898,77824.0,0.0,0.0,0.0,7.00747450509898,0.0,0.0
2025-12-04,0,Thursday,7.00747450509898,77824.0,0.0,0.0,0.0,7.00747450509898,0.0,0.0
2025-12-04,1,Thursday,7.00747450509898,77824.0,0.0,0.0,0.0,7.00747450509898,0.0,0.0
2025-12-04,2,Thursday,7.1362207558488295,77824.0,0.0,0.0,0.0,7.1362207558488295,0.0,0.0
2025-12-04,3,Thursday,7.283359328134372,77824.0,0.0,0.0,0.0,7.283359328134372,0.0,0.0
2025-12-04,4,Thursday,7.283359328134372,77824.0,0.0,0.0,0.0,7.283359328134372,0.0,0.0
2025-12-04,5,Thursday,7.412105578884224,77824.0,0.0,0.0,0.0,7.412105578884224,0.0,0.0
2025-12-04,6,Thursday,7.7063827234553095,77824.0,0.0,0.0,0.0,7.7063827234553095,0.0,0.0
2025-12-04,7,Thursday,7.7063827234553095,77824.0,0.0,0.04456517247817762,0.04456517247817762,7.667432762709383,0.0,0.007893258562971591
2025-12-04,8,Thursday,7.982267546490701,77824.0,0.0,1.3935720005813406,1.3935720005813406,7.9718177135703305,0.0,0.9455167222376711
2025-12-04,9,Thursday,7.982267546490701,77824.0,0.0,2.3580902947906544,2.3580902947906544,5.8641344305333245,0.0,0.9473985298556593
2025-12-04,10,Thursday,8.111013797240552,77824.0,0.0,0.49493016718298244,0.49493016718298244,7.665562490108698,0.0,0.8985978425295461
2025-12-04,11,Thursday,8.111013797240552,77824.0,0.0,2.1793093350947377,2.1793093350947377,6.2506072638559536,0.0,0.9479103089599682
2025-12-04,12,Thursday,8.258152369526094,77824.0,0.0,3.7747611545378033,3.7747611545378033,4.85892410789048,0.0,0.9382311885080136
2025-12-04,13,Thursday,8.258152369526094,77824.0,0.0,3.6805604945729566,3.6805604945729566,4.977596554687208,0.0,0.9390075977662874
2025-12-04,14,Thursday,8.111013797240552,77824.0,0.0,3.569190113472451,3.569190113472451,4.927091994538751,0.0,0.9399052647721887
2025-12-04,15,Thursday,8.111013797240552,77824.0,0.0,2.0480894631434503,2.0480894631434503,6.282254231564227,0.0,0.9481163734255128
2025-12-04,16,Thursday,7.982267546490701,77824.0,0.0,0.960614967008831,0.960614967008831,7.117031506650954,0.0,0.936262812237678
2025-12-04,17,Thursday,7.982267546490701,77824.0,0.0,0.04385039571768333,0.04385039571768333,7.943264826418947,0.0,0.0
2025-12-04,18,Thursday,7.835128974205158,77824.0,0.0,0.0,0.0,7.835128974205158,0.0,0.0
2025-12-04,19,Thursday,6.0,71302.26086956522,0.0,0.0,0.0,0.0,6.521739130434782,0.9082345737162401
2025-12-04,20,Thursday,6.0,64696.038013007696,0.0,0.0,0.0,0.0,6.606222856557519,0.9073024996154092
2025-12-04,21,Thursday,6.0,58083.02856737815,0.0,0.0,0.0,0.0,6.613009445629547,0.9072275353639845
2025-12-04,22,Thursday,6.0,51469.47268848525,0.0,0.0,0.0,0.0,6.613555878892904,0.907221498917243
2025-12-04,23,Thursday,6.0,44855.872804486775,0.0,0.0,0.0,0.0,6.613599883998474,0.9072210127892202
2025-12-05,0,Friday,6.0,38242.26937663714,0.0,0.0,0.0,0.0,6.613603427849631,0.9072209736399804
2025-12-05,1,Friday,6.0,31628.665663391166,0.0,0.0,0.0,0.0,6.613603713245971,0.9072209704871814
2025-12-05,2,Friday,6.0,25015.06192716142,0.0,0.0,0.0,0.0,6.613603736229747,0.9072209702332776
2025-12-05,3,Friday,7.283359328134372,25015.06192716142,0.0,0.0,0.0,7.283359328134372,0.0,0.0
2025-12-05,4,Friday,7.283359328134372,25015.06192716142,0.0,0.0,0.0,7.283359328134372,0.0,0.0
2025-12-05,5,Friday,7.412105578884224,25015.06192716142,0.0,0.0,0.0,7.412105578884224,0.0,0.0
2025-12-05,6,Friday,7.7063827234553095,25015.06192716142,0.0,0.0,0.0,7.7063827234553095,0.0,0.0
2025-12-05,7,Friday,7.7063827234553095,25062.412323739507,0.05594328518205364,0.0,0.05594328518205364,7.7063827234553095,0.0,0.0
2025-12-05,8,Friday,7.982267546490701,25571.492513794237,0.6014652529001983,0.0,0.6014652529001983,7.982267546490701,0.0,0.0
2025-12-05,9,Friday,7.982267546490701,26257.638076828647,0.8106634723941523,0.0,0.8106634723941523,7.982267546490701,0.0,0.0
2025-12-05,10,Friday,8.111013797240552,26943.25787730763,0.810042297352294,0.0,0.810042297352294,8.111013797240552,0.0,0.0
2025-12-05,11,Friday,8.111013797240552,27507.345564382365,0.6664552068463335,0.0,0.6664552068463335,8.111013797240552,0.0,0.0
2025-12-05,12,Friday,8.258152369526094,28183.452572901115,0.7988031764162917,0.0,0.7988031764162917,8.258152369526094,0.0,0.0
2025-12-05,13,Friday,8.258152369526094,31611.14353238618,4.049729394476685,0.0,4.049729394476685,8.258152369526094,0.0,0.0
2025-12-05,14,Friday,8.111013797240552,34356.35156610033,3.2433932345394014,0.0,3.2433932345394014,8.111013797240552,0.0,0.0
2025-12-05,15,Friday,8.111013797240552,36233.225958523966,2.2174791970978704,0.0,2.2174791970978704,8.111013797240552,0.0,0.0
2025-12-05,16,Friday,7.982267546490701,37067.72948050042,0.9859446148114953,0.0,0.9859446148114953,7.982267546490701,0.0,0.0
2025-12-05,17,Friday,7.982267546490701,37077.130432745056,0.011106985166162838,0.0,0.011106985166162838,7.982267546490701,0.0,0.0
2025-12-05,18,Friday,7.835128974205158,37077.130432745056,0.0,0.0,0.0,7.835128974205158,0.0,0.0
2025-12-05,19,Friday,7.7063827234553095,37077.130432745056,0.0,0.0,0.0,7.7063827234553095,0.0,0.0
2025-12-05,20,Friday,7.559244151169766,37077.130432745056,0.0,0.0,0.0,7.559244151169766,0.0,0.0
2025-12-05,21,Friday,7.283359328134372,37077.130432745056,0.0,0.0,0.0,7.283359328134372,0.0,0.0
2025-12-05,22,Friday,7.1362207558488295,37077.130432745056,0.0,0.0,0.0,7.1362207558488295,0.0,0.0
2025-12-05,23,Friday,7.00747450509898,37077.130432745056,0.0,0.0,0.0,7.00747450509898,0.0,0.0
2025-12-06,0,Saturday,7.00747450509898,37077.130432745056,0.0,0.0,0.0,7.00747450509898,0.0,0.0
2025-12-06,1,Saturday,7.00747450509898,37077.130432745056,0.0,0.0,0.0,7.00747450509898,0.0,0.0
2025-12-06,2,Saturday,7.1362207558488295,37077.130432745056,0.0,0.0,0.0,7.1362207558488295,0.0,0.0
2025-12-06,3,Saturday,7.283359328134372,37077.130432745056,0.0,0.0,0.0,7.283359328134372,0.0,0.0
2025-12-06,4,Saturday,7.283359328134372,37077.130432745056,0.0,0.0,0.0,7.283359328134372,0.0,0.0
2025-12-06,5,Saturday,7.412105578884224,37077.130432745056,0.0,0.0,0.0,7.412105578884224,0.0,0.0
2025-12-06,6,Saturday,7.7063827234553095,37077.130432745056,0.0,0.0,0.0,7.7063827234553095,0.0,0.0
2025-12-06,7,Saturday,7.7063827234553095,37162.89686350298,0.1013308491941426,0.0,0.1013308491941426,7.7063827234553095,0.0,0.0
2025-12-06,8,Saturday,7.982267546490701,38105.00422247644,1.113075802189818,0.0,1.113075802189818,7.982267546490701,0.0,0.0
2025-12-06,9,Saturday,7.982267546490701,39811.750511228674,2.0164771842535885,0.0,2.0164771842535885,7.982267546490701,0.0,0.0
2025-12-06,10,Saturday,8.111013797240552,42246.1714837141,2.8762062529364703,0.0,2.8762062529364703,8.111013797240552,0.0,0.0
2025-12-06,11,Saturday,8.111013797240552,45054.14536935818,3.31754948681957,0.0,3.31754948681957,8.111013797240552,0.0,0.0
2025-12-06,12,Saturday,8.258152369526094,47932.82084036156,3.401081605627811,0.0,3.401081605627811,8.258152369526094,0.0,0.0
2025-12-06,13,Saturday,8.258152369526094,50473.682206245016,3.0019628613934963,0.0,3.0019628613934963,8.258152369526094,0.0,0.0
2025-12-06,14,Saturday,8.111013797240552,52651.920790852986,2.573533299395044,0.0,2.573533299395044,8.111013797240552,0.0,0.0
2025-12-06,15,Saturday,8.111013797240552,53980.46665487586,1.5696430340534928,0.0,1.5696430340534928,8.111013797240552,0.0,0.0
2025-12-06,16,Saturday,7.982267546490701,54656.377469899766,0.7985713788089627,0.0,0.7985713788089627,7.982267546490701,0.0,0.0
2025-12-06,17,Saturday,7.982267546490701,54675.23074312037,0.02227466117746335,0.0,0.02227466117746335,7.982267546490701,0.0,0.0
2025-12-06,18,Saturday,7.835128974205158,54675.23074312037,0.0,0.0,0.0,7.835128974205158,0.0,0.0
2025-12-06,19,Saturday,7.7063827234553095,54675.23074312037,0.0,0.0,0.0,7.7063827234553095,0.0,0.0
2025-12-06,20,Saturday,7.559244151169766,54675.23074312037,0.0,0.0,0.0,7.559244151169766,0.0,0.0
2025-12-06,21,Saturday,7.283359328134372,54675.23074312037,0.0,0.0,0.0,7.283359328134372,0.0,0.0
2025-12-06,22,Saturday,7.1362207558488295,54675.23074312037,0.0,0.0,0.0,7.1362207558488295,0.0,0.0
2025-12-06,23,Saturday,7.00747450509898,54675.23074312037,0.0,0.0,0.0,7.00747450509898,0.0,0.0
2025-12-07,0,Sunday,7.00747450509898,54675.23074312037,0.0,0.0,0.0,7.00747450509898,0.0,0.0
2025-12-07,1,Sunday,7.00747450509898,54675.23074312037,0.0,0.0,0.0,7.00747450509898,0.0,0.0
2025-12-07,2,Sunday,7.1362207558488295,54675.23074312037,0.0,0.0,0.0,7.1362207558488295,0.0,0.0
2025-12-07,3,Sunday,7.283359328134372,54675.23074312037,0.0,0.0,0.0,7.283359328134372,0.0,0.0
2025-12-07,4,Sunday,7.283359328134372,54675.23074312037,0.0,0.0,0.0,7.283359328134372,0.0,0.0
2025-12-07,5,Sunday,7.412105578884224,54675.23074312037,0.0,0.0,0.0,7.412105578884224,0.0,0.0
2025-12-07,6,Sunday,7.7063827234553095,54675.23074312037,0.0,0.0,0.0,7.7063827234553095,0.0,0.0
2025-12-07,7,Sunday,7.7063827234553095,54799.20278858656,0.14646980797044806,0.0,0.14646980797044806,7.7063827234553095,0.0,0.0
2025-12-07,8,Sunday,7.982267546490701,55818.63583214014,1.20443412518145,0.0,1.20443412518145,7.982267546490701,0.0,0.0
2025-12-07,9,Sunday,7.982267546490701,57787.44688171084,2.3261000113075414,0.0,2.3261000113075414,7.982267546490701,0.0,0.0
2025-12-07,10,Sunday,8.111013797240552,60692.85205338883,3.432662064836937,0.0,3.432662064836937,8.111013797240552,0.0,0.0
2025-12-07,11,Sunday,8.111013797240552,64177.615917620045,4.11715957494237,0.0,4.11715957494237,8.111013797240552,0.0,0.0
2025-12-07,12,Sunday,8.258152369526094,67779.29017729106,4.255286223618869,0.0,4.255286223618869,8.258152369526094,0.0,0.0
2025-12-07,13,Sunday,8.258152369526094,71086.05594231431,3.9068593632127304,0.0,3.9068593632127304,8.258152369526094,0.0,0.0
2025-12-07,14,Sunday,8.111013797240552,73658.00791400354,3.0386956187254484,0.0,3.0386956187254484,8.111013797240552,0.0,0.0
2025-12-07,15,Sunday,8.111013797240552,75357.81181931801,2.0082749353904585,0.0,2.0082749353904585,8.111013797240552,0.0,0.0
2025-12-07,16,Sunday,7.982267546490701,76150.04139711038,0.9359990285826746,0.0,0.9359990285826746,7.982267546490701,0.0,0.0
2025-12-07,17,Sunday,7.982267546490701,76215.34711777214,0.07715704236974037,0.0,0.07715704236974037,7.982267546490701,0.0,0.0
2025-12-07,18,Sunday,7.835128974205158,76215.34711777214,0.0,0.0,0.0,7.835128974205158,0.0,0.0
2025-12-07,19,Sunday,7.7063827234553095,76215.34711777214,0.0,0.0,0.0,7.7063827234553095,0.0,0.0
2025-12-07,20,Sunday,7.559244151169766,76215.34711777214,0.0,0.0,0.0,7.559244151169766,0.0,0.0
2025-12-07,21,Sunday,7.283359328134372,76215.34711777214,0.0,0.0,0.0,7.283359328134372,0.0,0.0
2025-12-07,22,Sunday,7.1362207558488295,76215.34711777214,0.0,0.0,0.0,7.1362207558488295,0.0,0.0
2025-12-07,23,Sunday,7.00747450509898,76215.34711777214,0.0,0.0,0.0,7.00747450509898,0.0,0.0
2025-12-08,0,Monday,7.00747450509898,76215.34711777214,0.0,0.0,0.0,7.00747450509898,0.0,0.0
2025-12-08,1,Monday,7.00747450509898,76215.34711777214,0.0,0.0,0.0,7.00747450509898,0.0,0.0
2025-12-08,2,Monday,7.1362207558488295,76215.34711777214,0.0,0.0,0.0,7.1362207558488295,0.0,0.0
2025-12-08,3,Monday,7.283359328134372,76215.34711777214,0.0,0.0,0.0,7.283359328134372,0.0,0.0
2025-12-08,4,Monday,7.283359328134372,76215.34711777214,0.0,0.0,0.0,7.283359328134372,0.0,0.0
2025-12-08,5,Monday,7.412105578884224,76215.34711777214,0.0,0.0,0.0,7.412105578884224,0.0,0.0
2025-12-08,6,Monday,7.7063827234553095,76215.34711777214,0.0,0.0,0.0,7.7063827234553095,0.0,0.0
2025-12-08,7,Monday,7.7063827234553095,76329.61868419641,0.1350089395371778,0.0,0.1350089395371778,7.7063827234553095,0.0,0.0
2025-12-08,8,Monday,7.982267546490701,77387.69930908483,1.2500952562481307,0.0,1.2500952562481307,7.982267546490701,0.0,0.0
2025-12-08,9,Monday,7.982267546490701,77824.0,0.5154781319886282,1.8581467614507408,2.373624893439369,6.358247276982754,0.0,0.9480919507002787
2025-12-08,10,Monday,8.111013797240552,77824.0,0.0,3.379517153837692,3.379517153837692,5.067125436973873,0.0,0.9413776370334016
2025-12-08,11,Monday,8.111013797240552,77824.0,0.0,4.072464118197207,4.072464118197207,4.468973481173341,0.0,0.9356870268450685
2025-12-08,12,Monday,8.258152369526094,77824.0,0.0,4.2892126807260595,4.2892126807260595,4.445459741828098,0.0,0.933760503252962
2025-12-08,13,Monday,8.258152369526094,77824.0,0.0,3.9499756497793177,3.9499756497793177,4.754237681479957,0.0,0.9367493170967681
2025-12-08,14,Monday,8.111013797240552,77824.0,0.0,2.9391009110807236,2.9391009110807236,5.495473064473863,0.0,0.9444530270136849
2025-12-08,15,Monday,8.111013797240552,77824.0,0.0,1.934573026385336,1.934573026385336,6.375256114029329,0.0,0.9481534777260904
2025-12-08,16,Monday,7.982267546490701,77824.0,0.0,1.1020620728137382,1.1020620728137382,6.98958975883275,0.0,0.9405122825455466
2025-12-08,17,Monday,7.982267546490701,77824.0,0.0,0.07701805799964426,0.07701805799964426,7.913452938440554,0.0,0.4223530455830578
2025-12-08,18,Monday,7.835128974205158,77824.0,0.0,0.0,0.0,7.835128974205158,0.0,0.0
2025-12-08,19,Monday,7.7063827234553095,77824.0,0.0,0.0,0.0,7.7063827234553095,0.0,0.0
2025-12-08,20,Monday,7.559244151169766,77824.0,0.0,0.0,0.0,7.559244151169766,0.0,0.0
2025-12-08,21,Monday,7.283359328134372,77824.0,0.0,0.0,0.0,7.283359328134372,0.0,0.0
2025-12-08,22,Monday,7.1362207558488295,77824.0,0.0,0.0,0.0,7.1362207558488295,0.0,0.0
2025-12-08,23,Monday,7.00747450509898,77824.0,0.0,0.0,0.0,7.00747450509898,0.0,0.0
2025-12-09,0,Tuesday,7.00747450509898,77824.0,0.0,0.0,0.0,7.00747450509898,0.0,0.0
2025-12-09,1,Tuesday,7.00747450509898,77824.0,0.0,0.0,0.0,7.00747450509898,0.0,0.0
2025-12-09,2,Tuesday,7.1362207558488295,77824.0,0.0,0.0,0.0,7.1362207558488295,0.0,0.0
2025-12-09,3,Tuesday,7.283359328134372,77824.0,0.0,0.0,0.0,7.283359328134372,0.0,0.0
2025-12-09,4,Tuesday,7.283359328134372,77824.0,0.0,0.0,0.0,7.283359328134372,0.0,0.0
2025-12-09,5,Tuesday,7.412105578884224,77824.0,0.0,0.0,0.0,7.412105578884224,0.0,0.0
2025-12-09,6,Tuesday,7.7063827234553095,77824.0,0.0,0.0,0.0,7.7063827234553095,0.0,0.0
2025-12-09,7,Tuesday,7.7063827234553095,77824.0,0.0,0.1467647952049378,0.1467647952049378,7.578110292446194,0.0,0.6922740868174504
2025-12-09,8,Tuesday,7.982267546490701,77824.0,0.0,1.1407766386978995,1.1407766386978995,7.232023945964295,0.0,0.941421989695153
2025-12-09,9,Tuesday,7.982267546490701,77824.0,0.0,2.3099258843384636,2.3099258843384636,5.916383275512562,0.0,0.9475596570392797
2025-12-09,10,Tuesday,8.111013797240552,77824.0,0.0,3.3802740641671556,3.3802740641671556,5.0681530309466005,0.0,0.9413719152393414
2025-12-09,11,Tuesday,8.111013797240552,77824.0,0.0,4.091776606653648,4.091776606653648,4.451724395350329,0.0,0.9355177124664085
2025-12-09,12,Tuesday,8.258152369526094,77824.0,0.0,4.324714861946271,4.324714861946271,4.414597382544512,0.0,0.9334397484944827
2025-12-09,13,Tuesday,8.258152369526094,77824.0,0.0,3.936151111018228,3.936151111018228,4.767700461576217,0.0,0.9368679056483453
2025-12-09,14,Tuesday,8.111013797240552,77824.0,0.0,2.9105811310365532,2.9105811310365532,5.520525251209435,0.0,0.9446318820226296
2025-12-09,15,Tuesday,8.111013797240552,77824.0,0.0,1.8249407682741756,1.8249407682741756,6.473311426351628,0.0,0.9480408711778706
2025-12-09,16,Tuesday,7.982267546490701,77824.0,0.0,0.8450797828240932,0.8450797828240932,7.22115588164351,0.0,0.9313357833938234
2025-12-09,17,Tuesday,7.982267546490701,77824.0,0.0,0.05524836333157306,0.05524836333157306,7.933385507633296,0.0,0.19813805145518168
2025-12-09,18,Tuesday,7.835128974205158,77824.0,0.0,0.0,0.0,7.835128974205158,0.0,0.0
2025-12-09,19,Tuesday,7.7063827234553095,77824.0,0.0,0.0,0.0,7.7063827234553095,0.0,0.0
2025-12-09,20,Tuesday,7.559244151169766,77824.0,0.0,0.0,0.0,7.559244151169766,0.0,0.0
2025-12-09,21,Tuesday,7.283359328134372,77824.0,0.0,0.0,0.0,7.283359328134372,0.0,0.0
2025-12-09,22,Tuesday,7.1362207558488295,77824.0,0.0,0.0,0.0,7.1362207558488295,0.0,0.0
2025-12-09,23,Tuesday,7.00747450509898,77824.0,0.0,0.0,0.0,7.00747450509898,0.0,0.0
2025-12-10,0,Wednesday,7.00747450509898,77824.0,0.0,0.0,0.0,7.00747450509898,0.0,0.0
2025-12-10,1,Wednesday,7.00747450509898,77824.0,0.0,0.0,0.0,7.00747450509898,0.0,0.0
2025-12-10,2,Wednesday,7.1362207558488295,77824.0,0.0,0.0,0.0,7.1362207558488295,0.0,0.0
2025-12-10,3,Wednesday,7.283359328134372,77824.0,0.0,0.0,0.0,7.283359328134372,0.0,0.0
2025-12-10,4,Wednesday,7.283359328134372,77824.0,0.0,0.0,0.0,7.283359328134372,0.0,0.0
2025-12-10,5,Wednesday,7.412105578884224,77824.0,0.0,0.0,0.0,7.412105578884224,0.0,0.0
2025-12-10,6,Wednesday,7.7063827234553095,77824.0,0.0,0.0,0.0,7.7063827234553095,0.0,0.0
2025-12-10,7,Wednesday,7.7063827234553095,77824.0,0.0,0.17941259794555173,0.17941259794555173,7.549576112850898,0.0,0.7463000182956396
2025-12-10,8,Wednesday,7.982267546490701,77824.0,0.0,1.1996985574295804,1.1996985574295804,7.1316992438997,0.0,0.9426391793471145
2025-12-10,9,Wednesday,7.982267546490701,77824.0,0.0,2.3324692216981466,2.3324692216981466,5.893524517146455,0.0,0.9474862360652887
2025-12-10,10,Wednesday,8.111013797240552,77824.0,0.0,3.3161227010028975,3.3161227010028975,5.1261322117518535,0.0,0.9418521515310277
2025-12-10,11,Wednesday,8.111013797240552,77824.0,0.0,4.014241330508133,4.014241330508133,4.519233055031885,0.0,0.9361945105237651
2025-12-10,12,Wednesday,8.258152369526094,77824.0,0.0,4.395004172203773,4.395004172203773,4.349302528767188,0.0,0.9328006975698349
2025-12-10,13,Wednesday,8.258152369526094,77824.0,0.0,4.131989575097059,4.131989575097059,4.596545749424363,0.0,0.9351636363753136
2025-12-10,14,Wednesday,8.111013797240552,77824.0,0.0,3.0299992248649623,3.0299992248649623,5.419145958568408,0.0,0.9438646062971787
2025-12-10,15,Wednesday,8.111013797240552,77824.0,0.0,2.010148034503501,2.010148034503501,6.308571593214143,0.0,0.9481445706087812
2025-12-10,16,Wednesday,7.982267546490701,77824.0,0.0,0.9792951979494803,0.9792951979494803,7.100179792779603,0.0,0.9369210699074275
2025-12-10,17,Wednesday,7.982267546490701,77824.0,0.0,0.01099352853751295,0.01099352853751295,7.972482481397248,0.0,0.0
2025-12-10,18,Wednesday,7.835128974205158,77824.0,0.0,0.0,0.0,7.835128974205158,0.0,0.0
2025-12-10,19,Wednesday,7.7063827234553095,77824.0,0.0,0.0,0.0,7.7063827234553095,0.0,0.0
2025-12-10,20,Wednesday,7.559244151169766,77824.0,0.0,0.0,0.0,7.559244151169766,0.0,0.0
2025-12-10,21,Wednesday,7.283359328134372,77824.0,0.0,0.0,0.0,7.283359328134372,0.0,0.0
2025-12-10,22,Wednesday,7.1362207558488295,77824.0,0.0,0.0,0.0,7.1362207558488295,0.0,0.0
2025-12-10,23,Wednesday,7.00747450509898,77824.0,0.0,0.0,0.0,7.00747450509898,0.0,0.0
2025-12-11,0,Thursday,7.00747450509898,77824.0,0.0,0.0,0.0,7.00747450509898,0.0,0.0
2025-12-11,1,Thursday,7.00747450509898,77824.0,0.0,0.0,0.0,7.00747450509898,0.0,0.0
2025-12-11,2,Thursday,7.1362207558488295,77824.0,0.0,0.0,0.0,7.1362207558488295,0.0,0.0
2025-12-11,3,Thursday,7.283359328134372,77824.0,0.0,0.0,0.0,7.283359328134372,0.0,0.0
2025-12-11,4,Thursday,7.283359328134372,77824.0,0.0,0.0,0.0,7.283359328134372,0.0,0.0
2025-12-11,5,Thursday,7.412105578884224,77824.0,0.0,0.0,0.0,7.412105578884224,0.0,0.0
2025-12-11,6,Thursday,7.7063827234553095,77824.0,0.0,0.0,0.0,7.7063827234553095,0.0,0.0
2025-12-11,7,Thursday,7.7063827234553095,77824.0,0.0,0.04507572730710211,0.04507572730710211,7.666986537788902,0.0,0.01903830909082585
2025-12-11,8,Thursday,7.982267546490701,77824.0,0.0,0.5719424418651208,0.5719424418651208,7.971923170349831,0.0,0.9096561670551556
2025-12-11,9,Thursday,7.982267546490701,77824.0,0.0,1.413833566254221,1.413833566254221,6.760470244894602,0.0,0.9457369205903929
2025-12-11,10,Thursday,8.111013797240552,77824.0,0.0,1.6867420132768516,1.6867420132768516,6.5955603096470075,0.0,0.9476465855420709
2025-12-11,11,Thursday,8.111013797240552,77824.0,0.0,1.8933513003172149,1.8933513003172149,6.406497297012166,0.0,0.9481296469148196
2025-12-11,12,Thursday,8.258152369526094,77824.0,0.0,2.231723275341132,2.231723275341132,6.247987518518361,0.0,0.9477856062099205
2025-12-11,13,Thursday,8.258152369526094,77824.0,0.0,2.0178351434472415,2.0178351434472415,6.44130102009546,0.0,0.9481400859952587
2025-12-11,14,Thursday,8.111013797240552,77824.0,0.0,1.5745698312321124,1.5745698312321124,6.692746660810095,0.0,0.9470723318088338
2025-12-11,15,Thursday,8.111013797240552,77824.0,0.0,1.681108673391368,1.681108673391368,6.598488861474375,0.0,0.9476236438075967
2025-12-11,16,Thursday,7.982267546490701,77824.0,0.0,0.7259556583952724,0.7259556583952724,7.328731437551993,0.0,0.9241746409172201
2025-12-11,17,Thursday,7.982267546490701,77824.0,0.0,0.03370724996547134,0.03370724996547134,7.952673730139212,0.0,0.0
2025-12-11,18,Thursday,7.835128974205158,77824.0,0.0,0.0,0.0,7.835128974205158,0.0,0.0
2025-12-11,19,Thursday,6.0,71302.26086956522,0.0,0.0,0.0,0.0,6.521739130434782,0.9082345737162401
2025-12-11,20,Thursday,6.0,64696.038013007696,0.0,0.0,0.0,0.0,6.606222856557519,0.9073024996154092
2025-12-11,21,Thursday,6.0,58083.02856737815,0.0,0.0,0.0,0.0,6.613009445629547,0.9072275353639845
2025-12-11,22,Thursday,6.0,51469.47268848525,0.0,0.0,0.0,0.0,6.613555878892904,0.907221498917243
2025-12-11,23,Thursday,6.0,44855.872804486775,0.0,0.0,0.0,0.0,6.613599883998474,0.9072210127892202
2025-12-12,0,Friday,6.0,38242.26937663714,0.0,0.0,0.0,0.0,6.613603427849631,0.9072209736399804
2025-12-12,1,Friday,6.0,31628.665663391166,0.0,0.0,0.0,0.0,6.613603713245971,0.9072209704871814
2025-12-12,2,Friday,6.0,25015.06192716142,0.0,0.0,0.0,0.0,6.613603736229747,0.9072209702332776
2025-12-12,3,Friday,7.283359328134372,25015.06192716142,0.0,0.0,0.0,7.283359328134372,0.0,0.0
2025-12-12,4,Friday,7.283359328134372,25015.06192716142,0.0,0.0,0.0,7.283359328134372,0.0,0.0
2025-12-12,5,Friday,7.412105578884224,25015.06192716142,0.0,0.0,0.0,7.412105578884224,0.0,0.0
2025-12-12,6,Friday,7.7063827234553095,25015.06192716142,0.0,0.0,0.0,7.7063827234553095,0.0,0.0
2025-12-12,7,Friday,7.7063827234553095,25052.897124775536,0.044701320432557486,0.0,0.044701320432557486,7.7063827234553095,0.0,0.0
2025-12-12,8,Friday,7.982267546490701,25194.515644421062,0.1673186668779852,0.0,0.1673186668779852,7.982267546490701,0.0,0.0
2025-12-12,9,Friday,7.982267546490701,25804.28306627547,0.7204246477485904,0.0,0.7204246477485904,7.982267546490701,0.0,0.0
2025-12-12,10,Friday,8.111013797240552,26746.711345807544,1.113454961639975,0.0,1.113454961639975,8.111013797240552,0.0,0.0
2025-12-12,11,Friday,8.111013797240552,27576.6589697649,0.9805619375677634,0.0,0.9805619375677634,8.111013797240552,0.0,0.0
2025-12-12,12,Friday,8.258152369526094,28332.084661757668,0.8925161767400397,0.0,0.8925161767400397,8.258152369526094,0.0,0.0
2025-12-12,13,Friday,8.258152369526094,31783.143544926785,4.077337999963509,0.0,4.077337999963509,8.258152369526094,0.0,0.0
2025-12-12,14,Friday,8.111013797240552,34434.26512685241,3.1322324928232876,0.0,3.1322324928232876,8.111013797240552,0.0,0.0
2025-12-12,15,Friday,8.111013797240552,36167.39283357887,2.0476461563403334,0.0,2.0476461563403334,8.111013797240552,0.0,0.0
2025-12-12,16,Friday,7.982267546490701,36985.506813926906,0.9665807896361411,0.0,0.9665807896361411,7.982267546490701,0.0,0.0
2025-12-12,17,Friday,7.982267546490701,37031.94492844535,0.054865447209879695,0.0,0.054865447209879695,7.982267546490701,0.0,0.0
2025-12-12,18,Friday,7.835128974205158,37031.94492844535,0.0,0.0,0.0,7.835128974205158,0.0,0.0
2025-12-12,19,Friday,7.7063827234553095,37031.94492844535,0.0,0.0,0.0,7.7063827234553095,0.0,0.0
2025-12-12,20,Friday,7.559244151169766,37031.94492844535,0.0,0.0,0.0,7.559244151169766,0.0,0.0
2025-12-12,21,Friday,7.283359328134372,37031.94492844535,0.0,0.0,0.0,7.283359328134372,0.0,0.0
2025-12-12,22,Friday,7.1362207558488295,37031.94492844535,0.0,0.0,0.0,7.1362207558488295,0.0,0.0
2025-12-12,23,Friday,7.00747450509898,37031.94492844535,0.0,0.0,0.0,7.00747450509898,0.0,0.0
2025-12-13,0,Saturday,7.00747450509898,37031.94492844535,0.0,0.0,0.0,7.00747450509898,0.0,0.0
2025-12-13,1,Saturday,7.00747450509898,37031.94492844535,0.0,0.0,0.0,7.00747450509898,0.0,0.0
2025-12-13,2,Saturday,7.1362207558488295,37031.94492844535,0.0,0.0,0.0,7.1362207558488295,0.0,0.0
2025-12-13,3,Saturday,7.283359328134372,37031.94492844535,0.0,0.0,0.0,7.283359328134372,0.0,0.0
2025-12-13,4,Saturday,7.283359328134372,37031.94492844535,0.0,0.0,0.0,7.283359328134372,0.0,0.0
2025-12-13,5,Saturday,7.412105578884224,37031.94492844535,0.0,0.0,0.0,7.412105578884224,0.0,0.0
2025-12-13,6,Saturday,7.7063827234553095,37031.94492844535,0.0,0.0,0.0,7.7063827234553095,0.0,0.0
2025-12-13,7,Saturday,7.7063827234553095,37098.62867516562,0.07878514499086627,0.0,0.07878514499086627,7.7063827234553095,0.0,0.0
2025-12-13,8,Saturday,7.982267546490701,38006.684802462165,1.0728451409458266,0.0,1.0728451409458266,7.982267546490701,0.0,0.0
2025-12-13,9,Saturday,7.982267546490701,39751.80156445337,2.0618109191767586,0.0,2.0618109191767586,7.982267546490701,0.0,0.0
2025-12-13,10,Saturday,8.111013797240552,42267.13654023902,2.971804082922551,0.0,2.971804082922551,8.111013797240552,0.0,0.0
2025-12-13,11,Saturday,8.111013797240552,45099.33413323735,3.3461691788732715,0.0,3.3461691788732715,8.111013797240552,0.0,0.0
2025-12-13,12,Saturday,8.258152369526094,48075.84686830158,3.516673836323516,0.0,3.516673836323516,8.258152369526094,0.0,0.0
2025-12-13,13,Saturday,8.258152369526094,50810.122654341896,3.2304770629020676,0.0,3.2304770629020676,8.258152369526094,0.0,0.0
2025-12-13,14,Saturday,8.111013797240552,52860.378995305175,2.4223255446163523,0.0,2.4223255446163523,8.111013797240552,0.0,0.0
2025-12-13,15,Saturday,8.111013797240552,54175.105056005894,1.5533152891076587,0.0,1.5533152891076587,8.111013797240552,0.0,0.0
2025-12-13,16,Saturday,7.982267546490701,54786.90110507189,0.7228214190288191,0.0,0.7228214190288191,7.982267546490701,0.0,0.0
2025-12-13,17,Saturday,7.982267546490701,54805.860010952034,0.02239946346897823,0.0,0.02239946346897823,7.982267546490701,0.0,0.0
2025-12-13,18,Saturday,7.835128974205158,54805.860010952034,0.0,0.0,0.0,7.835128974205158,0.0,0.0
2025-12-13,19,Saturday,7.7063827234553095,54805.860010952034,0.0,0.0,0.0,7.7063827234553095,0.0,0.0
2025-12-13,20,Saturday,7.559244151169766,54805.860010952034,0.0,0.0,0.0,7.559244151169766,0.0,0.0
2025-12-13,21,Saturday,7.283359328134372,54805.860010952034,0.0,0.0,0.0,7.283359328134372,0.0,0.0
2025-12-13,22,Saturday,7.1362207558488295,54805.860010952034,0.0,0.0,0.0,7.1362207558488295,0.0,0.0
2025-12-13,23,Saturday,7.00747450509898,54805.860010952034,0.0,0.0,0.0,7.00747450509898,0.0,0.0
2025-12-14,0,Sunday,7.00747450509898,54805.860010952034,0.0,0.0,0.0,7.00747450509898,0.0,0.0
2025-12-14,1,Sunday,7.00747450509898,54805.860010952034,0.0,0.0,0.0,7.00747450509898,0.0,0.0
2025-12-14,2,Sunday,7.1362207558488295,54805.860010952034,0.0,0.0,0.0,7.1362207558488295,0.0,0.0
2025-12-14,3,Sunday,7.283359328134372,54805.860010952034,0.0,0.0,0.0,7.283359328134372,0.0,0.0
2025-12-14,4,Sunday,7.283359328134372,54805.860010952034,0.0,0.0,0.0,7.283359328134372,0.0,0.0
2025-12-14,5,Sunday,7.412105578884224,54805.860010952034,0.0,0.0,0.0,7.412105578884224,0.0,0.0
2025-12-14,6,Sunday,7.7063827234553095,54805.860010952034,0.0,0.0,0.0,7.7063827234553095,0.0,0.0
2025-12-14,7,Sunday,7.7063827234553095,54900.69266610545,0.11204236194875042,0.0,0.11204236194875042,7.7063827234553095,0.0,0.0
2025-12-14,8,Sunday,7.982267546490701,55829.89666853773,1.0978308157281123,0.0,1.0978308157281123,7.982267546490701,0.0,0.0
2025-12-14,9,Sunday,7.982267546490701,57700.04410311788,2.2095314680767317,0.0,2.2095314680767317,7.982267546490701,0.0,0.0
2025-12-14,10,Sunday,8.111013797240552,60438.79654946445,3.2357661228102232,0.0,3.2357661228102232,8.111013797240552,0.0,0.0
2025-12-14,11,Sunday,8.111013797240552,63787.452379638715,3.9563514061605223,0.0,3.9563514061605223,8.111013797240552,0.0,0.0
2025-12-14,12,Sunday,8.258152369526094,67385.33205922181,4.2508030240821055,0.0,4.2508030240821055,8.258152369526094,0.0,0.0
2025-12-14,13,Sunday,8.258152369526094,70615.27581322812,3.816096117682295,0.0,3.816096117682295,8.258152369526094,0.0,0.0
2025-12-14,14,Sunday,8.111013797240552,73097.83969954783,2.9330858770317967,0.0,2.9330858770317967,8.111013797240552,0.0,0.0
2025-12-14,15,Sunday,8.111013797240552,74707.2972030997,1.9015329673344532,0.0,1.9015329673344532,8.111013797240552,0.0,0.0
2025-12-14,16,Sunday,7.982267546490701,75472.6255394331,0.9042158983145047,0.0,0.9042158983145047,7.982267546490701,0.0,0.0
2025-12-14,17,Sunday,7.982267546490701,75518.76356116876,0.054510895245348794,0.0,0.054510895245348794,7.982267546490701,0.0,0.0
2025-12-14,18,Sunday,7.835128974205158,75518.76356116876,0.0,0.0,0.0,7.835128974205158,0.0,0.0
2025-12-14,19,Sunday,7.7063827234553095,75518.76356116876,0.0,0.0,0.0,7.7063827234553095,0.0,0.0
2025-12-14,20,Sunday,7.559244151169766,75518.76356116876,0.0,0.0,0.0,7.559244151169766,0.0,0.0
2025-12-14,21,Sunday,7.283359328134372,75518.76356116876,0.0,0.0,0.0,7.283359328134372,0.0,0.0
2025-12-14,22,Sunday,7.1362207558488295,75518.76356116876,0.0,0.0,0.0,7.1362207558488295,0.0,0.0
2025-12-14,23,Sunday,7.00747450509898,75518.76356116876,0.0,0.0,0.0,7.00747450509898,0.0,0.0
2025-12-15,0,Monday,7.00747450509898,75518.76356116876,0.0,0.0,0.0,7.00747450509898,0.0,0.0
2025-12-15,1,Monday,7.00747450509898,75518.76356116876,0.0,0.0,0.0,7.00747450509898,0.0,0.0
2025-12-15,2,Monday,7.1362207558488295,75518.76356116876,0.0,0.0,0.0,7.1362207558488295,0.0,0.0
2025-12-15,3,Monday,7.283359328134372,75518.76356116876,0.0,0.0,0.0,7.283359328134372,0.0,0.0
2025-12-15,4,Monday,7.283359328134372,75518.76356116876,0.0,0.0,0.0,7.283359328134372,0.0,0.0
2025-12-15,5,Monday,7.412105578884224,75518.76356116876,0.0,0.0,0.0,7.412105578884224,0.0,0.0
2025-12-15,6,Monday,7.7063827234553095,75518.76356116876,0.0,0.0,0.0,7.7063827234553095,0.0,0.0
2025-12-15,7,Monday,7.7063827234553095,75584.33816496386,0.07747472092996004,0.0,0.07747472092996004,7.7063827234553095,0.0,0.0
2025-12-15,8,Monday,7.982267546490701,76467.39166087845,1.0433051700313971,0.0,1.0433051700313971,7.982267546490701,0.0,0.0
2025-12-15,9,Monday,7.982267546490701,77824.0,1.602798132232455,0.5201441828439559,2.122942315076411,7.527661530685084,0.0,0.9026075385528052
2025-12-15,10,Monday,8.111013797240552,77824.0,0.0,3.076961378722109,3.076961378722109,5.472589687783664,0.0,0.9435502356584521
2025-12-15,11,Monday,8.111013797240552,77824.0,0.0,3.3399288962299196,3.3399288962299196,5.117192634976349,0.0,0.941675064209733
2025-12-15,12,Monday,8.258152369526094,77824.0,0.0,3.18882952418027,3.18882952418027,5.4054531849365635,0.0,0.9427751550815661
2025-12-15,13,Monday,8.258152369526094,77824.0,0.0,3.1264711492625525,3.1264711492625525,5.457971013052251,0.0,0.9432116217982954
2025-12-15,14,Monday,8.111013797240552,77824.0,0.0,2.7624819641309397,2.7624819641309397,5.635688958342893,0.0,0.9455120881862501
2025-12-15,15,Monday,8.111013797240552,77824.0,0.0,1.837382384339541,1.837382384339541,6.4606099049777175,0.0,0.9480618288099697
2025-12-15,16,Monday,7.982267546490701,77824.0,0.0,0.8789434641905027,0.8789434641905027,7.1906394358137335,0.0,0.9329499688615418
2025-12-15,17,Monday,7.982267546490701,77824.0,0.0,0.021934291291513686,0.021934291291513686,7.962827129932154,0.0,0.0
2025-12-15,18,Monday,7.835128974205158,77824.0,0.0,0.0,0.0,7.835128974205158,0.0,0.0
2025-12-15,19,Monday,7.7063827234553095,77824.0,0.0,0.0,0.0,7.7063827234553095,0.0,0.0
2025-12-15,20,Monday,7.559244151169766,77824.0,0.0,0.0,0.0,7.559244151169766,0.0,0.0
2025-12-15,21,Monday,7.283359328134372,77824.0,0.0,0.0,0.0,7.283359328134372,0.0,0.0
2025-12-15,22,Monday,7.1362207558488295,77824.0,0.0,0.0,0.0,7.1362207558488295,0.0,0.0
2025-12-15,23,Monday,7.00747450509898,77824.0,0.0,0.0,0.0,7.00747450509898,0.0,0.0
2025-12-16,0,Tuesday,7.00747450509898,77824.0,0.0,0.0,0.0,7.00747450509898,0.0,0.0
2025-12-16,1,Tuesday,7.00747450509898,77824.0,0.0,0.0,0.0,7.00747450509898,0.0,0.0
2025-12-16,2,Tuesday,7.1362207558488295,77824.0,0.0,0.0,0.0,7.1362207558488295,0.0,0.0
2025-12-16,3,Tuesday,7.283359328134372,77824.0,0.0,0.0,0.0,7.283359328134372,0.0,0.0
2025-12-16,4,Tuesday,7.283359328134372,77824.0,0.0,0.0,0.0,7.283359328134372,0.0,0.0
2025-12-16,5,Tuesday,7.412105578884224,77824.0,0.0,0.0,0.0,7.412105578884224,0.0,0.0
2025-12-16,6,Tuesday,7.7063827234553095,77824.0,0.0,0.0,0.0,7.7063827234553095,0.0,0.0
2025-12-16,7,Tuesday,7.7063827234553095,77824.0,0.0,0.043997889334928174,0.043997889334928174,7.667928568176582,0.0,0.0
2025-12-16,8,Tuesday,7.982267546490701,77824.0,0.0,0.6227697569783107,0.6227697569783107,7.437966778891657,0.0,0.915337423675327
2025-12-16,9,Tuesday,7.982267546490701,77824.0,0.0,1.1186748171078333,1.1186748171078333,7.009500867719847,0.0,0.940914099668978
2025-12-16,10,Tuesday,8.111013797240552,77824.0,0.0,1.438072437682665,1.438072437682665,6.8255662959276435,0.0,0.9459836412779392
2025-12-16,11,Tuesday,8.111013797240552,77824.0,0.0,1.7869069749636612,1.7869069749636612,6.505148268779535,0.0,0.9479627467127163
2025-12-16,12,Tuesday,8.258152369526094,77824.0,0.0,1.9812719072446008,1.9812719072446008,6.473889008308577,0.0,0.948155652682573
2025-12-16,13,Tuesday,8.258152369526094,77824.0,0.0,1.9360939421671342,1.9360939421671342,6.514219874905352,0.0,0.9481539547996714
2025-12-16,14,Tuesday,8.111013797240552,77824.0,0.0,1.452574206347353,1.452574206347353,6.802613017771728,0.0,0.9461229047846585
2025-12-16,15,Tuesday,8.111013797240552,77824.0,0.0,1.1541650829520225,1.1541650829520225,7.073630877401138,0.0,0.9417154964316229
2025-12-16,16,Tuesday,7.982267546490701,77824.0,0.0,0.41267152638997123,0.41267152638997123,7.61307933372005,0.0,0.8818655388868067
2025-12-16,17,Tuesday,7.982267546490701,77824.0,0.0,0.021809488999998808,0.021809488999998808,7.963996161559362,0.0,0.0
2025-12-16,18,Tuesday,7.835128974205158,77824.0,0.0,0.0,0.0,7.835128974205158,0.0,0.0
2025-12-16,19,Tuesday,7.7063827234553095,77824.0,0.0,0.0,0.0,7.7063827234553095,0.0,0.0
2025-12-16,20,Tuesday,7.559244151169766,77824.0,0.0,0.0,0.0,7.559244151169766,0.0,0.0
2025-12-16,21,Tuesday,7.283359328134372,77824.0,0.0,0.0,0.0,7.283359328134372,0.0,0.0
2025-12-16,22,Tuesday,7.1362207558488295,77824.0,0.0,0.0,0.0,7.1362207558488295,0.0,0.0
2025-12-16,23,Tuesday,7.00747450509898,77824.0,0.0,0.0,0.0,7.00747450509898,0.0,0.0
2025-12-17,0,Wednesday,7.00747450509898,77824.0,0.0,0.0,0.0,7.00747450509898,0.0,0.0
2025-12-17,1,Wednesday,7.00747450509898,77824.0,0.0,0.0,0.0,7.00747450509898,0.0,0.0
2025-12-17,2,Wednesday,7.1362207558488295,77824.0,0.0,0.0,0.0,7.1362207558488295,0.0,0.0
2025-12-17,3,Wednesday,7.283359328134372,77824.0,0.0,0.0,0.0,7.283359328134372,0.0,0.0
2025-12-17,4,Wednesday,7.283359328134372,77824.0,0.0,0.0,0.0,7.283359328134372,0.0,0.0
2025-12-17,5,Wednesday,7.412105578884224,77824.0,0.0,0.0,0.0,7.412105578884224,0.0,0.0
2025-12-17,6,Wednesday,7.7063827234553095,77824.0,0.0,0.0,0.0,7.7063827234553095,0.0,0.0
2025-12-17,7,Wednesday,7.7063827234553095,77824.0,0.0,0.033154148900803135,0.033154148900803135,7.677405997316008,0.0,0.0
2025-12-17,8,Wednesday,7.982267546490701,77824.0,0.0,0.4748363019273681,0.4748363019273681,7.5672606186061815,0.0,0.8950756248500936
2025-12-17,9,Wednesday,7.982267546490701,77824.0,0.0,0.8647878561451121,0.8647878561451121,7.246919542323935,0.0,0.9322942662595329
2025-12-17,10,Wednesday,8.111013797240552,77824.0,0.0,1.3508582172229082,1.3508582172229082,6.914586295316385,0.0,0.9450081769544915
2025-12-17,11,Wednesday,8.111013797240552,77824.0,0.0,1.6500955222229376,1.6500955222229376,6.629627724046718,0.0,0.9474866861162523
2025-12-17,12,Wednesday,8.258152369526094,77824.0,0.0,1.7246839909841587,1.7246839909841587,6.705743006271528,0.0,0.9477862715672688
2025-12-17,13,Wednesday,8.258152369526094,77824.0,0.0,1.444862816907361,1.444862816907361,6.957202284471426,0.0,0.9460496118818408
2025-12-17,14,Wednesday,8.111013797240552,77824.0,0.0,1.0891850162537102,1.0891850162537102,7.132111888440931,0.0,0.9401884141297978
2025-12-17,15,Wednesday,8.111013797240552,77824.0,0.0,0.7426994943955322,0.7426994943955322,7.447650210420352,0.0,0.9253462610614791
2025-12-17,16,Wednesday,7.982267546490701,77824.0,0.0,0.28520214746529077,0.28520214746529077,7.731552342727175,0.0,0.8358012201032591
2025-12-17,17,Wednesday,7.982267546490701,77824.0,0.0,0.021996692437271124,0.021996692437271124,7.9648019272322585,0.0,0.0
2025-12-17,18,Wednesday,7.835128974205158,77824.0,0.0,0.0,0.0,7.835128974205158,0.0,0.0
2025-12-17,19,Wednesday,7.7063827234553095,77824.0,0.0,0.0,0.0,7.7063827234553095,0.0,0.0
2025-12-17,20,Wednesday,7.559244151169766,77824.0,0.0,0.0,0.0,7.559244151169766,0.0,0.0
2025-12-17,21,Wednesday,7.283359328134372,77824.0,0.0,0.0,0.0,7.283359328134372,0.0,0.0
2025-12-17,22,Wednesday,7.1362207558488295,77824.0,0.0,0.0,0.0,7.1362207558488295,0.0,0.0
2025-12-17,23,Wednesday,7.00747450509898,77824.0,0.0,0.0,0.0,7.00747450509898,0.0,0.0
2025-12-18,0,Thursday,7.00747450509898,77824.0,0.0,0.0,0.0,7.00747450509898,0.0,0.0
2025-12-18,1,Thursday,7.00747450509898,77824.0,0.0,0.0,0.0,7.00747450509898,0.0,0.0
2025-12-18,2,Thursday,7.1362207558488295,77824.0,0.0,0.0,0.0,7.1362207558488295,0.0,0.0
2025-12-18,3,Thursday,7.283359328134372,77824.0,0.0,0.0,0.0,7.283359328134372,0.0,0.0
2025-12-18,4,Thursday,7.283359328134372,77824.0,0.0,0.0,0.0,7.283359328134372,0.0,0.0
2025-12-18,5,Thursday,7.412105578884224,77824.0,0.0,0.0,0.0,7.412105578884224,0.0,0.0
2025-12-18,6,Thursday,7.7063827234553095,77824.0,0.0,0.0,0.0,7.7063827234553095,0.0,0.0
2025-12-18,7,Thursday,7.7063827234553095,77824.0,0.0,0.0887853015862193,0.0887853015862193,7.628784369868954,0.0,0.4977187053991389
2025-12-18,8,Thursday,7.982267546490701,77824.0,0.0,1.0611152433763082,1.0611152433763082,7.48053748653878,0.0,0.9394428458353153
2025-12-18,9,Thursday,7.982267546490701,77824.0,0.0,2.173029324479987,2.173029324479987,6.042902536451283,0.0,0.9479237201529974
2025-12-18,10,Thursday,8.111013797240552,77824.0,0.0,3.1261362086892888,3.1261362086892888,5.295842065827102,0.0,0.9432139365975073
2025-12-18,11,Thursday,8.111013797240552,77824.0,0.0,3.909761854425961,3.909761854425961,4.607659020862266,0.0,0.9370935099240199
2025-12-18,12,Thursday,8.258152369526094,77824.0,0.0,4.176475375377226,4.176475375377226,4.540091799333785,0.0,0.9347695967919081
2025-12-18,13,Thursday,8.258152369526094,77824.0,0.0,3.817519330507962,3.817519330507962,4.868076414468064,0.0,0.9378739279737808
2025-12-18,14,Thursday,8.111013797240552,77824.0,0.0,2.92543311019747,2.92543311019747,5.50451072725937,0.0,0.9445390972519125
2025-12-18,15,Thursday,8.111013797240552,77824.0,0.0,1.8963645503315,1.8963645503315,6.409382859831441,0.0,0.9481321161262037
2025-12-18,16,Thursday,7.982267546490701,77824.0,0.0,0.898721803751935,0.898721803751935,7.1727658911706245,0.0,0.9338230167355014
2025-12-18,17,Thursday,7.982267546490701,77824.0,0.0,0.04344195185454373,0.04344195185454373,7.943728806683697,0.0,0.0
2025-12-18,18,Thursday,7.835128974205158,77824.0,0.0,0.0,0.0,7.835128974205158,0.0,0.0
2025-12-18,19,Thursday,6.0,71302.26086956522,0.0,0.0,0.0,0.0,6.521739130434782,0.9082345737162401
2025-12-18,20,Thursday,6.0,64696.038013007696,0.0,0.0,0.0,0.0,6.606222856557519,0.9073024996154092
2025-12-18,21,Thursday,6.0,58083.02856737815,0.0,0.0,0.0,0.0,6.613009445629547,0.9072275353639845
2025-12-18,22,Thursday,6.0,51469.47268848525,0.0,0.0,0.0,0.0,6.613555878892904,0.907221498917243
2025-12-18,23,Thursday,6.0,44855.872804486775,0.0,0.0,0.0,0.0,6.613599883998474,0.9072210127892202
2025-12-19,0,Friday,6.0,38242.26937663714,0.0,0.0,0.0,0.0,6.613603427849631,0.9072209736399804
2025-12-19,1,Friday,6.0,31628.665663391166,0.0,0.0,0.0,0.0,6.613603713245971,0.9072209704871814
2025-12-19,2,Friday,6.0,25015.06192716142,0.0,0.0,0.0,0.0,6.613603736229747,0.9072209702332776
2025-12-19,3,Friday,7.283359328134372,25015.06192716142,0.0,0.0,0.0,7.283359328134372,0.0,0.0
2025-12-19,4,Friday,7.283359328134372,25015.06192716142,0.0,0.0,0.0,7.283359328134372,0.0,0.0
2025-12-19,5,Friday,7.412105578884224,25015.06192716142,0.0,0.0,0.0,7.412105578884224,0.0,0.0
2025-12-19,6,Friday,7.7063827234553095,25015.06192716142,0.0,0.0,0.0,7.7063827234553095,0.0,0.0
2025-12-19,7,Friday,7.7063827234553095,25090.190600485897,0.08876261026048934,0.0,0.08876261026048934,7.7063827234553095,0.0,0.0
2025-12-19,8,Friday,7.982267546490701,25945.48843339319,1.010512562508616,0.0,1.010512562508616,7.982267546490701,0.0,0.0
2025-12-19,9,Friday,7.982267546490701,27646.932616967777,2.0102128822951153,0.0,2.0102128822951153,7.982267546490701,0.0,0.0
2025-12-19,10,Friday,8.111013797240552,30209.590928044017,3.0277153958840257,0.0,3.0277153958840257,8.111013797240552,0.0,0.0
2025-12-19,11,Friday,8.111013797240552,33489.85927294432,3.875553337547619,0.0,3.875553337547619,8.111013797240552,0.0,0.0
2025-12-19,12,Friday,8.258152369526094,37011.432491945,4.160648888233317,0.0,4.160648888233317,8.258152369526094,0.0,0.0
2025-12-19,13,Friday,8.258152369526094,40219.120199059675,3.789801166250791,0.0,3.789801166250791,8.258152369526094,0.0,0.0
2025-12-19,14,Friday,8.111013797240552,42654.84617403573,2.8777480800756847,0.0,2.8777480800756847,8.111013797240552,0.0,0.0
2025-12-19,15,Friday,8.111013797240552,44231.44065350006,1.8627061430344078,0.0,1.8627061430344078,8.111013797240552,0.0,0.0
2025-12-19,16,Friday,7.982267546490701,44991.75947494781,0.8982972843191755,0.0,0.8982972843191755,7.982267546490701,0.0,0.0
2025-12-19,17,Friday,7.982267546490701,45037.88549297216,0.054496713166767546,0.0,0.054496713166767546,7.982267546490701,0.0,0.0
2025-12-19,18,Friday,7.835128974205158,45037.88549297216,0.0,0.0,0.0,7.835128974205158,0.0,0.0
2025-12-19,19,Friday,7.7063827234553095,45037.88549297216,0.0,0.0,0.0,7.7063827234553095,0.0,0.0
2025-12-19,20,Friday,7.559244151169766,45037.88549297216,0.0,0.0,0.0,7.559244151169766,0.0,0.0
2025-12-19,21,Friday,7.283359328134372,45037.88549297216,0.0,0.0,0.0,7.283359328134372,0.0,0.0
2025-12-19,22,Friday,7.1362207558488295,45037.88549297216,0.0,0.0,0.0,7.1362207558488295,0.0,0.0
2025-12-19,23,Friday,7.00747450509898,45037.88549297216,0.0,0.0,0.0,7.00747450509898,0.0,0.0
2025-12-20,0,Saturday,7.00747450509898,45037.88549297216,0.0,0.0,0.0,7.00747450509898,0.0,0.0
2025-12-20,1,Saturday,7.00747450509898,45037.88549297216,0.0,0.0,0.0,7.00747450509898,0.0,0.0
2025-12-20,2,Saturday,7.1362207558488295,45037.88549297216,0.0,0.0,0.0,7.1362207558488295,0.0,0.0
2025-12-20,3,Saturday,7.283359328134372,45037.88549297216,0.0,0.0,0.0,7.283359328134372,0.0,0.0
2025-12-20,4,Saturday,7.283359328134372,45037.88549297216,0.0,0.0,0.0,7.283359328134372,0.0,0.0
2025-12-20,5,Saturday,7.412105578884224,45037.88549297216,0.0,0.0,0.0,7.412105578884224,0.0,0.0
2025-12-20,6,Saturday,7.7063827234553095,45037.88549297216,0.0,0.0,0.0,7.7063827234553095,0.0,0.0
2025-12-20,7,Saturday,7.7063827234553095,45103.64495392147,0.07769312494011109,0.0,0.07769312494011109,7.7063827234553095,0.0,0.0
2025-12-20,8,Saturday,7.982267546490701,45969.007599848366,1.0224038822387782,0.0,1.0224038822387782,7.982267546490701,0.0,0.0
2025-12-20,9,Saturday,7.982267546490701,47723.5947466973,2.072999937203371,0.0,2.072999937203371,7.982267546490701,0.0,0.0
2025-12-20,10,Saturday,8.111013797240552,50317.40960977952,3.064526066968593,0.0,3.064526066968593,8.111013797240552,0.0,0.0
2025-12-20,11,Saturday,8.111013797240552,53643.09476357158,3.9292121382231304,0.0,3.9292121382231304,8.111013797240552,0.0,0.0
2025-12-20,12,Saturday,8.258152369526094,57207.14886238812,4.210838963630136,0.0,4.210838963630136,8.258152369526094,0.0,0.0
2025-12-20,13,Saturday,8.258152369526094,60469.25623289705,3.8540966097695235,0.0,3.8540966097695235,8.258152369526094,0.0,0.0
2025-12-20,14,Saturday,8.111013797240552,63069.96057080799,3.072665805660375,0.0,3.072665805660375,8.111013797240552,0.0,0.0
2025-12-20,15,Saturday,8.111013797240552,64760.188553181026,1.9969612268112427,0.0,1.9969612268112427,8.111013797240552,0.0,0.0
2025-12-20,16,Saturday,7.982267546490701,65605.64977180546,0.9988908537623379,0.0,0.9988908537623379,7.982267546490701,0.0,0.0
2025-12-20,17,Saturday,7.982267546490701,65633.27210760112,0.0326350848247299,0.0,0.0326350848247299,7.982267546490701,0.0,0.0
2025-12-20,18,Saturday,7.835128974205158,65633.27210760112,0.0,0.0,0.0,7.835128974205158,0.0,0.0
2025-12-20,19,Saturday,7.7063827234553095,65633.27210760112,0.0,0.0,0.0,7.7063827234553095,0.0,0.0
2025-12-20,20,Saturday,7.559244151169766,65633.27210760112,0.0,0.0,0.0,7.559244151169766,0.0,0.0
2025-12-20,21,Saturday,7.283359328134372,65633.27210760112,0.0,0.0,0.0,7.283359328134372,0.0,0.0
2025-12-20,22,Saturday,7.1362207558488295,65633.27210760112,0.0,0.0,0.0,7.1362207558488295,0.0,0.0
2025-12-20,23,Saturday,7.00747450509898,65633.27210760112,0.0,0.0,0.0,7.00747450509898,0.0,0.0
2025-12-21,0,Sunday,7.00747450509898,65633.27210760112,0.0,0.0,0.0,7.00747450509898,0.0,0.0
2025-12-21,1,Sunday,7.00747450509898,65633.27210760112,0.0,0.0,0.0,7.00747450509898,0.0,0.0
2025-12-21,2,Sunday,7.1362207558488295,65633.27210760112,0.0,0.0,0.0,7.1362207558488295,0.0,0.0
2025-12-21,3,Sunday,7.283359328134372,65633.27210760112,0.0,0.0,0.0,7.283359328134372,0.0,0.0
2025-12-21,4,Sunday,7.283359328134372,65633.27210760112,0.0,0.0,0.0,7.283359328134372,0.0,0.0
2025-12-21,5,Sunday,7.412105578884224,65633.27210760112,0.0,0.0,0.0,7.412105578884224,0.0,0.0
2025-12-21,6,Sunday,7.7063827234553095,65633.27210760112,0.0,0.0,0.0,7.7063827234553095,0.0,0.0
2025-12-21,7,Sunday,7.7063827234553095,65720.1404790574,0.10263276400790008,0.0,0.10263276400790008,7.7063827234553095,0.0,0.0
2025-12-21,8,Sunday,7.982267546490701,66557.599725284,0.9894367275834056,0.0,0.9894367275834056,7.982267546490701,0.0,0.0
2025-12-21,9,Sunday,7.982267546490701,68321.79451404419,2.0843511209359438,0.0,2.0843511209359438,7.982267546490701,0.0,0.0
2025-12-21,10,Sunday,8.111013797240552,70984.69455316185,3.1461484394112365,0.0,3.1461484394112365,8.111013797240552,0.0,0.0
2025-12-21,11,Sunday,8.111013797240552,74402.13912172058,4.037623545083564,0.0,4.037623545083564,8.111013797240552,0.0,0.0
2025-12-21,12,Sunday,8.258152369526094,77824.0,4.042841302315002,0.23582389659943814,4.27866519891444,8.052042283898185,0.0,0.804153456728666
2025-12-21,13,Sunday,8.258152369526094,77824.0,0.0,3.9841264317452376,3.9841264317452376,5.214495779500714,0.0,0.9364552071496536
2025-12-21,14,Sunday,8.111013797240552,77824.0,0.0,3.156036879294864,3.156036879294864,5.303300986147136,0.0,0.9430060334495681
2025-12-21,15,Sunday,8.111013797240552,77824.0,0.0,2.0834676173595437,2.0834676173595437,6.2445273902570495,0.0,0.94807681349184
2025-12-21,16,Sunday,7.982267546490701,77824.0,0.0,0.9640662199216001,0.9640662199216001,7.113959158201227,0.0,0.9363869707956441
2025-12-21,17,Sunday,7.982267546490701,77824.0,0.0,0.06758631066263712,0.06758631066263712,7.922144952817493,0.0,0.3429645108222648
2025-12-21,18,Sunday,7.835128974205158,77824.0,0.0,0.0,0.0,7.835128974205158,0.0,0.0
2025-12-21,19,Sunday,7.7063827234553095,77824.0,0.0,0.0,0.0,7.7063827234553095,0.0,0.0
2025-12-21,20,Sunday,7.559244151169766,77824.0,0.0,0.0,0.0,7.559244151169766,0.0,0.0
2025-12-21,21,Sunday,7.283359328134372,77824.0,0.0,0.0,0.0,7.283359328134372,0.0,0.0
2025-12-21,22,Sunday,7.1362207558488295,77824.0,0.0,0.0,0.0,7.1362207558488295,0.0,0.0
2025-12-21,23,Sunday,7.00747450509898,77824.0,0.0,0.0,0.0,7.00747450509898,0.0,0.0
2025-12-22,0,Monday,7.00747450509898,77824.0,0.0,0.0,0.0,7.00747450509898,0.0,0.0
2025-12-22,1,Monday,7.00747450509898,77824.0,0.0,0.0,0.0,7.00747450509898,0.0,0.0
2025-12-22,2,Monday,7.1362207558488295,77824.0,0.0,0.0,0.0,7.1362207558488295,0.0,0.0
2025-12-22,3,Monday,7.283359328134372,77824.0,0.0,0.0,0.0,7.283359328134372,0.0,0.0
2025-12-22,4,Monday,7.283359328134372,77824.0,0.0,0.0,0.0,7.283359328134372,0.0,0.0
2025-12-22,5,Monday,7.412105578884224,77824.0,0.0,0.0,0.0,7.412105578884224,0.0,0.0
2025-12-22,6,Monday,7.7063827234553095,77824.0,0.0,0.0,0.0,7.7063827234553095,0.0,0.0
2025-12-22,7,Monday,7.7063827234553095,77824.0,0.0,0.07832848206055047,0.07832848206055047,7.637923630134388,0.0,0.43186835726538864
2025-12-22,8,Monday,7.982267546490701,77824.0,0.0,1.1719466430369867,1.1719466430369867,7.5014472085361845,0.0,0.9420895515471389
2025-12-22,9,Monday,7.982267546490701,77824.0,0.0,2.1728200078269,2.1728200078269,6.0376260710627205,0.0,0.9479241613647693
2025-12-22,10,Monday,8.111013797240552,77824.0,0.0,3.2083181914658696,3.2083181914658696,5.221833582755766,0.0,0.9426365596117099
2025-12-22,11,Monday,8.111013797240552,77824.0,0.0,3.9721547194081457,3.9721547194081457,4.553930451239657,0.0,0.9365584950917982
2025-12-22,12,Monday,8.258152369526094,77824.0,0.0,4.111296852070519,4.111296852070519,4.600205876507822,0.0,0.9353460912182809
2025-12-22,13,Monday,8.258152369526094,77824.0,0.0,3.797474126855207,3.797474126855207,4.88379741752235,0.0,0.9380417781648341
2025-12-22,14,Monday,8.111013797240552,77824.0,0.0,3.0715939559586714,3.0715939559586714,5.373794513805114,0.0,0.9435865079128215
2025-12-22,15,Monday,8.111013797240552,77824.0,0.0,2.073788207985667,2.073788207985667,6.252055152582768,0.0,0.948088870320343
2025-12-22,16,Monday,7.982267546490701,77824.0,0.0,0.8974829917930256,0.8974829917930256,7.173918592460968,0.0,0.9337697549081047
2025-12-22,17,Monday,7.982267546490701,77824.0,0.0,0.021809488999998808,0.021809488999998808,7.9629207573524114,0.0,0.0
2025-12-22,18,Monday,7.835128974205158,77824.0,0.0,0.0,0.0,7.835128974205158,0.0,0.0
2025-12-22,19,Monday,7.7063827234553095,77824.0,0.0,0.0,0.0,7.7063827234553095,0.0,0.0
2025-12-22,20,Monday,7.559244151169766,77824.0,0.0,0.0,0.0,7.559244151169766,0.0,0.0
2025-12-22,21,Monday,7.283359328134372,77824.0,0.0,0.0,0.0,7.283359328134372,0.0,0.0
2025-12-22,22,Monday,7.1362207558488295,77824.0,0.0,0.0,0.0,7.1362207558488295,0.0,0.0
2025-12-22,23,Monday,7.00747450509898,77824.0,0.0,0.0,0.0,7.00747450509898,0.0,0.0
2025-12-23,0,Tuesday,7.00747450509898,77824.0,0.0,0.0,0.0,7.00747450509898,0.0,0.0
2025-12-23,1,Tuesday,7.00747450509898,77824.0,0.0,0.0,0.0,7.00747450509898,0.0,0.0
2025-12-23,2,Tuesday,7.1362207558488295,77824.0,0.0,0.0,0.0,7.1362207558488295,0.0,0.0
2025-12-23,3,Tuesday,7.283359328134372,77824.0,0.0,0.0,0.0,7.283359328134372,0.0,0.0
2025-12-23,4,Tuesday,7.283359328134372,77824.0,0.0,0.0,0.0,7.283359328134372,0.0,0.0
2025-12-23,5,Tuesday,7.412105578884224,77824.0,0.0,0.0,0.0,7.412105578884224,0.0,0.0
2025-12-23,6,Tuesday,7.7063827234553095,77824.0,0.0,0.0,0.0,7.7063827234553095,0.0,0.0
2025-12-23,7,Tuesday,7.7063827234553095,77824.0,0.0,0.06773947711131448,0.06773947711131448,7.647178420460021,0.0,0.34443056780599723
2025-12-23,8,Tuesday,7.982267546490701,77824.0,0.0,1.016873677121514,1.016873677121514,7.649537287392662,0.0,0.9381483053013526
2025-12-23,9,Tuesday,7.982267546490701,77824.0,0.0,2.089832500816632,2.089832500816632,6.11972336843613,0.0,0.9480683890944454
2025-12-23,10,Tuesday,8.111013797240552,77824.0,0.0,3.1115723666802455,3.1115723666802455,5.3085295660726874,0.0,0.9433142753603942
2025-12-23,11,Tuesday,8.111013797240552,77824.0,0.0,3.9504641277050117,3.9504641277050117,4.570811051575432,0.0,0.9367451218803273
2025-12-23,12,Tuesday,8.258152369526094,77824.0,0.0,4.243961464408764,4.243961464408764,4.481417680254744,0.0,0.9341673019751473
2025-12-23,13,Tuesday,8.258152369526094,77824.0,0.0,3.9229056264219095,3.9229056264219095,4.776734712835298,0.0,0.9369812690825681
2025-12-23,14,Tuesday,8.111013797240552,77824.0,0.0,2.9446706795431545,2.9446706795431545,5.489867590409409,0.0,0.9444177668386692
2025-12-23,15,Tuesday,8.111013797240552,77824.0,0.0,1.8948280184620507,1.8948280184620507,6.410980013788246,0.0,0.9481308716458832
2025-12-23,16,Tuesday,7.982267546490701,77824.0,0.0,0.9100326155793466,0.9100326155793466,7.162579030307044,0.0,0.9343008325460999
2025-12-23,17,Tuesday,7.982267546490701,77824.0,0.0,0.06651414552189568,0.06651414552189568,7.923230536030362,0.0,0.33251283162172257
2025-12-23,18,Tuesday,7.835128974205158,77824.0,0.0,0.0,0.0,7.835128974205158,0.0,0.0
2025-12-23,19,Tuesday,7.7063827234553095,77824.0,0.0,0.0,0.0,7.7063827234553095,0.0,0.0
2025-12-23,20,Tuesday,7.559244151169766,77824.0,0.0,0.0,0.0,7.559244151169766,0.0,0.0
2025-12-23,21,Tuesday,7.283359328134372,77824.0,0.0,0.0,0.0,7.283359328134372,0.0,0.0
2025-12-23,22,Tuesday,7.1362207558488295,77824.0,0.0,0.0,0.0,7.1362207558488295,0.0,0.0
2025-12-23,23,Tuesday,7.00747450509898,77824.0,0.0,0.0,0.0,7.00747450509898,0.0,0.0
2025-12-24,0,Wednesday,7.00747450509898,77824.0,0.0,0.0,0.0,7.00747450509898,0.0,0.0
2025-12-24,1,Wednesday,7.00747450509898,77824.0,0.0,0.0,0.0,7.00747450509898,0.0,0.0
2025-12-24,2,Wednesday,7.1362207558488295,77824.0,0.0,0.0,0.0,7.1362207558488295,0.0,0.0
2025-12-24,3,Wednesday,7.283359328134372,77824.0,0.0,0.0,0.0,7.283359328134372,0.0,0.0
2025-12-24,4,Wednesday,7.283359328134372,77824.0,0.0,0.0,0.0,7.283359328134372,0.0,0.0
2025-12-24,5,Wednesday,7.412105578884224,77824.0,0.0,0.0,0.0,7.412105578884224,0.0,0.0
2025-12-24,6,Wednesday,7.7063827234553095,77824.0,0.0,0.0,0.0,7.7063827234553095,0.0,0.0
2025-12-24,7,Wednesday,7.7063827234553095,77824.0,0.0,0.08047281234203335,0.08047281234203335,7.636049485468372,0.0,0.4467693649052103
2025-12-24,8,Wednesday,7.982267546490701,77824.0,0.0,0.9817297180822872,0.9817297180822872,7.565591121967316,0.0,0.9370044159893482
2025-12-24,9,Wednesday,7.982267546490701,77824.0,0.0,2.0042405944343855,2.0042405944343855,6.198184373185072,0.0,0.9481475835577501
2025-12-24,10,Wednesday,8.111013797240552,77824.0,0.0,3.061830412738282,3.061830412738282,5.353100045494194,0.0,0.9436522645219413
2025-12-24,11,Wednesday,8.111013797240552,77824.0,0.0,3.9710211529830723,3.9710211529830723,4.551113848937396,0.0,0.9365682647535536
2025-12-24,12,Wednesday,8.258152369526094,77824.0,0.0,4.292521984068998,4.292521984068998,4.438924496791911,0.0,0.9337306630936806
2025-12-24,13,Wednesday,8.258152369526094,77824.0,0.0,3.9319523537632906,3.9319523537632906,4.7703371149205465,0.0,0.9369038687809819
2025-12-24,14,Wednesday,8.111013797240552,77824.0,0.0,2.99451306408222,2.99451306408222,5.445721466129419,0.0,0.9440975573272059
2025-12-24,15,Wednesday,8.111013797240552,77824.0,0.0,1.9332481770303525,1.9332481770303525,6.377097659681005,0.0,0.9481530393097416
2025-12-24,16,Wednesday,7.982267546490701,77824.0,0.0,0.9290388859187583,0.9290388859187583,7.145440055335934,0.0,0.9350704650419532
2025-12-24,17,Wednesday,7.982267546490701,77824.0,0.0,0.06763736614552956,0.06763736614552956,7.922184128245584,0.0,0.3434539351225126
2025-12-24,18,Wednesday,7.835128974205158,77824.0,0.0,0.0,0.0,7.835128974205158,0.0,0.0
2025-12-24,19,Wednesday,7.7063827234553095,77824.0,0.0,0.0,0.0,7.7063827234553095,0.0,0.0
2025-12-24,20,Wednesday,7.559244151169766,77824.0,0.0,0.0,0.0,7.559244151169766,0.0,0.0
2025-12-24,21,Wednesday,7.283359328134372,77824.0,0.0,0.0,0.0,7.283359328134372,0.0,0.0
2025-12-24,22,Wednesday,7.1362207558488295,77824.0,0.0,0.0,0.0,7.1362207558488295,0.0,0.0
2025-12-24,23,Wednesday,7.00747450509898,77824.0,0.0,0.0,0.0,7.00747450509898,0.0,0.0
2025-12-25,0,Thursday,7.00747450509898,77824.0,0.0,0.0,0.0,7.00747450509898,0.0,0.0
2025-12-25,1,Thursday,7.00747450509898,77824.0,0.0,0.0,0.0,7.00747450509898,0.0,0.0
2025-12-25,2,Thursday,7.1362207558488295,77824.0,0.0,0.0,0.0,7.1362207558488295,0.0,0.0
2025-12-25,3,Thursday,7.283359328134372,77824.0,0.0,0.0,0.0,7.283359328134372,0.0,0.0
2025-12-25,4,Thursday,7.283359328134372,77824.0,0.0,0.0,0.0,7.283359328134372,0.0,0.0
2025-12-25,5,Thursday,7.412105578884224,77824.0,0.0,0.0,0.0,7.412105578884224,0.0,0.0
2025-12-25,6,Thursday,7.7063827234553095,77824.0,0.0,0.0,0.0,7.7063827234553095,0.0,0.0
2025-12-25,7,Thursday,7.7063827234553095,77824.0,0.0,0.0806912163521844,0.0806912163521844,7.6358586003635,0.0,0.44824254731141727
2025-12-25,8,Thursday,7.982267546490701,77824.0,0.0,1.0135070646092237,1.0135070646092237,7.550685407550073,0.0,0.9380433655814598
2025-12-25,9,Thursday,7.982267546490701,77824.0,0.0,2.0475126348558943,2.0475126348558943,6.157644685573454,0.0,0.9481169142889158
2025-12-25,10,Thursday,8.111013797240552,77824.0,0.0,3.1059850899197947,3.1059850899197947,5.313418647922523,0.0,0.9433526058541044
2025-12-25,11,Thursday,8.111013797240552,77824.0,0.0,4.045443650345134,4.045443650345134,4.485547978320982,0.0,0.9359231029921103
2025-12-25,12,Thursday,8.258152369526094,77824.0,0.0,4.322745536722467,4.322745536722467,4.414682824160237,0.0,0.9334575770671864
2025-12-25,13,Thursday,8.258152369526094,77824.0,0.0,4.015284859374087,4.015284859374087,4.6974591972634965,0.0,0.9361854547591549
2025-12-25,14,Thursday,8.111013797240552,77824.0,0.0,3.103763822165478,3.103763822165478,5.350600179187501,0.0,0.9433678190873583
2025-12-25,15,Thursday,8.111013797240552,77824.0,0.0,2.052194382888998,2.052194382888998,6.271838364877698,0.0,0.9481124264681178
2025-12-25,16,Thursday,7.982267546490701,77824.0,0.0,1.0011398620905236,1.0011398620905236,7.080534059804128,0.0,0.9376495969157083
2025-12-25,17,Thursday,7.982267546490701,77824.0,0.0,0.05659566079679049,0.05659566079679049,7.9318539928840766,0.0,0.21702721305555633
2025-12-25,18,Thursday,7.835128974205158,77824.0,0.0,0.0,0.0,7.835128974205158,0.0,0.0
2025-12-25,19,Thursday,6.0,71302.26086956522,0.0,0.0,0.0,0.0,6.521739130434782,0.9082345737162401
2025-12-25,20,Thursday,6.0,64696.038013007696,0.0,0.0,0.0,0.0,6.606222856557519,0.9073024996154092
2025-12-25,21,Thursday,6.0,58083.02856737815,0.0,0.0,0.0,0.0,6.613009445629547,0.9072275353639845
2025-12-25,22,Thursday,6.0,51469.47268848525,0.0,0.0,0.0,0.0,6.613555878892904,0.907221498917243
2025-12-25,23,Thursday,6.0,44855.872804486775,0.0,0.0,0.0,0.0,6.613599883998474,0.9072210127892202
2025-12-26,0,Friday,6.0,38242.26937663714,0.0,0.0,0.0,0.0,6.613603427849631,0.9072209736399804
2025-12-26,1,Friday,6.0,31628.665663391166,0.0,0.0,0.0,0.0,6.613603713245971,0.9072209704871814
2025-12-26,2,Friday,6.0,25015.06192716142,0.0,0.0,0.0,0.0,6.613603736229747,0.9072209702332776
2025-12-26,3,Friday,7.283359328134372,25015.06192716142,0.0,0.0,0.0,7.283359328134372,0.0,0.0
2025-12-26,4,Friday,7.283359328134372,25015.06192716142,0.0,0.0,0.0,7.283359328134372,0.0,0.0
2025-12-26,5,Friday,7.412105578884224,25015.06192716142,0.0,0.0,0.0,7.412105578884224,0.0,0.0
2025-12-26,6,Friday,7.7063827234553095,25015.06192716142,0.0,0.0,0.0,7.7063827234553095,0.0,0.0
2025-12-26,7,Friday,7.7063827234553095,25073.44814569929,0.06898182719503075,0.0,0.06898182719503075,7.7063827234553095,0.0,0.0
2025-12-26,8,Friday,7.982267546490701,25935.477039214515,1.0184651388412373,0.0,1.0184651388412373,7.982267546490701,0.0,0.0
2025-12-26,9,Friday,7.982267546490701,27713.9831757568,2.1012596131170644,0.0,2.1012596131170644,7.982267546490701,0.0,0.0
2025-12-26,10,Friday,8.111013797240552,30365.30344103902,3.1324672321387306,0.0,3.1324672321387306,8.111013797240552,0.0,0.0
2025-12-26,11,Friday,8.111013797240552,33760.570019533756,4.011420815801907,0.0,4.011420815801907,8.111013797240552,0.0,0.0
2025-12-26,12,Friday,8.258152369526094,37403.35114151733,4.3038529324002415,0.0,4.3038529324002415,8.258152369526094,0.0,0.0
2025-12-26,13,Friday,8.258152369526094,40788.49260861683,3.999458255079749,0.0,3.999458255079749,8.258152369526094,0.0,0.0
2025-12-26,14,Friday,8.111013797240552,43373.690121037784,3.0543448870757994,0.0,3.0543448870757994,8.111013797240552,0.0,0.0
2025-12-26,15,Friday,8.111013797240552,45063.27565654277,1.9962021922317918,0.0,1.9962021922317918,8.111013797240552,0.0,0.0
2025-12-26,16,Friday,7.982267546490701,45864.998875410565,0.9472155232369915,0.0,0.9472155232369915,7.982267546490701,0.0,0.0
2025-12-26,17,Friday,7.982267546490701,45931.279297430774,0.07830862715053674,0.0,0.07830862715053674,7.982267546490701,0.0,0.0
2025-12-26,18,Friday,7.835128974205158,45931.279297430774,0.0,0.0,0.0,7.835128974205158,0.0,0.0
2025-12-26,19,Friday,7.7063827234553095,45931.279297430774,0.0,0.0,0.0,7.7063827234553095,0.0,0.0
2025-12-26,20,Friday,7.559244151169766,45931.279297430774,0.0,0.0,0.0,7.559244151169766,0.0,0.0
2025-12-26,21,Friday,7.283359328134372,45931.279297430774,0.0,0.0,0.0,7.283359328134372,0.0,0.0
2025-12-26,22,Friday,7.1362207558488295,45931.279297430774,0.0,0.0,0.0,7.1362207558488295,0.0,0.0
2025-12-26,23,Friday,7.00747450509898,45931.279297430774,0.0,0.0,0.0,7.00747450509898,0.0,0.0
2025-12-27,0,Saturday,7.00747450509898,45931.279297430774,0.0,0.0,0.0,7.00747450509898,0.0,0.0
2025-12-27,1,Saturday,7.00747450509898,45931.279297430774,0.0,0.0,0.0,7.00747450509898,0.0,0.0
2025-12-27,2,Saturday,7.1362207558488295,45931.279297430774,0.0,0.0,0.0,7.1362207558488295,0.0,0.0
2025-12-27,3,Saturday,7.283359328134372,45931.279297430774,0.0,0.0,0.0,7.283359328134372,0.0,0.0
2025-12-27,4,Saturday,7.283359328134372,45931.279297430774,0.0,0.0,0.0,7.283359328134372,0.0,0.0
2025-12-27,5,Saturday,7.412105578884224,45931.279297430774,0.0,0.0,0.0,7.412105578884224,0.0,0.0
2025-12-27,6,Saturday,7.7063827234553095,45931.279297430774,0.0,0.0,0.0,7.7063827234553095,0.0,0.0
2025-12-27,7,Saturday,7.7063827234553095,45989.49266252577,0.06877760526346094,0.0,0.06877760526346094,7.7063827234553095,0.0,0.0
2025-12-27,8,Saturday,7.982267546490701,46829.71792096553,0.9927047004250484,0.0,0.9927047004250484,7.982267546490701,0.0,0.0
2025-12-27,9,Saturday,7.982267546490701,48575.916180349755,2.0630886807469637,0.0,2.0630886807469637,7.982267546490701,0.0,0.0
2025-12-27,10,Saturday,8.111013797240552,51178.52247595295,3.0749129201360965,0.0,3.0749129201360965,8.111013797240552,0.0,0.0
2025-12-27,11,Saturday,8.111013797240552,54536.88575909181,3.967820514105458,0.0,3.967820514105458,8.111013797240552,0.0,0.0
2025-12-27,12,Saturday,8.258152369526094,58179.50595393917,4.3036628010956495,0.0,4.3036628010956495,8.258152369526094,0.0,0.0
2025-12-27,13,Saturday,8.258152369526094,61573.25658071449,4.00962975753228,0.0,4.00962975753228,8.258152369526094,0.0,0.0
2025-12-27,14,Saturday,8.111013797240552,64167.694937476714,3.0652627088400424,0.0,3.0652627088400424,8.111013797240552,0.0,0.0
2025-12-27,15,Saturday,8.111013797240552,65864.74668773334,2.0050233344241715,0.0,2.0050233344241715,8.111013797240552,0.0,0.0
2025-12-27,16,Saturday,7.982267546490701,66671.44357975984,0.9530917911466328,0.0,0.9530917911466328,7.982267546490701,0.0,0.0
2025-12-27,17,Saturday,7.982267546490701,66747.30207873203,0.0896248806382285,0.0,0.0896248806382285,7.982267546490701,0.0,0.0
2025-12-27,18,Saturday,7.835128974205158,66747.30207873203,0.0,0.0,0.0,7.835128974205158,0.0,0.0
2025-12-27,19,Saturday,7.7063827234553095,66747.30207873203,0.0,0.0,0.0,7.7063827234553095,0.0,0.0
2025-12-27,20,Saturday,7.559244151169766,66747.30207873203,0.0,0.0,0.0,7.559244151169766,0.0,0.0
2025-12-27,21,Saturday,7.283359328134372,66747.30207873203,0.0,0.0,0.0,7.283359328134372,0.0,0.0
2025-12-27,22,Saturday,7.1362207558488295,66747.30207873203,0.0,0.0,0.0,7.1362207558488295,0.0,0.0
2025-12-27,23,Saturday,7.00747450509898,66747.30207873203,0.0,0.0,0.0,7.00747450509898,0.0,0.0
2025-12-28,0,Sunday,7.00747450509898,66747.30207873203,0.0,0.0,0.0,7.00747450509898,0.0,0.0
2025-12-28,1,Sunday,7.00747450509898,66747.30207873203,0.0,0.0,0.0,7.00747450509898,0.0,0.0
2025-12-28,2,Sunday,7.1362207558488295,66747.30207873203,0.0,0.0,0.0,7.1362207558488295,0.0,0.0
2025-12-28,3,Sunday,7.283359328134372,66747.30207873203,0.0,0.0,0.0,7.283359328134372,0.0,0.0
2025-12-28,4,Sunday,7.283359328134372,66747.30207873203,0.0,0.0,0.0,7.283359328134372,0.0,0.0
2025-12-28,5,Sunday,7.412105578884224,66747.30207873203,0.0,0.0,0.0,7.412105578884224,0.0,0.0
2025-12-28,6,Sunday,7.7063827234553095,66747.30207873203,0.0,0.0,0.0,7.7063827234553095,0.0,0.0
2025-12-28,7,Sunday,7.7063827234553095,66785.90551387006,0.045608973461756595,0.0,0.045608973461756595,7.7063827234553095,0.0,0.0
2025-12-28,8,Sunday,7.982267546490701,67646.02556421295,1.016209889346511,0.0,1.016209889346511,7.982267546490701,0.0,0.0
2025-12-28,9,Sunday,7.982267546490701,69564.44392242783,2.2665623324844955,0.0,2.2665623324844955,7.982267546490701,0.0,0.0
2025-12-28,10,Sunday,8.111013797240552,72326.11013710339,3.262838155335018,0.0,3.262838155335018,8.111013797240552,0.0,0.0
2025-12-28,11,Sunday,8.111013797240552,75758.5983441884,4.05539722009099,0.0,4.05539722009099,8.111013797240552,0.0,0.0
2025-12-28,12,Sunday,8.258152369526094,77824.0,2.4402193476034952,2.01698194178186,4.457201289385355,6.495310152408749,0.0,0.9481406150167194
2025-12-28,13,Sunday,8.258152369526094,77824.0,0.0,4.230031112235164,4.230031112235164,4.448021284246314,0.0,0.9342920631078021
2025-12-28,14,Sunday,8.111013797240552,77824.0,0.0,3.3132010177298383,3.3132010177298383,5.170291253612156,0.0,0.9418737917125259
2025-12-28,15,Sunday,8.111013797240552,77824.0,0.0,2.1288396688216698,2.1288396688216698,6.206170420960504,0.0,0.9480083830501079
2025-12-28,16,Sunday,7.982267546490701,77824.0,0.0,1.0479761087916617,1.0479761087916617,7.03845191693851,0.0,0.9390742408440463
2025-12-28,17,Sunday,7.982267546490701,77824.0,0.0,0.022354080817518274,0.022354080817518274,7.962325012090897,0.0,0.0
2025-12-28,18,Sunday,7.835128974205158,77824.0,0.0,0.0,0.0,7.835128974205158,0.0,0.0
2025-12-28,19,Sunday,7.7063827234553095,77824.0,0.0,0.0,0.0,7.7063827234553095,0.0,0.0
2025-12-28,20,Sunday,7.559244151169766,77824.0,0.0,0.0,0.0,7.559244151169766,0.0,0.0
2025-12-28,21,Sunday,7.283359328134372,77824.0,0.0,0.0,0.0,7.283359328134372,0.0,0.0
2025-12-28,22,Sunday,7.1362207558488295,77824.0,0.0,0.0,0.0,7.1362207558488295,0.0,0.0
2025-12-28,23,Sunday,7.00747450509898,77824.0,0.0,0.0,0.0,7.00747450509898,0.0,0.0
2025-12-29,0,Monday,7.00747450509898,77824.0,0.0,0.0,0.0,7.00747450509898,0.0,0.0
2025-12-29,1,Monday,7.00747450509898,77824.0,0.0,0.0,0.0,7.00747450509898,0.0,0.0
2025-12-29,2,Monday,7.1362207558488295,77824.0,0.0,0.0,0.0,7.1362207558488295,0.0,0.0
2025-12-29,3,Monday,7.283359328134372,77824.0,0.0,0.0,0.0,7.283359328134372,0.0,0.0
2025-12-29,4,Monday,7.283359328134372,77824.0,0.0,0.0,0.0,7.283359328134372,0.0,0.0
2025-12-29,5,Monday,7.412105578884224,77824.0,0.0,0.0,0.0,7.412105578884224,0.0,0.0
2025-12-29,6,Monday,7.7063827234553095,77824.0,0.0,0.0,0.0,7.7063827234553095,0.0,0.0
2025-12-29,7,Monday,7.7063827234553095,77824.0,0.0,0.0673991072253648,0.0673991072253648,7.64747590374034,0.0,0.34116360367393844
2025-12-29,8,Monday,7.982267546490701,77824.0,0.0,0.9826193407316999,0.9826193407316999,7.6637952889331515,0.0,0.9370347349842257
2025-12-29,9,Monday,7.982267546490701,77824.0,0.0,2.0144762576306663,2.0144762576306663,6.189015031599783,0.0,0.9481421236101495
2025-12-29,10,Monday,8.111013797240552,77824.0,0.0,3.042408548540557,3.042408548540557,5.370609880242782,0.0,0.9437821999191739
2025-12-29,11,Monday,8.111013797240552,77824.0,0.0,3.93103257949243,3.93103257949243,4.586477150204608,0.0,0.9369117434227265
2025-12-29,12,Monday,8.258152369526094,77824.0,0.0,4.198459323817124,4.198459323817124,4.521245816997537,0.0,0.9345739858416999
2025-12-29,13,Monday,8.258152369526094,77824.0,0.0,3.9491247562133474,3.9491247562133474,4.751940568725677,0.0,0.9367566240519775
2025-12-29,14,Monday,8.111013797240552,77824.0,0.0,3.0411745449635488,3.0411745449635488,5.404615417342333,0.0,0.9437904161264822
2025-12-29,15,Monday,8.111013797240552,77824.0,0.0,2.033953874928277,2.033953874928277,6.287368931939955,0.0,0.9481286417933252
2025-12-29,16,Monday,7.982267546490701,77824.0,0.0,1.0321982629075024,1.0321982629075024,7.052543646272377,0.0,0.9386141702333797
2025-12-29,17,Monday,7.982267546490701,77824.0,0.0,0.09842068666927296,0.09842068666927296,7.894507447896416,0.0,0.5459866874889828
2025-12-29,18,Monday,7.835128974205158,77824.0,0.0,0.0,0.0,7.835128974205158,0.0,0.0
2025-12-29,19,Monday,7.7063827234553095,77824.0,0.0,0.0,0.0,7.7063827234553095,0.0,0.0
2025-12-29,20,Monday,7.559244151169766,77824.0,0.0,0.0,0.0,7.559244151169766,0.0,0.0
2025-12-29,21,Monday,7.283359328134372,77824.0,0.0,0.0,0.0,7.283359328134372,0.0,0.0
2025-12-29,22,Monday,7.1362207558488295,77824.0,0.0,0.0,0.0,7.1362207558488295,0.0,0.0
2025-12-29,23,Monday,7.00747450509898,77824.0,0.0,0.0,0.0,7.00747450509898,0.0,0.0
2025-12-30,0,Tuesday,7.00747450509898,77824.0,0.0,0.0,0.0,7.00747450509898,0.0,0.0
2025-12-30,1,Tuesday,7.00747450509898,77824.0,0.0,0.0,0.0,7.00747450509898,0.0,0.0
2025-12-30,2,Tuesday,7.1362207558488295,77824.0,0.0,0.0,0.0,7.1362207558488295,0.0,0.0
2025-12-30,3,Tuesday,7.283359328134372,77824.0,0.0,0.0,0.0,7.283359328134372,0.0,0.0
2025-12-30,4,Tuesday,7.283359328134372,77824.0,0.0,0.0,0.0,7.283359328134372,0.0,0.0
2025-12-30,5,Tuesday,7.412105578884224,77824.0,0.0,0.0,0.0,7.412105578884224,0.0,0.0
2025-12-30,6,Tuesday,7.7063827234553095,77824.0,0.0,0.0,0.0,7.7063827234553095,0.0,0.0
2025-12-30,7,Tuesday,7.7063827234553095,77824.0,0.0,0.06673538594776295,0.06673538594776295,7.648055996136964,0.0,0.33469705892798274
2025-12-30,8,Tuesday,7.982267546490701,77824.0,0.0,0.9396067437594131,0.9396067437594131,7.683508113489785,0.0,0.9354811347257791
2025-12-30,9,Tuesday,7.982267546490701,77824.0,0.0,2.154665333334251,2.154665333334251,6.067401214057968,0.0,0.9479609912376438
2025-12-30,10,Tuesday,8.111013797240552,77824.0,0.0,3.1703775685655327,3.1703775685655327,5.2558892478703285,0.0,0.9429054309194521
2025-12-30,11,Tuesday,8.111013797240552,77824.0,0.0,3.93656266259762,3.93656266259762,4.5847977992084195,0.0,0.9368643792665832
2025-12-30,12,Tuesday,8.258152369526094,77824.0,0.0,4.4650531924892,4.4650531924892,4.284160546331108,0.0,0.932158749236079
2025-12-30,13,Tuesday,8.258152369526094,77824.0,0.0,4.164644267422191,4.164644267422191,4.570148257759293,0.0,0.9348746284339767
2025-12-30,14,Tuesday,8.111013797240552,77824.0,0.0,3.2782254189216484,3.2782254189216484,5.199520515325219,0.0,0.9421312326914262
2025-12-30,15,Tuesday,8.111013797240552,77824.0,0.0,2.1522406694457614,2.1522406694457614,6.184705300034675,0.0,0.9479656928177036
2025-12-30,16,Tuesday,7.982267546490701,77824.0,0.0,1.071437445568616,1.071437445568616,7.017365903111381,0.0,0.9397235070448354
2025-12-30,17,Tuesday,7.982267546490701,77824.0,0.0,0.15256246756795888,0.15256246756795888,7.846069336277643,0.0,0.7035682672904365
2025-12-30,18,Tuesday,7.835128974205158,77824.0,0.0,0.0,0.0,7.835128974205158,0.0,0.0
2025-12-30,19,Tuesday,7.7063827234553095,77824.0,0.0,0.0,0.0,7.7063827234553095,0.0,0.0
2025-12-30,20,Tuesday,7.559244151169766,77824.0,0.0,0.0,0.0,7.559244151169766,0.0,0.0
2025-12-30,21,Tuesday,7.283359328134372,77824.0,0.0,0.0,0.0,7.283359328134372,0.0,0.0
2025-12-30,22,Tuesday,7.1362207558488295,77824.0,0.0,0.0,0.0,7.1362207558488295,0.0,0.0
2025-12-30,23,Tuesday,7.00747450509898,77824.0,0.0,0.0,0.0,7.00747450509898,0.0,0.0
2025-12-31,0,Wednesday,7.00747450509898,77824.0,0.0,0.0,0.0,7.00747450509898,0.0,0.0
2025-12-31,1,Wednesday,7.00747450509898,77824.0,0.0,0.0,0.0,7.00747450509898,0.0,0.0
2025-12-31,2,Wednesday,7.1362207558488295,77824.0,0.0,0.0,0.0,7.1362207558488295,0.0,0.0
2025-12-31,3,Wednesday,7.283359328134372,77824.0,0.0,0.0,0.0,7.283359328134372,0.0,0.0
2025-12-31,4,Wednesday,7.283359328134372,77824.0,0.0,0.0,0.0,7.283359328134372,0.0,0.0
2025-12-31,5,Wednesday,7.412105578884224,77824.0,0.0,0.0,0.0,7.412105578884224,0.0,0.0
2025-12-31,6,Wednesday,7.7063827234553095,77824.0,0.0,0.0,0.0,7.7063827234553095,0.0,0.0
2025-12-31,7,Wednesday,7.7063827234553095,77824.0,0.0,0.06722892228238997,0.06722892228238997,7.647624645380501,0.0,0.339517701764483
2025-12-31,8,Wednesday,7.982267546490701,77824.0,0.0,0.9428786629053104,0.9428786629053104,7.67814974965194,0.0,0.9356058685524552
2025-12-31,9,Wednesday,7.982267546490701,77824.0,0.0,2.0129251632638674,2.0129251632638674,6.193128180569447,0.0,0.9481430237206052
2025-12-31,10,Wednesday,8.111013797240552,77824.0,0.0,3.04998555749802,3.04998555749802,5.363782394889721,0.0,0.9437316471010665
2025-12-31,11,Wednesday,8.111013797240552,77824.0,0.0,3.949213627980939,3.949213627980939,4.570365809446544,0.0,0.9367558609236484
2025-12-31,12,Wednesday,8.258152369526094,77824.0,0.0,4.288738192012686,4.288738192012686,4.441526764057869,0.0,0.933764780744656
2025-12-31,13,Wednesday,8.258152369526094,77824.0,0.0,3.9854504925002714,3.9854504925002714,4.722752729492807,0.0,0.9364437713490925
2025-12-31,14,Wednesday,8.111013797240552,77824.0,0.0,3.115089166954478,3.115089166954478,5.339763242028576,0.0,0.9432901023338488
2025-12-31,15,Wednesday,8.111013797240552,77824.0,0.0,2.079962725226414,2.079962725226414,6.247105957907608,0.0,0.9480812848935412
2025-12-31,16,Wednesday,7.982267546490701,77824.0,0.0,1.0355765247679591,1.0355765247679591,7.049547360393486,0.0,0.9387143185353286
2025-12-31,17,Wednesday,7.982267546490701,77824.0,0.0,0.06573129478421144,0.06573129478421144,7.923649784280386,0.0,0.32466582812751965
2025-12-31,18,Wednesday,7.835128974205158,77824.0,0.0,0.0,0.0,7.835128974205158,0.0,0.0
2025-12-31,19,Wednesday,7.7063827234553095,77824.0,0.0,0.0,0.0,7.7063827234553095,0.0,0.0
2025-12-31,20,Wednesday,7.559244151169766,77824.0,0.0,0.0,0.0,7.559244151169766,0.0,0.0
2025-12-31,21,Wednesday,7.283359328134372,77824.0,0.0,0.0,0.0,7.283359328134372,0.0,0.0
2025-12-31,22,Wednesday,7.1362207558488295,77824.0,0.0,0.0,0.0,7.1362207558488295,0.0,0.0
2025-12-31,23,Wednesday,7.00747450509898,77824.0,0.0,0.0,0.0,7.00747450509898,0.0,0.0
