Year;Month;Day;Hour;Az;hs;G_Bn;G_Dh;G_Gh;Ta;Tsky;N;FF;DD;RH;p
2005;1;1;1;-171.5;0;0;0;0;16.6;8.4;8;1.9;173;84;1010
2005;1;1;2;-107.5;0;0;0;0;16.4;5.9;8;1.3;162;70;1010
2005;1;1;3;-93.6;0;0;0;0;16.1;6;8;1.1;204;72;1010
2005;1;1;4;-86.5;0;0;0;0;16;6.4;8;1.5;265;76;1010
2005;1;1;5;-81;0;0;0;0;15.8;6.9;8;1.5;218;80;1010
2005;1;1;6;-75.3;0;0;0;0;15.7;6.6;8;1.8;207;78;1010
2005;1;1;7;-69.4;0;0;0;0;15.6;6.8;8;1.3;231;80;1010
2005;1;1;8;-63.1;0.9;0;2;2;15.7;6.3;8;2.1;192;77;1010
2005;1;1;9;-55.2;12.3;10;86;96;17.3;7.3;8;1.8;169;72;1010
2005;1;1;10;-45.3;22.5;41;183;224;19.1;6.6;8;3.5;253;64;1010
2005;1;1;11;-33.2;31;78;248;326;20.8;6.6;7;2.8;95;57;1010
2005;1;1;12;-18.1;36.8;14;244;258;21.4;8.6;8;2.6;181;55;1010
2005;1;1;13;-0.5;39;28;304;333;22.2;7.6;8;3.1;145;51;1010
2005;1;1;14;16.3;37.2;23;264;287;22.5;8.7;8;3.3;103;51;1010
2005;1;1;15;31.5;31.7;93;255;348;23;6.9;7;2.8;100;49;1010
2005;1;1;16;44.3;23.5;36;178;214;22.9;8;8;4;176;49;1010
2005;1;1;17;54.2;13.4;3;88;91;22.2;8.6;8;3.1;36;50;1010
2005;1;1;18;62.2;2.1;0;3;3;21.2;8.3;8;3.3;155;53;1010
2005;1;1;19;69.1;0;0;0;0;20.5;10.4;8;2.6;97;68;1010
2005;1;1;20;74.6;0;0;0;0;19.8;12.2;7;2.6;146;84;1010
2005;1;1;21;80.3;0;0;0;0;19.1;11.7;7;2.8;159;87;1011
2005;1;1;22;86.1;0;0;0;0;18.5;10.9;7;1.9;120;87;1011
2005;1;1;23;93;0;0;0;0;17.7;9.9;7;1.3;175;87;1011
2005;1;1;24;105.3;0;0;0;0;16.9;8.9;7;1.2;171;87;1011
2005;1;2;1;-170.4;0;0;0;0;16.1;7.8;7;1.3;202;87;1011
2005;1;2;2;-108.2;0;0;0;0;15.2;6.7;7;2.6;175;87;1011
2005;1;2;3;-94.1;0;0;0;0;14.3;5.5;7;3.7;145;87;1011
2005;1;2;4;-86.6;0;0;0;0;13.8;4.8;7;3.3;65;87;1011
2005;1;2;5;-81.1;0;0;0;0;13.3;4.2;7;4;97;88;1012
2005;1;2;6;-75.4;0;0;0;0;13;3.7;7;3.3;35;88;1012
2005;1;2;7;-69.5;0;0;0;0;12.6;3.5;7;3.7;97;91;1012
2005;1;2;8;-63.2;0.9;0;5;5;12.7;3.3;7;2.1;74;90;1012
2005;1;2;9;-55.3;12.3;55;78;132;14.7;4.2;7;2.4;174;82;1012
2005;1;2;10;-45.4;22.5;55;183;237;16.4;5.6;7;2.3;181;77;1012
2005;1;2;11;-33.3;31;78;248;326;17.9;4.9;7;2.4;147;64;1012
2005;1;2;12;-18.2;36.8;273;238;511;19.8;4;5;1.9;211;59;1012
2005;1;2;13;-1;39.1;139;300;438;20.7;5.6;7;2.8;176;56;1013
2005;1;2;14;16.2;37.3;148;291;439;21.3;5.4;7;3.1;151;53;1012
2005;1;2;15;31.5;31.8;189;216;404;21.7;5.1;5;2.3;105;52;1012
2005;1;2;16;44.2;23.6;178;144;322;21.6;3.9;4;2.8;157;49;1012
2005;1;2;17;54.2;13.6;123;110;233;21.2;2.5;4;2.3;156;52;1012
2005;1;2;18;62.3;2.3;0;13;13;19.8;2.2;4;2.6;186;58;1012
2005;1;2;19;69.1;0;0;0;0;19.1;3;4;1.6;152;65;1012
2005;1;2;20;75;0;0;0;0;18.5;1.9;4;1.1;213;62;1012
2005;1;2;21;80.3;0;0;0;0;17.7;2;4;0.9;198;67;1012
2005;1;2;22;86.1;0;0;0;0;17;1.8;4;0.7;245;71;1012
2005;1;2;23;93.1;0;0;0;0;16.3;1.5;4;0.5;267;73;1012
2005;1;2;24;105.4;0;0;0;0;15.5;1.1;4;0.3;323;76;1012
2005;1;3;1;-169.5;0;0;0;0;15.1;1.3;4;0.2;299;80;1011
2005;1;3;2;-108.5;0;0;0;0;14.7;1.5;4;0.2;305;85;1011
2005;1;3;3;-94.3;0;0;0;0;14.3;0.4;4;0.4;302;80;1011
2005;1;3;4;-87.1;0;0;0;0;14;1;3;0.3;306;86;1011
2005;1;3;5;-81.2;0;0;0;0;13.8;0.6;3;0.4;309;85;1011
2005;1;3;6;-75.5;0;0;0;0;13.6;0.9;3;0.3;306;88;1011
2005;1;3;7;-69.6;0;0;0;0;13.4;0.8;3;0.5;308;89;1011
2005;1;3;8;-63.2;0.8;0;6;6;13.6;0.6;3;0.6;300;86;1011
2005;1;3;9;-55.3;12.3;152;49;202;16.8;2.6;3;0.7;306;75;1011
2005;1;3;10;-45.5;22.5;288;148;436;20.2;1.4;3;0.8;237;58;1011
2005;1;3;11;-33.4;31;132;243;374;21.3;6;6;1.6;238;56;1011
2005;1;3;12;-18.3;36.9;11;214;225;21.1;9;8;1.6;205;56;1011
2005;1;3;13;-1.1;39.2;0;58;58;20.1;11.6;8;2.1;225;61;1010
2005;1;3;14;16.2;37.4;33;249;282;20.3;9.1;8;1.6;149;64;1010
2005;1;3;15;31.5;32;161;245;406;21;6.8;6;1.1;190;63;1010
2005;1;3;16;44.2;23.8;225;142;367;21.3;5.4;4;1.5;204;60;1010
2005;1;3;17;54.2;13.7;11;82;93;20.4;9.8;4;2.8;232;64;1010
2005;1;3;18;62.3;2.4;0;5;5;19.3;9.5;4;4.4;159;68;1010
2005;1;3;19;69.1;0;0;0;0;18.7;9.9;5;4.2;30;74;1010
2005;1;3;20;75;0;0;0;0;18.3;9.8;5;3.1;22;76;1010
2005;1;3;21;80.3;0;0;0;0;17.7;9.6;5;3.1;104;78;1009
2005;1;3;22;86.2;0;0;0;0;17.1;9.3;5;3.5;88;79;1009
2005;1;3;23;93.2;0;0;0;0;16.6;8.7;5;3.3;85;80;1009
2005;1;3;24;105.5;0;0;0;0;16;9.2;6;3.3;70;86;1009
2005;1;4;1;-168.5;0;0;0;0;15.6;8.5;6;3.1;98;84;1009
2005;1;4;2;-109.2;0;0;0;0;15.2;8.5;6;3.1;105;86;1009
2005;1;4;3;-94.4;0;0;0;0;14.9;8.2;6;3.5;77;86;1009
2005;1;4;4;-87.2;0;0;0;0;14.7;8.4;7;4;63;89;1009
2005;1;4;5;-81.3;0;0;0;0;14.5;8.3;7;5;32;89;1008
2005;1;4;6;-75.6;0;0;0;0;14.3;8.6;7;3.7;20;92;1008
2005;1;4;7;-70.1;0;0;0;0;14.2;8.5;7;2.4;78;92;1008
2005;1;4;8;-63.3;0.8;0;3;3;14.1;8.7;8;2.1;191;93;1008
2005;1;4;9;-55.4;12.2;0;51;51;15;9.5;8;2.1;183;91;1008
2005;1;4;10;-46;22.5;4;148;152;16.3;9.1;8;1.5;171;88;1008
2005;1;4;11;-33.5;31.1;12;228;241;17.7;8.8;8;1.8;229;80;1008
2005;1;4;12;-18.4;36.9;13;255;268;18.6;10.5;8;1.5;171;82;1008
2005;1;4;13;-1.2;39.3;5;226;231;19;11.2;8;2.4;217;79;1008
2005;1;4;14;16.1;37.5;3;206;209;19.1;12.2;8;1.5;213;84;1008
2005;1;4;15;31.4;32.1;3;193;196;19.3;11.1;8;1.1;212;77;1008
2005;1;4;16;44.2;23.9;0;134;134;19.1;12;8;1.1;269;82;1008
2005;1;4;17;54.2;13.8;0;80;80;18.2;12.5;8;1.3;267;93;1008
2005;1;4;18;62.3;2.5;0;3;3;18;12;7;1.8;182;92;1009
2005;1;4;19;69.1;0;0;0;0;17.4;11.3;7;1.8;175;94;1009
2005;1;4;20;75.1;0;0;0;0;16.7;10.5;6;2.3;155;95;1009
2005;1;4;21;80.4;0;0;0;0;16;9;6;1.5;169;92;1009
2005;1;4;22;86.2;0;0;0;0;15.3;8.1;5;2.1;227;92;1009
2005;1;4;23;93.3;0;0;0;0;14.7;7.2;5;1.9;187;93;1010
2005;1;4;24;106;0;0;0;0;14;6.3;4;1.8;166;94;1010
2005;1;5;1;-168;0;0;0;0;13.3;5.4;4;3.3;154;95;1010
2005;1;5;2;-109.6;0;0;0;0;12.7;4.7;4;4;84;97;1010
2005;1;5;3;-95;0;0;0;0;12;3.7;3;3.3;7;97;1010
2005;1;5;4;-87.3;0;0;0;0;11.6;3.2;3;2.6;96;98;1011
2005;1;5;5;-81.4;0;0;0;0;11.3;2.6;2;4;150;99;1011
2005;1;5;6;-76.1;0;0;0;0;11;2.3;2;3.3;43;100;1011
2005;1;5;7;-70.2;0;0;0;0;10.8;1.8;1;4;100;100;1011
2005;1;5;8;-63.4;0.8;0;5;5;10.9;1.7;1;2.8;46;100;1011
2005;1;5;9;-55.5;12.2;88;66;154;13;3.4;0;2.4;187;96;1012
2005;1;5;10;-46.1;22.5;301;83;384;15.8;2.5;0;2.1;145;85;1012
2005;1;5;11;-33.6;31.1;419;149;568;18.5;2.5;0;1.6;175;71;1012
2005;1;5;12;-18.5;37;266;242;509;19.6;5.6;5;1.5;200;69;1012
2005;1;5;13;-1.3;39.4;269;258;527;20.4;6.2;5;1.5;212;66;1012
2005;1;5;14;16.1;37.7;148;285;433;20.7;7.5;6;2.3;219;66;1012
2005;1;5;15;31.4;32.3;13;222;235;20;10.1;8;2.1;169;70;1012
2005;1;5;16;44.2;24.1;2;148;150;19;10.2;8;2.1;183;74;1012
2005;1;5;17;54.3;14;0;60;60;17.8;10.6;8;2.8;191;78;1011
2005;1;5;18;62.3;2.7;0;3;3;16.5;10.2;8;3.7;146;84;1011
2005;1;5;19;69.2;0;0;0;0;16.1;10.7;8;3.7;73;89;1011
2005;1;5;20;75.1;0;0;0;0;15.7;10.6;8;2.3;72;91;1011
2005;1;5;21;80.4;0;0;0;0;15.3;10.8;8;3.5;164;95;1011
2005;1;5;22;86.3;0;0;0;0;15;10.8;8;3.5;104;97;1010
2005;1;5;23;93.3;0;0;0;0;14.6;10.8;8;3.1;80;100;1010
2005;1;5;24;106.2;0;0;0;0;14.2;10.5;8;3.3;123;100;1010
2005;1;6;1;-167.1;0;0;0;0;13.9;10.2;8;4.6;93;100;1010
2005;1;6;2;-110.4;0;0;0;0;13.6;9.6;8;4.9;15;97;1009
2005;1;6;3;-95.2;0;0;0;0;13.1;9.2;8;4.6;46;98;1009
2005;1;6;4;-87.4;0;0;0;0;12;8.2;8;4.4;49;99;1009
2005;1;6;5;-81.5;0;0;0;0;12.6;8.9;8;4.2;28;98;1009
2005;1;6;6;-76.1;0;0;0;0;13;9.3;8;4;12;97;1008
2005;1;6;7;-70.2;0;0;0;0;13;9.5;8;4.2;34;98;1008
2005;1;6;8;-63.5;0.7;0;2;2;13;9.7;8;4;48;98;1008
2005;1;6;9;-56;12.2;0;13;13;13.3;10.1;8;3.7;9;98;1008
2005;1;6;10;-46.2;22.5;0;28;28;13.3;9.9;8;2.6;70;97;1007
2005;1;6;11;-34.1;31.1;0;41;41;13.6;10.2;8;2.8;169;97;1007
2005;1;6;12;-18.6;37.1;0;49;49;13.9;10.5;8;3.5;171;97;1007
2005;1;6;13;-1.4;39.5;0;52;52;14.1;10.8;8;4.4;114;97;1007
2005;1;6;14;16;37.8;110;287;397;16;7;7;5;30;92;1007
2005;1;6;15;31.4;32.4;57;269;326;17;6.7;8;5.3;46;80;1007
2005;1;6;16;44.2;24.2;82;200;281;17.7;5.9;7;4.4;28;74;1007
2005;1;6;17;54.3;14.1;34;114;147;17.8;6.8;7;2.8;19;74;1007
2005;1;6;18;62.3;2.8;0;4;4;17.1;6;7;1.5;165;72;1007
2005;1;6;19;69.2;0;0;0;0;16.6;5.9;7;1.6;221;73;1007
2005;1;6;20;75.1;0;0;0;0;16.1;5.9;7;1;215;75;1007
2005;1;6;21;80.5;0;0;0;0;15.7;5.7;7;1.2;258;75;1007
2005;1;6;22;86.4;0;0;0;0;15.2;5.8;7;0.8;209;77;1007
2005;1;6;23;93.4;0;0;0;0;14.7;5.9;7;0.8;243;80;1007
2005;1;6;24;106.3;0;0;0;0;14.2;6.1;7;0.6;255;82;1007
2005;1;7;1;-166.3;0;0;0;0;13.6;5.6;7;0.6;301;82;1007
2005;1;7;2;-111.2;0;0;0;0;13;5.5;7;0.4;304;83;1007
2005;1;7;3;-95.4;0;0;0;0;12.4;5.9;8;0.5;309;89;1007
2005;1;7;4;-87.6;0;0;0;0;11.9;6.2;8;0.7;333;93;1008
2005;1;7;5;-81.6;0;0;0;0;11.9;6.5;8;0.8;273;93;1008
2005;1;7;6;-76.2;0;0;0;0;11.7;6.8;8;0.7;256;95;1008
2005;1;7;7;-70.3;0;0;0;0;11.5;7.2;8;0.5;308;97;1008
2005;1;7;8;-63.6;0.7;0;2;2;11.6;7.8;8;0.7;302;98;1008
2005;1;7;9;-56.1;12.2;0;16;16;11.9;7.9;8;0.7;270;95;1008
2005;1;7;10;-46.3;22.6;0;47;47;12.3;7.5;8;0.7;292;91;1008
2005;1;7;11;-34.2;31.2;0;59;59;12.6;7.6;8;0.8;272;89;1008
2005;1;7;12;-19.1;37.2;0;53;53;12.8;7.3;8;0.9;273;84;1008
2005;1;7;13;-1.4;39.6;0;152;152;13.4;6.6;8;0.7;237;84;1008
2005;1;7;14;15.6;37.9;260;264;524;15.5;0.1;5;1.1;235;64;1008
2005;1;7;15;31.4;32.6;253;198;450;16.9;0.9;4;1.3;221;60;1009
2005;1;7;16;44.2;24.4;184;136;321;17.4;2.1;4;0.8;200;60;1009
2005;1;7;17;54.3;14.3;117;66;183;17.5;1.8;4;1.1;260;57;1009
2005;1;7;18;62.4;3;0;9;9;16.6;0.7;4;1.2;257;56;1009
2005;1;7;19;69.2;0;0;0;0;15.8;0.3;3;1.6;191;59;1010
2005;1;7;20;75.2;0;0;0;0;14.9;-0.6;3;2.1;222;59;1010
2005;1;7;21;80.6;0;0;0;0;14;-1.4;3;1.8;178;60;1010
2005;1;7;22;86.4;0;0;0;0;13.1;-1.7;3;2.1;152;64;1011
2005;1;7;23;93.5;0;0;0;0;12.3;-2.3;2;1.9;172;66;1011
2005;1;7;24;106.5;0;0;0;0;11.4;-3;2;1.9;185;67;1011
2005;1;8;1;-165.5;0;0;0;0;10.4;-3.4;2;1.6;195;71;1011
2005;1;8;2;-111.6;0;0;0;0;9.4;-4.2;2;1.8;190;74;1012
2005;1;8;3;-95.6;0;0;0;0;8.4;-4.9;2;1.9;189;77;1012
2005;1;8;4;-88.1;0;0;0;0;7.9;-5.3;1;1.2;174;78;1012
2005;1;8;5;-82.1;0;0;0;0;7.3;-5.6;1;0.8;191;80;1012
2005;1;8;6;-76.3;0;0;0;0;7;-6.1;1;0.6;249;80;1013
2005;1;8;7;-70.4;0;0;0;0;6.6;-6.4;1;0.4;303;80;1013
2005;1;8;8;-64.1;0.7;0;5;5;6.7;-6.2;0;0.5;302;80;1013
2005;1;8;9;-56.2;12.2;93;58;151;8.9;-4.3;0;0.7;304;76;1013
2005;1;8;10;-46.4;22.6;263;78;341;11.5;-4.7;0;0.9;268;65;1014
2005;1;8;11;-34.3;31.2;378;105;484;13.9;-4.5;0;1.8;241;55;1014
2005;1;8;12;-19.2;37.3;473;121;594;16;-4;0;2.3;148;49;1014
2005;1;8;13;-1.5;39.7;414;181;595;17.4;-2.6;3;3.3;175;46;1014
2005;1;8;14;15.5;38.1;274;242;517;18;-1.7;5;4.4;73;44;1014
2005;1;8;15;31.4;32.7;302;165;467;18.3;-2.4;3;3.3;26;41;1014
2005;1;8;16;44.2;24.5;213;131;343;17.9;-1;3;1.8;104;46;1014
2005;1;8;17;54.3;14.4;100;76;176;16.8;-0.7;3;3.1;152;48;1014
2005;1;8;18;62.4;3.1;0;12;12;15;-1.3;3;3.3;99;54;1014
2005;1;8;19;69.3;0;0;0;0;14;-1.1;3;2.8;80;60;1014
2005;1;8;20;75.2;0;0;0;0;13.1;-1.6;3;2.4;122;63;1014
2005;1;8;21;81;0;0;0;0;12.1;-2;3;2.6;158;67;1014
2005;1;8;22;86.5;0;0;0;0;11.2;-2.8;3;4.2;131;69;1014
2005;1;8;23;94.1;0;0;0;0;10.2;-3.6;3;4.2;26;70;1014
2005;1;8;24;107;0;0;0;0;9.2;-4.4;3;5;25;72;1014
2005;1;9;1;-165.2;0;0;0;0;8.6;-4.2;3;4;18;78;1014
2005;1;9;2;-112.4;0;0;0;0;7.8;-4.2;3;4.6;31;84;1014
2005;1;9;3;-96.2;0;0;0;0;7.1;-4.3;3;4.6;43;89;1014
2005;1;9;4;-88.3;0;0;0;0;6.6;-5;2;4.2;35;88;1013
2005;1;9;5;-82.2;0;0;0;0;6.2;-5.5;2;3.7;10;88;1013
2005;1;9;6;-76.5;0;0;0;0;5.9;-6.5;2;3.1;54;83;1013
2005;1;9;7;-70.5;0;0;0;0;5.7;-6.7;2;4;98;85;1013
2005;1;9;8;-64.2;0.7;0;6;6;5.8;-6.2;2;4;31;87;1013
2005;1;9;9;-56.3;12.2;78;69;147;8;-4.4;2;2.8;75;81;1013
2005;1;9;10;-46.5;22.6;248;108;356;10.9;-4.5;2;3.5;105;72;1013
2005;1;9;11;-34.4;31.3;184;222;406;12.8;-3.8;6;3.7;75;58;1013
2005;1;9;12;-19.3;37.4;297;219;516;14.6;-2.8;4;4;61;56;1013
2005;1;9;13;-1.6;39.8;346;227;573;16.1;-1.7;4;3.1;106;55;1013
2005;1;9;14;15.5;38.2;93;296;389;16.3;0.3;7;2.4;176;52;1013
2005;1;9;15;31.4;32.9;151;248;399;16.4;-0.9;6;2.6;173;50;1013
2005;1;9;16;44.2;24.7;170;150;320;16.2;-1.9;5;2.3;144;48;1013
2005;1;9;17;54.3;14.6;67;90;157;15.1;-1.1;5;2.3;150;52;1012
2005;1;9;18;62.4;3.3;0;11;11;13.5;-1.4;4;3.7;155;58;1012
2005;1;9;19;69.3;0;0;0;0;12.8;-0.9;4;4.2;63;65;1012
2005;1;9;20;75.3;0;0;0;0;12.2;-0.9;4;4;18;69;1012
2005;1;9;21;81.1;0;0;0;0;11.5;-1.5;4;3.7;92;70;1012
2005;1;9;22;87;0;0;0;0;10.9;-1.7;4;3.5;76;74;1012
2005;1;9;23;94.2;0;0;0;0;10.2;-1.7;4;2.8;91;79;1012
2005;1;9;24;107.2;0;0;0;0;9.5;-2.1;4;3.1;129;82;1012
2005;1;10;1;-164.5;0;0;0;0;9.2;-3.2;4;2.8;168;78;1011
2005;1;10;2;-113.2;0;0;0;0;8.8;-3.7;3;4;126;78;1011
2005;1;10;3;-96.4;0;0;0;0;8.5;-4.2;3;2.8;39;78;1011
2005;1;10;4;-88.4;0;0;0;0;8.4;-3.6;3;2.3;177;82;1011
2005;1;10;5;-82.4;0;0;0;0;8.3;-3.5;3;2.6;191;84;1011
2005;1;10;6;-76.6;0;0;0;0;8.2;-3.1;3;3.1;139;88;1011
2005;1;10;7;-71;0;0;0;0;8.1;-2.8;3;2.8;102;91;1011
2005;1;10;8;-64.3;0.7;0;5;5;8.3;-2.4;3;2.4;132;93;1011
2005;1;10;9;-56.4;12.2;91;60;151;10.1;-1.1;3;2.6;156;87;1011
2005;1;10;10;-47;22.7;223;106;330;12.1;-0.7;3;4;146;83;1010
2005;1;10;11;-34.5;31.4;456;164;620;14.9;-2.6;2;5.3;15;71;1010
2005;1;10;12;-19.4;37.5;473;194;667;16.8;-0.6;3;4.4;42;65;1010
2005;1;10;13;-2.1;40;69;297;367;16.9;4.8;8;5.3;25;67;1010
2005;1;10;14;15.4;38.4;0;104;104;15.5;7.6;8;6.3;39;70;1010
2005;1;10;15;31.3;33;0;50;50;14.3;7.9;8;7.8;7;77;1010
2005;1;10;16;44.3;24.9;0;37;37;13.2;7;8;7.3;356;79;1010
2005;1;10;17;54.4;14.8;0;20;20;12.4;6.7;8;6;358;82;1010
2005;1;10;18;62.5;3.4;0;4;4;11.6;5.8;7;9.8;310;86;1010
2005;1;10;19;69.4;0;0;0;0;11.5;5.1;7;8.5;348;85;1010
2005;1;10;20;75.4;0;0;0;0;11.3;4.7;6;7.3;353;87;1010
2005;1;10;21;81.2;0;0;0;0;11.2;3.9;6;5.3;0;86;1010
2005;1;10;22;87.1;0;0;0;0;11.1;3.6;5;3.5;38;88;1010
2005;1;10;23;94.3;0;0;0;0;10.9;2.3;5;3.3;100;84;1010
2005;1;10;24;107.4;0;0;0;0;10.8;2.5;4;4;78;89;1010
2005;1;11;1;-164.2;0;0;0;0;10.4;1.2;4;3.5;102;87;1010
2005;1;11;2;-114.1;0;0;0;0;10;0.6;4;3.5;98;90;1010
2005;1;11;3;-97.1;0;0;0;0;9.6;-0.6;3;4;109;88;1010
2005;1;11;4;-88.6;0;0;0;0;9.4;-1.1;3;3.3;100;90;1010
2005;1;11;5;-82.5;0;0;0;0;9.2;-1.5;2;3.7;86;91;1010
2005;1;11;6;-77.1;0;0;0;0;9.1;-1.8;2;4.6;71;94;1010
2005;1;11;7;-71.1;0;0;0;0;9;-2.4;1;4.4;39;94;1010
2005;1;11;8;-64.4;0.7;2;22;24;9.7;-2.4;1;3.7;20;92;1010
2005;1;11;9;-56.5;12.2;137;57;194;11.8;-0.8;0;5.6;72;88;1010
2005;1;11;10;-47.1;22.7;307;59;366;14.1;-1;0;5.3;16;72;1010
2005;1;11;11;-35;31.4;417;90;506;16.1;0.1;0;4.6;32;67;1010
2005;1;11;12;-19.5;37.6;378;211;589;17.7;0.6;3;3.7;41;60;1010
2005;1;11;13;-2.1;40.1;52;295;347;17.8;4.1;8;4;98;57;1010
2005;1;11;14;15.4;38.6;45;264;309;17.7;4.2;8;2.1;33;56;1010
2005;1;11;15;31.3;33.2;0;51;51;16.2;7.3;8;5;182;61;1010
2005;1;11;16;44.3;25;0;37;37;15;6.9;8;5.3;47;66;1010
2005;1;11;17;54.4;14.9;0;20;20;14;5.6;8;5.6;18;65;1010
2005;1;11;18;62.5;3.6;0;4;4;13.1;4.6;8;7.3;9;66;1010
2005;1;11;19;69.4;0;0;0;0;12.7;4.9;8;6;358;71;1009
2005;1;11;20;75.4;0;0;0;0;12.2;4.6;8;5.3;342;73;1009
2005;1;11;21;81.2;0;0;0;0;11.8;4.4;8;4.9;10;76;1009
2005;1;11;22;87.2;0;0;0;0;11.4;4.4;8;4.9;42;80;1009
2005;1;11;23;94.4;0;0;0;0;11;3.9;8;4.6;55;80;1009
2005;1;11;24;108;0;0;0;0;10.6;4;8;5.3;23;85;1009
2005;1;12;1;-163.5;0;0;0;0;9.7;4.2;8;6.7;42;95;1009
2005;1;12;2;-114.6;0;0;0;0;8.5;2.9;8;6;3;96;1008
2005;1;12;3;-97.3;0;0;0;0;8.6;2.2;8;4.6;310;92;1008
2005;1;12;4;-89.1;0;0;0;0;8.4;1.7;8;3.5;19;91;1008
2005;1;12;5;-83;0;0;0;0;8;1.2;8;3.3;84;91;1008
2005;1;12;6;-77.2;0;0;0;0;7.8;1.2;8;3.3;87;94;1008
2005;1;12;7;-71.3;0;0;0;0;7.6;1;8;4;116;95;1008
2005;1;12;8;-64.5;0.7;0;2;2;7.7;0.9;8;2.3;36;95;1008
2005;1;12;9;-57;12.3;0;67;67;8.5;1.5;8;1.9;152;93;1008
2005;1;12;10;-47.2;22.7;2;139;141;9.4;1;8;1.9;172;85;1007
2005;1;12;11;-35.1;31.5;6;207;213;10.4;1.6;8;1.8;145;84;1007
2005;1;12;12;-19.6;37.7;7;234;241;11.1;2.5;8;1.2;240;84;1007
2005;1;12;13;-2.2;40.3;5;230;235;11.5;3.3;8;1.9;200;84;1007
2005;1;12;14;15.4;38.7;4;212;216;11.8;1.2;8;2.1;145;69;1007
2005;1;12;15;31.3;33.4;2;187;189;11.8;3.7;8;1.9;176;83;1007
2005;1;12;16;44.3;25.2;0;110;110;11.6;1.9;8;1.6;130;69;1008
2005;1;12;17;54.4;15.1;0;66;66;11.1;0.2;8;2.1;227;63;1008
2005;1;12;18;62.6;3.8;0;4;4;10.5;-0.1;8;2.8;183;66;1008
2005;1;12;19;69.5;0;0;0;0;9.7;-0.8;7;3.5;162;68;1008
2005;1;12;20;75.5;0;0;0;0;8.9;-1.6;7;1.9;96;70;1009
2005;1;12;21;81.3;0;0;0;0;8.2;-2.4;7;2.1;181;72;1009
2005;1;12;22;87.3;0;0;0;0;7.4;-3.1;7;1.5;169;75;1009
2005;1;12;23;94.6;0;0;0;0;6.6;-4;7;1;218;76;1009
2005;1;12;24;108.2;0;0;0;0;5.8;-4.6;7;0.5;287;80;1010
2005;1;13;1;-163.3;0;0;0;0;4.9;-5.9;6;0.8;319;80;1010
2005;1;13;2;-115.4;0;0;0;0;3.7;-7.3;6;1;265;82;1010
2005;1;13;3;-97.6;0;0;0;0;2.6;-8.5;6;1.6;284;84;1010
2005;1;13;4;-89.3;0;0;0;0;2;-9.4;6;2.8;198;84;1010
2005;1;13;5;-83.2;0;0;0;0;1.4;-10.4;6;2.4;161;85;1011
2005;1;13;6;-77.3;0;0;0;0;0.9;-11.1;5;3.1;194;85;1011
2005;1;13;7;-71.4;0;0;0;0;0.5;-12.5;5;3.7;116;81;1011
2005;1;13;8;-65;0.7;0;4;4;0.5;-12.4;5;3.3;73;83;1011
2005;1;13;9;-57.1;12.3;53;79;132;2.1;-10.8;5;2.8;94;82;1012
2005;1;13;10;-47.4;22.8;135;147;281;3.8;-10.6;5;3.3;150;75;1012
2005;1;13;11;-35.2;31.6;175;220;396;5.4;-10.2;5;3.3;83;68;1012
2005;1;13;12;-20.1;37.8;210;262;472;6.8;-10;5;2.4;108;62;1012
2005;1;13;13;-2.3;40.4;285;256;541;7.9;-9.6;5;2.3;189;60;1012
2005;1;13;14;15.3;38.9;247;261;508;8.6;-9.7;5;2.3;173;55;1013
2005;1;13;15;31.3;33.6;219;221;440;8.8;-10.1;5;1.8;159;51;1013
2005;1;13;16;44.3;25.4;76;198;274;8.3;-8.2;7;1.6;193;56;1013
2005;1;13;17;54.5;15.3;21;108;129;7.2;-7.5;6;1.8;184;59;1013
2005;1;13;18;63;3.9;0;4;4;5.8;-7.8;6;2.3;230;66;1013
2005;1;13;19;69.5;0;0;0;0;5.2;-8.1;6;4.2;175;69;1013
2005;1;13;20;75.6;0;0;0;0;4.7;-9;5;3.3;29;69;1013
2005;1;13;21;81.4;0;0;0;0;4.1;-9.1;5;2.6;77;73;1013
2005;1;13;22;87.4;0;0;0;0;3.6;-9.2;5;2.4;145;77;1013
2005;1;13;23;95.1;0;0;0;0;3;-9.4;4;3.7;173;82;1014
2005;1;13;24;108.5;0;0;0;0;2.5;-9.6;4;2.4;68;86;1014
2005;1;14;1;-163.1;0;0;0;0;2.4;-9.9;3;2.4;137;85;1014
2005;1;14;2;-116.3;0;0;0;0;2.5;-9.7;3;2.3;181;87;1014
2005;1;14;3;-98.2;0;0;0;0;2.6;-10;3;1;151;86;1014
2005;1;14;4;-89.5;0;0;0;0;2.6;-9.8;2;0.8;273;87;1014
2005;1;14;5;-83.3;0;0;0;0;2.7;-9.7;2;0.8;260;88;1014
2005;1;14;6;-77.4;0;0;0;0;2.8;-8.6;2;0.8;238;97;1014
2005;1;14;7;-71.5;0;0;0;0;2.8;-9;1;0.6;269;95;1014
2005;1;14;8;-65.1;0.7;0;6;6;3.1;-9.3;1;0.7;307;91;1014
2005;1;14;9;-57.2;12.3;107;55;162;6.1;-7.1;0;1;287;82;1015
2005;1;14;10;-47.5;22.9;261;82;343;9.3;-7;0;1.1;285;66;1015
2005;1;14;11;-35.4;31.7;418;92;509;12.5;-7.2;0;0.8;217;52;1015
2005;1;14;12;-20.2;37.9;483;119;601;15.2;-6;0;0.7;239;45;1015
2005;1;14;13;-2.4;40.6;485;150;636;17.2;-5.8;0;0.4;246;38;1015
2005;1;14;14;15.3;39.1;414;174;588;18.3;-5.5;2;0.1;311;34;1015
2005;1;14;15;31.4;33.8;349;156;505;18.8;-5.5;2;0.5;299;32;1015
2005;1;14;16;44.4;25.6;252;121;373;18.6;-6.1;2;0.7;313;30;1015
2005;1;14;17;54.5;15.4;138;69;208;17.4;-5.3;2;0.8;226;33;1015
2005;1;14;18;63.1;4.1;0;17;17;15.4;-6;2;1;240;38;1015
2005;1;14;19;70;0;0;0;0;14.3;-4.4;2;1;254;48;1015
2005;1;14;20;76.1;0;0;0;0;13.2;-4.5;2;1.6;271;53;1015
2005;1;14;21;81.5;0;0;0;0;12.1;-4.6;2;2.4;203;58;1015
2005;1;14;22;87.5;0;0;0;0;11;-5.4;1;2.1;203;60;1015
2005;1;14;23;95.3;0;0;0;0;10;-5.9;1;2.3;184;64;1015
2005;1;14;24;109.1;0;0;0;0;8.9;-6.2;1;2.1;176;69;1015
2005;1;15;1;-162.5;0;0;0;0;7.5;-6.2;1;2.3;151;80;1015
2005;1;15;2;-117.2;0;0;0;0;5.9;-7.7;1;2.6;166;82;1016
2005;1;15;3;-98.5;0;0;0;0;4.3;-9.1;1;2.8;142;85;1016
2005;1;15;4;-90.1;0;0;0;0;3.5;-9.4;1;4;122;91;1016
2005;1;15;5;-83.4;0;0;0;0;2.6;-9.9;1;4.4;21;95;1016
2005;1;15;6;-77.6;0;0;0;0;2;-10.1;0;4.6;20;99;1016
2005;1;15;7;-72;0;0;0;0;1.4;-10.8;0;4.6;13;100;1016
2005;1;15;8;-65.2;0.7;0;5;5;1.4;-10.8;0;5;40;100;1016
2005;1;15;9;-57.4;12.4;124;48;172;3.8;-8.5;0;4;40;96;1016
2005;1;15;10;-47.6;22.9;298;62;360;6.3;-8.2;0;3.3;35;83;1016
2005;1;15;11;-35.5;31.8;446;75;520;8.7;-8.1;0;2.1;88;70;1016
2005;1;15;12;-20.3;38.1;541;87;628;10.8;-7.7;0;1.6;169;61;1016
2005;1;15;13;-2.4;40.8;571;98;668;12.3;-7.7;0;1.5;219;53;1016
2005;1;15;14;15.3;39.3;568;85;653;13.2;-8.6;0;1.9;206;45;1016
2005;1;15;15;31.4;34;494;83;577;13.6;-8.1;0;3.1;158;45;1016
2005;1;15;16;44.4;25.8;387;50;437;13.4;-8.8;0;4.6;132;43;1016
2005;1;15;17;54.6;15.6;151;100;251;12.3;-9.1;4;4.2;42;44;1016
2005;1;15;18;63.1;4.2;0;21;21;10.3;-5.9;3;4.9;24;52;1016
2005;1;15;19;70.1;0;0;0;0;9.3;-5.4;3;6.3;32;61;1016
2005;1;15;20;76.1;0;0;0;0;8.2;-6.9;3;6.7;12;60;1016
2005;1;15;21;82;0;0;0;0;7.2;-8.2;3;6.3;7;61;1016
2005;1;15;22;88.1;0;0;0;0;6.2;-9.2;3;6.7;352;63;1016
2005;1;15;23;95.5;0;0;0;0;5.2;-10.1;2;6.3;4;66;1016
2005;1;15;24;109.3;0;0;0;0;4.1;-9.8;2;4.9;11;76;1016
2005;1;16;1;-162.4;0;0;0;0;3.7;-10.4;2;4.2;40;76;1016
2005;1;16;2;-118.1;0;0;0;0;3.2;-10.6;2;4.6;35;80;1016
2005;1;16;3;-99.2;0;0;0;0;2.8;-10.2;2;3.7;24;88;1016
2005;1;16;4;-90.3;0;0;0;0;2.6;-10.7;1;2.1;72;88;1016
2005;1;16;5;-84;0;0;0;0;2.3;-11.3;1;1.9;186;87;1017
2005;1;16;6;-78.1;0;0;0;0;2.1;-11.8;1;2.3;172;86;1017
2005;1;16;7;-72.1;0;0;0;0;2;-11.5;1;2.8;156;91;1017
2005;1;16;8;-65.4;0.7;0;5;5;2.1;-11.2;0;2.6;172;93;1017
2005;1;16;9;-57.5;12.4;146;41;187;5.3;-8.3;0;2.3;149;87;1017
2005;1;16;10;-48.1;23;342;49;392;8.7;-8.6;0;3.5;153;68;1017
2005;1;16;11;-35.6;31.9;504;56;560;11.9;-7.8;0;2.8;97;56;1017
2005;1;16;12;-20.4;38.2;610;65;675;14.6;-7.3;0;2.8;163;46;1017
2005;1;16;13;-2.5;41;651;69;720;16.7;-6.8;0;3.1;175;40;1017
2005;1;16;14;15.2;39.5;629;67;696;18;-6.1;0;1.6;121;37;1017
2005;1;16;15;31.4;34.2;544;59;603;18.6;-5.5;0;2.1;192;37;1016
2005;1;16;16;44.4;26;398;50;448;18.4;-5.1;0;3.1;191;37;1016
2005;1;16;17;55;15.8;151;100;251;17;-4.2;4;2.3;100;42;1016
2005;1;16;18;63.2;4.4;0;18;18;14.6;-0.7;4;1.6;162;50;1016
2005;1;16;19;70.2;0;0;0;0;14.1;0.6;4;2.4;222;58;1016
2005;1;16;20;76.2;0;0;0;0;13.5;0.2;4;2.6;200;60;1015
2005;1;16;21;82.1;0;0;0;0;13;0.4;4;1.8;129;64;1015
2005;1;16;22;88.2;0;0;0;0;12.4;0.2;4;1.3;193;66;1015
2005;1;16;23;96;0;0;0;0;11.8;0.2;4;1.9;199;70;1015
2005;1;16;24;109.6;0;0;0;0;11.3;0.7;4;2.1;149;78;1015
2005;1;17;1;-162.3;0;0;0;0;10.8;-0.5;5;2.6;169;74;1014
2005;1;17;2;-119.1;0;0;0;0;10.3;-0.6;5;2.6;136;77;1014
2005;1;17;3;-99.4;0;0;0;0;9.8;-0.6;5;3.1;133;81;1014
2005;1;17;4;-90.5;0;0;0;0;9.6;-0.7;5;2.8;96;82;1014
2005;1;17;5;-84.2;0;0;0;0;9.3;-0.5;5;2.1;148;86;1014
2005;1;17;6;-78.2;0;0;0;0;9.1;0.1;5;1.6;171;92;1014
2005;1;17;7;-72.3;0;0;0;0;9;-0.8;5;1.3;202;87;1013
2005;1;17;8;-65.5;0.8;0;6;6;9.1;-0.5;5;2.3;193;88;1013
2005;1;17;9;-58;12.5;23;92;116;11;0.6;5;3.1;158;81;1013
2005;1;17;10;-48.2;23.1;125;151;277;13.4;-0.2;5;3.7;125;69;1013
2005;1;17;11;-36.1;32;197;209;406;15.7;-0.6;5;2.1;70;56;1013
2005;1;17;12;-20.5;38.4;159;297;455;17.4;1.3;7;3.1;178;55;1012
2005;1;17;13;-2.6;41.1;211;296;507;18.7;1;6;2.6;115;49;1012
2005;1;17;14;15.2;39.7;206;284;491;19.5;1.4;6;3.3;125;47;1012
2005;1;17;15;31.4;34.4;163;249;412;19.8;2.2;6;4.6;111;47;1012
2005;1;17;16;44.5;26.2;72;205;277;19.5;2.4;7;4.6;41;46;1012
2005;1;17;17;55.1;16;71;113;184;18.7;1.8;6;4.2;29;48;1012
2005;1;17;18;63.3;4.6;0;16;16;17.3;4.2;6;3.1;33;54;1012
2005;1;17;19;70.2;0;0;0;0;16.7;4.8;6;2.8;127;61;1012
2005;1;17;20;76.3;0;0;0;0;16.1;4.2;6;2.1;164;62;1012
2005;1;17;21;82.2;0;0;0;0;15.5;4.3;6;2.4;165;66;1012
2005;1;17;22;88.3;0;0;0;0;15;3.7;6;3.5;171;67;1012
2005;1;17;23;96.2;0;0;0;0;14.4;3.1;6;4.2;96;69;1012
2005;1;17;24;110.3;0;0;0;0;13.8;2.8;6;4;39;71;1012
2005;1;18;1;-162.2;0;0;0;0;13.3;3;6;3.5;95;77;1012
2005;1;18;2;-120;0;0;0;0;12.9;2.5;7;2.6;83;78;1012
2005;1;18;3;-100.1;0;0;0;0;12.4;1.7;7;2.6;143;77;1012
2005;1;18;4;-91.1;0;0;0;0;12.1;1.4;7;1.1;153;78;1012
2005;1;18;5;-84.3;0;0;0;0;11.9;0.6;7;1.2;213;76;1012
2005;1;18;6;-78.4;0;0;0;0;11.8;0.5;7;2.1;211;77;1012
2005;1;18;7;-72.4;0;0;0;0;11.6;0.2;7;1.2;175;77;1012
2005;1;18;8;-66;0.8;0;7;7;11.9;0.7;7;1.9;203;79;1012
2005;1;18;9;-58.1;12.5;62;73;135;14;2;7;1.9;164;73;1012
2005;1;18;10;-48.4;23.2;65;189;255;16;2.2;7;1.5;164;63;1012
2005;1;18;11;-36.2;32.1;92;281;373;18;2.9;7;2.8;213;58;1012
2005;1;18;12;-21;38.5;137;302;440;19.4;2.5;7;4.2;147;49;1012
2005;1;18;13;-3.1;41.3;208;300;508;20.8;2.8;6;4.2;6;47;1012
2005;1;18;14;15.2;39.9;323;234;556;22;2.4;4;3.5;36;44;1013
2005;1;18;15;31.4;34.6;341;161;502;22.6;3.1;3;4;100;44;1013
2005;1;18;16;44.5;26.4;218;171;389;22.8;3.3;4;5.3;6;44;1013
2005;1;18;17;55.2;16.2;0;63;63;21.3;9.2;8;4.4;22;50;1013
2005;1;18;18;63.4;4.8;0;12;12;19.9;7.9;8;4.6;37;54;1013
2005;1;18;19;70.3;0;0;0;0;19.2;9.3;7;4.4;11;65;1013
2005;1;18;20;76.4;0;0;0;0;18.7;8.6;7;5;30;66;1013
2005;1;18;21;82.3;0;0;0;0;17.9;8.3;6;5.3;18;70;1013
2005;1;18;22;88.5;0;0;0;0;17.2;7.6;6;5.6;54;73;1013
2005;1;18;23;96.4;0;0;0;0;16.5;6.8;5;6.3;343;75;1014
2005;1;18;24;110.5;0;0;0;0;15.8;5.6;5;6;5;74;1014
2005;1;19;1;-162.1;0;0;0;0;15.1;4.5;4;7.3;326;75;1014
2005;1;19;2;-120.5;0;0;0;0;14.3;3.9;4;5;340;78;1014
2005;1;19;3;-100.4;0;0;0;0;13.5;4;3;4;41;87;1014
2005;1;19;4;-91.3;0;0;0;0;13.1;3.1;3;3.7;93;86;1014
2005;1;19;5;-84.5;0;0;0;0;12.7;2.4;2;4.6;59;86;1014
2005;1;19;6;-78.5;0;0;0;0;12.4;2.3;2;4.2;21;90;1014
2005;1;19;7;-72.5;0;0;0;0;12.1;2;1;4.9;13;93;1015
2005;1;19;8;-66.1;0.8;0;5;5;12.3;2.1;1;4.6;36;94;1015
2005;1;19;9;-58.3;12.6;119;52;171;15;3.9;0;4.9;39;86;1015
2005;1;19;10;-48.5;23.3;275;78;353;17.9;4.1;0;5.3;37;73;1015
2005;1;19;11;-36.4;32.3;390;110;500;20.4;4.2;0;5.3;46;61;1015
2005;1;19;12;-21.1;38.7;466;136;602;22.4;4.1;0;6.3;25;52;1015
2005;1;19;13;-3.1;41.5;444;184;628;23.9;4.5;3;6.7;17;46;1015
2005;1;19;14;15.2;40.1;518;126;644;25.1;5;0;5.3;5;45;1015
2005;1;19;15;31.4;34.8;461;97;558;25.6;4.5;0;5;37;41;1015
2005;1;19;16;44.6;26.6;314;92;406;25.4;4.7;0;4.9;29;40;1015
2005;1;19;17;55.2;16.4;132;105;237;24.4;4.9;4;4.4;48;43;1015
2005;1;19;18;63.4;4.9;0;23;23;22.5;8;4;5;41;51;1015
2005;1;19;19;70.4;0;0;0;0;21.6;9.2;3;4.9;26;62;1015
2005;1;19;20;76.5;0;0;0;0;20.6;8.9;3;5.7;46;66;1015
2005;1;19;21;82.4;0;0;0;0;19.7;8;3;5.3;324;68;1015
2005;1;19;22;89;0;0;0;0;18.7;6.9;3;5;32;69;1015
2005;1;19;23;97;0;0;0;0;17.7;6.5;3;5.7;53;74;1015
2005;1;19;24;111.2;0;0;0;0;16.7;5.8;2;5.3;331;77;1015
2005;1;20;1;-162.1;0;0;0;0;15.8;5.2;2;4.9;30;81;1015
2005;1;20;2;-121.5;0;0;0;0;14.8;4.7;2;4.6;34;86;1015
2005;1;20;3;-101.1;0;0;0;0;13.8;4;2;4;24;91;1015
2005;1;20;4;-91.5;0;0;0;0;13.3;3.9;1;3.1;50;95;1015
2005;1;20;5;-85.1;0;0;0;0;12.7;3.4;1;2.6;100;98;1015
2005;1;20;6;-79.1;0;0;0;0;12.4;3.1;1;2.8;141;100;1015
2005;1;20;7;-73.1;0;0;0;0;12;2.4;1;2.3;171;99;1015
2005;1;20;8;-66.3;0.9;0;7;7;12.1;2.6;0;3.1;156;100;1015
2005;1;20;9;-58.4;12.6;118;52;170;14.7;4.6;0;4;156;94;1015
2005;1;20;10;-49;23.3;255;90;346;17.4;4.9;0;3.1;37;81;1014
2005;1;20;11;-36.5;32.4;378;118;496;19.7;5.3;0;3.3;123;71;1014
2005;1;20;12;-21.3;38.9;432;161;593;21.6;5.7;1;2.8;111;62;1014
2005;1;20;13;-3.2;41.7;362;223;586;22.8;7.2;4;3.3;151;60;1014
2005;1;20;14;15.2;40.4;333;227;560;23.6;7.3;4;4.4;102;56;1014
2005;1;20;15;31.5;35;360;154;514;23.9;6.6;2;4.6;41;53;1014
2005;1;20;16;45;26.8;247;137;384;23.7;7.2;2;5;42;54;1014
2005;1;20;17;55.3;16.6;104;109;213;22.7;7.5;4;5.7;20;56;1014
2005;1;20;18;63.5;5.1;0;22;22;21;9.9;4;5.3;328;66;1014
2005;1;20;19;70.5;0;0;0;0;20.2;9.4;4;4;27;69;1014
2005;1;20;20;77;0;0;0;0;19.4;8.9;4;2.8;57;72;1014
2005;1;20;21;82.6;0;0;0;0;18.7;8.1;4;3.1;127;72;1014
2005;1;20;22;89.2;0;0;0;0;17.8;7.5;4;2.8;114;75;1014
2005;1;20;23;97.2;0;0;0;0;16.9;6.6;4;1.9;125;76;1014
2005;1;20;24;111.5;0;0;0;0;16.1;5.9;4;1.6;141;79;1014
2005;1;21;1;-162.1;0;0;0;0;15.5;5.8;4;2.1;228;83;1014
2005;1;21;2;-122.4;0;0;0;0;15;5;4;2.8;190;82;1014
2005;1;21;3;-101.4;0;0;0;0;14.4;4.4;3;3.1;157;83;1014
2005;1;21;4;-92.1;0;0;0;0;14.1;4;3;4;113;84;1014
2005;1;21;5;-85.2;0;0;0;0;13.8;3.6;3;4.6;109;84;1014
2005;1;21;6;-79.2;0;0;0;0;13.6;3.8;3;4.6;43;88;1014
2005;1;21;7;-73.2;0;0;0;0;13.4;4.1;3;4.6;20;92;1014
2005;1;21;8;-66.4;0.9;0;4;4;13.5;4.2;3;4.9;24;92;1014
2005;1;21;9;-58.5;12.7;76;70;146;15.9;5.8;3;5.7;45;85;1014
2005;1;21;10;-49.2;23.4;189;128;317;18.6;4.9;3;6;322;68;1014
2005;1;21;11;-37;32.5;378;131;509;21.2;4;0;5.3;3;56;1014
2005;1;21;12;-21.4;39.1;468;154;622;23.5;4.7;0;6.7;5;50;1014
2005;1;21;13;-3.3;42;369;227;596;24.9;6.2;3;9.8;360;47;1014
2005;1;21;14;15.2;40.6;421;179;600;26;6.3;2;8.5;340;44;1014
2005;1;21;15;31.5;35.3;357;158;515;26.4;7.3;1;7.8;330;45;1014
2005;1;21;16;45.1;27;205;154;358;26.1;8.1;4;6;352;46;1014
2005;1;21;17;55.4;16.7;83;117;200;25;9.3;5;6.3;322;52;1014
2005;1;21;18;64;5.3;0;17;17;23.2;11.5;5;5.6;19;56;1014
2005;1;21;19;71;0;0;0;0;22.5;12.4;5;5.3;22;66;1014
2005;1;21;20;77.1;0;0;0;0;21.8;11.8;5;5.3;44;68;1014
2005;1;21;21;83.1;0;0;0;0;21.2;11.3;4;6;30;71;1013
2005;1;21;22;89.3;0;0;0;0;20.5;11.1;4;5.6;319;76;1013
2005;1;21;23;97.4;0;0;0;0;19.9;10.5;4;6.3;26;78;1013
2005;1;21;24;112.2;0;0;0;0;19.2;9.5;4;6;13;78;1013
2005;1;22;1;-162.1;0;0;0;0;18.6;9;4;6.7;307;81;1013
2005;1;22;2;-123.4;0;0;0;0;18.1;8.2;4;5.3;6;81;1013
2005;1;22;3;-102.2;0;0;0;0;17.4;7.7;4;6.7;33;85;1013
2005;1;22;4;-92.3;0;0;0;0;17.1;7.4;3;5;14;87;1013
2005;1;22;5;-85.4;0;0;0;0;16.8;6.7;3;5;35;87;1013
2005;1;22;6;-79.4;0;0;0;0;16.6;7.2;3;4.9;33;94;1013
2005;1;22;7;-73.3;0;0;0;0;16.4;6.7;3;2.3;24;94;1012
2005;1;22;8;-66.5;1;0;13;13;16.8;6.6;3;2.3;159;92;1012
2005;1;22;9;-59.1;12.8;137;46;182;19.2;7.6;3;1.6;174;82;1012
2005;1;22;10;-49.3;23.6;249;134;383;21.9;7.1;2;1.8;222;68;1012
2005;1;22;11;-37.2;32.7;67;252;319;22.8;11;7;1.6;222;66;1012
2005;1;22;12;-21.5;39.2;127;312;438;24;10.8;7;1.2;192;63;1012
2005;1;22;13;-3.3;42.2;101;327;428;24.8;11.6;7;1.2;208;60;1012
2005;1;22;14;15.1;40.8;276;278;554;25.8;9.9;5;1.2;204;56;1012
2005;1;22;15;31.5;35.5;288;220;509;26.4;9.9;4;1.2;213;54;1012
2005;1;22;16;45.2;27.2;3;159;161;25.4;14.3;8;2.1;199;57;1013
2005;1;22;17;55.5;16.9;5;113;118;24.4;13.2;8;2.3;170;59;1013
2005;1;22;18;64.1;5.5;0;15;15;23.2;13.4;8;3.5;168;63;1013
2005;1;22;19;71.1;0;0;0;0;22.2;13.2;7;4.9;79;69;1013
2005;1;22;20;77.2;0;0;0;0;21.3;11.9;7;3.7;39;70;1013
2005;1;22;21;83.2;0;0;0;0;20.4;10.6;6;4;58;71;1014
2005;1;22;22;89.5;0;0;0;0;19.4;9.7;6;3.1;39;73;1014
2005;1;22;23;98;0;0;0;0;18.5;8.8;5;3.1;176;76;1014
2005;1;22;24;112.5;0;0;0;0;17.5;8.1;5;3.1;100;82;1014
2005;1;23;1;-162.1;0;0;0;0;16.4;7.6;4;3.5;137;89;1015
2005;1;23;2;-124.3;0;0;0;0;15.3;6.2;4;2.3;112;90;1015
2005;1;23;3;-102.5;0;0;0;0;14.2;5;3;1.1;175;94;1015
2005;1;23;4;-92.5;0;0;0;0;13.7;4.6;3;1.8;274;98;1015
2005;1;23;5;-85.6;0;0;0;0;13.1;3;2;1.5;205;94;1016
2005;1;23;6;-79.5;0;0;0;0;12.7;1.6;2;1.8;217;89;1016
2005;1;23;7;-73.5;0;0;0;0;12.4;0.6;1;1.3;219;88;1016
2005;1;23;8;-67.1;1;0;6;6;12.5;-0.5;1;1;179;82;1016
2005;1;23;9;-59.2;12.9;159;43;201;15.6;0.3;0;1.5;283;68;1016
2005;1;23;10;-49.4;23.7;360;53;413;18.7;-0.6;0;1.5;209;52;1017
2005;1;23;11;-37.3;32.8;528;62;590;21.5;-0.4;0;2.1;231;43;1017
2005;1;23;12;-21.6;39.4;638;72;710;23.8;0.7;0;1.1;176;39;1017
2005;1;23;13;-3.4;42.4;684;77;761;25.6;2.3;0;1.5;209;38;1017
2005;1;23;14;15.1;41;664;76;740;26.8;3;0;1.5;235;37;1017
2005;1;23;15;31.6;35.7;579;68;647;27.4;2.9;0;1.5;221;34;1017
2005;1;23;16;45.2;27.4;433;58;491;27.3;3.3;0;1;217;34;1017
2005;1;23;17;55.6;17.1;175;114;289;26.2;3.2;4;1;280;35;1017
2005;1;23;18;64.2;5.6;0;27;27;24.2;5.7;4;0.6;273;37;1017
2005;1;23;19;71.2;0;0;0;0;22.6;6.2;3;0.3;302;45;1017
2005;1;23;20;77.4;0;0;0;0;21.1;4.8;3;0.2;317;47;1017
2005;1;23;21;83.4;0;0;0;0;19.6;4.4;3;0.3;297;54;1017
2005;1;23;22;90;0;0;0;0;18.1;3.8;3;0.1;317;59;1017
2005;1;23;23;98.2;0;0;0;0;16.4;2.7;2;0.3;300;64;1017
2005;1;23;24;113.2;0;0;0;0;14.7;1.4;2;0.4;311;69;1017
2005;1;24;1;-162.1;0;0;0;0;13.1;0.5;2;0.3;312;76;1017
2005;1;24;2;-125.3;0;0;0;0;11.3;-1.1;2;0.3;295;81;1017
2005;1;24;3;-103.2;0;0;0;0;9.5;-2.2;2;0.1;290;88;1017
2005;1;24;4;-93.2;0;0;0;0;8.5;-3.2;1;0;308;91;1017
2005;1;24;5;-86.2;0;0;0;0;7.6;-4.5;1;0.3;310;92;1017
2005;1;24;6;-80.1;0;0;0;0;6.9;-5.2;1;0.6;297;95;1017
2005;1;24;7;-74;0;0;0;0;6.2;-6.1;1;0.6;322;97;1017
2005;1;24;8;-67.2;1.1;0;6;6;6.2;-6;0;0.9;285;99;1017
2005;1;24;9;-59.3;13;163;45;207;9.1;-3.8;0;0.9;231;91;1017
2005;1;24;10;-49.6;23.8;364;58;423;12.1;-3.4;0;0.8;281;78;1017
2005;1;24;11;-37.4;33;534;67;602;14.8;-2.1;0;0.6;240;69;1017
2005;1;24;12;-22.1;39.6;646;78;724;17.2;-1.7;0;0.5;325;59;1017
2005;1;24;13;-3.5;42.6;691;81;771;18.8;-1.6;0;0.5;306;52;1017
2005;1;24;14;15.1;41.3;670;78;748;19.8;-0.4;0;0.6;311;52;1017
2005;1;24;15;32;35.9;584;70;654;20.2;-0.4;0;0.7;308;49;1017
2005;1;24;16;45.3;27.6;437;57;494;19.9;-0.3;0;1.1;255;49;1017
2005;1;24;17;56;17.3;177;113;290;18.7;0.2;4;1.2;207;53;1017
2005;1;24;18;64.3;5.8;0;27;27;16.5;3.6;4;1;200;62;1017
2005;1;24;19;71.3;0;0;0;0;15.5;3.8;4;0.9;268;70;1016
2005;1;24;20;77.5;0;0;0;0;14.5;2.7;4;1.1;273;71;1016
2005;1;24;21;83.5;0;0;0;0;13.5;1.8;4;1.5;210;74;1016
2005;1;24;22;90.2;0;0;0;0;12.5;1.3;4;1.6;220;79;1016
2005;1;24;23;98.5;0;0;0;0;11.5;0.2;4;2.3;220;80;1016
2005;1;24;24;113.6;0;0;0;0;10.5;-0.9;4;1.8;196;82;1016
2005;1;25;1;-162.1;0;0;0;0;10.2;-1.7;4;2.3;171;80;1016
2005;1;25;2;-126.2;0;0;0;0;9.8;-2.5;4;1.3;178;79;1015
2005;1;25;3;-103.5;0;0;0;0;9.4;-2.6;5;1.3;207;82;1015
2005;1;25;4;-93.4;0;0;0;0;9.2;-2.7;5;0.8;217;84;1015
2005;1;25;5;-86.3;0;0;0;0;9;-2.8;5;1.2;252;86;1015
2005;1;25;6;-80.2;0;0;0;0;8.8;-2;5;1.3;207;95;1015
2005;1;25;7;-74.2;0;0;0;0;8.7;-1.9;5;2.1;217;99;1015
2005;1;25;8;-67.4;1.2;0;7;7;8.9;-1.6;5;1.9;175;100;1015
2005;1;25;9;-59.5;13;94;91;184;12.1;0.2;5;1.5;173;87;1014
2005;1;25;10;-50.1;23.9;148;159;306;14.5;1.8;5;1.8;216;75;1014
2005;1;25;11;-37.6;33.1;186;225;411;16.7;2.8;6;1;190;66;1014
2005;1;25;12;-22.2;39.8;228;278;507;18.7;3.4;6;1.3;287;60;1014
2005;1;25;13;-3.5;42.9;420;228;648;20.6;2.8;4;0.8;178;55;1014
2005;1;25;14;15.1;41.5;352;232;584;21.7;4.5;4;1.1;236;54;1014
2005;1;25;15;32.1;36.2;257;230;488;22.1;5.6;5;0.9;208;54;1013
2005;1;25;16;45.4;27.8;281;132;413;22.1;5;3;0.9;240;54;1013
2005;1;25;17;56.1;17.5;147;112;259;21.3;4.6;4;1.5;239;55;1012
2005;1;25;18;64.4;6;0;28;28;19.4;7.8;4;1.5;219;67;1012
2005;1;25;19;71.4;0;0;0;0;19.3;9.4;4;1.8;229;75;1012
2005;1;25;20;77.6;0;0;0;0;19.2;9.6;5;1.2;194;75;1011
2005;1;25;21;84;0;0;0;0;19.2;10.3;5;1.5;196;79;1011
2005;1;25;22;90.4;0;0;0;0;19.1;11.5;5;1.3;238;86;1011
2005;1;25;23;99.1;0;0;0;0;19;12.4;5;1.2;211;91;1010
2005;1;25;24;114.3;0;0;0;0;18.9;13;6;1.5;210;95;1010
2005;1;26;1;-162.2;0;0;0;0;19.1;12.9;6;0.9;218;91;1010
2005;1;26;2;-127.2;0;0;0;0;19.2;13.5;6;1;236;93;1009
2005;1;26;3;-104.3;0;0;0;0;19.5;14.3;6;2.1;277;95;1009
2005;1;26;4;-94;0;0;0;0;19.4;14.4;7;2.3;178;95;1009
2005;1;26;5;-86.5;0;0;0;0;19.7;15;7;1.1;162;95;1008
2005;1;26;6;-80.4;0;0;0;0;19.8;15.7;7;0.9;218;98;1008
2005;1;26;7;-74.3;0;0;0;0;19.9;16;7;1.3;246;98;1007
2005;1;26;8;-67.5;1.2;0;2;2;20;16.4;8;1.3;201;98;1007
2005;1;26;9;-60;13.1;0;44;44;20.8;16.8;8;1.2;199;94;1007
2005;1;26;10;-50.3;24;0;94;94;21.7;16.9;8;1.8;186;89;1006
2005;1;26;11;-38.1;33.3;0;136;136;22.7;17.4;8;2.3;189;86;1006
2005;1;26;12;-22.3;40;0;142;142;23.3;17.9;8;2.3;154;83;1006
2005;1;26;13;-3.6;43.1;0;156;156;23.8;18.4;8;3.5;148;83;1005
2005;1;26;14;15.1;41.8;0;147;147;24.1;18.8;8;2.8;78;83;1006
2005;1;26;15;32.1;36.4;0;148;148;24.4;18.9;8;3.5;148;83;1006
2005;1;26;16;45.5;28.1;0;97;97;24.2;19.1;8;3.1;63;83;1006
2005;1;26;17;56.2;17.7;0;69;69;24;19.2;8;2.8;87;87;1007
2005;1;26;18;64.5;6.2;0;18;18;23.1;18.7;8;4;135;87;1007
2005;1;26;19;71.5;0;0;0;0;22.3;17.7;8;4.6;12;87;1007
2005;1;26;20;78.1;0;0;0;0;20.8;16.4;8;4;44;91;1008
2005;1;26;21;84.2;0;0;0;0;22.1;17.1;8;4;20;87;1008
2005;1;26;22;90.6;0;0;0;0;21.5;16.2;8;3.5;24;87;1008
2005;1;26;23;99.3;0;0;0;0;21.3;15.8;8;2.6;87;87;1008
2005;1;26;24;115;0;0;0;0;20.7;15;8;3.3;147;87;1009
2005;1;27;1;-162.2;0;0;0;0;20.1;14.3;8;3.3;91;89;1009
2005;1;27;2;-128.1;0;0;0;0;19;13.6;8;4;90;94;1009
2005;1;27;3;-105;0;0;0;0;18;12.6;7;3.7;17;97;1010
2005;1;27;4;-94.3;0;0;0;0;17.3;11.9;7;4.9;56;98;1010
2005;1;27;5;-87.1;0;0;0;0;16.7;11;7;5.6;50;98;1010
2005;1;27;6;-80.6;0;0;0;0;16.3;10.3;7;6;336;98;1011
2005;1;27;7;-74.5;0;0;0;0;15.9;9.7;7;6.7;347;98;1011
2005;1;27;8;-68.1;1.3;0;5;5;16;9.6;7;6.7;350;98;1011
2005;1;27;9;-60.2;13.2;14;95;109;17.5;10.4;7;6;345;92;1012
2005;1;27;10;-50.4;24.2;54;197;250;19.4;10;7;7.3;353;84;1012
2005;1;27;11;-38.2;33.5;82;291;373;21.2;8.9;7;6.7;346;69;1012
2005;1;27;12;-22.4;40.3;161;313;473;22.8;8.4;6;6;333;60;1013
2005;1;27;13;-4;43.4;207;317;524;24.1;9;6;7.3;359;57;1013
2005;1;27;14;15.1;42.1;204;308;511;25;8.7;6;8.1;337;52;1013
2005;1;27;15;32.2;36.7;265;240;505;25.6;8.1;4;8.1;345;49;1013
2005;1;27;16;45.6;28.3;318;117;434;25.8;7.4;0;6.7;359;48;1013
2005;1;27;17;56.3;17.9;200;71;271;25.3;8;0;6;349;51;1013
2005;1;27;18;65;6.4;40;41;81;24.1;8.6;0;8.5;329;54;1014
2005;1;27;19;72.1;0;0;0;0;22.7;8.8;0;9.8;348;62;1014
2005;1;27;20;78.3;0;0;0;0;21.5;8.1;0;7.3;348;65;1014
2005;1;27;21;84.3;0;0;0;0;20.3;7.2;0;6.7;359;68;1014
2005;1;27;22;91.1;0;0;0;0;19.1;6.2;0;5.7;10;70;1014
2005;1;27;23;99.6;0;0;0;0;17.9;5.8;0;7.3;327;76;1014
2005;1;27;24;115.3;0;0;0;0;16.5;4.9;0;6;343;80;1014
2005;1;28;1;-162.3;0;0;0;0;15.5;4.4;0;7.3;338;85;1015
2005;1;28;2;-129.1;0;0;0;0;14.3;3.3;0;5.6;14;87;1015
2005;1;28;3;-105.4;0;0;0;0;13.2;2.6;0;6;29;91;1015
2005;1;28;4;-94.5;0;0;0;0;12.6;2.5;0;5.7;337;95;1015
2005;1;28;5;-87.3;0;0;0;0;12;1.8;0;6.7;327;96;1015
2005;1;28;6;-81.2;0;0;0;0;11.6;0.9;0;9;351;94;1015
2005;1;28;7;-75;0;0;0;0;11.1;0.9;0;7.8;351;97;1015
2005;1;28;8;-68.2;1.4;0;7;7;11.3;1.1;0;6.7;343;98;1015
2005;1;28;9;-60.3;13.4;129;53;182;14.1;2.8;0;7.3;326;87;1016
2005;1;28;10;-50.6;24.3;315;67;382;17.2;2.2;0;6;9;69;1016
2005;1;28;11;-38.4;33.7;465;83;547;19.9;2;0;4.4;320;56;1016
2005;1;28;12;-22.5;40.5;583;88;670;22.2;2.8;0;3.5;25;50;1016
2005;1;28;13;-4.1;43.6;636;90;725;24;4.1;0;4;89;48;1016
2005;1;28;14;15.2;42.3;629;82;711;25.1;3.8;0;3.1;95;43;1016
2005;1;28;15;32.2;36.9;549;72;621;25.7;4.7;0;4;128;43;1016
2005;1;28;16;46.1;28.5;409;60;470;25.5;5.1;0;3.7;103;43;1016
2005;1;28;17;56.4;18.1;227;53;279;24.5;6.3;0;3.1;64;49;1016
2005;1;28;18;65.1;6.6;47;38;85;22.6;6.8;0;2.4;153;54;1016
2005;1;28;19;72.2;0;0;0;0;20.7;7.5;0;2.8;185;67;1015
2005;1;28;20;78.4;0;0;0;0;19.9;7.2;0;4.2;138;71;1015
2005;1;28;21;84.5;0;0;0;0;19.2;6.4;0;3.7;4;71;1015
2005;1;28;22;91.3;0;0;0;0;18.4;6.4;0;2.3;69;75;1015
2005;1;28;23;100.2;0;0;0;0;17.6;6.1;0;2.8;172;79;1015
2005;1;28;24;116.1;0;0;0;0;16.7;5.8;0;2.3;132;84;1015
2005;1;29;1;-162.4;0;0;0;0;16.1;5;0;2.6;166;83;1015
2005;1;29;2;-129.6;0;0;0;0;15.6;5.4;0;3.5;141;90;1015
2005;1;29;3;-106.1;0;0;0;0;15;4.2;0;3.3;88;86;1015
2005;1;29;4;-95.2;0;0;0;0;14.7;4.1;0;4.2;86;87;1014
2005;1;29;5;-87.5;0;0;0;0;14.4;4;1;3.5;32;89;1014
2005;1;29;6;-81.3;0;0;0;0;14.2;4.4;1;2.8;81;93;1014
2005;1;29;7;-75.2;0;0;0;0;14;4.2;1;2.6;177;94;1014
2005;1;29;8;-68.4;1.5;0;10;10;14.4;4.5;1;3.5;142;93;1014
2005;1;29;9;-60.5;13.5;109;63;172;17.1;6.7;1;3.7;100;86;1014
2005;1;29;10;-51.1;24.5;212;127;339;19.8;6.5;1;3.5;75;71;1014
2005;1;29;11;-38.5;33.9;425;121;546;22.7;6.2;0;3.1;88;60;1014
2005;1;29;12;-23.1;40.7;394;219;614;24.9;7.3;2;2.6;130;53;1014
2005;1;29;13;-4.2;43.9;195;333;528;25.8;8.6;6;1.8;147;48;1013
2005;1;29;14;15.2;42.6;144;336;480;26.3;9.4;7;2.3;215;46;1014
2005;1;29;15;32.3;37.2;135;290;425;26.5;8.7;6;2.3;151;43;1014
2005;1;29;16;46.2;28.7;168;188;356;26.3;8.4;5;1.9;153;44;1014
2005;1;29;17;56.6;18.3;110;108;218;25.3;8.5;3;1.8;175;47;1014
2005;1;29;18;65.2;6.7;10;43;53;23.8;10.7;3;3.1;177;53;1014
2005;1;29;19;72.3;0;0;0;0;22.3;10.3;3;2.6;117;60;1014
2005;1;29;20;78.5;0;0;0;0;21.4;9.8;3;2.4;149;63;1014
2005;1;29;21;85.1;0;0;0;0;20.6;9.9;3;2.3;185;69;1014
2005;1;29;22;91.5;0;0;0;0;19.7;9;2;2.4;150;71;1014
2005;1;29;23;100.5;0;0;0;0;18.9;8;2;3.5;179;71;1014
2005;1;29;24;116.4;0;0;0;0;18.1;6.8;2;4.6;74;71;1014
2005;1;30;1;-162.5;0;0;0;0;17.3;6.3;2;5.7;41;74;1015
2005;1;30;2;-130.5;0;0;0;0;16.4;5.9;2;5.6;318;78;1015
2005;1;30;3;-106.5;0;0;0;0;15.6;5.3;1;4.4;335;82;1015
2005;1;30;4;-95.4;0;0;0;0;15.3;5.2;1;4.9;26;86;1015
2005;1;30;5;-88.1;0;0;0;0;14.9;4.9;1;3.7;43;88;1015
2005;1;30;6;-81.5;0;0;0;0;14.6;4.2;1;2.4;57;86;1015
2005;1;30;7;-75.4;0;0;0;0;14.4;3.8;1;2.8;189;87;1015
2005;1;30;8;-68.5;1.6;0;7;7;14.6;3.9;0;2.3;140;86;1015
2005;1;30;9;-61;13.6;117;60;177;17.2;4.9;0;2.8;180;75;1015
2005;1;30;10;-51.3;24.6;284;87;371;19.8;4.7;0;2.4;134;65;1015
2005;1;30;11;-39.1;34;446;100;546;22.3;4.1;0;1.9;173;53;1015
2005;1;30;12;-23.2;40.9;558;106;663;24.5;4.9;0;1.2;144;48;1016
2005;1;30;13;-4.2;44.1;626;99;725;26.2;5.2;0;0.9;199;43;1016
2005;1;30;14;15.2;42.9;612;94;707;27.4;5.2;0;1.6;250;39;1016
2005;1;30;15;32.4;37.4;525;88;613;28;6.2;0;1.3;222;39;1016
2005;1;30;16;46.3;29;396;71;467;28;7.1;0;1.1;201;41;1016
2005;1;30;17;57.1;18.6;200;73;273;27;7.6;0;1.2;281;42;1016
2005;1;30;18;65.4;6.9;45;40;85;25.5;8.5;0;1.6;224;47;1016
2005;1;30;19;72.4;0;0;0;0;23.9;8.9;0;1.9;194;55;1016
2005;1;30;20;79.1;0;0;0;0;23.2;8.8;0;3.3;166;58;1015
2005;1;30;21;85.2;0;0;0;0;22.5;8.1;0;2.3;99;59;1015
2005;1;30;22;92.1;0;0;0;0;21.8;7.7;0;3.1;147;60;1015
2005;1;30;23;101.1;0;0;0;0;21.1;6.9;0;3.7;96;60;1015
2005;1;30;24;117.2;0;0;0;0;20.5;6.7;0;2.8;74;63;1015
2005;1;31;1;-162.6;0;0;0;0;19.6;5.8;0;4.2;160;63;1015
2005;1;31;2;-131.4;0;0;0;0;18.9;5.8;0;4;1;68;1015
2005;1;31;3;-107.2;0;0;0;0;18.2;5.8;0;4.2;43;73;1015
2005;1;31;4;-96.1;0;0;0;0;17.8;5.4;0;2.8;20;73;1015
2005;1;31;5;-88.3;0;0;0;0;17.4;5.5;0;3.3;171;76;1015
2005;1;31;6;-82.1;0;0;0;0;17.2;6.3;0;2.6;96;83;1015
2005;1;31;7;-75.5;0;0;0;0;17;6.1;0;2.3;147;83;1015
2005;1;31;8;-69.1;1.7;0;8;8;17.3;6.8;0;2.4;143;86;1015
2005;1;31;9;-61.2;13.7;112;63;175;19.3;8.2;0;3.1;181;80;1015
2005;1;31;10;-51.4;24.8;300;80;380;21.7;6.4;0;2.8;106;64;1015
2005;1;31;11;-39.2;34.2;461;90;551;23.9;6.6;0;2.6;168;56;1015
2005;1;31;12;-23.3;41.2;532;123;655;25.8;6.7;0;2.3;150;49;1015
2005;1;31;13;-4.3;44.4;516;172;687;27.1;7.3;0;1.3;157;45;1015
2005;1;31;14;15.2;43.1;454;187;641;28.1;8.1;0;0.7;204;43;1015
2005;1;31;15;32.5;37.7;381;174;555;28.5;9;0;1;236;43;1015
2005;1;31;16;46.4;29.2;277;146;423;28.4;9.9;0;0.9;239;45;1014
2005;1;31;17;57.2;18.8;161;90;251;27.6;11.1;0;1.3;261;50;1014
2005;1;31;18;65.5;7.1;36;41;77;26.3;13.1;0;2.1;215;59;1014
2005;1;31;19;72.6;0;0;0;0;25;13.6;0;2.4;187;69;1014
2005;1;31;20;79.2;0;0;0;0;24.6;14.2;0;3.3;185;75;1014
2005;1;31;21;85.4;0;0;0;0;24.2;14.5;0;3.1;82;80;1013
2005;1;31;22;92.3;0;0;0;0;23.7;14.1;0;1.8;90;81;1013
2005;1;31;23;101.4;0;0;0;0;23.3;13.9;0;1.9;218;84;1013
2005;1;31;24;117.5;0;0;0;0;22.8;12.8;0;1.5;160;80;1013
2005;2;32;1;-163.1;0;0;0;0;22.1;11.8;4;2.2;156;73;1012
2005;2;32;2;-132.4;0;0;0;0;21.4;11.2;4;0.7;93;74;1011
2005;2;32;3;-107.6;0;0;0;0;20.6;10.8;4;2.4;89;76;1011
2005;2;32;4;-96.3;0;0;0;0;20.2;10.5;4;2;110;77;1011
2005;2;32;5;-88.5;0;0;0;0;19.8;10.5;4;1.8;42;80;1011
2005;2;32;6;-82.3;0;0;0;0;19.6;9.6;4;3;73;76;1011
2005;2;32;7;-76.1;0;0;0;0;19.3;9.3;4;2.8;110;77;1010
2005;2;32;8;-69.2;1.8;0;7;7;19.3;9;4;2.4;146;74;1010
2005;2;32;9;-61.3;13.8;34;98;132;20.4;9.9;4;3;99;73;1010
2005;2;32;10;-51.6;24.9;165;162;327;21.9;8.8;4;1.5;108;69;1010
2005;2;32;11;-39.3;34.4;311;193;504;23.4;7.3;3;1.3;78;58;1009
2005;2;32;12;-23.4;41.4;126;320;446;24;9.7;7;2;50;57;1009
2005;2;32;13;-4.3;44.7;57;331;388;24.3;10.8;8;1.8;306;55;1009
2005;2;32;14;15.2;43.4;16;281;298;24.2;11.8;8;1.8;25;55;1009
2005;2;32;15;32.5;38;1;177;179;23.7;15.5;8;3.6;24;70;1009
2005;2;32;16;46.5;29.4;14;194;208;23.3;15.9;8;3.3;140;82;1009
2005;2;32;17;57.3;19;0;23;23;22.6;16.3;4;3.3;175;70;1009
2005;2;32;18;66;7.3;2;42;45;22;11.5;5;4.3;187;62;1009
2005;2;32;19;73.1;0;0;0;0;21.4;11.4;5;5.2;196;66;1009
2005;2;32;20;79.4;0;0;0;0;20.9;11.9;5;4.3;192;73;1008
2005;2;32;21;85.6;0;0;0;0;20.5;11.5;5;4;251;74;1008
2005;2;32;22;92.5;0;0;0;0;19.8;12.7;6;4.5;307;88;1008
2005;2;32;23;102;0;0;0;0;19.7;12.5;6;4;281;89;1008
2005;2;32;24;118.3;0;0;0;0;19.3;11.9;6;3.6;315;90;1008
2005;2;33;1;-163.2;0;0;0;0;19.1;11.3;6;2.2;321;89;1008
2005;2;33;2;-133.3;0;0;0;0;18.9;11.3;6;1.3;296;92;1008
2005;2;33;3;-108.3;0;0;0;0;18.7;11;7;0.7;196;93;1008
2005;2;33;4;-97;0;0;0;0;18.7;10.6;7;2.6;243;91;1008
2005;2;33;5;-89.2;0;0;0;0;18.6;10.6;7;2.6;295;94;1008
2005;2;33;6;-82.4;0;0;0;0;18.6;10.5;7;2.8;309;95;1008
2005;2;33;7;-76.2;0;0;0;0;18.7;9.8;7;2.8;311;91;1008
2005;2;33;8;-69.4;1.9;0;8;8;18.7;8.7;8;4.3;207;84;1008
2005;2;33;9;-61.5;14;62;107;169;20.3;10;8;5.9;320;82;1007
2005;2;33;10;-52.1;25.1;13;166;179;19.8;13.1;8;4.8;295;90;1007
2005;2;33;11;-39.5;34.6;10;241;251;21.4;13.6;8;5.2;214;82;1007
2005;2;33;12;-23.5;41.7;60;320;380;22.5;13.6;8;4.8;289;82;1007
2005;2;33;13;-4.4;45;71;347;418;23.3;14.3;8;5.6;313;82;1007
2005;2;33;14;15.2;43.7;96;332;428;23.8;14.6;7;5.2;322;82;1007
2005;2;33;15;33;38.2;0;81;81;23.1;16.4;8;4.3;319;70;1007
2005;2;33;16;46.6;29.7;0;42;42;22.5;15.3;8;6.2;312;66;1007
2005;2;33;17;57.4;19.2;0;25;25;21.8;17.4;8;4.5;309;82;1007
2005;2;33;18;66.2;7.5;0;8;8;21;17.2;8;3;303;86;1007
2005;2;33;19;73.3;0;0;0;0;21;16.2;8;3.8;316;82;1007
2005;2;33;20;79.5;0;0;0;0;20.4;15.6;8;4;291;86;1007
2005;2;33;21;86.1;0;0;0;0;20.2;14.4;8;2.6;318;82;1007
2005;2;33;22;93.1;0;0;0;0;19.9;13.7;8;2;307;83;1008
2005;2;33;23;102.3;0;0;0;0;19.6;14;8;1.6;296;90;1008
2005;2;33;24;119.1;0;0;0;0;19.3;13.1;8;0.4;266;90;1008
2005;2;34;1;-163.3;0;0;0;0;18.8;11.8;7;0.8;130;89;1008
2005;2;34;2;-134.2;0;0;0;0;18.3;11.4;7;0.5;157;93;1008
2005;2;34;3;-109.1;0;0;0;0;17.7;10.5;7;0.2;61;94;1008
2005;2;34;4;-97.3;0;0;0;0;17.4;9.6;7;0.2;348;94;1008
2005;2;34;5;-89.4;0;0;0;0;17.1;9.3;7;0.1;53;97;1008
2005;2;34;6;-83;0;0;0;0;17;8.7;7;0.3;74;98;1008
2005;2;34;7;-76.4;0;0;0;0;16.8;7.9;7;0.4;90;97;1008
2005;2;34;8;-69.6;2;0;13;13;17;7.4;7;0.4;133;95;1008
2005;2;34;9;-62.1;14.1;106;94;200;18.8;6.2;7;0.8;157;76;1008
2005;2;34;10;-52.3;25.3;59;189;248;19.6;8.4;7;1.5;149;70;1008
2005;2;34;11;-40;34.9;18;250;268;20;11.8;8;1;84;82;1008
2005;2;34;12;-24;41.9;7;233;240;20.3;13.1;8;0.7;58;82;1008
2005;2;34;13;-4.4;45.3;4;178;182;19.8;14.1;8;0.5;154;86;1008
2005;2;34;14;15.3;44;253;325;578;21.3;9.9;5;0.8;229;82;1008
2005;2;34;15;33.1;38.5;146;286;432;21.7;8.9;6;0.7;79;66;1009
2005;2;34;16;47.1;29.9;0;71;71;21;15.9;8;1.3;82;82;1009
2005;2;34;17;57.6;19.4;0;22;22;20.4;13.8;8;1.8;316;70;1009
2005;2;34;18;66.3;7.7;0;7;7;19.7;11;8;1.3;7;58;1009
2005;2;34;19;73.4;0;0;0;0;19.2;10.5;7;1.5;13;61;1010
2005;2;34;20;80.1;0;0;0;0;18.6;8.9;7;0.5;2;59;1010
2005;2;34;21;86.3;0;0;0;0;17.8;8;6;1;33;61;1010
2005;2;34;22;93.3;0;0;0;0;17;6.8;6;1.1;100;61;1011
2005;2;34;23;102.6;0;0;0;0;16.2;5.4;5;0.3;66;61;1011
2005;2;34;24;119.4;0;0;0;0;15.4;4.8;5;1.5;111;65;1011
2005;2;35;1;-163.5;0;0;0;0;13.9;4.2;4;1.6;66;73;1011
2005;2;35;2;-135.1;0;0;0;0;12.2;2.2;4;2;102;75;1012
2005;2;35;3;-109.5;0;0;0;0;10.5;0.8;3;2;40;82;1012
2005;2;35;4;-97.5;0;0;0;0;9.6;-0.4;3;2;77;84;1012
2005;2;35;5;-89.6;0;0;0;0;8.6;-1.4;2;3;86;87;1013
2005;2;35;6;-83.2;0;0;0;0;8;-2.2;2;2.2;56;90;1013
2005;2;35;7;-76.6;0;0;0;0;7.3;-3.3;1;2.2;4;91;1013
2005;2;35;8;-70.1;2.1;0;9;9;7.3;-3.2;1;2.8;158;95;1013
2005;2;35;9;-62.2;14.3;102;79;181;9;-3.5;0;2.8;98;82;1014
2005;2;35;10;-52.4;25.4;257;110;367;10.8;-2.9;0;2;90;79;1014
2005;2;35;11;-40.2;35.1;403;135;538;12.5;-3.8;0;1.8;294;67;1014
2005;2;35;12;-24.1;42.2;511;146;657;14;-3.4;0;4.5;326;62;1015
2005;2;35;13;-4.5;45.5;548;158;706;15.1;-2.8;0;3.6;322;59;1015
2005;2;35;14;15.3;44.3;563;136;699;15.8;-2.7;0;3.8;288;56;1015
2005;2;35;15;33.2;38.8;507;112;619;16.1;-2;0;3.3;110;57;1015
2005;2;35;16;47.2;30.2;382;93;475;16;-1.2;0;2.4;96;60;1015
2005;2;35;17;58.1;19.6;196;81;277;15.1;-0.3;0;2.8;57;64;1015
2005;2;35;18;66.4;7.8;49;43;92;13.7;1.1;0;3;83;73;1015
2005;2;35;19;73.5;0;0;0;0;12.3;0;0;1.8;118;76;1015
2005;2;35;20;80.2;0;0;0;0;11.6;0.2;0;0.7;127;83;1015
2005;2;35;21;86.5;0;0;0;0;10.9;-0.4;0;1.1;59;85;1015
2005;2;35;22;93.6;0;0;0;0;10.3;-0.8;0;2;40;88;1015
2005;2;35;23;103.3;0;0;0;0;9.6;-1.2;0;1.8;350;92;1015
2005;2;35;24;120.2;0;0;0;0;8.9;-1.8;0;1.3;343;93;1015
2005;2;36;1;-163.6;0;0;0;0;8.9;-2.2;0;1.3;347;91;1015
2005;2;36;2;-135.5;0;0;0;0;9;-2.3;0;1.3;314;91;1015
2005;2;36;3;-110.2;0;0;0;0;9.1;-1.9;0;3.3;8;93;1015
2005;2;36;4;-98.2;0;0;0;0;9.1;-1.2;0;4.3;26;99;1015
2005;2;36;5;-90.2;0;0;0;0;9.2;-1.4;0;3.8;0;97;1015
2005;2;36;6;-83.4;0;0;0;0;9.3;-1;0;3.8;6;100;1015
2005;2;36;7;-77.2;0;0;0;0;9.4;-1;0;4.5;61;100;1015
2005;2;36;8;-70.3;2.2;0;9;9;9.7;-0.7;0;3.6;53;100;1015
2005;2;36;9;-62.4;14.4;148;53;200;12.5;1.7;0;2.6;113;93;1015
2005;2;36;10;-52.6;25.6;334;71;405;15.5;0.6;0;2.4;300;72;1015
2005;2;36;11;-40.3;35.3;508;76;584;18.3;0.4;0;2.4;271;58;1015
2005;2;36;12;-24.3;42.5;616;88;705;20.5;0.2;0;2.8;301;48;1015
2005;2;36;13;-4.5;45.8;666;93;759;22.2;1.3;0;3;255;45;1015
2005;2;36;14;15.4;44.6;650;90;740;23.4;1.1;0;3.8;303;40;1015
2005;2;36;15;33.3;39;574;78;652;24;1.3;0;4.8;302;38;1015
2005;2;36;16;47.3;30.4;432;67;498;24;1.4;0;3.8;299;37;1015
2005;2;36;17;58.2;19.8;244;59;302;23.2;1.7;0;2.8;112;38;1015
2005;2;36;18;66.6;8;60;44;104;21.7;2.6;0;3;253;42;1015
2005;2;36;19;74.1;0;0;0;0;20;1.3;0;3.3;229;44;1015
2005;2;36;20;80.4;0;0;0;0;19.3;2.3;0;3.6;193;51;1015
2005;2;36;21;87.1;0;0;0;0;18.6;2.2;0;3.3;223;53;1015
2005;2;36;22;94.2;0;0;0;0;17.8;1.5;0;3.3;19;55;1015
2005;2;36;23;103.5;0;0;0;0;17;1.3;0;3.6;81;58;1015
2005;2;36;24;120.6;0;0;0;0;16.2;1.2;0;2.6;79;62;1015
2005;2;37;1;-164.1;0;0;0;0;15.1;0.7;0;3.3;359;66;1015
2005;2;37;2;-136.4;0;0;0;0;13.9;0.2;0;3.6;4;71;1015
2005;2;37;3;-110.6;0;0;0;0;12.7;-0.6;0;4.3;13;74;1015
2005;2;37;4;-98.5;0;0;0;0;12;-1.2;0;4;338;76;1015
2005;2;37;5;-90.4;0;0;0;0;11.4;-1.2;0;3.3;354;80;1015
2005;2;37;6;-83.6;0;0;0;0;10.9;-0.7;0;2.2;360;87;1015
2005;2;37;7;-77.3;0;0;0;0;10.4;-0.9;0;1.6;9;90;1014
2005;2;37;8;-70.4;2.4;0;10;10;10.6;0.1;0;1.8;44;96;1014
2005;2;37;9;-62.5;14.6;131;64;195;12.6;1.2;0;1.1;21;87;1014
2005;2;37;10;-53.1;25.8;279;102;382;14.6;0.8;0;0.7;163;75;1014
2005;2;37;11;-40.5;35.5;408;134;541;16.5;1.1;0;0.8;185;67;1014
2005;2;37;12;-24.4;42.7;472;174;646;18.1;1.8;0;1.5;188;63;1014
2005;2;37;13;-4.6;46.1;500;193;693;19.1;1.4;0;1.6;139;56;1014
2005;2;37;14;15.4;44.9;488;187;675;19.8;1.1;0;1.5;309;51;1014
2005;2;37;15;33.4;39.3;398;176;575;20.1;2;0;2.6;321;52;1014
2005;2;37;16;47.5;30.6;259;165;424;19.8;2.5;2;3.3;168;52;1013
2005;2;37;17;58.4;20;149;110;259;19;3.9;1;3.3;110;59;1013
2005;2;37;18;67.1;8.2;29;49;78;17.7;5.8;1;3;149;66;1013
2005;2;37;19;74.3;0;0;0;0;16.3;5.3;2;1.6;139;71;1012
2005;2;37;20;80.6;0;0;0;0;15.8;5.9;2;3.3;156;77;1012
2005;2;37;21;87.3;0;0;0;0;15.3;5.8;2;3;81;79;1012
2005;2;37;22;94.4;0;0;0;0;14.8;5.4;3;2.2;23;79;1012
2005;2;37;23;104.2;0;0;0;0;14.3;5.7;3;1.3;149;83;1011
2005;2;37;24;121.3;0;0;0;0;13.9;6.2;4;1.8;106;89;1011
2005;2;38;1;-164.3;0;0;0;0;13.8;5.2;4;1.6;32;81;1011
2005;2;38;2;-137.2;0;0;0;0;13.9;5.5;5;1.3;313;82;1011
2005;2;38;3;-111.3;0;0;0;0;13.9;6;5;1.8;103;83;1010
2005;2;38;4;-99.1;0;0;0;0;14;6.3;5;1.6;52;84;1010
2005;2;38;5;-91;0;0;0;0;14;7.3;6;1.3;79;89;1010
2005;2;38;6;-84.2;0;0;0;0;14.1;8.1;6;2.2;100;93;1009
2005;2;38;7;-77.5;0;0;0;0;14.1;8.3;7;2;61;93;1009
2005;2;38;8;-71;2.5;0;3;3;14.2;8.3;7;2.8;221;90;1009
2005;2;38;9;-63.1;14.7;0;62;62;15.1;8.6;8;3.3;147;84;1009
2005;2;38;10;-53.3;26;13;184;197;16.6;7.6;8;3.3;168;79;1008
2005;2;38;11;-41;35.8;25;276;301;18.1;8.2;8;1.6;92;76;1008
2005;2;38;12;-24.5;43;16;297;313;19;9.6;8;1.6;229;75;1008
2005;2;38;13;-4.6;46.4;12;299;311;19.6;9.8;8;1.5;302;71;1007
2005;2;38;14;15.4;45.2;18;295;313;20.1;9.7;8;2.6;314;68;1007
2005;2;38;15;33.5;39.6;91;300;391;20.7;8.4;7;2.2;256;66;1007
2005;2;38;16;48;30.9;0;95;95;20.1;12.9;8;2.4;266;73;1007
2005;2;38;17;58.5;20.2;1;122;122;19;12.2;8;1.3;232;86;1007
2005;2;38;18;67.3;8.4;4;53;57;19.1;11.6;8;1.8;108;82;1007
2005;2;38;19;74.4;0;0;0;0;18.6;11.1;8;1.3;76;82;1007
2005;2;38;20;81.1;0;0;0;0;18.1;11;8;0.7;7;83;1007
2005;2;38;21;87.4;0;0;0;0;17.5;10.4;8;1.1;36;84;1007
2005;2;38;22;95;0;0;0;0;17;9.9;8;0.3;21;82;1007
2005;2;38;23;104.5;0;0;0;0;16.5;10;8;0.4;75;86;1007
2005;2;38;24;122.1;0;0;0;0;15.8;10.1;8;0.3;100;91;1007
2005;2;39;1;-164.4;0;0;0;0;14.9;9.6;8;0.7;168;93;1007
2005;2;39;2;-138.1;0;0;0;0;13.9;8.9;8;0.8;203;95;1007
2005;2;39;3;-112.1;0;0;0;0;11.7;7;8;1.8;263;99;1007
2005;2;39;4;-99.4;0;0;0;0;12.8;8.4;8;2;310;98;1007
2005;2;39;5;-91.2;0;0;0;0;12.7;7.7;8;2.4;281;92;1007
2005;2;39;6;-84.4;0;0;0;0;12.5;7.7;8;3.8;303;93;1007
2005;2;39;7;-78.1;0;0;0;0;12.3;7.9;8;2.2;305;95;1007
2005;2;39;8;-71.2;2.6;0;3;3;12.1;8.1;8;2.8;321;96;1007
2005;2;39;9;-63.3;14.9;0;22;22;12.4;8.4;8;2.2;327;95;1007
2005;2;39;10;-53.5;26.2;0;55;55;12.7;8.5;8;1.3;311;96;1007
2005;2;39;11;-41.2;36;0;72;72;12.9;8.6;8;1.1;319;94;1007
2005;2;39;12;-25;43.3;0;66;66;12.9;8.3;8;0.7;291;90;1007
2005;2;39;13;-5;46.8;0;59;59;12.8;8.5;8;0.4;298;92;1006
2005;2;39;14;15.5;45.5;147;344;491;14.3;3.5;7;0.4;311;83;1007
2005;2;39;15;34;39.9;94;328;422;15.1;3;7;0.5;297;73;1007
2005;2;39;16;48.1;31.1;65;266;331;15.5;5.1;7;1;302;82;1007
2005;2;39;17;59.1;20.4;46;165;212;15.5;3.4;7;1.6;313;70;1007
2005;2;39;18;67.4;8.6;29;52;80;15.2;5.7;7;1.3;312;82;1007
2005;2;39;19;74.6;0;0;0;0;14.4;5.6;7;2.8;306;86;1007
2005;2;39;20;81.3;0;0;0;0;12.9;4.3;7;2.6;306;86;1008
2005;2;39;21;88;0;0;0;0;13;4.1;7;2.6;311;82;1008
2005;2;39;22;95.3;0;0;0;0;12.3;4.1;7;3.3;304;86;1008
2005;2;39;23;105.2;0;0;0;0;11.5;3.4;7;3.8;300;86;1008
2005;2;39;24;122.5;0;0;0;0;10.7;2.8;7;3.3;303;86;1008
2005;2;40;1;-164.6;0;0;0;0;10;2.5;7;2.6;301;88;1008
2005;2;40;2;-138.5;0;0;0;0;9.4;2.2;7;2.2;318;89;1008
2005;2;40;3;-112.5;0;0;0;0;8.7;2.3;8;3;328;93;1009
2005;2;40;4;-100.1;0;0;0;0;8.4;2.4;8;2.8;315;95;1009
2005;2;40;5;-91.5;0;0;0;0;7.9;2;8;2.6;300;94;1009
2005;2;40;6;-84.6;0;0;0;0;7.8;1.6;8;2.2;316;89;1009
2005;2;40;7;-78.3;0;0;0;0;7.6;1.4;8;2.4;315;88;1009
2005;2;40;8;-71.4;2.8;0;3;3;7.7;1.5;8;2.8;318;86;1009
2005;2;40;9;-63.4;15;0;17;17;7.8;1.8;8;4.8;304;85;1010
2005;2;40;10;-54;26.4;0;33;33;8;1.6;8;5.2;324;83;1010
2005;2;40;11;-41.3;36.2;190;267;457;10.6;-1.9;6;5.2;315;82;1010
2005;2;40;12;-25.1;43.6;90;330;419;11.9;-2.2;7;5.9;303;62;1010
2005;2;40;13;-5.1;47.1;505;337;842;14.5;-6.3;4;6.2;318;53;1010
2005;2;40;14;15.5;45.8;195;358;554;15.4;-2.6;6;4.3;313;50;1010
2005;2;40;15;34.1;40.2;92;318;410;15.6;-1.5;7;4;304;48;1011
2005;2;40;16;48.3;31.4;98;241;338;15.6;-1.6;7;4;280;48;1011
2005;2;40;17;59.2;20.7;0;94;94;14.6;1.5;8;4.3;309;51;1011
2005;2;40;18;67.6;8.8;0;49;49;13.6;3.3;8;2.2;263;68;1011
2005;2;40;19;75.1;0;0;0;0;12.6;-0.1;7;2;209;57;1011
2005;2;40;20;81.5;0;0;0;0;12;0.5;7;1.6;294;65;1012
2005;2;40;21;88.2;0;0;0;0;11.4;-0.1;6;0.8;140;68;1012
2005;2;40;22;95.5;0;0;0;0;10.8;0.1;6;0.8;132;74;1012
2005;2;40;23;105.5;0;0;0;0;10.1;-0.5;5;0.4;214;77;1012
2005;2;40;24;123.3;0;0;0;0;9.5;-1.2;5;0.8;284;79;1012
2005;2;41;1;-165.1;0;0;0;0;8.9;-1.8;4;1.3;275;81;1013
2005;2;41;2;-139.3;0;0;0;0;8.3;-2.6;4;1.1;259;83;1013
2005;2;41;3;-113.2;0;0;0;0;7.7;-3.9;3;0.7;163;81;1013
2005;2;41;4;-100.4;0;0;0;0;7.4;-5;3;1;157;78;1013
2005;2;41;5;-92.1;0;0;0;0;7.1;-5.5;2;1.8;256;79;1014
2005;2;41;6;-85.2;0;0;0;0;6.8;-6.1;2;1.8;295;79;1014
2005;2;41;7;-78.4;0;0;0;0;6.6;-6;1;2;226;84;1014
2005;2;41;8;-71.5;2.9;0;12;12;6.9;-6.2;1;2;279;82;1014
2005;2;41;9;-64;15.2;147;61;207;9.5;-4.9;0;1.6;277;73;1014
2005;2;41;10;-54.2;26.6;335;80;415;12.1;-4.7;0;2.2;285;64;1015
2005;2;41;11;-41.5;36.5;485;99;585;14.6;-4.4;0;2.2;252;54;1015
2005;2;41;12;-25.2;43.9;600;109;709;16.7;-3.4;0;1.8;262;50;1015
2005;2;41;13;-5.1;47.4;639;120;760;18.3;-2.5;0;1.1;142;47;1015
2005;2;41;14;15.6;46.1;635;111;746;19.3;-1.9;0;0.8;214;45;1015
2005;2;41;15;34.2;40.4;561;97;659;19.7;-1.3;0;1.3;254;45;1015
2005;2;41;16;48.4;31.6;426;86;511;19.7;-0.6;0;2.4;271;46;1015
2005;2;41;17;59.4;20.9;237;73;310;18.9;0.2;0;1.1;199;49;1015
2005;2;41;18;68.1;9;65;44;109;17.4;0.8;0;1.6;213;51;1015
2005;2;41;19;75.3;0;0;0;0;15.6;-0.1;0;2;149;56;1015
2005;2;41;20;82.1;0;0;0;0;14.9;1.1;0;1.6;127;66;1015
2005;2;41;21;88.4;0;0;0;0;14.1;0.7;0;1.8;151;69;1015
2005;2;41;22;96.1;0;0;0;0;13.3;0;1;2.4;143;70;1015
2005;2;41;23;106.2;0;0;0;0;12.6;0.2;1;4.5;94;77;1015
2005;2;41;24;124;0;0;0;0;11.8;0;1;4.3;1;81;1015
2005;2;42;1;-165.3;0;0;0;0;11.1;-1.3;1;2.4;306;78;1015
2005;2;42;2;-140.1;0;0;0;0;10.5;-0.9;1;3;329;86;1015
2005;2;42;3;-113.6;0;0;0;0;9.8;-1.2;1;1.3;337;89;1015
2005;2;42;4;-101;0;0;0;0;9.4;-1.7;1;2;346;89;1014
2005;2;42;5;-92.3;0;0;0;0;9.1;-2.7;1;2.2;22;85;1014
2005;2;42;6;-85.4;0;0;0;0;8.8;-2.1;1;2.6;18;91;1014
2005;2;42;7;-79;0;0;0;0;8.6;-2.5;1;2.8;357;90;1014
2005;2;42;8;-72.1;3.1;0;13;13;8.9;-2.2;2;2.6;52;90;1014
2005;2;42;9;-64.2;15.4;99;90;190;11.2;-0.7;2;3.3;144;82;1014
2005;2;42;10;-54.4;26.8;217;151;369;13.4;-0.6;2;3.3;136;72;1014
2005;2;42;11;-42.1;36.7;343;186;528;15.6;0;1;4.3;199;65;1014
2005;2;42;12;-25.4;44.2;511;171;681;17.7;-0.2;0;4.3;205;57;1014
2005;2;42;13;-5.1;47.7;529;191;720;19.1;0.1;0;4.8;24;51;1014
2005;2;42;14;16.1;46.4;470;217;687;20;0.6;1;4.5;36;48;1014
2005;2;42;15;34.4;40.7;380;200;581;20.3;0.6;1;4.5;23;45;1014
2005;2;42;16;48.6;31.9;279;174;453;20.2;0.6;2;4.8;95;44;1014
2005;2;42;17;59.5;21.1;196;95;291;19.5;0.6;0;3.8;168;45;1014
2005;2;42;18;68.3;9.1;46;53;100;18.2;1.4;0;4.8;137;47;1014
2005;2;42;19;75.5;0;0;0;0;16.7;0.9;0;5.6;241;53;1014
2005;2;42;20;82.2;0;0;0;0;15.6;1.2;0;5.6;293;60;1014
2005;2;42;21;89;0;0;0;0;14.6;0.9;0;6.8;219;65;1014
2005;2;42;22;96.4;0;0;0;0;13.5;0.8;0;6.6;119;72;1014
2005;2;42;23;106.5;0;0;0;0;12.5;-0.5;0;6.2;145;72;1014
2005;2;42;24;124.4;0;0;0;0;11.4;-2.3;0;6.6;57;69;1015
2005;2;43;1;-165.4;0;0;0;0;10.5;-2.6;0;6.4;82;74;1015
2005;2;43;2;-140.5;0;0;0;0;9.4;-3.2;0;5.2;307;79;1015
2005;2;43;3;-114.3;0;0;0;0;8.3;-4.9;0;3.3;39;77;1015
2005;2;43;4;-101.3;0;0;0;0;7.8;-4.5;0;2.2;307;84;1015
2005;2;43;5;-92.5;0;0;0;0;7.2;-4.1;0;2.8;83;93;1015
2005;2;43;6;-85.6;0;0;0;0;6.8;-4.8;0;2.6;15;92;1015
2005;2;43;7;-79.2;0;0;0;0;6.3;-4.9;0;3.3;342;96;1015
2005;2;43;8;-72.3;3.2;0;13;13;6.6;-5.1;0;3.6;354;93;1015
2005;2;43;9;-64.4;15.6;143;66;209;8.9;-3.8;0;4.8;308;83;1015
2005;2;43;10;-54.5;27;319;93;412;11.3;-3.6;0;5.2;32;74;1015
2005;2;43;11;-42.2;37;483;106;589;13.5;-4.3;0;4.5;103;60;1015
2005;2;43;12;-25.5;44.5;591;120;711;15.5;-3.4;0;4;153;55;1015
2005;2;43;13;-5.2;48;630;132;762;16.9;-2.2;0;3.8;159;54;1015
2005;2;43;14;16.1;46.8;632;119;751;17.9;-2.2;0;4.3;102;49;1015
2005;2;43;15;34.5;41;565;101;666;18.3;-2.1;0;4.5;88;47;1015
2005;2;43;16;49.1;32.1;454;71;525;18.3;-1.5;0;4.5;138;49;1015
2005;2;43;17;60.1;21.3;268;60;328;17.4;-1;0;5.2;229;52;1015
2005;2;43;18;68.5;9.3;79;42;120;15.8;0;0;3.8;52;58;1015
2005;2;43;19;76;0;0;1;1;14.1;-0.8;0;3.6;74;63;1015
2005;2;43;20;82.4;0;0;0;0;13.6;-0.1;0;2.6;107;70;1015
2005;2;43;21;89.2;0;0;0;0;13.1;-0.2;0;1.8;88;73;1015
2005;2;43;22;97;0;0;0;0;12.6;-0.7;0;4.5;76;74;1015
2005;2;43;23;107.2;0;0;0;0;12.1;-0.3;0;3.6;6;80;1015
2005;2;43;24;125.2;0;0;0;0;11.7;-0.7;0;3.6;73;81;1015
2005;2;44;1;-166;0;0;0;0;11.6;-0.7;0;2.8;329;81;1015
2005;2;44;2;-141.3;0;0;0;0;11.6;-1.2;0;3.3;10;78;1015
2005;2;44;3;-115.1;0;0;0;0;11.6;-0.9;0;3;104;81;1015
2005;2;44;4;-101.6;0;0;0;0;11.6;-0.5;0;3.6;117;82;1015
2005;2;44;5;-93.2;0;0;0;0;11.7;-0.7;0;3.8;31;81;1015
2005;2;44;6;-86.1;0;0;0;0;11.7;-0.1;0;4.5;18;85;1015
2005;2;44;7;-79.4;0;0;0;0;11.8;-0.3;0;5.2;343;83;1015
2005;2;44;8;-72.5;3.4;0;14;14;12.3;-0.5;0;6.8;41;78;1015
2005;2;44;9;-64.5;15.8;143;68;211;15.2;2;0;6.4;79;73;1015
2005;2;44;10;-55.1;27.2;324;92;417;18.2;1.2;0;5.2;99;58;1015
2005;2;44;11;-42.4;37.3;456;124;580;20.6;1.6;0;5.2;111;50;1015
2005;2;44;12;-25.6;44.8;517;168;685;22.7;1.8;0;4.5;85;42;1015
2005;2;44;13;-5.2;48.4;579;166;745;24.4;2.4;0;5.9;359;39;1015
2005;2;44;14;16.2;47.1;568;160;728;25.5;1.9;0;5.9;13;34;1015
2005;2;44;15;35;41.3;492;147;638;26.1;2.1;0;4.8;359;32;1015
2005;2;44;16;49.3;32.4;386;111;497;26.2;1.8;0;4.8;329;31;1015
2005;2;44;17;60.3;21.5;220;89;309;25.4;2.2;0;5.6;323;31;1015
2005;2;44;18;69.1;9.5;66;48;113;24;3.1;0;4.5;34;34;1015
2005;2;44;19;76.2;0;0;1;1;22.4;2.9;0;3.8;77;39;1015
2005;2;44;20;83;0;0;0;0;21;3.1;0;3.8;66;45;1015
2005;2;44;21;89.4;0;0;0;0;19.6;1.6;0;2.6;117;45;1015
2005;2;44;22;97.2;0;0;0;0;18.3;0.9;0;2;170;49;1015
2005;2;44;23;107.5;0;0;0;0;16.8;0.1;0;1.1;87;53;1015
2005;2;44;24;125.6;0;0;0;0;15.3;-0.2;0;1.6;31;59;1015
2005;2;45;1;-166.2;0;0;0;0;13.4;-1.5;0;0.8;122;64;1015
2005;2;45;2;-142.1;0;0;0;0;11.3;-2.9;0;0.7;149;70;1015
2005;2;45;3;-115.4;0;0;0;0;9.1;-5;0;1;118;73;1015
2005;2;45;4;-102.3;0;0;0;0;7.9;-5;0;1.8;70;83;1015
2005;2;45;5;-93.4;0;0;0;0;6.7;-5.2;0;1.6;134;92;1015
2005;2;45;6;-86.3;0;0;0;0;5.8;-6.3;0;2.4;155;92;1015
2005;2;45;7;-79.6;0;0;0;0;5;-6.8;0;2.6;227;97;1015
2005;2;45;8;-73;3.6;0;15;15;4.9;-6.9;0;2.8;274;97;1015
2005;2;45;9;-65.1;16;165;59;223;6.5;-6.1;0;3;294;89;1015
2005;2;45;10;-55.3;27.5;349;81;431;8.1;-5.6;0;3;323;87;1015
2005;2;45;11;-42.5;37.5;523;89;611;9.5;-5.5;0;2.4;313;81;1015
2005;2;45;12;-26.1;45.1;640;98;738;10.7;-6.3;0;2.4;326;70;1015
2005;2;45;13;-5.2;48.7;687;105;792;11.6;-6.3;0;2.4;294;65;1015
2005;2;45;14;16.3;47.4;676;100;776;12.1;-6.5;0;2;224;61;1015
2005;2;45;15;35.2;41.6;599;88;687;12.2;-6.3;0;2.4;132;61;1015
2005;2;45;16;49.5;32.6;454;76;530;11.9;-6.4;0;3.3;254;59;1015
2005;2;45;17;60.4;21.7;264;66;331;11;-6;0;3.8;219;62;1015
2005;2;45;18;69.2;9.7;81;43;124;9.7;-5.1;0;5.6;154;68;1015
2005;2;45;19;76.4;0;0;1;1;8.2;-6.2;0;3.8;235;71;1015
2005;2;45;20;83.2;0;0;0;0;7.1;-6.4;0;5.2;195;78;1015
2005;2;45;21;90.1;0;0;0;0;5.9;-7.1;0;6.4;273;83;1015
2005;2;45;22;97.5;0;0;0;0;4.7;-7.6;0;6.8;159;90;1015
2005;2;45;23;108.2;0;0;0;0;3.5;-8.4;0;7.1;232;95;1015
2005;2;45;24;126.4;0;0;0;0;2.4;-9.2;0;6.8;248;100;1015
2005;2;46;1;-166.3;0;0;0;0;2.3;-9.2;0;8.3;257;100;1015
2005;2;46;2;-142.5;0;0;0;0;2.3;-9.3;0;8.3;209;100;1015
2005;2;46;3;-116.2;0;0;0;0;2.3;-9.3;0;7.5;266;100;1015
2005;2;46;4;-102.5;0;0;0;0;2.4;-10.1;0;7.5;163;94;1015
2005;2;46;5;-94;0;0;0;0;2.4;-10.2;0;6.6;159;93;1015
2005;2;46;6;-86.5;0;0;0;0;2.4;-10;0;6.4;29;95;1015
2005;2;46;7;-80.2;0;0;0;0;2.4;-10.2;0;6.6;20;93;1015
2005;2;46;8;-73.2;3.7;0;14;14;2.8;-10.2;0;7.2;305;90;1015
2005;2;46;9;-65.3;16.1;143;71;215;5.7;-8.6;0;8.8;2;77;1015
2005;2;46;10;-55.5;27.7;312;104;416;8.7;-9.2;0;9.4;290;60;1015
2005;2;46;11;-43.1;37.8;453;131;584;11.4;-8.8;0;10.9;11;51;1015
2005;2;46;12;-26.2;45.4;511;177;688;13.6;-8.3;1;8.8;85;43;1015
2005;2;46;13;-5.3;49.1;531;203;733;15.3;-8.2;2;7.9;130;37;1015
2005;2;46;14;16.3;47.8;557;174;730;16.5;-8;0;7.2;73;34;1015
2005;2;46;15;35.3;41.9;530;129;660;17.2;-7.8;0;7.9;301;33;1015
2005;2;46;16;50;32.8;428;93;520;17.2;-7.5;0;9.9;287;33;1015
2005;2;46;17;61;21.9;254;74;328;16.4;-6.8;0;8.8;295;35;1015
2005;2;46;18;69.4;9.9;82;44;126;14.8;-5.9;0;7.5;277;39;1015
2005;2;46;19;76.6;0;0;1;1;12.9;-5.7;1;7.3;307;47;1015
2005;2;46;20;83.4;0;0;0;0;12.6;-3.5;1;8.3;282;57;1015
2005;2;46;21;90.3;0;0;0;0;12.3;-3.7;1;7.9;303;57;1015
2005;2;46;22;98.1;0;0;0;0;11.9;-4.1;1;6.8;310;56;1015
2005;2;46;23;108.5;0;0;0;0;11.6;-3.3;2;6.2;302;60;1015
2005;2;46;24;127.1;0;0;0;0;11.3;-2.9;2;6.2;286;64;1015
2005;2;47;1;-166.5;0;0;0;0;10.9;-3.3;2;5.9;312;63;1015
2005;2;47;2;-143.2;0;0;0;0;10.4;-4;3;5.9;277;61;1015
2005;2;47;3;-116.5;0;0;0;0;10;-3.8;3;5.6;289;63;1015
2005;2;47;4;-103.2;0;0;0;0;9.8;-3.3;3;4.8;318;66;1015
2005;2;47;5;-94.3;0;0;0;0;9.6;-3.4;4;3.8;300;66;1015
2005;2;47;6;-87.1;0;0;0;0;9.4;-1.3;4;3;207;79;1015
2005;2;47;7;-80.3;0;0;0;0;9.3;-0.8;4;3.6;278;81;1015
2005;2;47;8;-73.4;3.9;0;16;16;9.7;-0.1;4;3.8;237;82;1015
2005;2;47;9;-65.5;16.3;119;108;227;12.6;-1.5;5;3.8;225;72;1015
2005;2;47;10;-56;27.9;321;100;421;15.3;-2.2;0;3.3;301;57;1015
2005;2;47;11;-43.2;38.1;433;145;578;17.7;-1.2;2;2.8;318;51;1015
2005;2;47;12;-26.3;45.7;492;191;684;19.6;-1.2;3;2.4;301;44;1015
2005;2;47;13;-5.3;49.4;519;213;732;21;-0.6;3;1.1;130;41;1014
2005;2;47;14;16.4;48.1;507;207;714;22;-0.2;3;2.8;254;38;1015
2005;2;47;15;35.5;42.2;459;174;633;22.4;0.1;3;2.8;316;37;1015
2005;2;47;16;50.2;33.1;373;126;499;22.4;0.7;2;3.6;325;38;1015
2005;2;47;17;61.2;22.1;226;92;318;21.6;1.8;2;4.3;301;43;1015
2005;2;47;18;69.6;10;78;47;125;20.2;1.7;2;5.2;268;44;1015
2005;2;47;19;77.2;0;0;1;1;18.7;2.1;2;5.2;198;51;1015
2005;2;47;20;83.6;0;0;0;0;18;3.4;2;4.5;258;59;1015
2005;2;47;21;90.5;0;0;0;0;17.4;2.6;3;4.3;213;58;1015
2005;2;47;22;98.4;0;0;0;0;16.7;2.8;3;4.8;156;62;1015
2005;2;47;23;109.2;0;0;0;0;16.1;2.8;3;6.2;44;64;1015
2005;2;47;24;127.5;0;0;0;0;15.4;2.7;3;5.9;42;67;1015
2005;2;48;1;-167.1;0;0;0;0;14.8;1.9;3;5.9;98;65;1015
2005;2;48;2;-143.5;0;0;0;0;14.3;2.2;3;5.9;311;69;1015
2005;2;48;3;-117.3;0;0;0;0;13.7;2.5;3;5.6;48;74;1015
2005;2;48;4;-103.5;0;0;0;0;13.4;3.1;3;6.8;152;79;1015
2005;2;48;5;-94.5;0;0;0;0;13.1;3.6;4;5.6;167;83;1015
2005;2;48;6;-87.4;0;0;0;0;12.9;3.5;4;5.2;88;83;1015
2005;2;48;7;-80.5;0;0;0;0;12.7;3.8;4;5.2;26;86;1015
2005;2;48;8;-73.6;4.1;0;17;17;13.1;3.9;4;4.5;33;81;1015
2005;2;48;9;-66;16.5;133;106;239;16.1;2;4;4.5;327;71;1015
2005;2;48;10;-56.2;28.2;375;72;448;18.8;1.1;0;3.3;89;56;1015
2005;2;48;11;-43.4;38.3;511;103;614;21.1;1.8;0;4;153;49;1015
2005;2;48;12;-26.5;46;592;134;726;23;2.2;0;5.6;55;44;1015
2005;2;48;13;-5.3;49.7;614;157;771;24.5;2.9;0;5.9;332;41;1015
2005;2;48;14;16.5;48.4;607;148;756;25.5;4.1;0;6.2;81;41;1015
2005;2;48;15;36;42.5;528;137;664;26;4.9;0;5.2;78;41;1015
2005;2;48;16;50.4;33.3;423;100;523;25.9;5;0;5.2;62;41;1015
2005;2;48;17;61.4;22.3;259;75;335;25.1;5.3;0;4.8;208;43;1015
2005;2;48;18;70.2;10.2;86;45;131;23.7;5.8;0;4.3;261;45;1015
2005;2;48;19;77.4;0;0;1;1;22;5.4;1;5.2;316;50;1015
2005;2;48;20;84.2;0;0;0;0;20.9;6.4;1;6.8;320;59;1015
2005;2;48;21;91.1;0;0;0;0;19.8;6.3;1;7.7;323;63;1014
2005;2;48;22;99;0;0;0;0;18.7;5.7;2;7.3;320;66;1014
2005;2;48;23;109.5;0;0;0;0;17.5;5;2;7.5;267;68;1014
2005;2;48;24;128.3;0;0;0;0;16.3;4.9;2;6.8;221;74;1014
2005;2;49;1;-167.2;0;0;0;0;15.1;3.9;3;6.6;278;75;1014
2005;2;49;2;-144.3;0;0;0;0;13.8;2.6;3;5.2;217;75;1014
2005;2;49;3;-117.6;0;0;0;0;12.5;2;3;4;135;80;1014
2005;2;49;4;-104.1;0;0;0;0;11.8;1.7;4;4;106;82;1014
2005;2;49;5;-95.1;0;0;0;0;11.1;1.5;4;4.5;138;85;1014
2005;2;49;6;-87.6;0;0;0;0;10.6;2.2;4;5.9;200;93;1014
2005;2;49;7;-81.1;0;0;0;0;10.1;2;5;6.2;104;94;1014
2005;2;49;8;-74.1;4.3;0;17;17;10.4;2.7;5;5.2;157;95;1013
2005;2;49;9;-66.2;16.8;85;116;201;12.4;1.1;5;4.5;182;83;1013
2005;2;49;10;-56.4;28.4;193;178;371;14.2;0.7;5;4;137;72;1013
2005;2;49;11;-43.6;38.6;279;241;520;16;1.1;5;5.2;131;66;1013
2005;2;49;12;-26.6;46.3;357;272;629;17.5;0.9;4;3.8;189;59;1013
2005;2;49;13;-5.3;50.1;386;276;662;18.6;1.7;4;3.3;152;56;1013
2005;2;49;14;17;48.8;353;296;650;19.1;1.5;5;3.6;179;52;1013
2005;2;49;15;36.2;42.8;287;274;561;19.4;1.6;5;3.3;251;51;1013
2005;2;49;16;50.6;33.6;204;227;431;19.2;2.1;5;3;297;52;1013
2005;2;49;17;61.6;22.5;136;142;278;18.5;2.3;5;3;289;54;1013
2005;2;49;18;70.3;10.4;44;65;108;17.3;3.5;5;2.8;224;60;1013
2005;2;49;19;77.5;0;0;1;1;15.8;3.5;5;3.3;91;68;1013
2005;2;49;20;84.4;0;0;0;0;15.1;3.7;5;3;104;73;1014
2005;2;49;21;91.3;0;0;0;0;14.3;3.1;5;3;78;74;1014
2005;2;49;22;99.3;0;0;0;0;13.6;2.9;5;1.6;25;78;1014
2005;2;49;23;110.3;0;0;0;0;12.8;2.7;5;1.3;341;81;1014
2005;2;49;24;129.1;0;0;0;0;12.1;2.2;5;1.5;356;83;1014
2005;2;50;1;-167.4;0;0;0;0;11.9;2.3;5;2;348;85;1014
2005;2;50;2;-144.6;0;0;0;0;11.6;2.4;5;1.8;348;87;1014
2005;2;50;3;-118.3;0;0;0;0;11.4;2;5;1.6;341;86;1014
2005;2;50;4;-104.4;0;0;0;0;11.3;1.3;5;2.6;343;82;1014
2005;2;50;5;-95.3;0;0;0;0;11.2;0.5;5;2.6;339;77;1014
2005;2;50;6;-88.2;0;0;0;0;11.1;1.7;5;4.3;353;85;1014
2005;2;50;7;-81.3;0;0;0;0;11;1.3;5;4.3;3;82;1014
2005;2;50;8;-74.3;4.5;0;19;19;11.5;1.8;5;4.8;301;80;1014
2005;2;50;9;-66.4;17;125;112;237;14.6;0.5;5;3.3;72;70;1015
2005;2;50;10;-56.6;28.6;355;88;443;17.6;0;0;2.8;101;56;1015
2005;2;50;11;-44.1;38.9;481;126;607;20;0.7;0;3.8;162;49;1015
2005;2;50;12;-27.1;46.7;564;157;721;22.1;0.9;1;3.3;50;42;1015
2005;2;50;13;-5.3;50.4;609;166;776;23.7;2.2;1;2.2;99;41;1015
2005;2;50;14;17.1;49.1;555;187;742;24.7;2.6;2;2.4;78;38;1015
2005;2;50;15;36.3;43.1;488;166;654;25.2;3;2;1.5;37;37;1015
2005;2;50;16;51.2;33.8;391;123;514;25.1;3.7;1;1;96;39;1015
2005;2;50;17;62.1;22.7;256;81;337;24.3;4.3;0;1.3;96;42;1015
2005;2;50;18;70.5;10.6;84;49;133;22.8;6.2;0;0.5;153;50;1014
2005;2;50;19;78.1;0;0;1;1;21.1;6.1;1;1;152;57;1014
2005;2;50;20;84.6;0;0;0;0;20.5;7.2;1;1.6;254;64;1014
2005;2;50;21;91.5;0;0;0;0;19.9;7.4;2;2.4;114;67;1014
2005;2;50;22;99.6;0;0;0;0;19.3;7.3;2;1.1;150;70;1014
2005;2;50;23;110.6;0;0;0;0;18.7;7.5;2;1.6;62;74;1014
2005;2;50;24;129.5;0;0;0;0;18.2;7.6;3;0.8;103;77;1014
2005;2;51;1;-167.6;0;0;0;0;17.5;7.3;3;1;131;78;1014
2005;2;51;2;-145.3;0;0;0;0;16.8;7.5;3;0.8;222;84;1014
2005;2;51;3;-119;0;0;0;0;16.1;7.3;4;1.1;269;87;1014
2005;2;51;4;-105.1;0;0;0;0;15.7;7;4;1;289;86;1014
2005;2;51;5;-95.6;0;0;0;0;15.3;7;5;0.8;274;88;1014
2005;2;51;6;-88.4;0;0;0;0;15;8.1;5;1.5;128;97;1014
2005;2;51;7;-81.5;0;0;0;0;14.8;8.4;5;2;153;100;1014
2005;2;51;8;-74.5;4.7;0;18;18;15.2;9;6;1.3;102;100;1013
2005;2;51;9;-66.6;17.2;75;122;197;17.4;7.6;6;1;47;86;1013
2005;2;51;10;-57.1;28.9;180;182;362;19.4;6.7;5;1;154;71;1013
2005;2;51;11;-44.3;39.2;298;234;532;21.3;6.9;5;1.8;115;66;1013
2005;2;51;12;-27.2;47;341;284;625;22.9;7.7;5;2.6;98;61;1013
2005;2;51;13;-5.4;50.8;469;250;719;24.3;6.8;4;2.4;93;53;1013
2005;2;51;14;17.2;49.4;410;274;684;25.2;7.8;4;2.8;146;52;1013
2005;2;51;15;36.5;43.3;246;302;547;25.4;9;6;2.6;165;52;1013
2005;2;51;16;51.3;34.1;116;272;388;25.1;10.1;7;3;339;54;1013
2005;2;51;17;62.3;22.9;144;149;292;24.4;9.4;5;2.4;32;57;1013
2005;2;51;18;71.1;10.7;62;71;133;23.3;9.7;5;3.3;35;63;1013
2005;2;51;19;78.3;0;0;2;2;21.9;9;5;4;40;66;1013
2005;2;51;20;85.2;0;0;0;0;21.3;10;5;4.8;35;75;1013
2005;2;51;21;92.2;0;0;0;0;20.7;10;5;4.3;357;78;1013
2005;2;51;22;100.2;0;0;0;0;20.1;9.6;5;3;37;79;1013
2005;2;51;23;111.3;0;0;0;0;19.5;9.3;4;2.6;15;80;1013
2005;2;51;24;130.2;0;0;0;0;18.9;9.4;4;2.6;85;84;1013
2005;2;52;1;-168.2;0;0;0;0;18.5;9.9;4;2.8;77;89;1013
2005;2;52;2;-145.6;0;0;0;0;18.1;9.7;4;3.3;136;90;1013
2005;2;52;3;-119.4;0;0;0;0;17.7;10.2;4;3.6;204;96;1013
2005;2;52;4;-105.4;0;0;0;0;17.5;10.2;4;3.6;286;97;1013
2005;2;52;5;-96.2;0;0;0;0;17.3;10.5;4;4.5;327;100;1013
2005;2;52;6;-88.6;0;0;0;0;17.1;10.5;4;4.5;309;100;1013
2005;2;52;7;-82.1;0;0;0;0;17;10.5;4;4;322;100;1013
2005;2;52;8;-75.1;4.9;0;21;21;17.6;11.3;3;4;312;100;1013
2005;2;52;9;-67.1;17.4;98;118;216;19.8;10.6;3;3.3;287;92;1013
2005;2;52;10;-57.3;29.1;259;148;406;21.9;10.3;0;3.3;320;81;1013
2005;2;52;11;-44.5;39.5;421;164;585;24;10;0;5.2;305;70;1013
2005;2;52;12;-27.3;47.3;458;224;682;25.7;9.8;1;4;252;60;1013
2005;2;52;13;-5.4;51.2;434;269;703;26.9;10.6;3;5.6;224;57;1013
2005;2;52;14;17.3;49.8;398;281;678;27.8;11.4;3;5.2;128;55;1013
2005;2;52;15;37.1;43.6;325;262;587;28.2;11;4;4.3;69;50;1013
2005;2;52;16;51.5;34.3;223;219;441;28;11.6;4;4.3;102;51;1013
2005;2;52;17;62.5;23.1;117;153;270;27.2;11.7;4;3.3;91;51;1013
2005;2;52;18;71.3;10.9;22;79;102;26;12.9;4;3;38;56;1013
2005;2;52;19;78.5;0;0;1;1;24.7;12;4;2.2;13;58;1013
2005;2;52;20;85.4;0;0;0;0;24;13.2;4;3;323;67;1013
2005;2;52;21;92.4;0;0;0;0;23.4;12.7;4;2.6;339;68;1013
2005;2;52;22;100.5;0;0;0;0;22.8;11.8;4;2.4;347;67;1013
2005;2;52;23;112;0;0;0;0;22.1;11.1;4;2.2;93;67;1013
2005;2;52;24;131;0;0;0;0;21.5;11.2;4;2.2;172;71;1013
2005;2;53;1;-168.3;0;0;0;0;20.8;12;4;2.2;231;80;1013
2005;2;53;2;-146.2;0;0;0;0;20;12.1;5;1.8;248;86;1013
2005;2;53;3;-120.1;0;0;0;0;19.3;11.7;5;0.7;252;89;1013
2005;2;53;4;-106;0;0;0;0;18.9;11.5;5;1;268;90;1013
2005;2;53;5;-96.4;0;0;0;0;18.6;11.2;5;0.2;230;90;1013
2005;2;53;6;-89.2;0;0;0;0;18.3;10.7;5;0.4;82;88;1013
2005;2;53;7;-82.3;0;0;0;0;18.1;10.4;5;0.7;29;88;1013
2005;2;53;8;-75.3;5.1;0;20;20;18.5;10.4;5;0.7;36;84;1013
2005;2;53;9;-67.3;17.6;80;125;205;20.4;9.9;5;1;50;80;1013
2005;2;53;10;-57.5;29.4;213;173;386;22.2;9;3;1.1;168;69;1013
2005;2;53;11;-45;39.8;238;271;509;23.8;9.2;5;2.6;144;61;1013
2005;2;53;12;-27.4;47.7;439;245;683;25.5;9;2;2.6;115;57;1013
2005;2;53;13;-5.4;51.5;372;304;676;26.6;10.1;4;1.5;94;54;1013
2005;2;53;14;17.4;50.1;350;300;650;27.3;10.3;4;1.3;101;51;1013
2005;2;53;15;37.3;43.9;324;265;589;27.7;10.3;4;1.1;68;50;1013
2005;2;53;16;52.1;34.6;365;142;507;27.8;9;0;1.3;108;46;1013
2005;2;53;17;63.1;23.3;234;101;334;27.2;9;0;2.6;151;46;1013
2005;2;53;18;71.5;11.1;85;56;141;26.3;10.3;0;3.8;136;51;1013
2005;2;53;19;79.1;0;0;2;2;25;9.7;1;4.5;136;53;1013
2005;2;53;20;86;0;0;0;0;24.1;10;1;5.2;60;58;1013
2005;2;53;21;93;0;0;0;0;23.2;9.9;2;3;60;60;1013
2005;2;53;22;101.1;0;0;0;0;22.3;10.4;2;3.3;61;66;1013
2005;2;53;23;112.3;0;0;0;0;21.5;9.8;3;3;187;67;1012
2005;2;53;24;131.4;0;0;0;0;20.6;10.1;3;2.6;258;73;1012
2005;2;54;1;-168.5;0;0;0;0;19.7;10.4;4;3.3;262;79;1012
2005;2;54;2;-146.5;0;0;0;0;18.7;9.7;4;1.8;234;80;1012
2005;2;54;3;-120.4;0;0;0;0;17.7;9.8;5;3;200;85;1012
2005;2;54;4;-106.3;0;0;0;0;17.2;9.9;5;4.5;312;89;1012
2005;2;54;5;-97.1;0;0;0;0;16.6;10.3;6;5.6;173;94;1012
2005;2;54;6;-89.4;0;0;0;0;16.2;10.2;6;5.2;108;94;1012
2005;2;54;7;-82.5;0;0;0;0;15.8;10.1;6;4.8;135;95;1012
2005;2;54;8;-75.5;5.3;0;14;14;16.1;10.2;7;4.8;145;92;1012
2005;2;54;9;-67.5;17.8;24;128;151;17.7;9.3;7;7.1;53;85;1012
2005;2;54;10;-58.1;29.6;39;239;278;19.1;8.7;8;5.9;14;75;1012
2005;2;54;11;-45.2;40.1;45;296;340;20.1;9.3;8;4.3;23;70;1011
2005;2;54;12;-27.5;48;32;366;399;20.9;9.3;8;4.5;42;66;1011
2005;2;54;13;-5.4;51.9;119;383;502;21.8;7.9;7;3;310;58;1011
2005;2;54;14;17.5;50.5;221;356;577;22.7;7.3;6;3.3;353;56;1011
2005;2;54;15;37.5;44.2;287;301;588;23.4;6.8;5;3.8;331;54;1011
2005;2;54;16;52.3;34.8;435;142;578;23.9;5.1;0;3.3;357;52;1011
2005;2;54;17;63.3;23.5;229;123;352;23.7;6.3;0;3.6;338;52;1012
2005;2;54;18;72.1;11.3;54;68;123;22.7;8.2;0;3.6;1;55;1012
2005;2;54;19;79.3;0;0;2;2;21.5;8.5;1;1.8;5;62;1012
2005;2;54;20;86.2;0;0;0;0;20.7;8.8;1;1.6;307;68;1012
2005;2;54;21;93.3;0;0;0;0;19.9;8.4;1;2.6;328;70;1012
2005;2;54;22;101.4;0;0;0;0;19.1;8.2;1;1.8;347;74;1012
2005;2;54;23;113;0;0;0;0;18.3;8.6;2;1;74;80;1012
2005;2;54;24;132.2;0;0;0;0;17.4;8.1;2;1.6;43;83;1012
2005;2;55;1;-169.1;0;0;0;0;16.9;8.1;2;1.3;10;87;1012
2005;2;55;2;-147.2;0;0;0;0;16.3;8.2;3;0.7;8;92;1012
2005;2;55;3;-121.1;0;0;0;0;15.7;8.1;3;0.8;52;95;1012
2005;2;55;4;-106.6;0;0;0;0;15.4;7.9;3;0.3;93;95;1012
2005;2;55;5;-97.3;0;0;0;0;15.1;7.9;3;0.8;142;97;1012
2005;2;55;6;-89.6;0;0;0;0;14.8;8.1;4;1.3;133;100;1013
2005;2;55;7;-83.1;0;0;0;0;14.6;7.9;4;2.4;118;100;1013
2005;2;55;8;-76;5.5;0;22;22;15.2;8.7;4;4.3;148;100;1013
2005;2;55;9;-68.1;18.1;89;127;215;17.7;7.6;4;3;45;86;1013
2005;2;55;10;-58.3;29.9;217;180;397;20;7.2;3;3;84;73;1013
2005;2;55;11;-45.4;40.4;400;190;591;22.2;7;0;3.3;83;64;1013
2005;2;55;12;-28.1;48.4;424;257;682;24.1;6.6;3;3;131;53;1013
2005;2;55;13;-5.4;52.3;317;343;660;25.2;8.3;5;3.3;150;52;1013
2005;2;55;14;18.1;50.8;324;318;642;25.9;8.2;5;3.3;276;48;1013
2005;2;55;15;38;44.5;314;277;591;26.3;8;4;3.8;133;47;1013
2005;2;55;16;52.5;35;302;186;488;26.3;8.6;2;4;225;49;1013
2005;2;55;17;63.5;23.7;185;127;312;25.6;9.1;1;3.3;189;51;1013
2005;2;55;18;72.3;11.4;56;65;121;24.3;10.5;1;2.8;228;57;1013
2005;2;55;19;79.5;0;0;2;2;22.8;9.6;1;2.6;127;60;1013
2005;2;55;20;86.4;0;0;0;0;21.9;10.2;2;4;222;68;1013
2005;2;55;21;93.5;0;0;0;0;21;9.6;2;4;285;70;1013
2005;2;55;22;102.1;0;0;0;0;20.1;9.1;2;4;213;72;1013
2005;2;55;23;113.4;0;0;0;0;19.2;8.7;2;2.4;107;76;1013
2005;2;55;24;132.5;0;0;0;0;18.3;8.2;2;2.4;98;78;1013
2005;2;56;1;-169.2;0;0;0;0;17.5;7.6;3;2.2;157;80;1013
2005;2;56;2;-147.4;0;0;0;0;16.5;7.1;3;2.8;56;84;1013
2005;2;56;3;-121.4;0;0;0;0;15.6;6.4;3;3.3;54;85;1013
2005;2;56;4;-107.2;0;0;0;0;15.1;6.3;3;4.8;356;88;1013
2005;2;56;5;-97.5;0;0;0;0;14.6;5.6;3;5.6;20;87;1013
2005;2;56;6;-90.2;0;0;0;0;14.3;5.9;4;4.5;358;92;1013
2005;2;56;7;-83.2;0;0;0;0;13.9;6.2;4;2.8;341;97;1013
2005;2;56;8;-76.2;5.7;0;26;26;14.5;6.1;4;3;343;91;1013
2005;2;56;9;-68.3;18.3;106;124;230;17;6;4;3;343;83;1013
2005;2;56;10;-58.4;30.2;214;180;394;19;5.6;4;2.8;348;70;1013
2005;2;56;11;-45.5;40.7;284;258;542;20.9;6.2;4;3;2;64;1013
2005;2;56;12;-28.2;48.7;299;330;629;22.3;6.6;5;3;356;58;1013
2005;2;56;13;-5.4;52.6;500;267;767;23.8;5.9;3;2.8;25;53;1013
2005;2;56;14;18.2;51.2;435;268;703;24.6;6.5;3;2.8;29;50;1013
2005;2;56;15;38.2;44.8;440;207;647;25.1;6.2;2;2.4;91;47;1013
2005;2;56;16;53.2;35.3;300;190;490;25;7.1;3;1.8;30;48;1013
2005;2;56;17;64.1;23.9;161;143;304;24.2;7.5;4;2;353;50;1013
2005;2;56;18;72.5;11.6;44;70;115;22.9;8.7;4;2.4;5;54;1013
2005;2;56;19;80.1;0;0;1;1;21.4;7.5;4;1.5;43;55;1013
2005;2;56;20;87;0;0;0;0;20.5;8.1;4;1.6;35;62;1013
2005;2;56;21;94.1;0;0;0;0;19.6;7.9;5;2.6;20;65;1013
2005;2;56;22;102.3;0;0;0;0;18.7;8;5;2;41;70;1013
2005;2;56;23;114.1;0;0;0;0;17.9;7.8;5;1.3;31;73;1012
2005;2;56;24;133.3;0;0;0;0;16.9;7.6;6;1.3;343;78;1012
2005;2;57;1;-169.4;0;0;0;0;16.1;7.8;6;0.8;335;84;1012
2005;2;57;2;-148.1;0;0;0;0;15.4;7.7;6;0.2;316;87;1012
2005;2;57;3;-122.1;0;0;0;0;14.6;6.9;6;1.3;339;87;1012
2005;2;57;4;-107.5;0;0;0;0;14.2;6.5;7;1.6;21;86;1012
2005;2;57;5;-98.1;0;0;0;0;13.8;7.5;7;1.5;337;95;1012
2005;2;57;6;-90.4;0;0;0;0;13.6;6.9;7;0.7;26;92;1012
2005;2;57;7;-83.4;0;0;0;0;13.3;7;7;0.7;55;94;1012
2005;2;57;8;-76.4;5.9;0;16;16;13.7;7.4;8;0.2;44;93;1011
2005;2;57;9;-68.5;18.5;2;115;117;14.9;7.3;8;0.2;315;85;1011
2005;2;57;10;-59;30.4;8;208;216;16.1;7.1;8;0.1;92;78;1011
2005;2;57;11;-46.1;41;71;317;388;17.8;6;8;0.3;135;70;1011
2005;2;57;12;-28.3;49.1;77;376;453;19;6.2;8;0.7;157;64;1011
2005;2;57;13;-5.4;53;45;335;380;19.5;8;8;0.4;74;64;1011
2005;2;57;14;18.3;51.5;269;368;637;20.7;5.1;5;1;145;59;1011
2005;2;57;15;38.4;45.1;570;177;747;21.9;3.6;0;1.3;97;56;1011
2005;2;57;16;53.4;35.5;338;173;511;22.3;5.5;0;2;127;56;1011
2005;2;57;17;64.4;24.1;180;153;333;22;6.1;3;1.8;231;57;1012
2005;2;57;18;73.1;11.8;0;42;42;20.8;11.7;2;2;115;63;1012
2005;2;57;19;80.3;0;0;1;1;19.6;11.5;2;3.6;146;70;1012
2005;2;57;20;87.3;0;0;0;0;19;12;2;3;139;78;1012
2005;2;57;21;94.4;0;0;0;0;18.5;11.3;2;2;142;79;1012
2005;2;57;22;103;0;0;0;0;17.8;10.5;2;2.8;152;80;1012
2005;2;57;23;114.4;0;0;0;0;17.1;10.2;2;1.8;163;85;1013
2005;2;57;24;134.1;0;0;0;0;16.5;9.9;2;1.5;86;89;1013
2005;2;58;1;-169.6;0;0;0;0;16;9.1;2;1.3;75;90;1013
2005;2;58;2;-148.3;0;0;0;0;15.5;8.8;2;1.3;103;93;1013
2005;2;58;3;-122.4;0;0;0;0;14.9;8.3;2;2.2;144;95;1013
2005;2;58;4;-108.1;0;0;0;0;14.7;7.7;2;1.5;95;95;1014
2005;2;58;5;-98.4;0;0;0;0;14.4;7.2;2;2.6;12;95;1014
2005;2;58;6;-90.6;0;0;0;0;14.3;7.4;2;2;18;100;1014
2005;2;58;7;-84;0;0;0;0;14.1;6.7;2;2.4;35;98;1014
2005;2;58;8;-77;6.1;0;29;29;14.8;6.9;2;1.6;350;95;1014
2005;2;58;9;-69;18.8;134;126;260;17.8;6.1;2;1.1;348;82;1014
2005;2;58;10;-59.2;30.7;374;100;474;20.4;5.5;0;1.3;312;68;1015
2005;2;58;11;-46.3;41.3;533;119;652;22.7;5.9;0;1.6;91;59;1015
2005;2;58;12;-28.4;49.4;628;143;771;24.7;5.7;0;2;40;50;1015
2005;2;58;13;-5.4;53.4;683;146;829;26.3;6;0;2;89;46;1015
2005;2;58;14;18.5;51.9;669;140;810;27.3;6.9;0;2.4;167;45;1015
2005;2;58;15;39;45.4;550;156;707;27.8;7.7;0;2.4;249;45;1015
2005;2;58;16;53.6;35.7;422;128;550;27.7;8;0;2;148;44;1015
2005;2;58;17;64.6;24.3;227;116;343;26.7;9.2;0;3.3;180;49;1014
2005;2;58;18;73.3;11.9;75;62;137;25.3;10.5;0;3.6;254;54;1014
2005;2;58;19;80.5;0;0;2;2;23.6;10.4;1;3;137;61;1014
2005;2;58;20;87.5;0;0;0;0;23.1;10.7;1;3.8;327;66;1014
2005;2;58;21;94.6;0;0;0;0;22.5;11.5;2;3.3;351;73;1014
2005;2;58;22;103.3;0;0;0;0;21.9;11;2;4;9;73;1014
2005;2;58;23;115.1;0;0;0;0;21.3;10.2;2;4.8;3;72;1013
2005;2;58;24;134.4;0;0;0;0;20.7;10.4;3;4;65;76;1013
2005;2;59;1;-170.1;0;0;0;0;20.1;9.5;3;4.5;313;74;1013
2005;2;59;2;-148.5;0;0;0;0;19.5;9.8;4;5.6;14;79;1013
2005;2;59;3;-123.1;0;0;0;0;18.8;9.3;4;5.9;351;80;1013
2005;2;59;4;-108.4;0;0;0;0;18.6;9.7;5;5.9;9;84;1013
2005;2;59;5;-98.6;0;0;0;0;18.2;9.6;5;5.2;54;85;1012
2005;2;59;6;-91.2;0;0;0;0;17.9;10.8;5;4;64;95;1012
2005;2;59;7;-84.2;0;0;0;0;17.6;11.2;6;5.6;156;100;1012
2005;2;59;8;-77.2;6.3;0;27;27;18.3;12.1;6;5.9;166;100;1012
2005;2;59;9;-69.2;19;44;140;184;20;13;7;5.2;140;97;1012
2005;2;59;10;-59.4;31;64;262;326;21.7;12.5;7;4;139;85;1012
2005;2;59;11;-46.4;41.6;151;323;474;23.4;12.5;6;2.6;76;78;1011
2005;2;59;12;-28.5;49.8;134;408;542;24.7;12.8;7;1.6;162;70;1011
2005;2;59;13;-5.4;53.8;154;415;568;25.7;13.3;7;1;107;67;1011
2005;2;59;14;18.6;52.2;171;402;573;26.4;13.3;7;1.1;152;64;1011
2005;2;59;15;39.3;45.7;136;375;511;26.6;12.7;7;0.8;264;60;1011
2005;2;59;16;54.2;36;120;278;398;26.5;13.1;6;0.4;227;60;1011
2005;2;59;17;65.2;24.5;78;200;278;26.1;13;6;1.1;250;62;1011
2005;2;59;18;73.5;12.1;17;87;104;25;13.9;6;0.8;105;64;1011
2005;2;59;19;81.2;0;0;1;1;23.8;13.6;6;1;137;70;1011
2005;2;59;20;88.1;0;0;0;0;23.1;14.3;6;1.5;58;78;1010
2005;2;59;21;95.2;0;0;0;0;22.4;13.9;6;2;166;80;1010
2005;2;59;22;103.6;0;0;0;0;21.7;13.3;6;1.8;112;82;1010
2005;2;59;23;115.5;0;0;0;0;21;12.8;6;2.8;49;83;1010
2005;2;59;24;135.2;0;0;0;0;20.4;13.1;6;2.6;99;90;1010
2005;3;60;1;-170.3;0;0;0;0;19.1;12;8;3;97;85;1011
2005;3;60;2;-149.1;0;0;0;0;19;11.8;8;2.1;78;85;1011
2005;3;60;3;-123.4;0;0;0;0;18.6;11.4;8;1.5;42;85;1011
2005;3;60;4;-109.1;0;0;0;0;18.4;11.2;8;1.5;356;85;1010
2005;3;60;5;-99.2;0;0;0;0;18.1;10.8;8;1.5;1;85;1010
2005;3;60;6;-91.4;0;0;0;0;17.9;10.6;8;1.5;141;85;1010
2005;3;60;7;-84.4;0;0;0;0;17.9;10.7;8;1.3;139;86;1010
2005;3;60;8;-77.4;6.5;3;41;44;18.4;11.5;8;1.5;129;87;1010
2005;3;60;9;-69.4;19.2;19;141;159;19.4;10.7;8;2.6;96;81;1010
2005;3;60;10;-59.6;31.2;25;237;263;20.5;11.7;8;1.8;66;81;1010
2005;3;60;11;-47;41.9;27;311;337;21.5;12.8;8;2.6;55;81;1010
2005;3;60;12;-29.1;50.1;41;366;406;22.4;13.6;8;2.6;137;81;1010
2005;3;60;13;-5.4;54.1;55;387;443;23.2;11.2;8;3.5;221;63;1010
2005;3;60;14;19.1;52.6;74;376;450;23.7;13.9;8;4.7;194;76;1010
2005;3;60;15;39.5;46;20;326;346;24;12.2;8;4.1;148;60;1010
2005;3;60;16;54.4;36.2;20;261;281;23.9;14.9;8;2.1;201;75;1010
2005;3;60;17;65.4;24.7;12;176;188;23.7;12.3;8;1.5;231;61;1010
2005;3;60;18;74.2;12.2;2;79;81;23.1;12;8;1.3;250;60;1010
2005;3;60;19;81.4;0;0;1;1;22.3;11.8;8;1.2;251;64;1011
2005;3;60;20;88.3;0;0;0;0;21.4;13.8;8;0.8;216;81;1011
2005;3;60;21;95.5;0;0;0;0;20.7;13.5;7;0.7;266;85;1011
2005;3;60;22;104.2;0;0;0;0;19.9;12.6;7;0.8;289;85;1011
2005;3;60;23;116.2;0;0;0;0;19.1;11.6;7;0.9;232;85;1011
2005;3;60;24;135.6;0;0;0;0;18.3;10.9;7;0.9;208;86;1012
2005;3;61;1;-170.5;0;0;0;0;17.6;10.3;7;0.6;210;89;1012
2005;3;61;2;-149.3;0;0;0;0;16.7;8.9;7;1.5;179;86;1012
2005;3;61;3;-124.1;0;0;0;0;15.9;8.5;7;1.5;171;90;1012
2005;3;61;4;-109.3;0;0;0;0;15.5;8.2;7;1.9;152;91;1012
2005;3;61;5;-99.4;0;0;0;0;15.1;7.8;7;3.3;191;92;1013
2005;3;61;6;-91.6;0;0;0;0;14.8;6.6;7;3.3;161;87;1013
2005;3;61;7;-85;0;0;0;0;14.8;5.7;6;2.8;119;81;1013
2005;3;61;8;-77.6;6.8;9;47;56;15.5;5.8;6;5.7;43;77;1013
2005;3;61;9;-70;19.5;59;152;211;17.1;5.2;6;5.3;330;71;1013
2005;3;61;10;-60.2;31.5;82;249;331;18.6;6.1;7;3.3;58;67;1013
2005;3;61;11;-47.2;42.2;292;276;568;20.6;3.8;4;2.8;38;55;1014
2005;3;61;12;-29.2;50.5;271;345;615;22.1;4.4;5;2.8;96;48;1014
2005;3;61;13;-5.4;54.5;353;339;692;23.5;3.5;5;3.5;113;42;1014
2005;3;61;14;19.3;52.9;430;284;713;24.6;3.4;3;3;96;39;1014
2005;3;61;15;40.1;46.3;409;241;650;25.2;4.3;2;3;63;40;1014
2005;3;61;16;55.1;36.4;346;176;522;25.4;4.6;0;5;69;39;1014
2005;3;61;17;66;24.9;219;126;344;25.1;4.8;0;7.5;32;39;1014
2005;3;61;18;74.4;12.4;93;75;168;24.2;5.9;0;5.7;107;45;1013
2005;3;61;19;81.6;0;0;4;4;22.9;6;1;4.1;94;50;1013
2005;3;61;20;88.5;0;0;0;0;21.9;6.9;1;3.3;62;58;1013
2005;3;61;21;96.1;0;0;0;0;20.9;7;2;4.4;121;63;1013
2005;3;61;22;104.5;0;0;0;0;19.9;6.7;2;3.5;133;65;1013
2005;3;61;23;116.5;0;0;0;0;18.9;6.1;3;3;212;67;1013
2005;3;61;24;136.3;0;0;0;0;18;5.8;3;3.8;190;70;1013
2005;3;62;1;-171;0;0;0;0;17;5.1;4;3.5;170;71;1013
2005;3;62;2;-149.5;0;0;0;0;15.9;4.6;4;4.4;114;74;1013
2005;3;62;3;-124.4;0;0;0;0;14.9;4.6;5;4.4;145;80;1012
2005;3;62;4;-109.6;0;0;0;0;14.4;4.6;5;3.5;147;82;1012
2005;3;62;5;-100.1;0;0;0;0;13.8;3.8;5;3.3;214;80;1012
2005;3;62;6;-92.2;0;0;0;0;13.5;3.7;6;3.8;103;81;1012
2005;3;62;7;-85.2;0;0;0;0;13.4;4.1;6;4.1;75;83;1012
2005;3;62;8;-78.1;7;8;49;57;14.1;4;7;5;59;76;1012
2005;3;62;9;-70.2;19.7;39;153;192;15.3;3.5;7;5;155;70;1012
2005;3;62;10;-60.4;31.8;75;271;346;16.8;3.2;7;4.1;253;64;1012
2005;3;62;11;-47.4;42.6;103;348;451;18.2;2.9;7;2.8;297;56;1011
2005;3;62;12;-29.3;50.9;144;394;538;19.3;2;7;2.2;271;48;1011
2005;3;62;13;-5.4;54.9;145;422;568;20.2;2.4;7;2.8;244;46;1011
2005;3;62;14;19.5;53.3;136;395;531;20.7;3.1;7;2.4;188;45;1011
2005;3;62;15;40.3;46.5;97;362;460;21;3.7;7;2.6;214;45;1011
2005;3;62;16;55.3;36.7;58;280;337;20.9;5.3;8;3.5;134;49;1012
2005;3;62;17;66.2;25.1;11;184;195;20.4;5.9;8;3;36;50;1012
2005;3;62;18;74.6;12.6;0;68;68;19.5;6.6;8;2.8;351;51;1012
2005;3;62;19;82.2;0;0;1;1;18.7;6.7;7;2.8;351;56;1012
2005;3;62;20;89.2;0;0;0;0;17.7;5.9;6;3.8;9;59;1012
2005;3;62;21;96.4;0;0;0;0;16.7;5.1;6;4.1;27;62;1012
2005;3;62;22;105.2;0;0;0;0;15.7;4.6;6;4.1;360;67;1012
2005;3;62;23;117.2;0;0;0;0;14.6;3.9;5;4.7;19;71;1012
2005;3;62;24;137.1;0;0;0;0;13.6;2.5;4;3.8;347;72;1012
2005;3;63;1;-171.2;0;0;0;0;12.8;2.1;4;5.7;115;76;1012
2005;3;63;2;-150.1;0;0;0;0;12;1.2;4;4.4;111;79;1012
2005;3;63;3;-125;0;0;0;0;11.1;0.1;3;3.3;153;79;1012
2005;3;63;4;-110.2;0;0;0;0;10.7;-0.3;2;3.5;205;82;1013
2005;3;63;5;-100.3;0;0;0;0;10.2;-0.9;2;4.4;138;83;1013
2005;3;63;6;-92.4;0;0;0;0;9.9;-1.1;2;3.8;128;86;1013
2005;3;63;7;-85.4;0;0;0;0;9.9;-2;1;4.4;72;82;1013
2005;3;63;8;-78.3;7.2;40;51;90;10.9;-1.9;0;5;32;77;1013
2005;3;63;9;-70.4;20;213;79;292;12.9;-1.9;0;6.1;32;71;1013
2005;3;63;10;-60.5;32.1;449;79;527;15.3;-1.8;0;5.3;66;63;1013
2005;3;63;11;-47.5;42.9;551;171;722;17.7;-2.7;0;5.7;111;50;1013
2005;3;63;12;-29.4;51.2;442;270;713;19.1;-1.6;4;3.5;185;43;1013
2005;3;63;13;-5.3;55.3;469;314;783;20.3;-1.2;4;2.6;167;41;1013
2005;3;63;14;20;53.6;87;376;464;20.3;2.2;8;2.6;172;41;1013
2005;3;63;15;40.5;46.8;20;328;348;19.8;3.3;8;2.6;56;43;1013
2005;3;63;16;55.5;36.9;25;263;288;19.2;3;8;2.4;44;45;1013
2005;3;63;17;66.5;25.2;150;168;319;18.8;0.6;5;1.9;43;46;1013
2005;3;63;18;75.2;12.7;55;76;131;17.9;2.4;5;1.5;82;52;1013
2005;3;63;19;82.4;0;0;4;4;16.6;2.2;5;1.3;51;57;1013
2005;3;63;20;89.4;0;0;0;0;15.9;3.3;5;0.8;122;65;1013
2005;3;63;21;96.6;0;0;0;0;15.2;3.6;6;1.1;255;70;1013
2005;3;63;22;105.5;0;0;0;0;14.6;4.2;6;1.8;296;78;1013
2005;3;63;23;117.6;0;0;0;0;13.9;3.1;6;2.2;301;75;1013
2005;3;63;24;137.4;0;0;0;0;13.2;2.8;6;2.1;268;77;1013
2005;3;64;1;-171.4;0;0;0;0;12.7;2.9;6;1.3;242;81;1013
2005;3;64;2;-150.3;0;0;0;0;12.2;2.7;7;1.3;294;82;1013
2005;3;64;3;-125.3;0;0;0;0;11.8;2.2;7;1.3;323;81;1013
2005;3;64;4;-110.5;0;0;0;0;11.5;2.5;7;1.9;317;84;1013
2005;3;64;5;-100.5;0;0;0;0;11.3;1.9;7;1.3;241;81;1013
2005;3;64;6;-93;0;0;0;0;11.1;1.8;7;1.1;298;81;1013
2005;3;64;7;-85.6;0;0;0;0;11.1;1.9;8;1.9;248;81;1013
2005;3;64;8;-78.5;7.5;4;46;50;11.8;2.9;8;1.3;208;81;1013
2005;3;64;9;-70.6;20.2;0;70;70;12.3;4.9;8;1.3;240;79;1013
2005;3;64;10;-61.1;32.4;2;186;188;13.3;3.8;8;1;223;73;1013
2005;3;64;11;-48.1;43.2;15;242;256;14.3;4.4;8;0.9;224;71;1013
2005;3;64;12;-29.5;51.6;244;375;619;16.7;1.7;6;0.9;172;63;1013
2005;3;64;13;-5.3;55.7;36;333;369;17.4;5.6;8;0.7;222;63;1013
2005;3;64;14;20.2;54;260;389;648;18.8;2.2;6;0.4;288;55;1012
2005;3;64;15;41.2;47.1;630;207;837;20.4;0.4;0;0.7;327;53;1012
2005;3;64;16;56.2;37.1;537;89;627;21.2;2;0;1;329;52;1012
2005;3;64;17;67.1;25.4;353;83;436;21.3;2.1;0;1.2;309;51;1012
2005;3;64;18;75.4;12.9;129;61;190;20.7;3.2;0;1;290;52;1012
2005;3;64;19;83;0;0;5;5;19.5;2.6;1;1;259;54;1012
2005;3;64;20;90;0;0;0;0;19.1;4.8;2;1.6;244;65;1011
2005;3;64;21;97.2;0;0;0;0;18.7;6.2;2;2.4;224;73;1011
2005;3;64;22;106.1;0;0;0;0;18.4;6.3;2;2.2;241;73;1011
2005;3;64;23;118.3;0;0;0;0;18;6.7;3;3.5;315;76;1011
2005;3;64;24;138.2;0;0;0;0;17.6;7;4;6.1;328;79;1011
2005;3;65;1;-171.5;0;0;0;0;17.2;6.8;4;4.1;343;78;1011
2005;3;65;2;-150.5;0;0;0;0;16.7;6.8;4;3;334;79;1011
2005;3;65;3;-125.6;0;0;0;0;16.3;7;5;2.6;318;81;1010
2005;3;65;4;-111.1;0;0;0;0;16.1;6.8;6;2.2;308;79;1010
2005;3;65;5;-101.1;0;0;0;0;15.8;6.7;6;2.6;334;78;1010
2005;3;65;6;-93.2;0;0;0;0;15.7;8.4;6;2.2;288;88;1010
2005;3;65;7;-86.2;0;0;0;0;15.7;9;7;3.5;253;90;1010
2005;3;65;8;-79.1;7.7;0;43;43;16.1;10.7;8;3.3;239;96;1010
2005;3;65;9;-71.2;20.5;1;123;124;17.1;11.3;8;2.8;169;95;1009
2005;3;65;10;-61.3;32.6;6;203;209;18.1;10.3;8;2.1;209;81;1009
2005;3;65;11;-48.3;43.5;13;288;300;19.1;10.7;8;3.3;221;80;1009
2005;3;65;12;-30.1;52;19;322;341;19.9;11.7;8;4.1;171;81;1009
2005;3;65;13;-5.3;56.1;17;352;369;20.5;12.3;8;5.3;73;81;1009
2005;3;65;14;20.4;54.3;24;370;394;21;12.5;8;6.1;138;81;1009
2005;3;65;15;41.4;47.4;26;351;377;21.5;11.2;8;7.5;134;71;1009
2005;3;65;16;56.4;37.3;42;275;317;21.7;10.7;8;7;129;68;1009
2005;3;65;17;67.3;25.6;47;194;241;21.7;10.4;7;4.7;25;68;1009
2005;3;65;18;76;13;0;60;60;21;12.7;7;4.1;77;70;1008
2005;3;65;19;83.2;0;0;1;1;20.3;12.1;7;3.8;150;71;1008
2005;3;65;20;90.2;0;0;0;0;19.8;11.6;7;2.8;134;71;1008
2005;3;65;21;97.5;0;0;0;0;19.4;10.9;7;4.1;118;70;1008
2005;3;65;22;106.4;0;0;0;0;18.7;12.6;8;3.5;154;85;1008
2005;3;65;23;119;0;0;0;0;17.5;11.4;8;4.7;178;85;1008
2005;3;65;24;138.5;0;0;0;0;17.7;11.6;8;3.8;130;85;1008
2005;3;66;1;-172.1;0;0;0;0;17.5;11.7;8;3.5;132;87;1008
2005;3;66;2;-151;0;0;0;0;16.7;11.6;8;3.8;107;93;1008
2005;3;66;3;-126.2;0;0;0;0;15.5;11;8;5.3;142;99;1008
2005;3;66;4;-111.4;0;0;0;0;14.6;10;8;2.8;187;99;1008
2005;3;66;5;-101.3;0;0;0;0;15.5;11;8;4.1;248;98;1008
2005;3;66;6;-93.4;0;0;0;0;15.6;11.1;8;4.1;234;98;1008
2005;3;66;7;-86.4;0;0;0;0;16.3;11.3;8;1.6;245;93;1008
2005;3;66;8;-79.3;7.9;0;32;32;16.7;10.9;8;1.1;271;87;1007
2005;3;66;9;-71.4;20.8;0;103;103;17.1;10.7;8;1.1;295;86;1007
2005;3;66;10;-61.5;32.9;1;171;172;18.2;10.9;8;1.8;304;81;1007
2005;3;66;11;-48.5;43.8;6;238;244;18.5;11.6;8;3.3;319;85;1007
2005;3;66;12;-30.2;52.3;9;264;272;19.5;12.1;8;4.1;283;81;1007
2005;3;66;13;-5.3;56.5;10;280;290;19.9;12.6;8;3.5;300;81;1007
2005;3;66;14;20.5;54.7;9;269;278;20.2;13.6;8;3.5;296;85;1008
2005;3;66;15;42.1;47.7;6;247;254;20.3;13.6;8;3.3;319;85;1008
2005;3;66;16;57.1;37.5;3;199;202;20.6;13.5;8;2.6;320;81;1008
2005;3;66;17;67.6;25.8;0;130;130;20.5;13.6;8;4.1;326;81;1009
2005;3;66;18;76.3;13.2;0;58;58;20.1;13.6;8;4.7;302;81;1009
2005;3;66;19;83.5;0.1;0;2;2;19.6;12.7;7;8.9;302;81;1010
2005;3;66;20;90.5;0;0;0;0;18.8;11.6;6;8.1;305;81;1010
2005;3;66;21;98.1;0;0;0;0;18.1;10.4;6;8.9;332;81;1010
2005;3;66;22;107.1;0;0;0;0;17.3;9.1;6;5.7;334;81;1011
2005;3;66;23;119.3;0;0;0;0;16.4;7.8;5;5.7;324;81;1011
2005;3;66;24;139.3;0;0;0;0;15.4;6.4;4;5.3;273;81;1012
2005;3;67;1;-172.3;0;0;0;0;14;5;4;7;228;85;1012
2005;3;67;2;-151.2;0;0;0;0;12.1;3.6;4;5.7;277;93;1012
2005;3;67;3;-126.5;0;0;0;0;10.3;1.8;3;5;268;98;1013
2005;3;67;4;-112;0;0;0;0;9.2;0.2;2;4.1;242;98;1013
2005;3;67;5;-101.6;0;0;0;0;8.2;-1.4;2;3.3;242;98;1014
2005;3;67;6;-94;0;0;0;0;7.5;-2.6;2;1.8;188;98;1014
2005;3;67;7;-86.6;0;0;0;0;7.2;-3.2;1;1.8;158;98;1014
2005;3;67;8;-79.5;8.2;62;44;106;8.1;-2.5;0;1.5;111;98;1015
2005;3;67;9;-71.5;21;269;57;326;9.7;-2.2;0;1.8;200;96;1015
2005;3;67;10;-62.1;33.2;471;70;541;11.5;-2;0;1.3;222;88;1016
2005;3;67;11;-49.1;44.2;624;94;718;13.2;-2.7;0;1.3;260;73;1016
2005;3;67;12;-30.3;52.7;714;119;834;14.7;-2.5;0;1.5;164;66;1016
2005;3;67;13;-5.3;56.9;752;131;884;15.8;-2;0;2.8;180;62;1017
2005;3;67;14;21.1;55;747;120;867;16.6;-2.7;0;1.9;248;55;1017
2005;3;67;15;42.3;47.9;669;104;773;16.9;-2.3;0;2.2;242;54;1017
2005;3;67;16;57.3;37.8;553;73;625;16.8;-2.8;0;2.2;159;52;1017
2005;3;67;17;68.2;26;371;53;423;16.2;-2.4;0;2.2;215;55;1017
2005;3;67;18;76.5;13.3;151;45;195;14.9;-1.5;0;4.7;208;60;1017
2005;3;67;19;84.1;0.3;0;5;5;13.3;-2;0;3.8;251;66;1016
2005;3;67;20;91.1;0;0;0;0;12.1;-2.3;0;4.1;186;72;1016
2005;3;67;21;98.4;0;0;0;0;10.8;-3.2;0;6.5;99;75;1016
2005;3;67;22;107.4;0;0;0;0;9.6;-3.2;1;5;54;83;1016
2005;3;67;23;120.1;0;0;0;0;8.3;-4.7;1;7.5;162;83;1016
2005;3;67;24;140;0;0;0;0;7.1;-5.2;1;8.5;208;89;1016
2005;3;68;1;-172.4;0;0;0;0;6.9;-5.5;1;7;145;88;1016
2005;3;68;2;-151.3;0;0;0;0;6.6;-5.8;1;6.5;31;86;1016
2005;3;68;3;-127.1;0;0;0;0;6.4;-6.8;1;6.5;13;81;1016
2005;3;68;4;-112.2;0;0;0;0;6.3;-6.9;1;5;147;81;1016
2005;3;68;5;-102.2;0;0;0;0;6.2;-6.4;1;5.3;133;84;1016
2005;3;68;6;-94.2;0;0;0;0;6.1;-6.8;1;3.5;156;82;1016
2005;3;68;7;-87.2;0;0;0;0;6.1;-6.6;2;2.4;167;82;1016
2005;3;68;8;-80.1;8.4;55;44;99;7.4;-4.7;2;2.4;80;83;1016
2005;3;68;9;-72.1;21.3;210;87;297;9.7;-5.3;2;2.8;68;71;1016
2005;3;68;10;-62.3;33.5;313;167;480;12.1;-4.3;3;1.6;100;64;1016
2005;3;68;11;-49.2;44.5;407;224;631;14.4;-4.6;4;1.1;95;51;1015
2005;3;68;12;-30.4;53.1;510;247;758;16.5;-5.2;3;2.6;84;42;1015
2005;3;68;13;-5.2;57.3;547;252;799;18.1;-4.9;3;2.8;166;37;1015
2005;3;68;14;21.3;55.4;497;261;758;19.1;-4.1;4;2.6;98;35;1015
2005;3;68;15;42.6;48.2;444;242;686;19.7;-3;4;2.6;178;37;1015
2005;3;68;16;57.6;38;396;164;559;19.8;-3.2;3;2.8;146;36;1015
2005;3;68;17;68.4;26.1;282;101;384;19.3;-2.4;1;3.5;134;38;1014
2005;3;68;18;77.1;13.5;129;52;181;18.2;-1.1;2;4.7;96;44;1014
2005;3;68;19;84.3;0.4;0;5;5;16.5;-0.7;2;3;13;52;1014
2005;3;68;20;91.3;0;0;0;0;15.8;0.9;3;2.8;125;61;1014
2005;3;68;21;99;0;0;0;0;15.1;0.5;3;4.4;75;62;1014
2005;3;68;22;108.1;0;0;0;0;14.5;0;3;5.3;147;62;1013
2005;3;68;23;120.4;0;0;0;0;13.8;-1.1;4;4.1;109;59;1013
2005;3;68;24;140.4;0;0;0;0;13.1;-1.6;4;4.4;119;59;1013
2005;3;69;1;-172.6;0;0;0;0;12.5;-2.5;5;4.1;120;57;1013
2005;3;69;2;-151.5;0;0;0;0;11.9;-2.5;5;3.5;63;59;1012
2005;3;69;3;-127.4;0;0;0;0;11.2;-1.2;5;3.8;138;68;1012
2005;3;69;4;-112.5;0;0;0;0;10.9;-1.5;6;2.4;96;67;1012
2005;3;69;5;-102.4;0;0;0;0;10.5;-1.5;6;2.4;94;68;1012
2005;3;69;6;-94.4;0;0;0;0;10.3;-0.3;7;3.3;167;75;1012
2005;3;69;7;-87.3;0;0;0;0;10.3;0.3;7;4.4;235;77;1011
2005;3;69;8;-80.3;8.7;2;54;56;10.9;1;8;2.1;170;75;1011
2005;3;69;9;-72.3;21.5;13;155;168;12.1;0.7;8;1.5;96;70;1011
2005;3;69;10;-62.5;33.8;15;252;267;13.3;-0.4;8;1.5;52;58;1011
2005;3;69;11;-49.4;44.8;68;340;408;14.7;-0.4;8;1.8;111;55;1010
2005;3;69;12;-30.5;53.5;73;395;468;15.9;-0.1;8;1.9;102;51;1010
2005;3;69;13;-5.2;57.7;102;416;518;16.9;0.6;8;2.1;125;50;1010
2005;3;69;14;21.5;55.7;76;396;472;17.5;2.5;8;3.3;85;53;1010
2005;3;69;15;43.2;48.5;68;364;432;17.9;2.4;8;4.1;15;52;1010
2005;3;69;16;58.2;38.2;23;288;310;17.8;3.6;8;6.5;46;54;1010
2005;3;69;17;69.1;26.3;11;190;201;17.4;4.1;8;5;51;56;1011
2005;3;69;18;77.3;13.6;1;84;85;16.5;7.4;8;4.7;132;73;1011
2005;3;69;19;84.5;0.5;0;2;2;15.5;7.1;8;4.1;192;81;1011
2005;3;69;20;91.6;0;0;0;0;15;6.5;8;4.4;187;81;1011
2005;3;69;21;99.3;0;0;0;0;14.3;6.1;8;3;173;86;1011
2005;3;69;22;108.3;0;0;0;0;14.2;6.2;7;2.4;185;89;1011
2005;3;69;23;121.1;0;0;0;0;13.7;5.7;7;2.1;203;90;1011
2005;3;69;24;141.1;0;0;0;0;13.2;5.3;7;1.3;178;94;1012
2005;3;70;1;-173.1;0;0;0;0;12.9;4.9;7;1.2;114;94;1012
2005;3;70;2;-152;0;0;0;0;12.6;4.8;7;1.5;2;98;1012
2005;3;70;3;-128;0;0;0;0;12.4;4.1;7;1.2;20;96;1012
2005;3;70;4;-113.1;0;0;0;0;12.2;3.9;7;1;70;98;1012
2005;3;70;5;-103;0;0;0;0;12.1;3.6;7;1;46;98;1012
2005;3;70;6;-95;0;0;0;0;12;3.3;7;1;60;98;1012
2005;3;70;7;-87.5;0;0;0;0;12;3.1;7;1;37;98;1013
2005;3;70;8;-80.5;8.9;35;69;105;13.5;3.1;6;1.5;9;87;1013
2005;3;70;9;-72.5;21.8;84;160;244;15.2;4.1;6;0.7;49;79;1013
2005;3;70;10;-63.1;34.1;94;271;364;17;3.9;7;0.6;78;66;1013
2005;3;70;11;-50;45.2;339;275;614;19.2;2.9;5;0.3;127;59;1013
2005;3;70;12;-31.1;53.8;523;261;784;21.4;2.4;3;0.5;101;50;1013
2005;3;70;13;-5.2;58.1;467;316;783;22.9;3.4;4;0.2;165;46;1013
2005;3;70;14;22.1;56.1;233;403;636;23.6;4.5;6;0.2;99;42;1013
2005;3;70;15;43.5;48.8;142;382;524;23.9;5.2;7;0.1;173;41;1013
2005;3;70;16;58.5;38.4;88;292;380;23.6;6;7;0.3;180;42;1013
2005;3;70;17;69.3;26.5;137;191;328;23.2;4.8;6;0.1;154;44;1013
2005;3;70;18;77.6;13.7;6;87;94;22;7.5;5;0.4;113;47;1013
2005;3;70;19;85.2;0.6;0;3;3;20.7;6.5;5;0.1;174;50;1013
2005;3;70;20;92.2;0;0;0;0;19.9;7.1;5;0.3;99;57;1013
2005;3;70;21;99.5;0;0;0;0;19.1;6.4;4;0.4;128;59;1013
2005;3;70;22;109;0;0;0;0;18.4;5.9;4;0.4;136;62;1013
2005;3;70;23;121.4;0;0;0;0;17.5;4.9;4;0.6;30;63;1013
2005;3;70;24;141.4;0;0;0;0;16.7;3.7;3;0.7;359;64;1013
2005;3;71;1;-173.3;0;0;0;0;15.7;3.8;3;0.6;73;71;1013
2005;3;71;2;-152.2;0;0;0;0;14.7;2.5;3;0.5;68;72;1013
2005;3;71;3;-128.2;0;0;0;0;13.7;1.5;2;0.5;131;75;1013
2005;3;71;4;-113.3;0;0;0;0;13.1;-0.2;2;0.7;104;71;1013
2005;3;71;5;-103.2;0;0;0;0;12.6;-0.5;1;0.6;108;74;1013
2005;3;71;6;-95.2;0;0;0;0;12.2;-0.3;1;0.7;144;80;1013
2005;3;71;7;-88.1;0;0;0;0;12.1;-0.1;1;0.7;254;84;1013
2005;3;71;8;-81.1;9.1;97;34;131;13.7;0.7;0;0.6;208;79;1013
2005;3;71;9;-73.1;22.1;320;49;369;16.1;0.4;0;0.6;147;69;1013
2005;3;71;10;-63.3;34.4;546;64;611;18.7;-0.3;0;0.5;80;56;1013
2005;3;71;11;-50.2;45.5;577;224;801;21;0.1;3;0.6;97;49;1013
2005;3;71;12;-31.2;54.2;121;384;505;21.4;4.8;7;0.8;208;47;1013
2005;3;71;13;-5.1;58.5;119;440;559;21.9;4.3;8;0.6;211;44;1013
2005;3;71;14;22.3;56.4;117;428;545;22.1;4.2;8;1.2;187;43;1013
2005;3;71;15;44.1;49;109;397;506;22.2;4.1;8;1.8;162;43;1013
2005;3;71;16;59.1;38.6;90;312;402;22;3.7;7;1.2;142;42;1014
2005;3;71;17;69.6;26.6;55;220;275;21.3;3.1;8;1.8;102;41;1014
2005;3;71;18;78.2;13.9;24;107;131;20.3;2.8;7;1.9;64;42;1014
2005;3;71;19;85.4;0.8;0;6;6;19;3.1;7;1.8;85;48;1014
2005;3;71;20;92.4;0;0;0;0;18.2;4;7;1.1;87;56;1014
2005;3;71;21;100.2;0;0;0;0;17.3;3.6;6;1.6;148;60;1014
2005;3;71;22;109.3;0;0;0;0;16.4;3;6;1.6;53;62;1014
2005;3;71;23;122.1;0;0;0;0;15.5;1.7;5;2.6;74;61;1014
2005;3;71;24;142.1;0;0;0;0;14.6;1.1;5;2.2;107;64;1014
2005;3;72;1;-173.4;0;0;0;0;14.1;1.7;5;1.6;125;71;1014
2005;3;72;2;-152.3;0;0;0;0;13.6;1.1;4;0.9;154;72;1014
2005;3;72;3;-128.5;0;0;0;0;13;0.8;4;1.8;233;74;1015
2005;3;72;4;-113.6;0;0;0;0;12.8;0.6;4;1.3;244;75;1015
2005;3;72;5;-103.4;0;0;0;0;12.5;0.6;3;1.3;252;78;1015
2005;3;72;6;-95.4;0;0;0;0;12.3;0.7;3;1.3;242;80;1015
2005;3;72;7;-88.3;0;0;0;0;12.3;0.5;3;1.5;234;80;1015
2005;3;72;8;-81.2;9.4;68;45;113;13.9;1.5;2;1.6;299;75;1015
2005;3;72;9;-73.3;22.3;222;91;314;16.2;0.8;2;2.1;249;63;1015
2005;3;72;10;-63.5;34.7;352;157;509;18.6;0.6;3;1.9;277;53;1015
2005;3;72;11;-50.4;45.8;425;227;652;20.7;-0.3;4;1.6;211;41;1015
2005;3;72;12;-31.3;54.6;519;243;761;22.6;0.4;3;1.3;155;38;1015
2005;3;72;13;-5.1;58.8;526;275;801;24;0.6;4;2.1;125;34;1015
2005;3;72;14;22.5;56.8;549;261;811;25.1;0.8;3;2.1;134;32;1015
2005;3;72;15;44.4;49.3;472;237;710;25.7;1.8;4;2.6;129;32;1015
2005;3;72;16;59.4;38.8;408;166;574;25.9;2.8;3;2.4;126;34;1015
2005;3;72;17;70.2;26.8;248;126;373;25.3;3.4;3;2.6;69;35;1015
2005;3;72;18;78.4;14;115;63;178;24.1;4;3;2.6;79;38;1015
2005;3;72;19;86;0.9;0;6;6;22.5;3.3;3;3.5;81;41;1015
2005;3;72;20;93.1;0;0;0;0;21.6;4.6;3;5.7;343;49;1015
2005;3;72;21;100.4;0;0;0;0;20.6;4.6;3;5.3;355;53;1015
2005;3;72;22;109.6;0;0;0;0;19.7;3.7;3;7.5;7;53;1015
2005;3;72;23;122.5;0;0;0;0;18.8;3.8;2;5.7;26;58;1015
2005;3;72;24;142.5;0;0;0;0;17.9;3.3;2;7;54;60;1015
2005;3;73;1;-173.6;0;0;0;0;17;3.1;2;5;57;64;1015
2005;3;73;2;-152.4;0;0;0;0;16;1.9;2;6.5;73;64;1015
2005;3;73;3;-129.1;0;0;0;0;15;1.8;2;7;33;69;1015
2005;3;73;4;-114.2;0;0;0;0;14.5;1.9;2;4.4;50;72;1015
2005;3;73;5;-104;0;0;0;0;14;1.2;2;3.3;85;72;1015
2005;3;73;6;-96;0;0;0;0;13.6;1.5;2;2.6;54;75;1015
2005;3;73;7;-88.5;0;0;0;0;13.5;1.8;2;2.4;89;77;1015
2005;3;73;8;-81.4;9.6;55;54;108;14.9;2.7;1;2.4;173;73;1015
2005;3;73;9;-73.5;22.6;183;114;297;16.9;3.4;1;4.7;167;70;1015
2005;3;73;10;-64.1;35;346;168;514;19.1;2.2;1;4.4;220;57;1015
2005;3;73;11;-50.6;46.2;373;258;630;21;2.9;4;5;242;51;1015
2005;3;73;12;-31.5;55;504;281;785;22.8;2.8;3;4.4;242;45;1015
2005;3;73;13;-5;59.2;482;312;794;24.1;3.2;4;3.3;223;41;1015
2005;3;73;14;23.2;57.1;402;327;729;24.9;4.3;4;3.3;185;40;1015
2005;3;73;15;45.1;49.6;364;292;656;25.3;4.5;4;1.9;167;39;1015
2005;3;73;16;60.1;39;290;233;523;25.3;4.8;4;1.8;184;39;1015
2005;3;73;17;70.5;27;170;170;340;24.7;5.5;4;2.2;165;41;1015
2005;3;73;18;79.1;14.2;71;87;159;23.5;5.9;4;2.8;288;44;1015
2005;3;73;19;86.2;1;0;6;6;22;5.3;4;2.4;291;47;1015
2005;3;73;20;93.3;0;0;0;0;21.1;5.7;3;3.5;288;53;1015
2005;3;73;21;101.1;0;0;0;0;20.3;5.5;3;4.1;215;56;1015
2005;3;73;22;110.2;0;0;0;0;19.4;5.9;3;5.7;225;63;1015
2005;3;73;23;123.2;0;0;0;0;18.6;5.3;3;4.7;193;64;1015
2005;3;73;24;143.2;0;0;0;0;17.6;5.5;2;5.7;165;72;1015
2005;3;74;1;-174.1;0;0;0;0;16.9;4.6;2;4.4;73;71;1015
2005;3;74;2;-152.6;0;0;0;0;16.2;3.8;2;5;168;72;1015
2005;3;74;3;-129.3;0;0;0;0;15.5;3.7;2;6.1;125;76;1015
2005;3;74;4;-114.4;0;0;0;0;15.1;3.1;1;7;95;75;1016
2005;3;74;5;-104.3;0;0;0;0;14.7;2.7;1;6.1;100;75;1016
2005;3;74;6;-96.2;0;0;0;0;14.4;2.6;1;5.7;70;77;1016
2005;3;74;7;-89.1;0;0;0;0;14.4;2.3;1;3.8;29;75;1016
2005;3;74;8;-82;9.9;63;53;115;15.9;3;0;3.3;85;69;1016
2005;3;74;9;-74.1;22.9;240;89;329;18.4;3.1;0;3;117;63;1016
2005;3;74;10;-64.3;35.3;435;110;544;20.7;2.6;0;4.1;66;53;1016
2005;3;74;11;-51.2;46.5;549;159;708;23;3.4;0;3.8;3;48;1016
2005;3;74;12;-31.6;55.4;625;195;821;24.9;3.8;0;2.8;307;42;1016
2005;3;74;13;-4.6;59.6;647;217;864;26.5;3.8;0;2.2;325;37;1016
2005;3;74;14;23.4;57.5;640;204;844;27.6;4.2;0;4.7;344;35;1016
2005;3;74;15;45.4;49.8;573;177;750;28.2;4.3;0;3.8;6;33;1016
2005;3;74;16;60.3;39.2;460;137;597;28.3;5;0;4.1;57;33;1016
2005;3;74;17;71.1;27.1;310;94;404;27.6;5.1;0;4.4;6;34;1016
2005;3;74;18;79.3;14.3;127;61;188;26.3;5.6;0;4.4;41;36;1016
2005;3;74;19;86.5;1.2;0;6;6;24.7;5.6;1;5;3;42;1015
2005;3;74;20;93.5;0;0;0;0;23.8;7.8;1;4.1;75;53;1015
2005;3;74;21;101.3;0;0;0;0;22.9;8;1;6.1;145;57;1015
2005;3;74;22;110.5;0;0;0;0;21.9;7.6;1;5.7;64;60;1015
2005;3;74;23;123.5;0;0;0;0;21;7.7;2;4.4;161;64;1015
2005;3;74;24;143.5;0;0;0;0;20.1;8;2;3.5;198;70;1015
2005;3;75;1;-174.3;0;0;0;0;19.4;7.5;2;5.7;59;72;1015
2005;3;75;2;-153.1;0;0;0;0;18.6;7.2;2;5.3;56;74;1015
2005;3;75;3;-129.5;0;0;0;0;17.7;6.3;3;6.5;46;74;1015
2005;3;75;4;-115;0;0;0;0;17.2;6.3;3;5;72;76;1014
2005;3;75;5;-104.5;0;0;0;0;16.8;6.4;3;4.4;136;79;1014
2005;3;75;6;-96.4;0;0;0;0;16.4;8.1;3;4.4;126;93;1014
2005;3;75;7;-89.3;0;0;0;0;16.3;8.1;4;3.3;90;92;1014
2005;3;75;8;-82.2;10.2;37;61;98;17.5;9;4;4.1;75;88;1014
2005;3;75;9;-74.3;23.1;144;137;281;19.3;9.4;4;5.7;77;87;1014
2005;3;75;10;-64.5;35.5;198;241;439;21.1;9.2;5;5.3;119;75;1014
2005;3;75;11;-51.4;46.8;248;326;574;22.8;9.7;6;8.1;117;69;1014
2005;3;75;12;-32.1;55.7;321;354;675;24.4;10;5;6.5;32;63;1014
2005;3;75;13;-4.6;60;302;391;694;25.5;10;6;6.1;26;57;1013
2005;3;75;14;24;57.8;291;381;671;26.2;9.9;6;5.7;71;52;1013
2005;3;75;15;46.1;50.1;265;334;598;26.5;11;6;4.4;176;55;1013
2005;3;75;16;61;39.4;243;257;499;26.6;10.6;5;4.1;191;53;1013
2005;3;75;17;71.4;27.3;195;157;351;26.2;11.3;4;3.8;109;57;1013
2005;3;75;18;79.5;14.4;78;82;161;25.2;12.7;4;3.3;117;64;1012
2005;3;75;19;87.1;1.3;0;6;6;23.8;12.5;4;3.8;97;70;1012
2005;3;75;20;94.2;0;0;0;0;23.4;13.7;5;5;30;79;1012
2005;3;75;21;101.6;0;0;0;0;23;14.1;5;3.5;40;82;1012
2005;3;75;22;111.2;0;0;0;0;22.6;14.1;5;2.8;50;84;1011
2005;3;75;23;124.2;0;0;0;0;22.3;14.6;5;3.8;71;89;1011
2005;3;75;24;144.2;0;0;0;0;21.9;14.9;6;4.1;38;93;1011
2005;3;76;1;-174.4;0;0;0;0;21.8;15.1;6;3.3;7;93;1011
2005;3;76;2;-153.2;0;0;0;0;21.8;15.1;6;2.6;349;92;1011
2005;3;76;3;-130.1;0;0;0;0;21.8;14.9;6;2.4;3;89;1010
2005;3;76;4;-115.3;0;0;0;0;21.8;15;7;1.9;4;88;1010
2005;3;76;5;-105.1;0;0;0;0;21.8;14.5;7;1.5;340;84;1010
2005;3;76;6;-96.6;0;0;0;0;21.8;15.2;7;0.9;340;87;1010
2005;3;76;7;-89.5;0;0;1;1;21.9;14.8;7;0.8;338;82;1009
2005;3;76;8;-82.4;10.4;0;61;61;22.7;15.8;8;1.1;335;81;1009
2005;3;76;9;-74.5;23.4;5;151;157;23.8;15.8;8;1.5;341;77;1009
2005;3;76;10;-65.1;35.8;12;245;257;25.1;15.4;8;1.6;329;69;1009
2005;3;76;11;-51.6;47.2;10;288;298;26;16.2;8;2.8;4;66;1009
2005;3;76;12;-32.2;56.1;12;316;328;26.7;19.2;8;1.8;358;78;1008
2005;3;76;13;-4.5;60.4;16;360;376;27.6;16.8;8;2.2;356;62;1008
2005;3;76;14;24.3;58.1;17;332;349;28.1;16.6;8;2.8;305;57;1008
2005;3;76;15;46.3;50.4;14;295;310;28.4;19.4;8;2.1;349;70;1008
2005;3;76;16;61.3;39.6;6;234;240;28.4;21.5;8;2.2;343;80;1009
2005;3;76;17;72;27.4;5;177;182;28.1;21.1;8;1.9;339;80;1009
2005;3;76;18;80.2;14.6;0;84;84;27.2;21.3;8;2.4;324;85;1009
2005;3;76;19;87.3;1.4;0;3;3;25.3;19.7;8;1.9;21;89;1009
2005;3;76;20;94.4;0;0;0;0;26;19.1;8;1.6;347;81;1009
2005;3;76;21;102.2;0;0;0;0;25.3;18.3;8;1.8;65;81;1010
2005;3;76;22;111.5;0;0;0;0;24;17.5;8;2.1;8;85;1010
2005;3;76;23;124.5;0;0;0;0;23.7;17;8;1.8;7;85;1010
2005;3;76;24;144.5;0;0;0;0;23.1;15.6;8;2.2;39;81;1010
2005;3;77;1;-174.5;0;0;0;0;22.4;15.3;8;2.8;62;85;1010
2005;3;77;2;-153.3;0;0;0;0;21.5;14.3;8;4.7;342;85;1010
2005;3;77;3;-130.4;0;0;0;0;20.6;13.2;8;4.7;49;85;1011
2005;3;77;4;-115.5;0;0;0;0;20.1;12.6;8;5.3;49;85;1011
2005;3;77;5;-105.3;0;0;0;0;19.7;12;7;6.1;75;85;1011
2005;3;77;6;-97.2;0;0;0;0;19.4;11.5;7;5.7;37;85;1011
2005;3;77;7;-90.1;0;0;1;1;19.3;11.4;7;4.7;35;85;1011
2005;3;77;8;-82.6;10.7;14;74;87;20.3;12.4;7;3.5;34;85;1011
2005;3;77;9;-75.1;23.7;51;192;243;21.8;12.2;7;3;341;81;1012
2005;3;77;10;-65.3;36.1;104;291;395;23.4;13.4;7;3.5;336;81;1012
2005;3;77;11;-52.2;47.5;132;387;519;24.9;11.2;7;1.5;332;61;1012
2005;3;77;12;-32.4;56.5;166;429;595;26.2;9.1;7;1.3;331;46;1012
2005;3;77;13;-4.4;60.8;215;429;643;27.3;9.5;7;1.5;329;45;1012
2005;3;77;14;24.5;58.5;159;441;600;28;9.6;7;0.5;8;41;1012
2005;3;77;15;47;50.6;144;389;533;28.4;10.3;7;0.4;4;42;1013
2005;3;77;16;61.6;39.8;100;323;423;28.4;10.7;7;0.4;348;42;1013
2005;3;77;17;72.3;27.6;61;229;289;27.9;10.9;7;0.3;321;43;1013
2005;3;77;18;80.4;14.7;24;113;138;27;11.1;7;0.1;348;45;1013
2005;3;77;19;87.6;1.5;0;7;7;25.9;11.5;6;0.7;336;51;1013
2005;3;77;20;95;0;0;0;0;24.8;11.3;6;1;350;56;1014
2005;3;77;21;102.5;0;0;0;0;23.6;11.1;6;1.1;329;62;1014
2005;3;77;22;112.2;0;0;0;0;22.5;10.8;5;1.3;338;67;1014
2005;3;77;23;125.2;0;0;0;0;21.4;10.8;5;1.2;334;75;1014
2005;3;77;24;145.2;0;0;0;0;20.3;10.6;4;0.9;325;82;1014
2005;3;78;1;-175.1;0;0;0;0;19.4;9.8;4;1.1;333;86;1015
2005;3;78;2;-153.4;0;0;0;0;18.5;9.2;3;1.8;355;89;1015
2005;3;78;3;-130.6;0;0;0;0;17.5;8.4;3;1.3;37;92;1015
2005;3;78;4;-116.1;0;0;0;0;17;8.2;2;1.8;331;96;1015
2005;3;78;5;-105.5;0;0;0;0;16.5;7.8;2;1.5;90;99;1015
2005;3;78;6;-97.4;0;0;0;0;16.1;7.4;1;1.1;58;100;1016
2005;3;78;7;-90.3;0;0;1;1;16.1;7.3;1;0.9;349;100;1016
2005;3;78;8;-83.2;10.9;96;46;142;17.9;8.2;0;1;335;93;1016
2005;3;78;9;-75.3;23.9;300;66;366;20.1;7.6;0;2.1;345;82;1016
2005;3;78;10;-65.5;36.4;502;83;585;22.4;6.6;0;1.5;10;65;1016
2005;3;78;11;-52.4;47.8;651;110;761;24.6;6.9;0;0.9;342;57;1017
2005;3;78;12;-32.5;56.9;755;127;882;26.6;7.1;0;0.8;55;50;1017
2005;3;78;13;-4.4;61.2;790;138;928;28.1;7.4;0;1.2;34;45;1017
2005;3;78;14;25.2;58.8;774;130;904;29.3;7.5;0;1.2;59;41;1017
2005;3;78;15;47.3;50.9;700;109;809;30;8.5;0;1.9;1;41;1017
2005;3;78;16;62.2;40;566;84;650;30.1;8.5;0;1.6;63;40;1017
2005;3;78;17;72.5;27.7;385;60;445;29.5;8.8;0;1.9;64;41;1017
2005;3;78;18;81;14.8;167;47;214;28.1;9.7;0;2.4;332;45;1017
2005;3;78;19;88.2;1.6;0;8;8;26.5;8.7;0;4.4;342;48;1017
2005;3;78;20;95.3;0;0;0;0;25.2;9.7;0;4.1;57;58;1017
2005;3;78;21;103.1;0;0;0;0;23.9;9.1;0;3;32;61;1017
2005;3;78;22;112.4;0;0;0;0;22.7;8.4;0;5;21;64;1017
2005;3;78;23;125.5;0;0;0;0;21.4;7.5;0;4.1;91;66;1016
2005;3;78;24;145.5;0;0;0;0;20.1;8.1;0;2.8;153;77;1016
2005;3;79;1;-175.2;0;0;0;0;18.9;7.2;0;2.8;127;79;1016
2005;3;79;2;-153.5;0;0;0;0;17.5;6.1;0;4.1;109;81;1016
2005;3;79;3;-131.2;0;0;0;0;16.1;5.3;0;4.7;108;87;1016
2005;3;79;4;-116.3;0;0;0;0;15.3;5;0;5;36;90;1016
2005;3;79;5;-106.1;0;0;0;0;14.5;4.5;0;5.3;185;93;1016
2005;3;79;6;-97.6;0;0;0;0;13.9;4;0;3.8;236;93;1016
2005;3;79;7;-90.4;0;0;1;1;13.9;3.8;0;2.4;100;91;1016
2005;3;79;8;-83.4;11.2;74;60;134;15.4;5.3;0;4.4;227;88;1016
2005;3;79;9;-75.5;24.2;246;100;346;17.7;5.7;0;5.7;207;83;1016
2005;3;79;10;-66.1;36.7;403;142;545;19.8;4.6;0;3.8;289;67;1016
2005;3;79;11;-52.6;48.2;546;176;722;21.8;5.1;0;4.1;244;60;1016
2005;3;79;12;-33.1;57.3;595;230;825;23.6;6.7;2;3.8;215;59;1016
2005;3;79;13;-4.3;61.6;621;249;869;24.9;6.9;2;2.2;250;54;1016
2005;3;79;14;25.4;59.2;601;242;843;25.8;6.8;2;1.9;227;49;1016
2005;3;79;15;48;51.1;550;202;753;26.3;7.2;2;0.9;257;48;1016
2005;3;79;16;62.5;40.2;463;144;607;26.3;7.4;0;1.1;112;48;1015
2005;3;79;17;73.2;27.9;326;92;418;25.7;7.8;0;0.8;79;51;1015
2005;3;79;18;81.3;15;136;61;197;24.4;8.6;0;1;32;54;1015
2005;3;79;19;88.4;1.8;0;8;8;22.8;8.7;1;1.9;333;62;1015
2005;3;79;20;95.5;0;0;0;0;21.9;9.4;1;1.9;42;71;1015
2005;3;79;21;103.4;0;0;0;0;21;8.9;2;1.5;0;72;1014
2005;3;79;22;113.1;0;0;0;0;20.2;8.1;2;2.1;45;73;1014
2005;3;79;23;126.2;0;0;0;0;19.3;8.4;3;2.8;29;80;1014
2005;3;79;24;146.2;0;0;0;0;18.5;8.9;3;3;96;88;1014
2005;3;80;1;-175.3;0;0;0;0;18.1;7.8;4;2.4;88;82;1014
2005;3;80;2;-154;0;0;0;0;17.7;8;4;2.1;81;85;1013
2005;3;80;3;-131.4;0;0;0;0;17.4;8.4;5;3;114;89;1013
2005;3;80;4;-116.5;0;0;0;0;17.3;7.8;5;2.8;148;85;1013
2005;3;80;5;-106.3;0;0;0;0;17.1;8;6;2.2;41;87;1013
2005;3;80;6;-98.2;0;0;0;0;17.1;9.6;6;2.6;23;98;1013
2005;3;80;7;-91;0;0;1;1;17.2;10.2;7;2.4;21;100;1012
2005;3;80;8;-83.6;11.4;31;77;108;18.3;11.4;7;2.1;12;98;1012
2005;3;80;9;-76.1;24.5;41;177;218;19.4;12.1;8;2.4;126;94;1012
2005;3;80;10;-66.3;37;322;211;532;21.3;8.6;4;2.2;170;78;1012
2005;3;80;11;-53.2;48.5;686;155;840;23.7;7.7;0;1.8;237;71;1012
2005;3;80;12;-33.2;57.7;808;217;1025;25.8;7.7;0;1.2;153;63;1011
2005;3;80;13;-4.3;62;556;324;880;26.9;10.6;4;1.5;141;61;1011
2005;3;80;14;26.1;59.5;43;284;327;26.4;16.5;8;2.1;102;64;1011
2005;3;80;15;48.3;51.4;0;68;68;25;18.5;8;3.5;47;68;1011
2005;3;80;16;63.2;40.4;0;55;55;23.9;17.9;8;3.3;133;71;1011
2005;3;80;17;73.4;28;0;38;38;23;17.5;8;3.5;124;75;1012
2005;3;80;18;81.5;15.1;0;18;18;22.1;17;8;4.7;179;77;1012
2005;3;80;19;89.1;1.9;0;3;3;21.4;16.2;7;8.1;230;80;1012
2005;3;80;20;96.1;0;0;0;0;21.2;16.2;6;8.5;209;84;1012
2005;3;80;21;104;0;0;0;0;21.1;15.9;6;11;207;87;1012
2005;3;80;22;113.4;0;0;0;0;20.9;14.9;6;11;176;86;1012
2005;3;80;23;126.5;0;0;0;0;20.7;14.5;5;9.9;58;88;1012
2005;3;80;24;146.5;0;0;0;0;20.5;13.5;4;9.9;103;86;1012
2005;3;81;1;-175.5;0;0;0;0;20;12.4;4;8.5;74;85;1012
2005;3;81;2;-154.1;0;0;0;0;19.3;11.4;4;7.5;197;87;1012
2005;3;81;3;-131.6;0;0;0;0;18.7;11;3;7.5;232;92;1012
2005;3;81;4;-117.1;0;0;0;0;18.5;10.5;2;6.5;198;95;1012
2005;3;81;5;-106.5;0;0;0;0;18.1;9.6;2;4.7;228;96;1012
2005;3;81;6;-98.4;0;0;0;0;17.8;9.4;2;3.8;165;100;1013
2005;3;81;7;-91.2;0;0;2;2;17.8;8.8;1;3.5;190;99;1013
2005;3;81;8;-84.2;11.7;127;39;166;19.7;9.3;0;4.7;227;91;1013
2005;3;81;9;-76.3;24.7;376;64;439;22.4;7.9;0;4.1;288;76;1013
2005;3;81;10;-66.5;37.3;580;62;642;24.9;7.6;0;4.4;296;60;1013
2005;3;81;11;-53.4;48.8;621;270;891;27.6;7.1;3;4.7;334;50;1013
2005;3;81;12;-33.3;58;119;404;523;28;12.3;7;4.7;298;48;1013
2005;3;81;13;-4.2;62.4;122;443;565;28.4;12.5;7;3;251;48;1013
2005;3;81;14;26.3;59.8;85;416;500;28.4;13.6;8;2.8;309;50;1013
2005;3;81;15;49.1;51.6;105;378;483;28.4;12.3;7;2.6;322;46;1013
2005;3;81;16;63.5;40.5;63;318;380;28;12.9;8;2.2;297;49;1013
2005;3;81;17;74.1;28.2;34;217;251;27.1;12.9;8;3.5;250;51;1013
2005;3;81;18;82.2;15.2;0;91;91;26;12.8;7;3.3;300;49;1013
2005;3;81;19;89.3;2;0;3;3;24.7;12.7;7;3.8;216;55;1013
2005;3;81;20;96.4;0;0;0;0;23.7;13;6;3.8;244;63;1013
2005;3;81;21;104.3;0;0;0;0;22.8;12.5;6;2.8;203;68;1013
2005;3;81;22;114.1;0;0;0;0;21.8;11.5;5;2.2;252;71;1013
2005;3;81;23;127.2;0;0;0;0;20.9;9.5;5;2.1;283;67;1013
2005;3;81;24;147.2;0;0;0;0;19.9;9;4;1.8;162;73;1013
2005;3;82;1;-176;0;0;0;0;19.2;8.3;4;1.8;241;76;1013
2005;3;82;2;-154.2;0;0;0;0;18.4;7.6;3;2.6;180;79;1013
2005;3;82;3;-132.1;0;0;0;0;17.6;6.3;3;2.8;83;79;1013
2005;3;82;4;-117.3;0;0;0;0;17.1;5.4;2;3.5;197;79;1013
2005;3;82;5;-107.1;0;0;0;0;16.6;4.9;2;3.5;205;83;1014
2005;3;82;6;-98.5;0;0;0;0;16.2;3.4;1;3;208;78;1014
2005;3;82;7;-91.4;0;0;2;2;16.2;3.2;1;3.8;259;79;1014
2005;3;82;8;-84.3;11.9;143;44;186;18.5;4.4;0;2.8;237;73;1014
2005;3;82;9;-76.5;25;377;54;432;20.9;4.9;0;3.5;119;67;1014
2005;3;82;10;-67.1;37.6;602;81;682;23.6;4.4;0;3;198;54;1014
2005;3;82;11;-53.6;49.2;625;274;899;26.2;4.7;3;3;122;47;1014
2005;3;82;12;-33.5;58.4;196;399;594;26.7;10.4;7;6.1;103;49;1014
2005;3;82;13;-4.1;62.8;143;465;608;27.1;10.6;7;5;15;48;1014
2005;3;82;14;27;60.2;145;450;595;27.4;10.8;7;4.7;69;47;1014
2005;3;82;15;49.4;51.8;113;396;509;27.3;11.1;7;5.3;100;47;1014
2005;3;82;16;64.2;40.7;81;326;407;26.8;11.6;8;5.3;93;51;1013
2005;3;82;17;74.3;28.3;54;233;287;26.1;11.8;8;6.5;83;54;1013
2005;3;82;18;82.4;15.3;21;117;138;24.9;11.4;8;5;192;54;1013
2005;3;82;19;89.5;2.1;0;7;7;23.5;11.2;8;5.3;174;59;1013
2005;3;82;20;96.6;0;0;0;0;22.7;12.3;8;3.8;241;67;1013
2005;3;82;21;104.5;0;0;0;0;22;12.1;8;3.8;71;70;1013
2005;3;82;22;114.3;0;0;0;0;21.2;12.1;8;2.8;76;73;1013
2005;3;82;23;127.5;0;0;0;0;20.4;12.1;8;2.4;24;76;1013
2005;3;82;24;147.5;0;0;0;0;19.6;12.3;8;1.8;125;82;1013
2005;3;83;1;-176.1;0;0;0;0;19.2;12.1;8;1.1;144;81;1013
2005;3;83;2;-154.3;0;0;0;0;18.8;11.9;8;1;203;81;1013
2005;3;83;3;-132.3;0;0;0;0;18.5;12;8;1.1;219;82;1012
2005;3;83;4;-117.5;0;0;0;0;18.3;11.9;8;0.6;198;82;1012
2005;3;83;5;-107.3;0;0;0;0;18.1;12.5;8;0.5;187;85;1012
2005;3;83;6;-99.1;0;0;0;0;18;13.5;8;0.9;135;91;1012
2005;3;83;7;-91.6;0;0;1;1;18.1;13.4;8;1.2;73;89;1012
2005;3;83;8;-84.5;12.2;0;27;27;18.4;13.8;8;1.6;73;87;1012
2005;3;83;9;-77.1;25.3;0;34;34;18.6;13.8;8;1.9;18;82;1012
2005;3;83;10;-67.3;37.9;366;257;623;22.1;5.5;4;2.6;39;63;1012
2005;3;83;11;-54.2;49.5;737;154;891;25.5;4.8;0;3.8;52;50;1012
2005;3;83;12;-34;58.8;692;252;944;28;6.8;2;3.3;46;45;1012
2005;3;83;13;-4.1;63.2;61;317;378;27.7;13.2;8;3.3;51;45;1012
2005;3;83;14;27.3;60.5;0;136;136;26.4;15.3;8;3.5;339;49;1012
2005;3;83;15;50.1;52.1;0;89;89;25.1;15.4;8;4.7;21;54;1012
2005;3;83;16;64.4;40.9;191;304;495;25.8;9.4;6;5.3;352;51;1012
2005;3;83;17;74.6;28.4;337;120;457;26.1;7.5;0;8.1;42;50;1012
2005;3;83;18;83;15.4;186;63;248;25.8;8.3;0;6.5;8;54;1012
2005;3;83;19;90.1;2.2;0;25;25;24.8;8.3;0;3.8;315;58;1012
2005;3;83;20;97.2;0;0;0;0;24.1;8.7;0;3.3;338;64;1012
2005;3;83;21;105.2;0;0;0;0;23.3;7.9;0;2.4;332;64;1012
2005;3;83;22;115;0;0;0;0;22.6;7.5;0;1.9;342;65;1012
2005;3;83;23;128.2;0;0;0;0;21.9;6.5;0;1.9;23;64;1012
2005;3;83;24;148.1;0;0;0;0;21.2;6.5;0;1.6;28;68;1012
2005;3;84;1;-176.2;0;0;0;0;20.3;6.5;0;2.2;17;73;1012
2005;3;84;2;-154.4;0;0;0;0;19.4;6.4;0;3.8;52;79;1012
2005;3;84;3;-132.5;0;0;0;0;18.5;6.1;0;5;74;83;1012
2005;3;84;4;-118.1;0;0;0;0;18;5.4;0;4.7;119;82;1013
2005;3;84;5;-107.5;0;0;0;0;17.4;4.9;0;3.8;166;83;1013
2005;3;84;6;-99.3;0;0;0;0;17;5;0;3;170;86;1013
2005;3;84;7;-92.2;0;0;3;3;17;4.3;0;3;145;82;1013
2005;3;84;8;-85.1;12.4;148;41;189;19.1;6.1;0;3.5;108;78;1013
2005;3;84;9;-77.3;25.5;390;64;455;21.7;5.7;0;3.5;92;68;1013
2005;3;84;10;-67.6;38.2;604;69;674;24.2;5.1;0;3.3;61;54;1013
2005;3;84;11;-54.4;49.8;624;240;865;26.6;5.1;2;3.8;4;45;1013
2005;3;84;12;-34.2;59.2;112;409;521;26.7;10.1;8;2.8;347;44;1013
2005;3;84;13;-3.6;63.6;98;458;556;27;9.9;8;3;10;43;1013
2005;3;84;14;27.6;60.8;89;441;529;27.1;9.6;8;3.3;350;41;1013
2005;3;84;15;50.4;52.3;84;377;462;27;9.4;8;2.4;345;41;1013
2005;3;84;16;65.1;41.1;87;316;403;26.6;8.5;7;3.8;17;40;1013
2005;3;84;17;75.2;28.6;45;231;275;25.9;9.4;8;4.1;358;44;1013
2005;3;84;18;83.3;15.6;15;111;125;24.8;10.4;8;3.5;351;48;1013
2005;3;84;19;90.4;2.3;0;7;7;23.5;10.7;8;2.4;11;55;1013
2005;3;84;20;97.5;0;0;0;0;22.6;11.2;8;1.9;339;62;1013
2005;3;84;21;105.4;0;0;0;0;21.7;10.9;8;1.6;343;66;1013
2005;3;84;22;115.3;0;0;0;0;20.8;10.5;8;2.1;15;69;1013
2005;3;84;23;128.5;0;0;0;0;19.8;9.6;8;2.2;45;69;1013
2005;3;84;24;148.4;0;0;0;0;18.9;9.7;8;1.5;53;76;1013
2005;3;85;1;-176.4;0;0;0;0;18.5;9.5;8;2.6;6;77;1013
2005;3;85;2;-154.5;0;0;0;0;17.9;8.9;8;2.6;347;77;1013
2005;3;85;3;-133.1;0;0;0;0;17.3;7.8;8;2.4;3;75;1013
2005;3;85;4;-118.3;0;0;0;0;16.9;7.3;8;2.8;8;74;1012
2005;3;85;5;-108.1;0;0;0;0;16.6;7.3;8;4.4;350;76;1012
2005;3;85;6;-99.5;0;0;0;0;16.4;6.8;8;5;5;74;1012
2005;3;85;7;-92.4;0;0;1;1;16.4;6.7;8;5;64;73;1012
2005;3;85;8;-85.3;12.7;4;85;88;17.5;7.5;8;5.3;22;70;1012
2005;3;85;9;-77.5;25.8;40;202;242;19.1;6.5;8;5.7;341;63;1012
2005;3;85;10;-68.2;38.5;122;289;410;20.9;5.5;7;7.5;348;54;1012
2005;3;85;11;-55;50.2;284;336;621;23;5.7;6;6.1;329;50;1012
2005;3;85;12;-34.3;59.6;136;424;560;24.2;7.2;7;6.5;328;46;1012
2005;3;85;13;-3.5;64;208;441;649;25.3;7.1;7;7.5;348;43;1012
2005;3;85;14;28.3;61.1;279;412;691;26.2;6.8;6;7;331;41;1012
2005;3;85;15;51.1;52.6;159;379;539;26.6;8.2;7;8.1;8;41;1012
2005;3;85;16;65.4;41.2;149;318;466;26.5;7.7;7;6.1;354;40;1012
2005;3;85;17;75.5;28.7;51;219;270;26;9.5;8;6.5;2;44;1012
2005;3;85;18;83.5;15.7;46;110;156;25.1;9.5;8;6.5;338;48;1012
2005;3;85;19;91;2.5;0;9;9;23.8;9.8;8;4.1;38;53;1012
2005;3;85;20;98.1;0;0;0;0;23.3;10.6;8;4.7;90;58;1012
2005;3;85;21;106.1;0;0;0;0;22.7;11.9;8;5.7;19;66;1012
2005;3;85;22;115.5;0;0;0;0;22.2;11.8;8;7;81;66;1012
2005;3;85;23;129.2;0;0;0;0;21.7;12.5;8;5;67;72;1012
2005;3;85;24;149.1;0;0;0;0;21.1;12.3;8;4.7;68;72;1012
2005;3;86;1;-176.5;0;0;0;0;20.7;11.7;8;3.5;57;69;1012
2005;3;86;2;-154.5;0;0;0;0;20.4;12.6;8;2.6;18;74;1012
2005;3;86;3;-133.3;0;0;0;0;20;12.5;8;3.3;100;74;1012
2005;3;86;4;-118.5;0;0;0;0;19.8;12.2;8;3.3;122;72;1012
2005;3;86;5;-108.3;0;0;0;0;19.7;13.6;8;3.8;171;79;1012
2005;3;86;6;-100.1;0;0;0;0;19.6;14.8;8;4.1;161;85;1012
2005;3;86;7;-92.6;0;0;1;1;19.6;15.9;8;4.4;177;90;1012
2005;3;86;8;-85.5;13;0;14;14;19.8;16.5;8;3;176;90;1012
2005;3;86;9;-78.1;26.1;0;63;63;20.3;15.8;8;2.8;254;87;1012
2005;3;86;10;-68.4;38.8;3;196;199;21.4;14.6;8;2.1;248;81;1012
2005;3;86;11;-55.2;50.5;73;349;422;23.2;13.4;8;2.8;248;75;1012
2005;3;86;12;-34.5;59.9;410;345;755;25.9;10.8;5;2.4;273;62;1012
2005;3;86;13;-3.4;64.4;314;420;734;27.7;11.6;6;2.4;252;54;1012
2005;3;86;14;28.6;61.5;331;397;728;29.1;11.1;6;2.2;244;46;1011
2005;3;86;15;51.4;52.8;255;368;623;30;11.7;6;2.6;237;44;1011
2005;3;86;16;66.1;41.4;77;310;387;30;14;7;1.8;187;45;1011
2005;3;86;17;76.2;28.9;140;212;352;29.8;12.6;6;1.8;180;46;1011
2005;3;86;18;84.2;15.8;17;106;123;28.8;15.1;6;2.1;224;50;1011
2005;3;86;19;91.2;2.6;0;6;6;27.5;14.8;6;2.8;233;54;1011
2005;3;86;20;98.3;0;0;0;0;26.7;16.2;6;4.1;245;64;1011
2005;3;86;21;106.3;0;0;0;0;26;15.8;6;3;100;66;1011
2005;3;86;22;116.2;0;0;0;0;25.3;15.3;6;4.4;99;67;1011
2005;3;86;23;129.5;0;0;0;0;24.6;15;6;4.4;34;70;1011
2005;3;86;24;149.4;0;0;0;0;23.8;14.5;6;7;90;71;1011
2005;3;87;1;-177;0;0;0;0;23;13.9;7;7;86;73;1011
2005;3;87;2;-155;0;0;0;0;22.1;13.3;7;8.1;91;75;1011
2005;3;87;3;-133.4;0;0;0;0;21.2;12.8;7;8.9;180;77;1011
2005;3;87;4;-119.1;0;0;0;0;20.7;13.1;7;6.5;214;82;1011
2005;3;87;5;-108.4;0;0;0;0;20.3;12.8;7;8.9;248;83;1011
2005;3;87;6;-100.3;0;0;0;0;19.9;12.9;7;9.4;203;87;1011
2005;3;87;7;-93.1;0;0;1;1;19.9;12.5;7;7;180;84;1011
2005;3;87;8;-86.1;13.2;5;86;90;20.9;12.4;7;7;147;76;1011
2005;3;87;9;-78.3;26.3;48;209;257;22.5;10.8;8;5.3;177;67;1011
2005;3;87;10;-68.6;39.1;103;301;404;24.1;9.7;7;6.1;74;56;1011
2005;3;87;11;-55.5;50.8;108;372;481;25.4;9.8;7;4.7;188;50;1011
2005;3;87;12;-35;60.3;111;445;557;26.5;10.7;8;5.7;243;49;1011
2005;3;87;13;-3.4;64.8;128;454;582;27.4;10.3;7;7.5;231;44;1011
2005;3;87;14;29.3;61.8;90;430;520;27.9;10.5;8;6.1;238;41;1011
2005;3;87;15;52.2;53;78;392;471;28.2;10.4;8;5.7;227;40;1011
2005;3;87;16;66.4;41.6;63;312;375;28.1;10.4;8;5.7;202;39;1011
2005;3;87;17;76.4;29;55;234;289;27.7;10.9;7;5.7;103;44;1011
2005;3;87;18;84.4;15.9;17;114;131;26.8;12;8;5.7;103;47;1011
2005;3;87;19;91.5;2.7;0;8;8;25.8;12.4;8;7.5;42;52;1011
2005;3;87;20;98.6;0;0;0;0;24.8;12.2;8;9.4;21;55;1011
2005;3;87;21;106.5;0;0;0;0;23.8;12.7;8;7;355;61;1011
2005;3;87;22;116.5;0;0;0;0;22.8;12.6;8;6.5;78;64;1012
2005;3;87;23;130.2;0;0;0;0;21.9;11.9;8;7;354;65;1012
2005;3;87;24;150;0;0;0;0;20.9;11.9;8;5.7;330;70;1012
2005;3;88;1;-177.1;0;0;0;0;20.2;11.9;8;7;36;74;1012
2005;3;88;2;-155.1;0;0;0;0;19.4;12.2;8;5.7;66;79;1012
2005;3;88;3;-134;0;0;0;0;18.7;12;8;5;20;82;1012
2005;3;88;4;-119.3;0;0;0;0;18.3;12;8;6.1;121;83;1012
2005;3;88;5;-109;0;0;0;0;17.9;12.4;8;6.5;139;87;1012
2005;3;88;6;-100.5;0;0;0;0;17.6;11.8;8;4.4;159;84;1012
2005;3;88;7;-93.3;0.2;0;1;1;17.6;11.5;8;3;56;80;1012
2005;3;88;8;-86.3;13.5;0;36;36;18;12.8;8;2.8;120;85;1012
2005;3;88;9;-78.5;26.6;4;160;163;19.2;11.5;8;3.8;158;81;1012
2005;3;88;10;-69.2;39.3;53;287;340;20.8;10;8;3;160;70;1012
2005;3;88;11;-56.1;51.1;108;371;479;22.5;9.7;7;4.4;147;63;1013
2005;3;88;12;-35.2;60.7;239;427;666;24.3;9.8;6;3;122;60;1013
2005;3;88;13;-3.3;65.2;411;359;769;26;9.1;4;2.1;91;53;1013
2005;3;88;14;29.6;62.1;454;335;789;27.3;9.1;4;3.8;49;49;1013
2005;3;88;15;52.5;53.2;266;361;627;28;10.2;5;2.6;30;46;1012
2005;3;88;16;67.1;41.7;267;265;532;28.2;10.8;4;2.8;136;48;1012
2005;3;88;17;77.1;29.1;187;181;368;27.9;11.6;4;3.3;75;51;1012
2005;3;88;18;85;16;129;91;219;27;11.9;4;2.6;72;58;1012
2005;3;88;19;92.1;2.8;0;9;9;25.7;11.3;4;2.8;73;61;1012
2005;3;88;20;99.2;0;0;0;0;25;11.9;4;4.4;21;67;1012
2005;3;88;21;107.2;0;0;0;0;24.3;11.9;5;4.4;51;70;1012
2005;3;88;22;117.1;0;0;0;0;23.5;11.4;5;4.1;341;71;1012
2005;3;88;23;130.5;0;0;0;0;22.8;11.7;5;3.3;50;76;1012
2005;3;88;24;150.3;0;0;0;0;22.1;11.8;6;3.8;23;80;1012
2005;3;89;1;-177.2;0;0;0;0;21.5;10.8;6;5.3;195;77;1011
2005;3;89;2;-155.2;0;0;0;0;20.9;10.9;6;5.3;220;81;1011
2005;3;89;3;-134.2;0;0;0;0;20.2;11.2;6;5.7;214;86;1011
2005;3;89;4;-119.5;0;0;0;0;19.9;12;7;7.5;144;93;1011
2005;3;89;5;-109.2;0;0;0;0;19.6;12.5;7;7.5;127;98;1011
2005;3;89;6;-101.1;0;0;0;0;19.4;12.6;7;5.7;174;98;1011
2005;3;89;7;-93.5;0.5;0;3;3;19.4;12.9;7;4.7;222;99;1011
2005;3;89;8;-86.5;13.7;24;94;119;20.6;14.1;8;4.1;93;96;1011
2005;3;89;9;-79.1;26.9;24;198;222;22;14.9;8;4.7;129;91;1011
2005;3;89;10;-69.4;39.6;72;303;374;23.5;13.3;8;3.5;255;75;1011
2005;3;89;11;-56.3;51.5;122;374;496;25;13.1;7;2.1;249;68;1011
2005;3;89;12;-35.3;61.1;75;415;490;25.9;14.1;8;3.3;207;63;1010
2005;3;89;13;-3.2;65.6;79;421;500;26.6;14.7;8;2.4;105;62;1010
2005;3;89;14;30.3;62.4;62;428;490;27;14.5;8;1.9;74;59;1011
2005;3;89;15;53.2;53.4;77;380;457;27.3;14.4;8;3;72;58;1011
2005;3;89;16;67.4;41.9;74;318;393;27.4;16.8;8;5.7;137;71;1011
2005;3;89;17;77.3;29.2;40;218;258;27;14.9;8;6.1;183;60;1011
2005;3;89;18;85.3;16.1;0;81;81;26.1;16.3;7;6.5;162;61;1011
2005;3;89;19;92.3;2.9;0;4;4;25.1;15.5;7;5;166;63;1012
2005;3;89;20;99.4;0;0;0;0;24.3;15.5;7;4.4;248;70;1012
2005;3;89;21;107.4;0;0;0;0;23.5;15.1;7;5.7;281;75;1012
2005;3;89;22;117.4;0;0;0;0;22.6;14;6;7.5;236;75;1012
2005;3;89;23;131.1;0;0;0;0;21.8;13.4;6;6.5;246;79;1012
2005;3;89;24;150.5;0;0;0;0;21;13;6;5.7;235;84;1013
2005;3;90;1;-177.3;0;0;0;0;20.3;12.7;5;5;297;89;1013
2005;3;90;2;-155.2;0;0;0;0;19.7;11.7;5;4.1;312;89;1013
2005;3;90;3;-134.3;0;0;0;0;19.1;10.9;5;3;314;90;1013
2005;3;90;4;-120.1;0;0;0;0;18.8;10.2;4;2.8;326;89;1013
2005;3;90;5;-109.4;0;0;0;0;18.7;9.9;4;2.6;303;91;1014
2005;3;90;6;-101.2;0;0;0;0;18.5;9.5;4;3;307;91;1014
2005;3;90;7;-94.1;0.7;0;5;5;18.7;8.9;3;4.1;342;87;1014
2005;3;90;8;-87.1;14;96;75;172;20.4;9.6;3;3;229;81;1014
2005;3;90;9;-79.3;27.1;238;139;376;22.5;9.3;3;3;296;71;1015
2005;3;90;10;-70;39.9;383;186;569;24.6;8.8;3;3.3;317;59;1015
2005;3;90;11;-56.5;51.8;471;236;707;26.5;9.6;3;2.1;291;55;1015
2005;3;90;12;-35.5;61.4;500;301;801;28.2;10;4;2.4;242;49;1015
2005;3;90;13;-3.1;66;522;299;821;29.5;9.8;4;1.9;303;43;1015
2005;3;90;14;31;62.7;482;333;814;30.5;10.1;4;3.5;184;41;1015
2005;3;90;15;53.6;53.7;516;231;747;31.1;10.6;3;2.6;245;41;1015
2005;3;90;16;68.1;42;405;196;601;30.2;10.3;3;3.8;167;42;1015
2005;3;90;17;77.6;29.4;278;139;417;30.9;10.5;2;3;175;39;1015
2005;3;90;18;85.5;16.3;122;86;208;29.8;11.3;2;3.3;166;42;1015
2005;3;90;19;92.6;3;0;12;12;28.4;11.4;2;3.8;217;48;1015
2005;3;90;20;100.1;0;0;0;0;26.9;11.8;2;3.3;188;56;1015
2005;3;90;21;108.1;0;0;0;0;25.6;10.9;2;2.8;189;58;1015
2005;3;90;22;118.1;0;0;0;0;24.2;9.9;2;2.6;170;60;1015
2005;3;90;23;131.4;0;0;0;0;22.6;9.4;2;3.3;165;67;1016
2005;3;90;24;151.2;0;0;0;0;21;8.5;2;3.5;81;71;1016
2005;4;91;1;-177.4;0;0;0;0;19.4;5.8;2;2.5;151;66;1014
2005;4;91;2;-155.3;0;0;0;0;17.8;5.1;2;2.7;171;72;1014
2005;4;91;3;-134.5;0;0;0;0;16;4.5;2;4;163;81;1014
2005;4;91;4;-120.3;0;0;0;0;15;4;2;3.1;43;85;1014
2005;4;91;5;-109.6;0;0;0;0;13.9;3.6;2;2.3;144;91;1014
2005;4;91;6;-101.4;0;0;0;0;13.1;3.8;2;2.5;134;100;1014
2005;4;91;7;-94.3;1;0;6;6;13;3.8;2;2.3;120;100;1014
2005;4;91;8;-87.2;14.2;103;75;178;14.2;5.1;2;2.7;98;100;1014
2005;4;91;9;-79.5;27.4;255;131;386;15.6;4;2;1.7;134;89;1014
2005;4;91;10;-70.3;40.2;428;166;594;17;4.2;2;2.3;140;84;1014
2005;4;91;11;-57.2;52.1;495;240;735;18.2;3.9;3;2.5;19;74;1014
2005;4;91;12;-36.1;61.8;585;268;854;19.1;3.8;3;4;32;70;1014
2005;4;91;13;-3;66.4;597;293;890;19.8;4.1;3;6.1;108;67;1014
2005;4;91;14;31.3;63;599;268;868;20.3;4.8;3;6.1;10;68;1014
2005;4;91;15;54.3;53.9;577;208;784;20.5;4.9;2;5;351;67;1014
2005;4;91;16;68.4;42.2;481;152;633;20.4;4.8;0;3.8;324;66;1014
2005;4;91;17;78.3;29.5;336;102;438;19.9;4.6;2;4.3;352;65;1014
2005;4;91;18;86.1;16.4;164;61;226;19.1;4.4;2;4.8;14;64;1014
2005;4;91;19;93.2;3.1;0;15;15;18;3.6;2;4;350;67;1014
2005;4;91;20;100.3;0;0;0;0;17;3.8;2;2.5;13;74;1014
2005;4;91;21;108.3;0;0;0;0;16;3.4;2;3.3;344;78;1014
2005;4;91;22;118.3;0;0;0;0;15;2.6;2;3.1;344;80;1014
2005;4;91;23;132.1;0;0;0;0;14.1;2.2;1;3.3;348;84;1014
2005;4;91;24;151.4;0;0;0;0;13.1;1.4;1;3.8;341;86;1014
2005;4;92;1;-177.5;0;0;0;0;12.9;2;1;3.3;347;92;1014
2005;4;92;2;-155.4;0;0;0;0;12.6;1.8;1;3.8;351;92;1014
2005;4;92;3;-135.1;0;0;0;0;12.4;1.5;1;4.8;339;92;1014
2005;4;92;4;-120.4;0;0;0;0;12.3;1.7;1;4.3;357;94;1014
2005;4;92;5;-110.2;0;0;0;0;12.2;0.9;1;3.8;351;89;1014
2005;4;92;6;-101.6;0;0;0;0;12.2;0.9;0;4.5;340;89;1014
2005;4;92;7;-94.5;1.2;0;7;7;12.3;0.2;0;6.5;340;84;1014
2005;4;92;8;-87.4;14.5;130;60;190;14.1;1.5;0;7.3;341;78;1014
2005;4;92;9;-80.1;27.6;303;101;404;16.2;1.9;0;7.3;350;72;1014
2005;4;92;10;-70.5;40.5;472;139;611;18.2;1.5;0;8.8;356;62;1014
2005;4;92;11;-57.4;52.4;558;205;764;19.8;1.9;2;5.7;319;56;1014
2005;4;92;12;-36.3;62.2;623;247;869;21.3;1.6;3;4.3;353;48;1014
2005;4;92;13;-2.5;66.8;609;287;897;22.4;2.2;3;5;12;46;1014
2005;4;92;14;32.1;63.3;616;260;875;23.2;2.5;3;4.5;7;44;1014
2005;4;92;15;55;54.1;573;212;784;23.6;2.5;2;4.8;8;42;1014
2005;4;92;16;69.1;42.4;460;166;626;23.6;1.6;2;4.5;356;38;1014
2005;4;92;17;78.5;29.6;332;105;437;23.2;2.2;0;3.6;0;40;1014
2005;4;92;18;86.4;16.5;172;57;229;22.3;3.2;0;5.7;339;44;1014
2005;4;92;19;93.4;3.2;0;13;13;21;2.3;0;5.7;22;47;1014
2005;4;92;20;100.5;0;0;0;0;20;2.8;0;4.8;17;53;1014
2005;4;92;21;108.5;0;0;0;0;19.1;1.7;0;6.1;69;53;1014
2005;4;92;22;118.6;0;0;0;0;18.2;1.3;0;6.1;32;55;1014
2005;4;92;23;132.3;0;0;0;0;17.2;0.3;0;5;16;56;1015
2005;4;92;24;152;0;0;0;0;16.1;-0.2;0;4.5;358;60;1015
2005;4;93;1;-178;0;0;0;0;15.1;0.2;0;5;14;68;1015
2005;4;93;2;-155.5;0;0;0;0;13.9;-0.1;0;4;31;74;1015
2005;4;93;3;-135.2;0;0;0;0;12.7;-0.1;0;5;357;83;1015
2005;4;93;4;-121;0;0;0;0;12.1;-0.4;0;3.1;71;86;1015
2005;4;93;5;-110.4;0;0;0;0;11.4;-1.2;0;2.5;74;86;1015
2005;4;93;6;-102.2;0;0;0;0;10.9;-1.6;0;3.1;195;88;1015
2005;4;93;7;-95;1.5;0;7;7;10.9;-2.4;0;3.8;137;83;1015
2005;4;93;8;-88;14.7;175;43;218;12.6;-1.2;0;2.7;142;78;1015
2005;4;93;9;-80.3;27.9;409;50;459;14.4;-1.7;0;3.3;133;70;1015
2005;4;93;10;-71.1;40.7;613;68;681;16.1;-1.4;0;2.5;69;64;1015
2005;4;93;11;-58;52.7;758;93;850;17.7;-2.2;0;2.9;71;53;1015
2005;4;93;12;-36.4;62.6;845;114;958;18.9;-2.6;0;2.3;16;47;1015
2005;4;93;13;-2.4;67.2;872;123;996;19.8;-2.3;0;1.8;2;44;1015
2005;4;93;14;32.4;63.6;840;121;961;20.4;-1.5;0;1.7;350;44;1015
2005;4;93;15;55.4;54.3;771;97;869;20.6;-1.9;0;1.9;10;42;1015
2005;4;93;16;69.4;42.5;632;73;705;20.6;-1.4;0;1.9;20;43;1015
2005;4;93;17;79.2;29.7;442;52;494;20;-1;0;1.7;44;45;1015
2005;4;93;18;87;16.6;212;44;256;19.1;-1;0;1.7;81;45;1015
2005;4;93;19;94;3.4;0;13;13;17.7;-1.5;0;0.7;24;49;1015
2005;4;93;20;101.1;0;0;0;0;16.9;-0.9;0;0.6;19;55;1015
2005;4;93;21;109.2;0;0;0;0;16.1;-1.5;0;0.1;25;56;1015
2005;4;93;22;119.2;0;0;0;0;15.2;-1.3;0;0.3;54;61;1015
2005;4;93;23;133;0;0;0;0;14.4;-2;0;0.3;358;62;1015
2005;4;93;24;152.3;0;0;0;0;13.6;-2.1;0;0.5;92;66;1015
2005;4;94;1;-178.1;0;0;0;0;13.3;-1.9;0;0.3;63;68;1015
2005;4;94;2;-155.5;0;0;0;0;13.1;-2.8;0;0.1;69;65;1015
2005;4;94;3;-135.4;0;0;0;0;12.8;-3.7;0;0.5;11;61;1015
2005;4;94;4;-121.2;0;0;0;0;12.7;-3.5;0;0.7;112;63;1015
2005;4;94;5;-110.5;0;0;0;0;12.6;-2.8;0;0.7;25;67;1015
2005;4;94;6;-102.4;0;0;0;0;12.5;-1.9;0;0.7;57;72;1015
2005;4;94;7;-95.2;1.7;0;8;8;12.6;-0.9;0;0.2;357;77;1015
2005;4;94;8;-88.2;15;160;49;208;14.6;0.7;0;1;359;72;1015
2005;4;94;9;-80.5;28.1;345;82;427;16.7;0.3;0;1.2;84;62;1015
2005;4;94;10;-71.3;41;528;111;639;18.7;-1.3;0;1;111;49;1015
2005;4;94;11;-58.3;53;648;154;801;20.4;-0.9;0;0.5;53;44;1014
2005;4;94;12;-37;62.9;724;184;908;21.9;0;1;0.5;28;42;1014
2005;4;94;13;-2.3;67.6;753;196;948;23;1.5;1;1.1;359;43;1014
2005;4;94;14;33.2;63.9;726;190;916;23.8;1.5;1;0.5;12;40;1014
2005;4;94;15;56.1;54.5;670;153;823;24.2;2;0;0.5;359;40;1014
2005;4;94;16;70.1;42.6;566;106;672;24.3;2;0;0.3;41;39;1014
2005;4;94;17;79.4;29.9;402;69;471;23.8;2.7;0;0.9;38;41;1014
2005;4;94;18;87.2;16.7;143;102;244;22.8;3.8;4;0.8;100;46;1014
2005;4;94;19;94.3;3.5;0;14;14;21.4;8;4;0.6;157;53;1014
2005;4;94;20;101.4;0;0;0;0;20.9;8.9;3;0.8;167;60;1014
2005;4;94;21;109.4;0;0;0;0;20.5;8.7;3;1;175;63;1014
2005;4;94;22;119.5;0;0;0;0;20;8.3;3;2.5;259;65;1014
2005;4;94;23;133.3;0;0;0;0;19.6;8.1;3;2.1;169;68;1014
2005;4;94;24;152.5;0;0;0;0;19.1;8.2;2;2.5;132;73;1014
2005;4;95;1;-178.2;0;0;0;0;18.8;6.9;2;3.3;140;70;1014
2005;4;95;2;-155.6;0;0;0;0;18.5;6.4;2;2.7;252;70;1014
2005;4;95;3;-135.5;0;0;0;0;18.1;5.9;2;3.6;229;71;1014
2005;4;95;4;-121.4;0;0;0;0;17.9;5.4;1;3.6;304;71;1014
2005;4;95;5;-111.1;0;0;0;0;17.7;5.3;1;2.7;231;74;1014
2005;4;95;6;-102.5;0;0;0;0;17.6;6.6;1;2.5;183;84;1014
2005;4;95;7;-95.4;2;0;9;9;17.7;6.2;1;3.8;197;83;1014
2005;4;95;8;-88.4;15.2;160;52;212;19.5;6.1;0;3.6;268;71;1014
2005;4;95;9;-81.1;28.4;360;77;436;21.5;5.3;0;2.5;155;61;1014
2005;4;95;10;-71.5;41.3;520;119;638;23.3;4.5;0;1.4;138;51;1014
2005;4;95;11;-58.5;53.3;630;167;797;25;5.2;1;1.4;280;47;1014
2005;4;95;12;-37.2;63.3;694;206;900;26.4;5.7;2;1.9;258;44;1014
2005;4;95;13;-2.2;67.9;703;231;933;27.5;5.6;2;1.2;266;40;1014
2005;4;95;14;33.5;64.2;683;220;903;28.4;5.9;2;1;311;38;1014
2005;4;95;15;56.5;54.7;639;173;813;28.8;6.7;1;1;316;38;1014
2005;4;95;16;70.4;42.8;526;131;656;28.8;7;0;1.2;331;38;1014
2005;4;95;17;80.1;30;373;85;458;28.3;7.3;0;2.5;309;40;1014
2005;4;95;18;87.5;16.8;135;104;239;27.2;7.8;4;2.1;289;42;1014
2005;4;95;19;94.5;3.6;0;14;14;25.9;11;4;2.1;237;44;1014
2005;4;95;20;101.6;0;0;0;0;25;11.6;4;2.7;305;51;1014
2005;4;95;21;110.1;0;0;0;0;24.1;10.9;4;3.1;317;53;1014
2005;4;95;22;120.1;0;0;0;0;23.2;10.5;3;3.3;311;57;1014
2005;4;95;23;133.5;0;0;0;0;22.3;9.3;3;2.9;306;57;1014
2005;4;95;24;153.1;0;0;0;0;21.4;9.2;3;2.5;331;63;1014
2005;4;96;1;-178.3;0;0;0;0;20.5;8.6;3;2.5;311;66;1014
2005;4;96;2;-156.1;0;0;0;0;19.6;8.2;3;1.9;274;71;1014
2005;4;96;3;-136.1;0;0;0;0;18.7;7.6;2;1.8;284;74;1014
2005;4;96;4;-121.5;0;0;0;0;18.3;7.8;2;2.3;329;80;1014
2005;4;96;5;-111.3;0;0;0;0;17.7;6.8;2;1.7;307;79;1014
2005;4;96;6;-103.1;0;0;0;0;17.3;7;2;2.1;252;85;1014
2005;4;96;7;-95.6;2.2;0;9;9;17.4;6.1;2;1.9;257;80;1014
2005;4;96;8;-88.6;15.4;114;81;196;18.9;6.6;2;1.8;234;74;1014
2005;4;96;9;-81.3;28.6;274;133;407;20.5;6;1;1.4;155;67;1014
2005;4;96;10;-72.2;41.5;440;172;612;22.1;5.2;1;1.5;175;57;1014
2005;4;96;11;-59.1;53.6;582;201;782;23.7;4.9;1;1.4;95;51;1014
2005;4;96;12;-37.4;63.6;634;248;882;24.9;5.5;2;1.7;132;48;1014
2005;4;96;13;-2.1;68.3;680;248;928;25.9;6.5;2;1.8;137;48;1014
2005;4;96;14;34.3;64.5;695;214;908;26.6;6.7;0;2.1;137;47;1014
2005;4;96;15;57.2;54.9;651;167;818;26.8;6.9;0;2.1;33;46;1014
2005;4;96;16;71;42.9;515;138;653;26.8;7.6;0;1.8;99;47;1014
2005;4;96;17;80.3;30.1;359;94;453;26.4;8.1;0;1.5;133;49;1014
2005;4;96;18;88.1;16.9;121;109;231;25.5;9;4;1;164;53;1014
2005;4;96;19;95.1;3.7;0;15;15;24.2;11.3;3;1.1;135;54;1014
2005;4;96;20;102.2;0;0;0;0;23.5;11.8;3;1.2;212;61;1014
2005;4;96;21;110.3;0;0;0;0;22.8;11.3;3;1.9;160;63;1014
2005;4;96;22;120.4;0;0;0;0;22.1;10.2;3;2.9;139;63;1014
2005;4;96;23;134.2;0;0;0;0;21.4;8.8;2;2.7;173;61;1014
2005;4;96;24;153.3;0;0;0;0;20.7;8.7;2;3.6;196;66;1014
2005;4;97;1;-178.4;0;0;0;0;20.4;8.4;2;3.6;142;68;1015
2005;4;97;2;-156.1;0;0;0;0;20.1;8.3;2;3.3;182;71;1015
2005;4;97;3;-136.2;0;0;0;0;19.7;7.4;1;2.1;223;69;1015
2005;4;97;4;-122.1;0;0;0;0;19.6;6.9;1;2.3;218;69;1015
2005;4;97;5;-111.5;0;0;0;0;19.4;6.9;1;1.9;228;71;1015
2005;4;97;6;-103.3;0;0;0;0;19.3;7.6;1;2.1;143;78;1015
2005;4;97;7;-96.2;2.5;0;10;10;19.5;6.9;0;3.1;181;74;1015
2005;4;97;8;-89.2;15.7;161;54;215;21.3;7.4;0;4.5;142;67;1015
2005;4;97;9;-81.5;28.9;373;74;447;23.2;6.8;0;3.8;112;59;1015
2005;4;97;10;-72.4;41.8;564;98;662;25.1;5.1;0;4;139;46;1015
2005;4;97;11;-59.4;53.9;712;122;834;26.8;6.6;0;3.6;138;46;1015
2005;4;97;12;-37.6;64;798;144;943;28.4;6.5;0;2.9;228;40;1015
2005;4;97;13;-2;68.7;844;144;988;29.7;7.1;0;3.8;135;38;1015
2005;4;97;14;35;64.8;841;126;967;30.7;6.7;0;3.8;217;35;1015
2005;4;97;15;57.6;55.1;770;102;872;31.2;7.1;0;5.3;151;34;1015
2005;4;97;16;71.3;43.1;638;74;712;31.3;7.4;0;5.7;113;34;1015
2005;4;97;17;80.6;30.2;446;53;499;30.8;8;0;6.8;224;36;1015
2005;4;97;18;88.3;17;158;102;259;29.7;9.1;2;5.3;126;39;1015
2005;4;97;19;95.3;3.8;0;18;18;28.2;12.4;2;5.3;78;43;1015
2005;4;97;20;102.4;0;0;0;0;27.2;13.8;2;6.1;62;54;1015
2005;4;97;21;110.5;0;0;0;0;26.4;13.5;1;5.7;49;57;1015
2005;4;97;22;121;0;0;0;0;25.5;13.2;1;6.1;40;62;1015
2005;4;97;23;134.4;0;0;0;0;24.6;12.8;1;5.7;347;66;1015
2005;4;97;24;153.6;0;0;0;0;23.8;12.7;1;5.7;20;72;1015
2005;4;98;1;-178.5;0;0;0;0;22.9;12.3;1;5.3;18;76;1015
2005;4;98;2;-156.2;0;0;0;0;21.9;11.7;1;4.5;356;81;1015
2005;4;98;3;-136.4;0;0;0;0;21;11.7;1;3.3;345;89;1015
2005;4;98;4;-122.3;0;0;0;0;20.5;11.4;1;3.8;348;93;1015
2005;4;98;5;-112;0;0;0;0;20;10.9;0;3.8;17;95;1015
2005;4;98;6;-103.5;0;0;0;0;19.6;10.5;0;5.7;336;96;1015
2005;4;98;7;-96.3;2.7;0;11;11;19.7;10.6;0;5.7;9;98;1015
2005;4;98;8;-89.4;15.9;167;53;221;21.4;11.5;0;5.3;346;92;1015
2005;4;98;9;-82.1;29.1;383;71;454;23.2;10.7;0;5;348;82;1015
2005;4;98;10;-73;42.1;577;93;670;24.9;10.5;0;4.5;341;73;1015
2005;4;98;11;-60;54.2;719;120;839;26.5;11.1;0;3.8;341;68;1015
2005;4;98;12;-38.2;64.4;807;141;948;27.8;11;0;5;350;61;1015
2005;4;98;13;-1.5;69.1;850;142;993;29;11;0;5;344;56;1015
2005;4;98;14;35.4;65.1;829;133;962;29.7;11.2;0;5.7;4;53;1015
2005;4;98;15;58.3;55.3;748;113;861;30.1;11.1;0;6.1;50;51;1014
2005;4;98;16;72;43.2;608;87;695;30.1;11.6;0;4.8;22;51;1014
2005;4;98;17;81.2;30.3;424;62;486;29.5;12.1;0;4.5;129;54;1014
2005;4;98;18;88.6;17.1;147;104;251;28.4;12.2;3;4;248;55;1014
2005;4;98;19;95.6;3.9;0;17;17;26.9;15;3;3.6;130;59;1013
2005;4;98;20;103.1;0;0;0;0;26.2;15.4;3;2.1;144;64;1013
2005;4;98;21;111.1;0;0;0;0;25.4;15;4;1.9;106;66;1013
2005;4;98;22;121.2;0;0;0;0;24.7;14.8;4;2.3;97;69;1013
2005;4;98;23;135.1;0;0;0;0;23.9;14.7;4;2.5;108;73;1012
2005;4;98;24;154.2;0;0;0;0;23.1;14.9;5;3.8;206;79;1012
2005;4;99;1;-178.6;0;0;0;0;22.7;13.8;5;3.1;250;75;1012
2005;4;99;2;-156.2;0;0;0;0;22.3;13.9;5;1.8;179;78;1011
2005;4;99;3;-136.5;0;0;0;0;21.9;14.1;6;1.3;145;82;1011
2005;4;99;4;-122.5;0;0;0;0;21.6;13.6;6;2.9;226;80;1011
2005;4;99;5;-112.2;0;0;0;0;21.4;13.4;6;2.7;212;80;1011
2005;4;99;6;-104;0;0;0;0;21.2;14.2;7;2.9;259;86;1010
2005;4;99;7;-96.5;2.9;0;7;7;21.3;14.7;7;3.1;256;89;1010
2005;4;99;8;-89.5;16.2;6;106;112;22.2;14.8;7;4.5;240;83;1010
2005;4;99;9;-82.3;29.4;58;236;294;23.4;13.3;8;4;322;76;1010
2005;4;99;10;-73.2;42.3;82;324;405;24.5;13.6;8;5.7;304;72;1009
2005;4;99;11;-60.3;54.5;178;386;565;25.7;12.7;7;5.3;308;64;1009
2005;4;99;12;-38.4;64.7;141;470;611;26.6;13;7;5.7;324;60;1009
2005;4;99;13;-1.4;69.5;190;450;641;27.3;13.2;7;5.3;293;58;1009
2005;4;99;14;36.1;65.4;75;419;494;27.5;14.5;8;6.5;291;57;1009
2005;4;99;15;59.1;55.5;73;384;457;27.6;13.7;8;6.5;255;53;1009
2005;4;99;16;72.3;43.3;112;326;438;27.7;12.8;7;5.7;274;52;1009
2005;4;99;17;81.5;30.4;10;200;210;26.8;17.3;8;5.7;194;68;1010
2005;4;99;18;89.2;17.2;0;85;85;26.4;20.1;8;6.5;211;80;1010
2005;4;99;19;96.2;4;0;5;5;24.9;20.7;8;5.3;145;84;1010
2005;4;99;20;103.3;0;0;0;0;25.1;20.4;7;3.6;142;84;1010
2005;4;99;21;111.4;0;0;0;0;24.4;18.6;7;4.8;168;80;1010
2005;4;99;22;121.5;0;0;0;0;23.7;17.4;7;4;106;80;1011
2005;4;99;23;135.3;0;0;0;0;23.3;17.1;6;3.1;161;84;1011
2005;4;99;24;154.4;0;0;0;0;22.7;16.1;6;3.6;139;84;1011
2005;4;100;1;-179.1;0;0;0;0;22.2;15.4;6;3.1;272;86;1011
2005;4;100;2;-156.3;0;0;0;0;21.7;15;5;3.6;121;91;1011
2005;4;100;3;-137.1;0;0;0;0;21.2;14;5;3.3;243;90;1012
2005;4;100;4;-123;0;0;0;0;20.9;13.3;5;3.1;252;91;1012
2005;4;100;5;-112.4;0;0;0;0;20.6;12;4;3.3;231;87;1012
2005;4;100;6;-104.2;0;0;0;0;20.4;10.9;4;3.3;156;84;1012
2005;4;100;7;-97.1;3.2;0;12;12;20.6;10.8;3;3.6;36;85;1012
2005;4;100;8;-90.1;16.4;112;91;203;22.2;11.4;3;2.5;32;80;1013
2005;4;100;9;-82.5;29.6;257;146;404;23.9;11;3;2.7;122;72;1013
2005;4;100;10;-73.5;42.6;431;180;611;25.6;9.7;2;2.3;26;60;1013
2005;4;100;11;-60.5;54.8;511;240;752;27.1;9.9;3;3.8;74;54;1013
2005;4;100;12;-38.6;65.1;542;314;856;28.5;10.5;4;3.8;342;51;1013
2005;4;100;13;-1.3;69.8;581;320;901;29.7;9.8;4;4.5;17;44;1014
2005;4;100;14;36.5;65.6;562;306;868;30.4;10.5;4;6.1;2;44;1014
2005;4;100;15;59.4;55.6;530;249;779;30.8;10.3;3;4.8;25;42;1014
2005;4;100;16;73;43.5;441;185;627;30.9;9.9;2;4;94;39;1014
2005;4;100;17;82.1;30.5;320;120;441;30.4;10.6;0;4.5;101;42;1014
2005;4;100;18;89.4;17.3;121;106;227;29.4;11.9;4;4.8;118;46;1014
2005;4;100;19;96.4;4.1;0;17;17;28;15.2;3;7.9;126;54;1014
2005;4;100;20;103.5;0;0;0;0;27.1;16.1;3;7;11;64;1014
2005;4;100;21;111.6;0;0;0;0;26.3;15.7;3;5;38;68;1014
2005;4;100;22;122.1;0;0;0;0;25.4;15.2;3;6.1;43;72;1014
2005;4;100;23;135.6;0;0;0;0;24.5;15;2;6.1;51;79;1014
2005;4;100;24;154.6;0;0;0;0;23.7;14.7;2;5.3;20;84;1014
2005;4;101;1;-179.1;0;0;0;0;23;13.4;2;4.3;25;83;1014
2005;4;101;2;-156.4;0;0;0;0;22.2;12.7;2;3.8;42;86;1015
2005;4;101;3;-137.2;0;0;0;0;21.5;12.3;1;1.9;357;90;1015
2005;4;101;4;-123.2;0;0;0;0;21.1;12.4;1;3.1;11;97;1015
2005;4;101;5;-112.6;0;0;0;0;20.8;11.4;1;3.1;6;95;1015
2005;4;101;6;-104.4;0;0;0;0;20.5;11.1;1;3.3;32;96;1015
2005;4;101;7;-97.3;3.4;0;14;14;20.8;11.3;0;3.1;170;98;1015
2005;4;101;8;-90.3;16.6;200;47;247;22.5;11.7;0;2.3;225;89;1015
2005;4;101;9;-83.1;29.8;435;53;488;24.3;11.4;0;1.9;246;81;1015
2005;4;101;10;-74.1;42.8;627;75;703;26;10;0;1.3;215;65;1015
2005;4;101;11;-61.2;55.1;769;101;870;27.6;9.9;0;1.7;286;58;1015
2005;4;101;12;-39.2;65.4;858;119;977;29;10;0;1.9;266;52;1015
2005;4;101;13;-1.2;70.2;896;123;1019;30.1;9.8;0;2.1;207;47;1015
2005;4;101;14;37.3;65.9;873;115;989;30.9;10.1;0;1.3;162;45;1015
2005;4;101;15;60.2;55.8;789;98;887;31.3;9.6;0;1.1;142;41;1015
2005;4;101;16;73.3;43.6;645;75;719;31.4;10.6;0;0.7;113;44;1015
2005;4;101;17;82.4;30.7;454;53;507;30.9;11.6;0;0.6;43;47;1015
2005;4;101;18;90.1;17.4;163;103;266;29.9;11.8;3;0.9;129;48;1015
2005;4;101;19;97;4.2;0;18;18;28.6;16.1;3;0.9;147;55;1015
2005;4;101;20;104.1;0;0;0;0;27.6;16.5;3;1.3;116;61;1015
2005;4;101;21;112.2;0;0;0;0;26.6;16;3;1.4;141;65;1015
2005;4;101;22;122.4;0;0;0;0;25.8;15.8;3;1.5;214;68;1015
2005;4;101;23;136.2;0;0;0;0;24.9;15.1;3;1.5;76;69;1015
2005;4;101;24;155.2;0;0;0;0;24;14.4;4;1.3;21;71;1015
2005;4;102;1;-179.2;0;0;0;0;23;14.1;4;1.3;118;75;1015
2005;4;102;2;-156.4;0;0;0;0;22.1;14;4;1.5;160;81;1015
2005;4;102;3;-137.3;0;0;0;0;21.1;13.7;4;2.7;102;86;1015
2005;4;102;4;-123.4;0;0;0;0;20.6;13.2;4;3.8;106;87;1015
2005;4;102;5;-113.1;0;0;0;0;20;12.8;4;3.6;122;88;1015
2005;4;102;6;-104.6;0;0;0;0;19.7;12.8;4;3.6;115;91;1015
2005;4;102;7;-97.4;3.7;0;15;15;19.9;12.6;4;5;102;88;1015
2005;4;102;8;-90.5;16.9;141;103;243;21.7;9.9;4;3.8;140;82;1015
2005;4;102;9;-83.3;30.1;398;72;470;23.5;9.4;0;4.5;141;72;1015
2005;4;102;10;-74.3;43.1;549;118;667;25.2;9;0;5.7;67;62;1015
2005;4;102;11;-61.4;55.4;651;170;820;26.6;9.5;1;5.7;141;58;1014
2005;4;102;12;-39.4;65.7;716;206;921;28;9.6;2;5.7;98;53;1014
2005;4;102;13;-1.1;70.6;725;228;953;29;10;2;6.1;142;50;1014
2005;4;102;14;38.1;66.2;688;227;915;29.7;9.8;2;6.1;45;46;1014
2005;4;102;15;60.5;56;635;185;820;30;10.2;2;6.1;256;46;1014
2005;4;102;16;74;43.7;548;125;673;30;10.1;0;6.5;143;45;1015
2005;4;102;17;83;30.8;405;75;480;29.5;10.4;0;4.8;108;47;1015
2005;4;102;18;90.3;17.5;151;106;256;28.5;11.2;4;5;155;51;1015
2005;4;102;19;97.2;4.3;0;18;18;27;14.6;4;4.3;86;56;1015
2005;4;102;20;104.3;0;0;0;0;25.7;14;4;3.8;227;60;1015
2005;4;102;21;112.4;0;0;0;0;24.4;13;4;3.8;157;62;1015
2005;4;102;22;122.6;0;0;0;0;23.1;12.7;4;2.9;209;67;1015
2005;4;102;23;136.4;0;0;0;0;21.8;11.5;4;3.6;248;69;1015
2005;4;102;24;155.4;0;0;0;0;20.5;10.9;4;2.9;178;73;1015
2005;4;103;1;-179.3;0;0;0;0;19.5;10.7;4;2.9;95;79;1015
2005;4;103;2;-156.5;0;0;0;0;18.4;10.2;4;2.9;167;84;1015
2005;4;103;3;-137.5;0;0;0;0;17.2;9.5;4;1.9;195;88;1015
2005;4;103;4;-123.5;0;0;0;0;16.5;9.2;4;2.9;206;91;1015
2005;4;103;5;-113.3;0;0;0;0;15.9;8.5;4;2.5;274;91;1015
2005;4;103;6;-105.1;0;0;0;0;15.4;7.5;4;2.5;249;88;1015
2005;4;103;7;-98;3.9;0;16;16;15.6;8;4;2.7;284;90;1015
2005;4;103;8;-91.1;17.1;154;102;256;17.6;4.9;4;2.1;213;81;1015
2005;4;103;9;-83.5;30.3;439;55;494;19.4;4.7;0;2.3;230;73;1015
2005;4;103;10;-74.6;43.3;629;78;707;21.2;4.5;0;1.7;139;64;1015
2005;4;103;11;-62.1;55.7;771;104;874;22.8;4.2;0;1.7;211;56;1015
2005;4;103;12;-40;66.1;859;122;981;24.1;4.9;0;1.4;76;53;1015
2005;4;103;13;-0.6;70.9;887;129;1016;25;5.2;0;1.1;16;50;1015
2005;4;103;14;38.5;66.4;856;125;981;25.7;5.3;0;1.3;115;48;1015
2005;4;103;15;61.3;56.2;779;103;882;26;5.6;0;2.5;220;47;1015
2005;4;103;16;74.3;43.9;644;76;720;25.9;5.1;0;1.8;238;45;1015
2005;4;103;17;83.3;30.9;456;53;510;25.4;4.9;0;1.9;258;45;1014
2005;4;103;18;90.5;17.6;168;105;273;24.3;5.5;3;1.7;244;48;1014
2005;4;103;19;97.4;4.4;0;19;19;22.9;9.9;3;1.4;230;56;1014
2005;4;103;20;104.5;0;0;0;0;22.1;9.9;3;1.8;170;60;1014
2005;4;103;21;113.1;0;0;0;0;21.3;9.6;3;2.7;176;62;1013
2005;4;103;22;123.2;0;0;0;0;20.6;9.5;3;4.3;112;66;1013
2005;4;103;23;137.1;0;0;0;0;19.8;9.1;3;6.1;167;68;1013
2005;4;103;24;155.5;0;0;0;0;19;8.7;3;8.4;292;71;1013
2005;4;104;1;-179.4;0;0;0;0;18.7;9.1;3;7.9;163;75;1013
2005;4;104;2;-156.6;0;0;0;0;18.4;8.8;3;8.4;230;75;1012
2005;4;104;3;-138;0;0;0;0;18.1;9;3;9.4;204;78;1012
2005;4;104;4;-124.1;0;0;0;0;17.9;9.5;3;7.6;194;83;1012
2005;4;104;5;-113.5;0;0;0;0;17.7;9.4;3;7.6;170;83;1012
2005;4;104;6;-105.3;0;0;0;0;17.6;9.3;3;9.2;118;84;1011
2005;4;104;7;-98.2;4.1;0;17;17;17.8;9.6;3;7.3;79;83;1011
2005;4;104;8;-91.3;17.3;150;104;254;19.7;6.4;2;9.2;75;74;1011
2005;4;104;9;-84.1;30.5;438;75;513;21.7;6.3;0;8.8;222;70;1011
2005;4;104;10;-75.2;43.6;679;78;757;23.6;4.7;0;8.2;221;56;1010
2005;4;104;11;-62.4;55.9;671;251;922;25.3;5.3;2;7.6;234;51;1010
2005;4;104;12;-40.3;66.4;95;378;473;25.2;10.1;8;6.5;144;48;1010
2005;4;104;13;-0.5;71.3;46;414;460;25.1;10.1;8;7.3;247;47;1010
2005;4;104;14;39.3;66.7;45;399;444;24.9;10.6;8;7;264;50;1010
2005;4;104;15;62;56.3;19;357;376;24.5;13.5;8;6.5;260;64;1010
2005;4;104;16;74.6;44;23;318;341;24.2;15.7;8;4.5;149;80;1010
2005;4;104;17;83.5;31;10;215;226;23.3;16;8;5.3;74;84;1010
2005;4;104;18;91.1;17.7;7;116;123;22.9;15.2;8;6.1;59;80;1010
2005;4;104;19;98;4.5;0;10;10;22;15.6;8;5.7;57;80;1010
2005;4;104;20;105.1;0;0;0;0;21.6;15;7;7;345;80;1010
2005;4;104;21;113.3;0;0;0;0;21;14.3;7;7.3;19;80;1010
2005;4;104;22;123.4;0;0;0;0;20.5;13.6;7;5;104;80;1010
2005;4;104;23;137.3;0;0;0;0;20;12.9;7;5;70;80;1010
2005;4;104;24;156.1;0;0;0;0;19.5;12.2;6;6.5;218;80;1010
2005;4;105;1;-179.4;0;0;0;0;19;11.6;6;6.1;212;80;1011
2005;4;105;2;-157;0;0;0;0;18.7;11.1;6;6.5;208;80;1011
2005;4;105;3;-138.1;0;0;0;0;18.1;10.4;5;7.9;224;80;1011
2005;4;105;4;-124.2;0;0;0;0;17.9;10;5;7;137;80;1011
2005;4;105;5;-114;0;0;0;0;17.6;9.6;5;10.1;161;80;1011
2005;4;105;6;-105.5;0;0;0;0;17.4;8.8;4;8.8;175;78;1011
2005;4;105;7;-98.4;4.3;0;15;15;17.6;8.6;4;7.6;220;75;1011
2005;4;105;8;-91.5;17.5;127;112;239;19.4;5.6;4;7.9;182;68;1011
2005;4;105;9;-84.3;30.8;403;98;500;21.5;4.5;0;7.9;120;60;1011
2005;4;105;10;-75.4;43.8;688;90;778;23.6;2.7;0;8.2;179;48;1011
2005;4;105;11;-63;56.2;725;258;983;25.6;2.2;2;10.1;259;41;1011
2005;4;105;12;-40.5;66.7;255;394;649;25.9;6.6;6;10.1;250;39;1011
2005;4;105;13;-0.3;71.7;154;460;614;26.1;7.5;7;8.4;212;40;1011
2005;4;105;14;40.1;67;77;459;535;26.1;8.3;8;7;207;40;1011
2005;4;105;15;62.4;56.5;87;412;499;25.9;7.9;8;7.6;154;40;1011
2005;4;105;16;75.3;44.1;75;332;406;25.5;8.1;8;10.1;159;42;1012
2005;4;105;17;84.2;31.1;66;252;318;24.9;7.3;7;11.7;92;42;1012
2005;4;105;18;91.4;17.8;63;119;182;24.1;7.9;6;8.8;21;47;1012
2005;4;105;19;98.3;4.7;0;21;21;23.1;9.1;6;7;8;53;1012
2005;4;105;20;105.4;0;0;0;0;22.3;8.9;6;7.3;6;55;1012
2005;4;105;21;113.5;0;0;0;0;21.5;8.9;6;6.5;354;59;1012
2005;4;105;22;124.1;0;0;0;0;20.7;9.5;5;5.3;11;66;1012
2005;4;105;23;137.5;0;0;0;0;19.9;10;5;5.7;89;73;1012
2005;4;105;24;156.3;0;0;0;0;19.1;9.6;5;4.8;70;76;1013
2005;4;106;1;-179.5;0;0;0;0;18.6;9.1;5;2.9;140;77;1013
2005;4;106;2;-157.1;0;0;0;0;17.8;8.5;5;2.3;114;78;1013
2005;4;106;3;-138.3;0;0;0;0;17.1;8.5;4;2.9;128;83;1013
2005;4;106;4;-124.4;0;0;0;0;16.7;8.1;4;2.5;53;83;1013
2005;4;106;5;-114.2;0;0;0;0;16.3;7.7;4;2.9;185;84;1013
2005;4;106;6;-106;0;0;0;0;16;8.4;4;3.1;240;90;1013
2005;4;106;7;-98.5;4.6;0;19;19;16.3;8.8;4;3.3;191;90;1013
2005;4;106;8;-92;17.7;115;111;227;18.2;6.6;4;4.5;229;80;1013
2005;4;106;9;-84.5;31;320;126;446;20;6.4;0;4;130;73;1014
2005;4;106;10;-76.1;44;470;178;648;21.7;4.9;0;5;257;59;1014
2005;4;106;11;-63.3;56.5;624;195;819;23.3;4.8;0;4;257;53;1014
2005;4;106;12;-41.2;67.1;665;247;911;24.7;6.7;2;1.5;287;55;1014
2005;4;106;13;-0.2;72;697;253;950;25.7;6.8;2;1.1;336;51;1014
2005;4;106;14;40.5;67.2;679;238;917;26.4;6.2;1;1.4;321;46;1014
2005;4;106;15;63.1;56.7;639;187;826;26.6;6.3;0;1.9;329;45;1014
2005;4;106;16;75.6;44.2;536;136;672;26.6;6.6;0;1.9;319;45;1014
2005;4;106;17;84.4;31.2;368;99;467;26.2;7.3;0;1.9;304;47;1014
2005;4;106;18;91.6;17.9;129;115;244;25.2;7.9;3;2.1;324;49;1014
2005;4;106;19;98.5;4.8;0;21;21;23.9;10.2;4;2.1;296;53;1013
2005;4;106;20;105.6;0;0;0;0;23.1;10.8;4;1.9;273;59;1013
2005;4;106;21;114.1;0;0;0;0;22.3;10.2;4;2.1;310;60;1013
2005;4;106;22;124.3;0;0;0;0;21.5;10.1;4;3.6;323;63;1013
2005;4;106;23;138.1;0;0;0;0;20.7;9.8;4;2.5;314;66;1013
2005;4;106;24;156.5;0;0;0;0;19.9;9.9;5;2.3;327;72;1013
2005;4;107;1;-179.5;0;0;0;0;19.4;10.3;5;2.1;258;77;1013
2005;4;107;2;-157.1;0;0;0;0;18.8;9.8;5;1.8;245;77;1013
2005;4;107;3;-138.4;0;0;0;0;18.3;9.7;5;2.7;289;80;1013
2005;4;107;4;-124.5;0;0;0;0;18;9.3;6;2.1;296;79;1013
2005;4;107;5;-114.3;0;0;0;0;17.7;9.3;6;2.1;274;82;1012
2005;4;107;6;-106.2;0;0;0;0;17.5;9.2;6;1.9;239;82;1012
2005;4;107;7;-99.1;4.8;0;18;18;17.8;8.8;6;1.3;258;77;1012
2005;4;107;8;-92.2;18;55;121;177;19.1;8.2;6;1.1;261;74;1012
2005;4;107;9;-85.1;31.2;214;198;412;20.8;7.4;5;1;268;70;1012
2005;4;107;10;-76.3;44.3;117;331;448;21.8;8.5;7;0.5;228;62;1012
2005;4;107;11;-63.6;56.7;206;397;603;23;7.5;7;0.7;176;55;1012
2005;4;107;12;-41.4;67.4;247;422;669;23.9;8.7;6;0.3;223;56;1012
2005;4;107;13;-0.1;72.4;530;343;873;25;7.1;4;0.5;200;52;1012
2005;4;107;14;41.3;67.5;547;307;855;25.8;7.3;4;0.9;265;49;1012
2005;4;107;15;63.5;56.8;400;314;714;26.2;7.4;5;0.7;223;46;1012
2005;4;107;16;76.2;44.4;361;247;608;26.3;7.4;4;0.7;128;46;1011
2005;4;107;17;85.1;31.3;103;240;343;25.8;9.1;7;0.7;78;47;1011
2005;4;107;18;92.2;18;74;118;192;25;9.5;6;0.9;93;50;1011
2005;4;107;19;99.1;4.9;0;12;12;23.9;13.3;6;0.8;66;58;1011
2005;4;107;20;106.2;0;0;0;0;23.1;14.2;6;1.3;108;66;1011
2005;4;107;21;114.3;0;0;0;0;22.3;14.4;6;1.3;77;71;1011
2005;4;107;22;124.5;0;0;0;0;21.6;14.6;6;1.8;337;77;1011
2005;4;107;23;138.3;0;0;0;0;20.8;14;7;0.7;24;79;1011
2005;4;107;24;157;0;0;0;0;20.1;13.4;7;0.2;49;80;1011
2005;4;108;1;-179.6;0;0;0;0;19.4;13.5;7;0.5;52;84;1011
2005;4;108;2;-157.2;0;0;0;0;18.8;14;7;0.9;122;93;1011
2005;4;108;3;-138.5;0;0;0;0;18.2;13.7;7;0.5;70;95;1011
2005;4;108;4;-125.1;0;0;0;0;17.8;13.4;7;0.8;102;95;1011
2005;4;108;5;-114.5;0;0;0;0;17.5;13;8;1.2;166;96;1011
2005;4;108;6;-106.4;0;0;0;0;17.2;12.5;8;1.2;138;93;1011
2005;4;108;7;-99.3;5;0;9;9;17.4;12.5;8;0.7;159;91;1011
2005;4;108;8;-92.4;18.2;7;120;128;18.5;11.1;8;0.3;254;86;1011
2005;4;108;9;-85.3;31.4;36;229;265;19.5;10.2;8;1.4;266;79;1011
2005;4;108;10;-76.5;44.5;3;181;184;19.7;11.7;8;1.4;232;73;1010
2005;4;108;11;-64.2;57;14;310;324;20.3;10.7;8;1.7;137;70;1010
2005;4;108;12;-42.1;67.7;12;252;264;20.5;12;8;2.1;217;70;1010
2005;4;108;13;0;72.7;249;392;641;21.6;8.1;6;2.5;225;63;1010
2005;4;108;14;42.1;67.7;820;232;1052;23.3;3.4;1;2.3;301;53;1010
2005;4;108;15;64.2;57;412;330;742;24.1;6;5;1.7;315;51;1010
2005;4;108;16;76.5;44.5;587;228;815;24.8;3.6;2;1.5;325;48;1010
2005;4;108;17;85.3;31.4;276;167;443;24.8;6.3;3;1.2;316;48;1010
2005;4;108;18;92.4;18.1;183;123;306;24.4;5.2;3;1.5;304;50;1010
2005;4;108;19;99.3;5;6;33;39;23.5;5.9;3;1.5;260;52;1010
2005;4;108;20;106.4;0;0;0;0;22.7;7.5;4;0.7;237;62;1010
2005;4;108;21;114.5;0;0;0;0;22;6.7;4;1.1;250;60;1010
2005;4;108;22;125.1;0;0;0;0;21.2;5.9;4;1.2;237;59;1010
2005;4;108;23;138.5;0;0;0;0;20.5;5.6;5;0.9;209;60;1010
2005;4;108;24;157.2;0;0;0;0;19.7;5;5;0.9;213;59;1010
2005;4;109;1;-179.5;0;0;0;0;19.1;5.6;5;0.6;110;64;1010
2005;4;109;2;-157.3;0;0;0;0;18.5;6.2;6;0.6;183;68;1010
2005;4;109;3;-139.1;0;0;0;0;17.7;5.6;6;0.6;196;68;1010
2005;4;109;4;-125.2;0;0;0;0;17.3;5.9;7;0.9;220;70;1010
2005;4;109;5;-115.1;0;0;0;0;16.9;6.3;7;0.9;330;73;1010
2005;4;109;6;-106.5;0;0;0;0;16.6;6.5;7;1.8;324;74;1010
2005;4;109;7;-99.4;5.2;0;20;20;16.9;7.3;8;1.4;292;75;1010
2005;4;109;8;-92.6;18.4;0;103;103;17.6;8.2;8;1.5;327;69;1010
2005;4;109;9;-85.5;31.6;40;233;273;18.8;9.4;8;2.7;332;80;1010
2005;4;109;10;-77.2;44.7;213;321;534;20.5;5.2;6;2.5;302;59;1010
2005;4;109;11;-64.5;57.2;185;400;585;21.7;5.1;7;2.3;297;50;1010
2005;4;109;12;-42.3;68;66;411;476;22.1;7.2;8;2.5;238;49;1010
2005;4;109;13;0.1;73.1;170;459;630;22.8;5.9;7;2.7;140;47;1010
2005;4;109;14;42.5;67.9;62;406;468;23;7.5;8;4.3;141;47;1010
2005;4;109;15;64.6;57.1;205;382;587;23.3;5.7;6;4.5;73;46;1010
2005;4;109;16;77.2;44.6;382;239;621;23.6;4.8;3;3.6;12;48;1010
2005;4;109;17;85.6;31.5;307;145;452;23.6;5.9;0;4.3;104;51;1010
2005;4;109;18;93;18.2;220;66;286;23.2;4.8;0;4;138;51;1011
2005;4;109;19;99.5;5.1;35;32;67;22.3;-0.9;0;3.6;103;54;1011
2005;4;109;20;106.6;0;0;0;0;21.5;0;1;2.1;141;58;1011
2005;4;109;21;115.1;0;0;0;0;20.8;0.9;1;1.8;81;63;1011
2005;4;109;22;125.3;0;0;0;0;20;1.4;2;1.7;128;66;1011
2005;4;109;23;139.1;0;0;0;0;19.2;1.9;2;1.2;18;69;1011
2005;4;109;24;157.4;0;0;0;0;18.5;2.8;2;1.5;17;75;1011
2005;4;110;1;-179.5;0;0;0;0;18;2.8;3;1.4;25;73;1011
2005;4;110;2;-157.3;0;0;0;0;17.4;3.5;3;0.9;81;76;1012
2005;4;110;3;-139.2;0;0;0;0;16.8;4.4;4;1.3;65;81;1012
2005;4;110;4;-125.4;0;0;0;0;16.5;5.6;4;0.6;6;86;1012
2005;4;110;5;-115.2;0;0;0;0;16.2;5.8;4;0.8;37;84;1012
2005;4;110;6;-107.1;0;0;0;0;16;7.9;5;1.2;182;96;1012
2005;4;110;7;-100;5.4;0;24;24;16.4;9.1;5;1;109;95;1012
2005;4;110;8;-93.2;18.6;87;128;214;18.1;7.9;6;1.1;44;84;1012
2005;4;110;9;-86.1;31.8;204;197;401;19.7;7.6;5;1.7;128;77;1012
2005;4;110;10;-77.4;44.9;406;213;619;21.4;6.1;3;1.7;163;64;1013
2005;4;110;11;-65.2;57.5;493;269;762;22.9;6.7;3;1.9;216;60;1013
2005;4;110;12;-42.6;68.3;571;300;870;24.2;7;3;3.1;256;56;1013
2005;4;110;13;0.3;73.4;538;343;881;25.1;7.4;4;4;236;53;1013
2005;4;110;14;43.3;68.2;503;327;829;25.7;7.6;4;3.8;255;50;1013
2005;4;110;15;65.3;57.3;437;289;727;26;7.5;4;4;257;48;1013
2005;4;110;16;77.5;44.7;357;238;594;26;8.8;4;4.5;296;52;1013
2005;4;110;17;86.2;31.6;184;203;387;25.4;8.9;5;2.5;287;51;1013
2005;4;110;18;93.2;18.3;74;129;203;24.4;9.7;6;1.9;290;54;1013
2005;4;110;19;100.1;5.2;0;21;21;23.2;10.9;6;2.5;237;58;1013
2005;4;110;20;107.2;0;0;0;0;22.4;10.9;5;2.3;166;62;1013
2005;4;110;21;115.3;0;0;0;0;21.6;11;5;3.3;124;68;1013
2005;4;110;22;125.5;0;0;0;0;20.8;11.1;5;3.8;86;74;1013
2005;4;110;23;139.3;0;0;0;0;19.9;10.7;5;4.5;187;77;1013
2005;4;110;24;157.5;0;0;0;0;19.1;9.6;5;5.3;236;77;1013
2005;4;111;1;-179.4;0;0;0;0;18.5;9.6;4;5.7;229;81;1013
2005;4;111;2;-157.4;0;0;0;0;17.8;8.9;4;4.8;241;82;1013
2005;4;111;3;-139.3;0;0;0;0;17;8.3;4;5.3;251;85;1013
2005;4;111;4;-125.5;0;0;0;0;16.6;8.1;4;4.3;213;88;1013
2005;4;111;5;-115.4;0;0;0;0;16.1;7.6;4;4.5;207;87;1013
2005;4;111;6;-107.2;0;0;0;0;15.8;7.4;3;5.3;174;89;1014
2005;4;111;7;-100.2;5.6;0;26;26;16.3;8;3;5.3;127;90;1014
2005;4;111;8;-93.3;18.8;125;117;243;18.2;6.7;3;5;110;81;1014
2005;4;111;9;-86.3;32;332;125;456;19.9;7;0;3.3;20;77;1014
2005;4;111;10;-78;45.1;475;185;660;21.7;6.1;0;4;150;65;1014
2005;4;111;11;-65.5;57.7;601;219;820;23.2;5.5;0;5;135;56;1014
2005;4;111;12;-43.3;68.6;620;284;904;24.5;5.7;2;3.6;106;51;1014
2005;4;111;13;0.4;73.8;643;296;939;25.5;5.3;3;2.7;146;45;1014
2005;4;111;14;44.1;68.4;623;281;904;26.1;5.5;2;2.1;138;43;1014
2005;4;111;15;66.1;57.4;574;234;808;26.4;5.6;1;2.9;92;42;1014
2005;4;111;16;78.2;44.8;471;179;650;26.4;6.7;0;3.3;143;45;1014
2005;4;111;17;86.4;31.7;333;120;453;25.8;7.1;0;4.3;78;47;1014
2005;4;111;18;93.4;18.4;124;115;239;24.8;8.1;3;4.8;134;51;1014
2005;4;111;19;100.3;5.3;0;22;22;23.5;11;3;5;132;57;1014
2005;4;111;20;107.4;0;0;0;0;22.7;11.6;3;5.3;80;65;1014
2005;4;111;21;115.5;0;0;0;0;21.9;10.9;3;4.5;118;66;1014
2005;4;111;22;126.1;0;0;0;0;21;10.2;3;4.3;77;67;1014
2005;4;111;23;139.5;0;0;0;0;20.2;10.6;3;3.8;85;75;1014
2005;4;111;24;158.1;0;0;0;0;19.4;10.5;3;3.8;9;80;1014
2005;4;112;1;-179.4;0;0;0;0;18.9;9.8;3;2.9;30;80;1014
2005;4;112;2;-157.4;0;0;0;0;18.4;9.7;3;2.5;133;83;1014
2005;4;112;3;-139.4;0;0;0;0;17.7;9.3;4;3.3;177;85;1014
2005;4;112;4;-126.1;0;0;0;0;17.4;9;4;4;135;86;1014
2005;4;112;5;-115.5;0;0;0;0;17.1;9.4;4;3.8;143;92;1014
2005;4;112;6;-107.4;0;0;0;0;16.8;10.1;4;3.6;82;100;1014
2005;4;112;7;-100.3;5.8;0;26;26;17.3;10.2;4;3.1;142;97;1014
2005;4;112;8;-93.5;19;108;125;233;19.1;9.1;4;4;196;88;1014
2005;4;112;9;-86.5;32.2;275;162;437;20.8;8.7;2;2.7;152;79;1014
2005;4;112;10;-78.3;45.3;427;206;633;22.5;7.1;1;2.5;206;63;1014
2005;4;112;11;-66.1;58;527;255;782;24.1;7.2;2;2.9;169;57;1014
2005;4;112;12;-43.5;68.9;577;313;890;25.4;7.1;3;3.1;164;52;1014
2005;4;112;13;0.5;74.1;639;300;939;26.5;6.5;2;2.9;206;46;1014
2005;4;112;14;44.5;68.6;647;266;913;27.1;7.2;2;2.7;209;46;1014
2005;4;112;15;66.4;57.6;624;202;826;27.6;6.9;0;2.5;287;43;1014
2005;4;112;16;78.4;44.9;511;156;668;27.6;7.3;0;3.1;293;43;1014
2005;4;112;17;87.1;31.8;359;109;468;27;7.3;0;2.9;242;43;1014
2005;4;112;18;94.1;18.5;128;121;249;26.1;8.2;3;2.3;231;47;1014
2005;4;112;19;100.5;5.4;0;25;25;24.8;10;3;2.5;251;50;1014
2005;4;112;20;107.5;0;0;0;0;23.9;10.6;3;2.9;192;56;1014
2005;4;112;21;116.1;0;0;0;0;23.1;10.1;3;3.1;221;58;1014
2005;4;112;22;126.3;0;0;0;0;22.2;9.4;3;2.5;192;59;1014
2005;4;112;23;140.1;0;0;0;0;21.4;9.1;3;2.3;243;62;1014
2005;4;112;24;158.2;0;0;0;0;20.5;9.1;3;1.3;251;67;1014
2005;4;113;1;-179.3;0;0;0;0;19.9;9.2;3;1;282;72;1014
2005;4;113;2;-157.5;0;0;0;0;19.1;9;3;0.9;216;75;1014
2005;4;113;3;-139.5;0;0;0;0;18.5;8.8;3;0.8;260;79;1014
2005;4;113;4;-126.2;0;0;0;0;18;9;3;1.7;324;83;1014
2005;4;113;5;-116.1;0;0;0;0;17.6;8.7;3;2.5;309;84;1014
2005;4;113;6;-107.6;0;0;0;0;17.3;8.5;3;3.3;320;85;1014
2005;4;113;7;-100.5;6;0;28;28;17.7;8.9;3;4.5;311;85;1014
2005;4;113;8;-94.1;19.2;120;123;243;19.5;8.1;3;6.8;301;80;1014
2005;4;113;9;-87.1;32.4;336;125;462;21.3;8;0;7;291;74;1014
2005;4;113;10;-78.5;45.5;452;196;649;22.9;7.4;0;7.9;322;63;1014
2005;4;113;11;-66.4;58.2;520;272;792;24.4;7.5;3;7.6;319;57;1014
2005;4;113;12;-44.2;69.2;592;305;897;25.6;7.8;3;7;325;54;1014
2005;4;113;13;1;74.4;598;328;926;26.6;8.6;3;6.8;335;53;1014
2005;4;113;14;45.4;68.9;630;278;908;27.2;9.2;2;5.7;286;53;1013
2005;4;113;15;67.2;57.7;577;233;811;27.5;9.1;1;7.9;201;51;1013
2005;4;113;16;79.1;45;487;172;659;27.5;10.1;0;5.7;276;54;1012
2005;4;113;17;87.3;31.9;344;118;462;26.9;10;0;5.7;212;54;1012
2005;4;113;18;94.3;18.6;142;117;259;26;11.4;2;5.3;95;62;1012
2005;4;113;19;101.1;5.5;0;29;29;24.7;13.6;2;5.7;56;70;1011
2005;4;113;20;108.1;0;0;0;0;24.1;13.7;3;5.7;84;72;1011
2005;4;113;21;116.3;0;0;0;0;23.5;14;3;7;140;76;1010
2005;4;113;22;126.5;0;0;0;0;23;14.3;4;7.6;129;79;1010
2005;4;113;23;140.3;0;0;0;0;22.4;14.2;4;7;105;80;1010
2005;4;113;24;158.4;0;0;0;0;21.8;13.9;5;5;26;81;1009
2005;4;114;1;-179.3;0;0;0;0;21.6;13.4;5;4.8;41;77;1009
2005;4;114;2;-157.5;0;0;0;0;21.3;14;5;4.8;317;80;1008
2005;4;114;3;-140.1;0;0;0;0;21.1;14.7;6;5;10;85;1008
2005;4;114;4;-126.4;0;0;0;0;20.9;15.1;6;4;336;86;1007
2005;4;114;5;-116.2;0;0;0;0;20.7;16.4;7;3.3;333;94;1007
2005;4;114;6;-108.1;0;0;0;0;20.6;16.9;7;2.7;8;96;1007
2005;4;114;7;-101.1;6.2;0;9;9;20.7;17.3;8;3.6;61;96;1006
2005;4;114;8;-94.3;19.3;0;66;66;21.1;17.5;8;2.3;342;96;1006
2005;4;114;9;-87.3;32.6;0;117;117;21.6;17.6;8;3.3;323;95;1005
2005;4;114;10;-79.1;45.7;2;190;192;22.1;17.2;8;1.8;347;91;1005
2005;4;114;11;-67.1;58.4;1;207;208;22.5;17.4;8;2.1;2;88;1005
2005;4;114;12;-44.5;69.5;3;272;275;22.8;17.2;8;2.5;355;87;1004
2005;4;114;13;1.2;74.8;5;222;227;23;18.1;8;3.1;6;88;1004
2005;4;114;14;46.2;69.1;4;193;196;22.9;18.7;8;4;353;92;1004
2005;4;114;15;67.5;57.9;0;159;159;22.8;19.1;8;4.3;327;94;1004
2005;4;114;16;79.4;45.1;0;143;143;22.7;18.7;8;4;6;92;1004
2005;4;114;17;87.5;32;0;120;120;22.4;18.1;8;4.3;18;93;1004
2005;4;114;18;94.5;18.7;0;72;72;22.1;18.4;8;4.8;87;98;1004
2005;4;114;19;101.3;5.6;0;6;6;22.1;19.2;8;4.3;28;96;1004
2005;4;114;20;108.3;0;0;0;0;21.8;19.1;8;2.9;30;98;1004
2005;4;114;21;116.5;0;0;0;0;21.3;18.6;8;2.7;4;98;1004
2005;4;114;22;127.1;0;0;0;0;20;17.2;8;3.1;75;99;1004
2005;4;114;23;140.5;0;0;0;0;20.8;18.2;8;4;6;99;1004
2005;4;114;24;158.5;0;0;0;0;20.3;17.6;8;5;66;99;1004
2005;4;115;1;-179.3;0;0;0;0;21.6;17.8;8;4.3;43;89;1004
2005;4;115;2;-158;0;0;0;0;20.4;17.7;8;3.1;64;99;1004
2005;4;115;3;-140.2;0;0;0;0;21.7;18.6;8;3.1;147;93;1004
2005;4;115;4;-126.5;0;0;0;0;21.3;18.7;8;2.5;63;98;1004
2005;4;115;5;-116.4;0;0;0;0;21.6;19;8;2.7;23;97;1004
2005;4;115;6;-108.3;0;0;0;0;21.9;18.2;8;2.5;119;89;1004
2005;4;115;7;-101.2;6.4;0;6;6;22;18.3;8;3.6;201;89;1004
2005;4;115;8;-94.5;19.5;0;57;57;22.5;17.8;8;4;146;85;1004
2005;4;115;9;-87.5;32.8;0;111;111;23.1;17.9;8;3.6;138;84;1004
2005;4;115;10;-79.4;45.9;0;151;151;23.5;18.3;8;3.1;111;84;1004
2005;4;115;11;-67.4;58.6;2;248;250;24.2;17.9;8;3.6;67;82;1004
2005;4;115;12;-45.2;69.8;6;256;261;24.6;18.2;8;3.3;160;80;1004
2005;4;115;13;1.3;75.1;5;225;230;24.9;17.4;8;3.1;151;71;1004
2005;4;115;14;47;69.3;6;265;271;25.1;18.7;8;3.1;135;80;1004
2005;4;115;15;68.3;58;2;242;244;25.4;16.2;8;1.8;220;64;1005
2005;4;115;16;80;45.2;0;152;152;25.3;15.7;8;1.4;219;59;1005
2005;4;115;17;88.1;32.1;0;84;84;25.1;15.9;8;1.5;247;59;1006
2005;4;115;18;95.1;18.8;0;51;51;24.6;18.4;8;1.8;186;74;1006
2005;4;115;19;101.5;5.7;0;4;4;24.5;19.9;7;3.1;145;80;1006
2005;4;115;20;108.5;0;0;0;0;24.1;19;7;2.5;113;80;1007
2005;4;115;21;117.1;0;0;0;0;23.7;18.1;6;2.1;113;80;1007
2005;4;115;22;127.3;0;0;0;0;23.2;17.2;6;2.3;24;80;1008
2005;4;115;23;141.1;0;0;0;0;22.8;16.3;5;1.4;37;80;1008
2005;4;115;24;159;0;0;0;0;22.4;15.4;5;2.3;31;80;1009
2005;4;116;1;-179.2;0;0;0;0;21.2;13.6;4;4.8;80;80;1009
2005;4;116;2;-158.1;0;0;0;0;19.9;11.7;3;4.5;136;80;1010
2005;4;116;3;-140.3;0;0;0;0;19.2;10.5;3;4.3;52;80;1010
2005;4;116;4;-127.1;0;0;0;0;18.5;9.3;2;4.5;76;80;1010
2005;4;116;5;-116.5;0;0;0;0;18;6.7;2;4.8;57;71;1011
2005;4;116;6;-108.4;0;0;0;0;17.9;6.8;1;4;97;75;1011
2005;4;116;7;-101.4;6.6;38;36;73;18.5;6.6;1;4.5;92;72;1012
2005;4;116;8;-95;19.7;186;85;270;19.6;5.6;0;5.3;109;68;1012
2005;4;116;9;-88.1;32.9;396;102;498;21.2;5.5;0;5.3;142;64;1013
2005;4;116;10;-79.6;46.1;569;132;701;22.8;3.6;0;5.3;91;50;1013
2005;4;116;11;-68.1;58.9;679;175;854;24.3;4;0;6.1;63;46;1014
2005;4;116;12;-45.5;70.1;744;207;951;25.6;4.3;0;5.3;347;43;1014
2005;4;116;13;1.4;75.4;764;220;983;26.6;4;0;5;4;38;1014
2005;4;116;14;47.4;69.5;744;204;948;27.2;4.7;0;4.5;40;38;1014
2005;4;116;15;69;58.1;679;170;849;27.6;5.4;0;4.3;37;39;1014
2005;4;116;16;80.3;45.4;564;127;691;27.7;6.8;0;5;359;42;1014
2005;4;116;17;88.4;32.2;382;102;484;27.2;8;0;6.1;340;46;1014
2005;4;116;18;95.3;18.9;137;121;258;26.3;9.4;3;6.1;331;51;1014
2005;4;116;19;102;5.9;0;26;26;25.1;11.4;4;5.7;48;54;1014
2005;4;116;20;109.1;0;0;0;0;24.2;11.9;4;5.7;18;60;1013
2005;4;116;21;117.3;0;0;0;0;23.3;11.7;4;6.5;104;63;1013
2005;4;116;22;127.5;0;0;0;0;22.4;11.3;4;6.5;140;66;1013
2005;4;116;23;141.2;0;0;0;0;21.5;11.8;5;6.8;106;74;1013
2005;4;116;24;159.2;0;0;0;0;20.7;11.2;5;5.7;8;76;1013
2005;4;117;1;-179.2;0;0;0;0;20.3;11.1;5;6.8;135;77;1013
2005;4;117;2;-158.1;0;0;0;0;20;10.6;6;5.7;166;76;1013
2005;4;117;3;-140.4;0;0;0;0;19.8;11.1;6;3.8;143;80;1012
2005;4;117;4;-127.2;0;0;0;0;19.7;11.7;6;4.3;150;85;1012
2005;4;117;5;-117.1;0;0;0;0;19.6;11.5;7;3.6;133;84;1012
2005;4;117;6;-108.6;0;0;0;0;19.6;12.9;7;3.3;200;93;1012
2005;4;117;7;-101.6;6.8;7;46;53;20.1;13.7;7;5;231;94;1012
2005;4;117;8;-95.2;19.9;28;148;176;21.1;13;7;4;238;86;1012
2005;4;117;9;-88.3;33.1;50;266;316;22.3;12.8;8;5;216;80;1012
2005;4;117;10;-80.2;46.3;71;345;416;23.4;13;8;6.1;193;74;1011
2005;4;117;11;-68.4;59.1;216;403;618;24.9;11.6;6;5;247;65;1011
2005;4;117;12;-46.2;70.4;477;343;820;26.5;10.5;4;4.3;250;58;1011
2005;4;117;13;1.5;75.7;224;457;680;27.3;12.6;7;3.6;266;56;1011
2005;4;117;14;48.3;69.7;137;490;626;27.9;13;7;3.1;171;54;1011
2005;4;117;15;69.4;58.3;177;406;583;28.2;11.8;7;3.6;225;48;1011
2005;4;117;16;80.6;45.5;525;203;728;28.9;7.8;0;4.5;132;43;1011
2005;4;117;17;88.6;32.3;311;161;472;28.9;9.4;0;4.8;193;44;1011
2005;4;117;18;95.5;19;102;127;229;28.2;10.4;4;4.8;209;44;1012
2005;4;117;19;102.2;6;0;29;29;27.1;11.4;4;6.1;185;47;1012
2005;4;117;20;109.3;0;0;0;0;26.1;11.7;3;4.8;177;53;1012
2005;4;117;21;117.4;0;0;0;0;25;10.2;3;4.5;127;51;1012
2005;4;117;22;128.1;0;0;0;0;23.9;9.6;3;4.3;246;54;1012
2005;4;117;23;141.4;0;0;0;0;22.8;8.7;3;5;202;55;1012
2005;4;117;24;159.3;0;0;0;0;21.8;7.8;2;4.5;34;57;1012
2005;4;118;1;-179.1;0;0;0;0;20.7;7;2;3.6;150;59;1012
2005;4;118;2;-158.2;0;0;0;0;19.5;6.1;2;3.3;135;61;1013
2005;4;118;3;-140.5;0;0;0;0;18.9;6.4;1;3.3;167;66;1013
2005;4;118;4;-127.3;0;0;0;0;18.3;7.1;1;3.3;220;73;1013
2005;4;118;5;-117.2;0;0;0;0;17.9;6.6;1;3.3;142;73;1013
2005;4;118;6;-109.1;0;0;0;0;17.8;6.7;1;1.4;76;75;1013
2005;4;118;7;-102.1;7;34;39;73;18.4;6.4;0;1.7;106;69;1013
2005;4;118;8;-95.4;20.1;178;86;264;19.6;5.9;0;1.9;168;68;1013
2005;4;118;9;-88.5;33.3;340;132;472;21.2;5.7;0;3.6;157;62;1013
2005;4;118;10;-80.5;46.5;488;184;672;22.8;4.9;0;3.6;260;54;1013
2005;4;118;11;-69.1;59.3;566;251;817;24.2;5.5;0;2.7;204;51;1014
2005;4;118;12;-46.6;70.6;667;261;928;25.5;5.4;0;2.9;120;46;1014
2005;4;118;13;2.1;76;681;278;959;26.6;5.9;0;4;21;44;1014
2005;4;118;14;49.1;69.9;656;265;921;27.2;6.1;0;4.3;66;42;1014
2005;4;118;15;70.1;58.4;539;266;805;27.6;6.1;1;3.3;8;39;1014
2005;4;118;16;81.2;45.6;452;195;648;27.7;6.5;0;4;40;39;1014
2005;4;118;17;89.2;32.4;327;130;457;27.2;6.9;0;3.6;27;41;1014
2005;4;118;18;96.1;19.1;123;121;244;26.4;7.9;2;4;68;43;1014
2005;4;118;19;102.4;6.1;0;27;27;25.2;9.9;2;4.8;5;47;1014
2005;4;118;20;109.5;0;0;0;0;23.9;11;1;6.1;4;57;1014
2005;4;118;21;118;0;0;0;0;22.7;10.4;1;6.8;25;62;1014
2005;4;118;22;128.2;0;0;0;0;21.4;9.6;1;6.5;17;65;1014
2005;4;118;23;141.6;0;0;0;0;20.2;9.3;1;3.6;351;71;1014
2005;4;118;24;159.4;0;0;0;0;18.9;8.9;1;3.3;354;77;1014
2005;4;119;1;-179.1;0;0;0;0;18.1;8.1;1;3.6;24;79;1014
2005;4;119;2;-158.2;0;0;0;0;17.1;7.9;1;4;9;86;1014
2005;4;119;3;-141;0;0;0;0;16.5;7.6;1;4.5;14;88;1014
2005;4;119;4;-127.5;0;0;0;0;16;7.4;0;4.3;49;92;1014
2005;4;119;5;-117.4;0;0;0;0;15.6;6.9;0;3.6;341;92;1014
2005;4;119;6;-109.3;0;0;0;0;15.6;7.7;0;2.3;337;99;1014
2005;4;119;7;-102.3;7.2;35;41;76;16.3;8.5;0;2.5;318;100;1014
2005;4;119;8;-95.6;20.2;162;96;258;17.6;7.4;0;3.1;353;90;1014
2005;4;119;9;-89.1;33.5;307;153;460;19.2;6.9;0;2.1;345;81;1014
2005;4;119;10;-81.1;46.6;452;211;662;20.8;6.1;0;1.9;360;69;1014
2005;4;119;11;-69.4;59.5;532;273;805;22.3;5.8;2;1.4;32;61;1014
2005;4;119;12;-47.3;70.9;568;327;894;23.6;6;3;1.8;146;55;1014
2005;4;119;13;2.2;76.4;592;338;930;24.6;5.7;3;1.9;119;50;1014
2005;4;119;14;49.5;70.1;547;335;881;25.3;6.1;3;1.2;206;48;1014
2005;4;119;15;70.4;58.5;477;295;772;25.6;6.5;3;1.2;181;47;1014
2005;4;119;16;81.5;45.7;388;227;615;25.7;6.8;2;1.7;173;46;1014
2005;4;119;17;89.4;32.5;262;171;432;25.2;5.9;1;1.9;156;43;1014
2005;4;119;18;96.2;19.2;96;131;227;24.4;7.4;4;1.9;217;47;1014
2005;4;119;19;102.6;6.2;0;26;26;23.2;9.2;4;2.3;203;52;1014
2005;4;119;20;110;0;0;0;0;22;10;3;2.1;171;62;1014
2005;4;119;21;118.2;0;0;0;0;20.9;9.5;3;1.9;167;67;1014
2005;4;119;22;128.4;0;0;0;0;19.7;7.9;3;2.3;205;66;1014
2005;4;119;23;142.1;0;0;0;0;18.6;6.5;2;1.9;172;66;1014
2005;4;119;24;159.5;0;0;0;0;17.3;6.1;2;2.9;153;72;1014
2005;4;120;1;-179.1;0;0;0;0;16.3;6.2;2;4.5;105;80;1014
2005;4;120;2;-158.3;0;0;0;0;15.3;5.5;2;5.3;124;85;1014
2005;4;120;3;-141.2;0;0;0;0;14.7;4;1;4.5;136;81;1014
2005;4;120;4;-128;0;0;0;0;14.1;2.9;1;4.5;113;79;1014
2005;4;120;5;-117.5;0;0;0;0;13.7;2.8;1;3.3;152;82;1014
2005;4;120;6;-109.4;0;0;0;0;13.6;1.7;1;2.7;124;77;1014
2005;4;120;7;-102.4;7.3;46;39;84;14.3;2.7;0;3.1;137;79;1015
2005;4;120;8;-96.1;20.4;214;72;286;15.9;2.4;0;3.3;204;75;1015
2005;4;120;9;-89.3;33.6;408;102;510;17.7;2.2;0;3.6;142;67;1015
2005;4;120;10;-81.3;46.8;595;121;717;19.4;1.1;0;4;132;55;1015
2005;4;120;11;-70.1;59.7;720;154;874;21;1.5;0;3.3;246;51;1015
2005;4;120;12;-48;71.1;803;172;975;22.4;1.7;0;3.6;254;47;1015
2005;4;120;13;2.3;76.7;813;191;1004;23.5;2.2;0;3.6;329;44;1015
2005;4;120;14;50.4;70.3;789;177;966;24.3;2.5;0;3.1;334;42;1015
2005;4;120;15;71.1;58.7;713;151;864;24.7;2.8;0;2.7;223;41;1015
2005;4;120;16;82.1;45.8;588;116;704;24.7;2.7;0;2.1;243;40;1014
2005;4;120;17;90;32.5;394;98;493;24.2;3.4;0;2.5;221;41;1014
2005;4;120;18;96.4;19.3;143;122;266;23.3;4.1;3;2.3;206;44;1014
2005;4;120;19;103.2;6.3;0;28;28;21.9;6.8;3;2.9;210;49;1014
2005;4;120;20;110.2;0;0;0;0;21.3;7.5;3;2.9;227;55;1014
2005;4;120;21;118.4;0;0;0;0;20.7;7.9;2;2.5;286;61;1014
2005;4;120;22;128.6;0;0;0;0;20.1;7.8;2;1.9;283;64;1014
2005;4;120;23;142.3;0;0;0;0;19.5;7.9;2;2.7;178;69;1014
2005;4;120;24;160;0;0;0;0;18.9;8.4;2;3.6;153;76;1013
2005;5;121;1;-179.1;0;0;0;0;18.8;8.6;4;4.1;108;72;1013
2005;5;121;2;-158.4;0;0;0;0;18.7;8.9;4;2.7;220;74;1013
2005;5;121;3;-141.3;0;0;0;0;18.6;9.1;4;1.6;208;76;1013
2005;5;121;4;-128.2;0;0;0;0;18.7;9.4;4;1.2;207;78;1013
2005;5;121;5;-118.1;0;0;0;0;18.6;10.5;4;1;304;85;1013
2005;5;121;6;-109.6;0;0;0;0;18.6;10.4;4;1.4;273;84;1013
2005;5;121;7;-102.6;7.5;10;51;61;19.1;10.2;4;2.3;202;79;1012
2005;5;121;8;-96.3;20.5;112;124;236;20.3;9.4;4;2;289;78;1012
2005;5;121;9;-89.5;33.8;163;226;389;21.6;9.3;5;2.9;165;71;1012
2005;5;121;10;-81.5;47;162;355;518;22.8;9.8;7;4.1;100;67;1012
2005;5;121;11;-70.3;59.8;315;380;695;24.1;9.1;5;5.5;90;60;1012
2005;5;121;12;-48.4;71.4;460;355;815;25.4;9.4;4;5.5;196;58;1012
2005;5;121;13;2.4;77;559;379;937;26.6;9;4;4.3;218;55;1012
2005;5;121;14;51.2;70.5;353;411;764;27.1;10.5;5;4.3;145;53;1011
2005;5;121;15;71.5;58.8;456;312;768;27.7;9.5;4;6.1;96;50;1011
2005;5;121;16;82.4;45.9;124;340;465;27.5;12.5;7;4.3;236;53;1011
2005;5;121;17;90.2;32.6;54;246;300;26.9;13.1;8;5.2;305;54;1011
2005;5;121;18;97;19.4;5;123;127;26.1;14;4;3.6;249;54;1011
2005;5;121;19;103.3;6.4;3;37;40;25.2;14.4;4;3.4;181;60;1011
2005;5;121;20;110.4;0;0;0;0;24.4;16;5;2.5;217;73;1010
2005;5;121;21;118.5;0;0;0;0;24.1;16;5;2.2;286;74;1010
2005;5;121;22;129.1;0;0;0;0;23.9;16.5;5;2.9;238;78;1010
2005;5;121;23;142.4;0;0;0;0;23.6;16.6;5;3.1;129;80;1010
2005;5;121;24;160.1;0;0;0;0;23.4;16.6;6;3.6;139;81;1010
2005;5;122;1;-179;0;0;0;0;23.2;16.5;6;3.9;53;82;1009
2005;5;122;2;-158.4;0;0;0;0;22.9;16;6;4.3;105;80;1009
2005;5;122;3;-141.4;0;0;0;0;22.8;15.8;7;3.9;54;80;1009
2005;5;122;4;-128.3;0;0;0;0;22.6;16.4;7;3.1;89;84;1009
2005;5;122;5;-118.2;0;0;0;0;22.5;17.2;7;2.3;186;90;1009
2005;5;122;6;-110.1;0;0;0;0;22.5;18.6;7;2.2;124;100;1009
2005;5;122;7;-103.1;7.7;0;37;37;22;17.8;8;2.7;114;98;1008
2005;5;122;8;-96.5;20.7;0;118;118;23.1;18.6;8;3.9;24;98;1008
2005;5;122;9;-90.1;33.9;8;223;232;24.1;18.6;8;4.5;78;96;1008
2005;5;122;10;-82.2;47.1;7;259;266;24.8;18.7;8;4.1;184;87;1008
2005;5;122;11;-71;60;13;326;339;25.4;18.9;8;3.1;186;86;1008
2005;5;122;12;-49.1;71.6;29;398;427;26.1;18.5;8;3.4;178;82;1007
2005;5;122;13;2.6;77.3;30;458;487;26.7;18.4;8;2.5;168;81;1007
2005;5;122;14;52;70.7;58;426;484;27.2;17;8;1.6;181;69;1007
2005;5;122;15;72.2;58.9;29;397;426;27.5;17.5;8;0.9;178;69;1008
2005;5;122;16;83;46;47;325;372;27.6;19.2;8;0.9;177;81;1008
2005;5;122;17;90.4;32.7;36;248;284;27.5;19;8;0.9;90;81;1008
2005;5;122;18;97.2;19.5;70;131;201;27.4;16.1;5;1.3;59;68;1008
2005;5;122;19;103.5;6.5;24;51;75;26.9;15.1;5;0.8;33;69;1009
2005;5;122;20;110.5;0;0;0;0;26.4;15.6;5;0.6;70;75;1009
2005;5;122;21;119.1;0;0;0;0;25.7;15.3;5;0.6;135;77;1009
2005;5;122;22;129.3;0;0;0;0;25;14.6;5;1;117;77;1009
2005;5;122;23;142.6;0;0;0;0;24.4;14.4;5;0.7;196;80;1009
2005;5;122;24;160.2;0;0;0;0;23.7;14;4;1.2;305;82;1010
2005;5;123;1;-179;0;0;0;0;23.1;13.8;4;1.4;262;84;1010
2005;5;123;2;-158.5;0;0;0;0;22.4;13.3;4;1.8;323;86;1010
2005;5;123;3;-141.5;0;0;0;0;22.1;13.4;4;1.8;255;89;1010
2005;5;123;4;-128.4;0;0;0;0;21.7;12.6;4;1.8;260;86;1011
2005;5;123;5;-118.4;0;0;0;0;21.4;12;3;2;223;83;1011
2005;5;123;6;-110.3;0;0;0;0;21.4;12;3;1.6;157;84;1011
2005;5;123;7;-103.3;7.8;35;47;82;22;12.8;3;0.9;169;84;1011
2005;5;123;8;-97;20.9;171;102;273;23.3;11.7;3;0.6;252;78;1011
2005;5;123;9;-90.3;34.1;285;179;464;24.7;11.4;4;0.5;295;71;1012
2005;5;123;10;-82.4;47.3;390;245;635;26.1;10.9;4;0.3;290;62;1012
2005;5;123;11;-71.3;60.2;439;305;745;27.2;11.6;4;0.7;256;59;1012
2005;5;123;12;-49.5;71.9;477;347;824;28.4;12;5;0.9;288;56;1012
2005;5;123;13;3.1;77.6;401;404;805;29.2;12.5;5;0.9;303;52;1013
2005;5;123;14;52.5;70.9;437;350;787;29.8;12.3;5;1;293;49;1012
2005;5;123;15;72.5;59;378;338;716;30.1;11.7;5;1.3;253;46;1012
2005;5;123;16;83.3;46.1;268;296;564;30.1;12.2;5;0.4;307;46;1012
2005;5;123;17;91;32.8;234;187;421;29.7;12.8;4;0.5;282;49;1012
2005;5;123;18;97.4;19.6;122;108;229;29;13;4;0.5;220;50;1012
2005;5;123;19;104.1;6.6;30;35;65;27.9;13.9;5;0.5;97;53;1012
2005;5;123;20;111.1;0;0;0;0;26.9;14.4;5;0.3;185;60;1011
2005;5;123;21;119.3;0;0;0;0;26.2;15.1;5;0.5;98;66;1011
2005;5;123;22;129.5;0;0;0;0;25.5;14.5;5;0.6;335;66;1011
2005;5;123;23;143.1;0;0;0;0;24.8;14.1;5;0.7;28;67;1011
2005;5;123;24;160.3;0;0;0;0;24;14.2;6;0.9;340;71;1011
2005;5;124;1;-178.6;0;0;0;0;23.6;15.3;6;1.6;346;79;1010
2005;5;124;2;-158.5;0;0;0;0;23.1;14.8;6;1.8;4;78;1010
2005;5;124;3;-141.6;0;0;0;0;22.9;14.4;6;1.4;348;76;1010
2005;5;124;4;-128.5;0;0;0;0;22.7;14.7;7;1.6;347;79;1010
2005;5;124;5;-118.5;0;0;0;0;22.5;14.1;7;2;3;75;1010
2005;5;124;6;-110.4;0;0;0;0;22.5;13.7;7;2.7;341;72;1010
2005;5;124;7;-103.5;8;2;46;48;22.8;14.2;7;2.5;3;72;1009
2005;5;124;8;-97.2;21;32;157;189;23.2;14.9;8;2.5;346;85;1009
2005;5;124;9;-90.4;34.2;71;277;348;24.5;14.9;8;2.5;322;81;1009
2005;5;124;10;-83;47.4;81;355;436;25.5;16.3;8;3.9;14;81;1009
2005;5;124;11;-72;60.4;181;416;597;26.6;13.3;7;3.6;349;63;1009
2005;5;124;12;-50.2;72.1;102;449;551;27;17.1;8;2.3;320;75;1009
2005;5;124;13;3.2;77.9;134;472;605;27.7;14.5;7;2.3;352;59;1008
2005;5;124;14;53.3;71.1;75;433;508;28;18;8;2.7;329;72;1008
2005;5;124;15;73.2;59.1;85;404;489;28.2;15.2;8;2.3;22;58;1009
2005;5;124;16;83.5;46.1;13;270;284;27.9;16.8;8;2.2;56;59;1009
2005;5;124;17;91.2;32.9;7;209;216;27.5;16.7;8;2.3;72;61;1009
2005;5;124;18;97.6;19.7;0;91;91;26.9;18.2;8;2.3;160;65;1009
2005;5;124;19;104.2;6.7;0;8;8;26.3;20.5;7;3.1;199;70;1009
2005;5;124;20;111.3;0;0;0;0;25.8;19.5;7;2.7;126;71;1009
2005;5;124;21;119.4;0;0;0;0;25.2;18.7;6;2.2;293;73;1009
2005;5;124;22;130;0;0;0;0;24.7;18;6;1.3;265;75;1009
2005;5;124;23;143.3;0;0;0;0;24.2;17.3;5;1.4;227;78;1009
2005;5;124;24;160.4;0;0;0;0;23.7;16;5;1;254;77;1010
2005;5;125;1;-178.6;0;0;0;0;23.3;15.4;4;1;237;80;1010
2005;5;125;2;-158.6;0;0;0;0;22.8;14.4;3;0.8;283;80;1010
2005;5;125;3;-142.1;0;0;0;0;22.6;14.1;3;0.7;307;83;1010
2005;5;125;4;-129.1;0;0;0;0;22.3;13.3;2;0.4;314;83;1010
2005;5;125;5;-119;0;0;0;0;22.2;12.1;2;0.7;291;80;1010
2005;5;125;6;-110.6;0;0;0;0;22.1;12.1;1;0.6;283;84;1010
2005;5;125;7;-103.6;8.1;69;36;105;23;12;1;0.7;289;81;1010
2005;5;125;8;-97.4;21.1;284;63;346;24.5;10.3;0;0.5;234;73;1010
2005;5;125;9;-91;34.3;418;114;533;26.1;11.4;0;0.4;98;68;1011
2005;5;125;10;-83.3;47.6;665;162;827;28;9.2;0;0.2;118;56;1011
2005;5;125;11;-72.3;60.5;616;264;880;29.5;10.7;2;0.2;37;51;1011
2005;5;125;12;-51;72.3;86;387;473;29.6;15.8;8;0.3;113;51;1011
2005;5;125;13;3.3;78.1;115;466;581;29.8;15.5;8;0.6;172;53;1011
2005;5;125;14;54.1;71.2;241;435;676;30.2;15.3;6;0.2;226;55;1011
2005;5;125;15;73.5;59.3;113;412;524;30.2;16;7;0.3;196;54;1011
2005;5;125;16;84.2;46.2;22;301;323;29.7;16.2;8;0.6;173;50;1011
2005;5;125;17;91.4;33;87;254;341;29.3;13.9;7;0.8;133;50;1012
2005;5;125;18;98.1;19.8;36;141;177;28.6;14.2;7;0.9;111;50;1012
2005;5;125;19;104.4;6.8;0;35;35;27.6;16.1;7;0.8;100;53;1012
2005;5;125;20;111.4;0;0;0;0;26.7;16.9;6;0.7;92;63;1012
2005;5;125;21;119.6;0;0;0;0;26;15.6;6;0.9;163;62;1012
2005;5;125;22;130.2;0;0;0;0;25.2;14.9;5;0.9;108;64;1012
2005;5;125;23;143.4;0;0;0;0;24.3;14.4;5;1.8;118;68;1012
2005;5;125;24;160.5;0;0;0;0;23.5;14.3;4;2.3;104;74;1013
2005;5;126;1;-178.6;0;0;0;0;22.9;13.7;4;2.5;107;76;1013
2005;5;126;2;-159;0;0;0;0;22.2;12.6;3;1.6;204;76;1013
2005;5;126;3;-142.2;0;0;0;0;21.8;12.7;3;1.2;299;81;1013
2005;5;126;4;-129.2;0;0;0;0;21.5;12.1;2;1;187;81;1013
2005;5;126;5;-119.2;0;0;0;0;21.2;11.5;2;1.8;175;82;1013
2005;5;126;6;-111.1;0;0;0;0;21.2;10.9;1;2.2;259;80;1013
2005;5;126;7;-104.1;8.3;58;39;96;21.9;11.1;1;1.3;249;78;1014
2005;5;126;8;-97.5;21.3;224;75;299;23.3;9.8;0;1.2;188;70;1014
2005;5;126;9;-91.2;34.5;412;105;516;24.9;9.9;0;1.8;114;66;1014
2005;5;126;10;-83.5;47.7;569;144;713;26.5;9.3;0;1.6;173;57;1014
2005;5;126;11;-73;60.7;663;196;859;28.1;10.1;1;1.4;91;54;1014
2005;5;126;12;-51.4;72.5;686;255;941;29.4;9.6;2;1.3;237;46;1014
2005;5;126;13;3.4;78.4;669;292;962;30.5;9.3;3;1.6;285;41;1014
2005;5;126;14;54.5;71.4;672;259;931;31.3;9.5;3;2.7;280;39;1014
2005;5;126;15;74.3;59.4;676;178;854;31.7;9.9;0;3.4;272;39;1014
2005;5;126;16;84.4;46.3;569;132;700;31.8;10.2;0;2.2;275;39;1014
2005;5;126;17;92;33.1;414;89;503;31.4;9.5;0;1.6;294;37;1014
2005;5;126;18;98.3;19.9;213;72;285;30.6;10.5;0;2.3;285;40;1014
2005;5;126;19;104.6;7;37;47;84;29.4;11;0;4.3;290;41;1014
2005;5;126;20;111.6;0;0;0;0;28.1;11.9;1;5.5;287;49;1014
2005;5;126;21;120.1;0;0;0;0;26.9;11.6;1;2.7;269;52;1014
2005;5;126;22;130.3;0;0;0;0;25.9;11.3;1;2.7;288;55;1014
2005;5;126;23;143.5;0;0;0;0;24.8;11.1;1;2;291;60;1014
2005;5;126;24;161;0;0;0;0;23.8;10.8;2;2.5;282;63;1014
2005;5;127;1;-178.5;0;0;0;0;22.9;11.1;2;3.4;272;69;1014
2005;5;127;2;-159.1;0;0;0;0;22;11;2;3.6;286;74;1014
2005;5;127;3;-142.3;0;0;0;0;21.5;10;2;3.4;294;71;1014
2005;5;127;4;-129.3;0;0;0;0;21.1;9.3;3;3.4;274;69;1014
2005;5;127;5;-119.3;0;0;0;0;20.7;9.2;3;2.9;279;70;1014
2005;5;127;6;-111.2;0;0;0;0;20.7;9.1;3;2;282;70;1013
2005;5;127;7;-104.3;8.4;39;45;84;21.3;9.8;3;3.4;281;69;1013
2005;5;127;8;-98.1;21.4;128;122;250;22.4;9.3;4;2.3;292;66;1013
2005;5;127;9;-91.4;34.6;234;204;438;23.6;10;4;2.7;288;67;1013
2005;5;127;10;-84.1;47.8;394;242;636;25;8.8;3;2.9;285;57;1013
2005;5;127;11;-73.3;60.8;492;290;782;26.3;9;3;3.4;289;53;1013
2005;5;127;12;-52.2;72.7;555;315;869;27.4;8.5;3;4.1;290;47;1013
2005;5;127;13;3.6;78.7;549;341;890;28.4;9.4;4;3.1;279;47;1013
2005;5;127;14;55.4;71.6;559;307;866;29;8.9;3;3.9;284;43;1013
2005;5;127;15;74.6;59.5;507;286;793;29.4;8.2;3;2.7;271;39;1013
2005;5;127;16;85;46.4;409;222;631;29.5;9.2;3;3.1;303;40;1013
2005;5;127;17;92.2;33.2;261;184;445;29.1;8.9;3;2.9;292;39;1013
2005;5;127;18;98.5;20;161;94;254;28.4;9.5;0;2.7;291;41;1013
2005;5;127;19;105.1;7.1;37;38;75;27.3;10.3;0;3.4;293;44;1013
2005;5;127;20;112.1;0;0;0;0;26.4;11.3;0;2.9;285;51;1013
2005;5;127;21;120.3;0;0;0;0;25.3;10.9;0;3.1;285;55;1014
2005;5;127;22;130.5;0;0;0;0;24.2;10.1;0;2.9;271;56;1014
2005;5;127;23;144.1;0;0;0;0;23.2;9.7;0;2.2;298;60;1014
2005;5;127;24;161.1;0;0;0;0;22.1;9.7;0;1.6;231;66;1014
2005;5;128;1;-178.5;0;0;0;0;21.4;9.6;0;2;208;70;1014
2005;5;128;2;-159.2;0;0;0;0;20.5;8.6;0;3.1;177;69;1014
2005;5;128;3;-142.4;0;0;0;0;20.1;9.6;0;4.3;133;78;1014
2005;5;128;4;-129.4;0;0;0;0;19.7;8.9;0;2.9;136;77;1014
2005;5;128;5;-119.4;0;0;0;0;19.4;8.7;0;3.4;76;78;1014
2005;5;128;6;-111.4;0;0;0;0;19.3;8.9;0;3.1;102;79;1014
2005;5;128;7;-104.4;8.6;42;51;93;20.1;9.1;0;3.4;95;75;1014
2005;5;128;8;-98.2;21.5;192;99;290;21.4;8.1;0;4.3;58;71;1014
2005;5;128;9;-91.6;34.7;373;131;504;22.9;7.7;0;4.5;38;65;1014
2005;5;128;10;-84.3;48;536;167;703;24.5;7.2;0;4.5;27;57;1014
2005;5;128;11;-73.6;61;649;207;856;25.9;7.4;0;2.9;20;52;1014
2005;5;128;12;-52.6;72.9;748;214;962;27.1;7.1;0;2;343;47;1014
2005;5;128;13;4.1;79;744;242;986;28.2;7;0;2.3;92;42;1014
2005;5;128;14;56.2;71.7;750;207;957;29;7.7;0;2.5;123;42;1014
2005;5;128;15;75.3;59.6;696;166;862;29.4;8.3;0;2;166;42;1014
2005;5;128;16;85.3;46.5;569;132;702;29.5;8.8;0;1.6;219;42;1014
2005;5;128;17;92.4;33.3;387;109;495;29.1;9.5;0;2.2;176;44;1014
2005;5;128;18;99;20.1;191;80;272;28.2;9.9;0;3.1;66;45;1014
2005;5;128;19;105.3;7.2;39;40;79;27;11.3;0;4.1;102;49;1014
2005;5;128;20;112.3;0;0;0;0;26;11.7;0;4.1;230;56;1014
2005;5;128;21;120.4;0;0;0;0;24.9;11;0;4.3;100;58;1014
2005;5;128;22;131;0;0;0;0;23.8;10.7;0;4.8;233;63;1014
2005;5;128;23;144.2;0;0;0;0;22.7;10.4;0;4.5;107;68;1014
2005;5;128;24;161.2;0;0;0;0;21.6;9.6;0;4.1;204;70;1014
2005;5;129;1;-178.5;0;0;0;0;20.7;9.1;0;5.8;156;73;1014
2005;5;129;2;-159.2;0;0;0;0;19.8;8.4;0;4.8;132;75;1015
2005;5;129;3;-142.5;0;0;0;0;19.4;8.8;0;3.1;171;80;1015
2005;5;129;4;-129.6;0;0;0;0;18.9;8.4;0;2.9;203;81;1015
2005;5;129;5;-119.6;0;0;0;0;18.6;8.4;0;3.6;204;83;1015
2005;5;129;6;-111.5;0;0;0;0;18.6;8.7;0;2.7;217;86;1015
2005;5;129;7;-104.6;8.7;59;41;100;19.3;8.7;0;3.1;255;81;1015
2005;5;129;8;-98.4;21.7;231;75;307;20.6;7.8;0;2.3;262;76;1015
2005;5;129;9;-92.2;34.8;432;97;528;22.2;7.5;0;2.3;300;70;1015
2005;5;129;10;-84.5;48.1;583;139;721;23.7;6.5;0;2.5;255;58;1015
2005;5;129;11;-74.3;61.1;702;173;875;25.2;6.5;0;2.7;188;52;1015
2005;5;129;12;-53.3;73.1;765;204;969;26.4;5.5;0;2.7;74;44;1015
2005;5;129;13;4.2;79.3;804;203;1006;27.4;5.8;0;2.9;99;42;1015
2005;5;129;14;57;71.9;795;178;973;28.2;6.2;0;3.1;239;40;1015
2005;5;129;15;75.6;59.7;723;150;873;28.6;6.2;0;3.1;184;38;1015
2005;5;129;16;85.5;46.6;599;115;714;28.7;6.8;0;4.8;251;39;1015
2005;5;129;17;92.6;33.4;426;85;511;28.3;7.6;0;5.5;279;41;1015
2005;5;129;18;99.2;20.2;230;61;290;27.4;8.2;0;4.5;120;44;1015
2005;5;129;19;105.4;7.3;48;39;87;26.3;9.5;0;3.9;188;47;1015
2005;5;129;20;112.4;0;0;0;0;25.2;10.6;0;3.4;323;57;1015
2005;5;129;21;120.6;0;0;0;0;24;10.2;0;3.1;225;61;1015
2005;5;129;22;131.1;0;0;0;0;22.9;9.5;0;3.1;309;63;1015
2005;5;129;23;144.3;0;0;0;0;21.7;7.9;0;2.5;270;62;1015
2005;5;129;24;161.3;0;0;0;0;20.6;7.4;0;1.6;295;65;1015
2005;5;130;1;-178.5;0;0;0;0;19.7;7.5;0;2;212;70;1015
2005;5;130;2;-159.3;0;0;0;0;18.8;6.4;0;2;276;70;1015
2005;5;130;3;-143;0;0;0;0;18.4;5.9;0;3.9;221;70;1014
2005;5;130;4;-130.1;0;0;0;0;17.9;5.9;0;3.4;272;73;1014
2005;5;130;5;-120.1;0;0;0;0;17.5;6.2;0;2;187;76;1014
2005;5;130;6;-112;0;0;0;0;17.4;5.4;0;1.6;214;72;1014
2005;5;130;7;-105.1;8.8;45;52;97;18.2;5.8;0;2.2;251;69;1014
2005;5;130;8;-98.5;21.8;206;90;296;19.5;4.5;0;2;292;63;1014
2005;5;130;9;-92.3;35;386;126;512;21;4.6;0;2.7;237;60;1014
2005;5;130;10;-85.2;48.2;543;164;707;22.5;4.1;0;2.9;174;53;1014
2005;5;130;11;-74.6;61.2;636;217;853;23.9;4;0;3.6;300;47;1014
2005;5;130;12;-54.1;73.3;717;236;953;25.1;4.6;0;3.1;297;45;1014
2005;5;130;13;4.3;79.5;751;238;989;26.1;5.1;0;3.4;247;44;1014
2005;5;130;14;57.4;72.1;745;211;956;26.6;5.1;0;2.5;182;42;1014
2005;5;130;15;76.2;59.8;670;184;854;27;6.2;0;3.6;123;43;1014
2005;5;130;16;86.1;46.7;555;143;697;27.1;6.7;0;3.6;190;44;1014
2005;5;130;17;93.2;33.5;381;113;494;26.6;7.3;0;3.1;178;45;1014
2005;5;130;18;99.4;20.3;195;80;275;25.9;8.4;0;2.9;77;49;1014
2005;5;130;19;105.6;7.4;44;38;83;24.8;9.8;0;2.2;91;53;1014
2005;5;130;20;112.6;0;0;0;0;23.7;11;0;1.2;35;65;1014
2005;5;130;21;121.1;0;0;0;0;23;10.8;0;1.3;130;68;1014
2005;5;130;22;131.3;0;0;0;0;22.3;10.7;0;1;358;72;1014
2005;5;130;23;144.4;0;0;0;0;21.6;10.9;0;1.4;34;77;1014
2005;5;130;24;161.3;0;0;0;0;20.9;11;1;1.3;53;83;1014
2005;5;131;1;-178.5;0;0;0;0;20.5;10.6;1;0.7;172;82;1014
2005;5;131;2;-159.3;0;0;0;0;20.2;10.4;1;1.3;176;84;1014
2005;5;131;3;-143.1;0;0;0;0;20;10.1;1;0.8;176;82;1014
2005;5;131;4;-130.2;0;0;0;0;19.8;10.1;1;1.8;107;84;1013
2005;5;131;5;-120.2;0;0;0;0;19.7;10.1;1;2.5;94;85;1013
2005;5;131;6;-112.2;0;0;0;0;19.7;10.4;1;2.5;56;87;1013
2005;5;131;7;-105.3;9;54;43;97;20.6;10.8;1;2.7;15;83;1013
2005;5;131;8;-99.1;21.9;163;114;277;21.9;10.3;1;2.7;84;78;1013
2005;5;131;9;-92.5;35.1;356;139;495;23.5;9.5;0;2.7;4;69;1013
2005;5;131;10;-85.4;48.3;413;242;655;25.1;9.6;3;3.1;89;62;1013
2005;5;131;11;-75.3;61.4;470;300;770;26.4;10.1;4;3.6;166;57;1013
2005;5;131;12;-54.5;73.5;532;325;857;27.6;10.1;4;3.9;143;52;1013
2005;5;131;13;4.4;79.8;505;369;874;28.7;11;4;5;77;51;1013
2005;5;131;14;58.3;72.2;442;359;801;29.3;11.3;4;5.2;98;48;1013
2005;5;131;15;76.5;59.9;404;328;733;29.7;10.8;4;5;129;45;1013
2005;5;131;16;86.3;46.8;377;245;623;29.8;10.6;3;4.8;54;44;1013
2005;5;131;17;93.4;33.6;264;186;449;29.5;10.4;3;4.8;47;43;1013
2005;5;131;18;99.5;20.4;175;90;265;28.7;9.6;0;3.6;16;41;1013
2005;5;131;19;106.1;7.5;42;40;82;27.6;10.4;0;3.1;357;43;1013
2005;5;131;20;113.1;0;0;0;0;26.6;10.5;0;3.6;81;48;1014
2005;5;131;21;121.2;0;0;0;0;25.4;10.8;0;3.6;28;54;1014
2005;5;131;22;131.4;0;0;0;0;24.2;10.1;0;3.6;15;57;1014
2005;5;131;23;144.5;0;0;0;0;23;9;0;3.9;32;59;1014
2005;5;131;24;161.4;0;0;0;0;21.8;8.3;0;3.1;336;62;1014
2005;5;132;1;-178.5;0;0;0;0;20.7;8.1;0;2.2;17;68;1014
2005;5;132;2;-159.4;0;0;0;0;19.4;8;0;1.8;348;75;1014
2005;5;132;3;-143.2;0;0;0;0;18.7;7.8;0;1.8;348;79;1014
2005;5;132;4;-130.3;0;0;0;0;18.1;7.7;0;2;348;83;1014
2005;5;132;5;-120.3;0;0;0;0;17.6;7.3;0;1.3;15;85;1014
2005;5;132;6;-112.3;0;0;0;0;17.4;6.2;0;1.2;349;79;1014
2005;5;132;7;-105.4;9.1;65;42;106;18.2;6.4;0;1.6;13;75;1014
2005;5;132;8;-99.2;22;239;74;313;19.3;5;0;2.5;350;69;1015
2005;5;132;9;-93.1;35.2;438;96;534;20.6;5.3;0;2.2;338;67;1015
2005;5;132;10;-85.6;48.4;603;129;732;22;4.9;0;2;68;60;1015
2005;5;132;11;-75.5;61.5;742;150;892;23.2;4.4;0;1;336;53;1015
2005;5;132;12;-55.3;73.7;808;177;985;24.3;5.3;0;0.9;76;53;1015
2005;5;132;13;4.5;80;825;190;1015;25.1;5.8;0;1;89;51;1015
2005;5;132;14;59.1;72.4;792;182;973;25.6;6.2;0;1.6;134;50;1015
2005;5;132;15;77.2;60;723;151;874;25.9;5.5;0;1.6;107;46;1015
2005;5;132;16;86.5;46.9;597;118;715;25.9;5.8;0;2.2;202;46;1015
2005;5;132;17;93.5;33.6;420;90;511;25.5;6.6;0;2;113;49;1015
2005;5;132;18;100.1;20.5;219;69;288;24.7;7;0;3.4;163;50;1015
2005;5;132;19;106.3;7.6;51;37;87;23.6;8.1;0;1.6;187;53;1015
2005;5;132;20;113.2;0;0;0;0;22.5;7.8;0;2.7;182;57;1015
2005;5;132;21;121.4;0;0;0;0;21.7;7.9;0;2.9;107;62;1015
2005;5;132;22;131.5;0;0;0;0;20.8;7.4;0;2.9;79;64;1015
2005;5;132;23;145;0;0;0;0;20;7.2;0;3.6;96;67;1015
2005;5;132;24;161.5;0;0;0;0;19.1;7.2;0;4.5;126;73;1015
2005;5;133;1;-178.5;0;0;0;0;19;7.2;0;3.9;52;74;1015
2005;5;133;2;-159.5;0;0;0;0;18.8;7.4;0;3.1;99;77;1015
2005;5;133;3;-143.3;0;0;0;0;18.7;8;0;4.3;76;81;1015
2005;5;133;4;-130.4;0;0;0;0;18.6;7.8;0;5.5;102;80;1015
2005;5;133;5;-120.5;0;0;0;0;18.6;8.4;0;6.5;105;84;1015
2005;5;133;6;-112.4;0;0;0;0;18.6;9.5;0;6.5;113;92;1015
2005;5;133;7;-105.5;9.2;64;43;107;19.5;10.1;0;5.5;172;89;1015
2005;5;133;8;-99.4;22.1;236;77;313;21.1;9.3;0;5.8;155;82;1015
2005;5;133;9;-93.2;35.3;433;100;533;22.9;8.8;0;4.8;226;72;1015
2005;5;133;10;-86.2;48.5;593;135;729;24.7;8.4;0;5.5;200;62;1015
2005;5;133;11;-76.2;61.6;707;172;879;26.3;9.2;0;4.8;125;59;1015
2005;5;133;12;-56.1;73.8;786;192;978;27.8;9.3;0;5.2;152;53;1015
2005;5;133;13;4.6;80.3;792;212;1004;29;9.7;0;4.1;130;49;1015
2005;5;133;14;59.5;72.5;764;200;964;29.9;10;0;2.9;100;47;1015
2005;5;133;15;77.5;60.1;708;161;869;30.4;9.7;0;3.6;95;43;1015
2005;5;133;16;87.1;47;608;112;720;30.6;9.9;0;2.7;94;43;1015
2005;5;133;17;94.1;33.7;435;83;518;30.2;10.1;0;2.3;76;43;1015
2005;5;133;18;100.2;20.6;230;64;294;29.3;10.7;0;4.8;144;45;1015
2005;5;133;19;106.4;7.7;51;40;92;28;11.5;0;4.8;107;48;1015
2005;5;133;20;113.4;0;0;0;0;26.7;10.6;0;5;197;50;1015
2005;5;133;21;121.5;0;0;0;0;25.8;12.3;0;3.6;187;62;1015
2005;5;133;22;132;0;0;0;0;24.8;11.2;0;3.4;201;62;1015
2005;5;133;23;145.1;0;0;0;0;23.7;10.9;0;3.4;295;66;1015
2005;5;133;24;161.5;0;0;0;0;22.7;9.9;0;3.6;286;67;1015
2005;5;134;1;-178.5;0;0;0;0;21.7;9.6;0;3.9;298;71;1015
2005;5;134;2;-159.5;0;0;0;0;20.7;8.6;0;4.1;280;72;1015
2005;5;134;3;-143.4;0;0;0;0;20.1;8.2;0;3.4;231;74;1015
2005;5;134;4;-130.6;0;0;0;0;19.5;8;0;2.9;116;76;1015
2005;5;134;5;-120.6;0;0;0;0;19.1;8;0;4.1;174;79;1015
2005;5;134;6;-112.6;0;0;0;0;19;7.9;0;4.3;157;79;1015
2005;5;134;7;-106.1;9.3;69;42;111;19.8;8.5;0;3.6;91;77;1015
2005;5;134;8;-99.5;22.2;250;70;320;21.2;8;0;2.5;80;74;1015
2005;5;134;9;-93.4;35.4;450;91;541;22.7;8.3;0;1.8;94;72;1015
2005;5;134;10;-86.4;48.6;614;123;737;24.2;7.5;0;2.7;116;61;1015
2005;5;134;11;-76.5;61.7;688;185;873;25.5;8.3;0;2.9;102;59;1015
2005;5;134;12;-56.6;74;737;225;962;26.6;8.4;0;3.6;276;54;1015
2005;5;134;13;5.1;80.5;753;239;991;27.6;8.2;1;4.8;292;49;1015
2005;5;134;14;60.3;72.6;720;230;950;28.2;8.8;0;4.3;237;48;1015
2005;5;134;15;78.2;60.2;657;194;851;28.6;9.3;0;4.5;162;48;1014
2005;5;134;16;87.3;47.1;545;151;696;28.6;8.8;0;3.9;164;45;1014
2005;5;134;17;94.3;33.8;393;107;500;28.1;8.6;0;4.1;297;44;1014
2005;5;134;18;100.4;20.7;202;81;283;27.2;9.4;0;6.1;279;48;1014
2005;5;134;19;106.5;7.8;47;39;86;26.2;11;0;6.3;299;52;1014
2005;5;134;20;113.5;0;0;0;0;25.1;11.3;0;5.8;235;58;1014
2005;5;134;21;122;0;0;0;0;24.3;12.2;0;6.5;174;67;1014
2005;5;134;22;132.2;0;0;0;0;23.5;11.2;0;8.8;185;66;1014
2005;5;134;23;145.2;0;0;0;0;22.7;10.6;0;8;192;67;1014
2005;5;134;24;162;0;0;0;0;21.9;11.4;0;8.3;122;77;1014
2005;5;135;1;-178.5;0;0;0;0;21.5;10.4;0;8;152;73;1014
2005;5;135;2;-159.6;0;0;0;0;21.2;10.8;0;7.2;26;78;1014
2005;5;135;3;-143.5;0;0;0;0;21;11.4;0;7.8;75;83;1014
2005;5;135;4;-131.1;0;0;0;0;20.8;11.1;0;6.5;29;82;1014
2005;5;135;5;-121.1;0;0;0;0;20.7;12.2;0;7;333;90;1014
2005;5;135;6;-113.1;0;0;0;0;20.7;12.6;0;6.5;346;93;1014
2005;5;135;7;-106.2;9.4;46;52;99;21.5;13.5;0;7.1;329;93;1014
2005;5;135;8;-100.1;22.3;194;99;293;23;11.3;0;8.8;350;78;1014
2005;5;135;9;-93.6;35.5;367;141;508;24.6;11.6;0;8.3;45;75;1014
2005;5;135;10;-86.6;48.7;487;202;689;26.2;11.5;0;8.3;345;67;1014
2005;5;135;11;-77.2;61.8;539;282;821;27.7;12.4;3;7.5;349;64;1014
2005;5;135;12;-57.4;74.1;581;306;888;29;12.4;3;6.8;316;57;1014
2005;5;135;13;5.1;80.8;560;367;927;30.1;13.4;4;6.1;355;57;1014
2005;5;135;14;61.1;72.8;547;344;890;30.9;12.7;4;5;340;50;1014
2005;5;135;15;78.4;60.3;529;267;795;31.3;12.5;2;5.5;332;47;1013
2005;5;135;16;87.5;47.1;418;222;641;31.4;12.6;2;5.5;342;46;1013
2005;5;135;17;94.4;33.9;268;180;447;31;13.6;2;5.2;2;48;1013
2005;5;135;18;100.5;20.8;141;110;251;30.1;14;1;4.8;2;50;1013
2005;5;135;19;107.1;7.9;29;49;77;28.9;15.2;1;6.1;303;54;1013
2005;5;135;20;114;0;0;0;0;27.7;15.4;1;5.2;28;61;1013
2005;5;135;21;122.1;0;0;0;0;26.7;15.6;1;5;28;68;1013
2005;5;135;22;132.3;0;0;0;0;25.9;14.8;1;4.3;121;69;1013
2005;5;135;23;145.3;0;0;0;0;24.9;14.1;1;5;113;70;1013
2005;5;135;24;162.1;0;0;0;0;24;14.4;1;4.3;209;78;1013
2005;5;136;1;-178.5;0;0;0;0;23.2;13.8;1;5.2;284;80;1013
2005;5;136;2;-160;0;0;0;0;22.3;12.8;1;6.1;288;80;1013
2005;5;136;3;-144;0;0;0;0;21.8;11.7;0;5.5;276;77;1013
2005;5;136;4;-131.2;0;0;0;0;21.4;11.5;0;5.5;284;79;1013
2005;5;136;5;-121.2;0;0;0;0;21;11.6;0;5.8;289;82;1013
2005;5;136;6;-113.2;0;0;1;1;21;11.2;0;6.8;255;80;1013
2005;5;136;7;-106.3;9.5;38;59;97;21.7;11;0;6.1;284;74;1013
2005;5;136;8;-100.2;22.4;149;122;271;22.8;10.4;0;6.3;174;70;1013
2005;5;136;9;-94.1;35.5;306;173;479;24.2;9.1;0;5.8;296;61;1013
2005;5;136;10;-87.2;48.8;431;231;662;25.6;8.5;1;7.5;286;54;1013
2005;5;136;11;-77.5;61.9;540;273;812;26.9;8.6;2;7.2;215;51;1013
2005;5;136;12;-58.2;74.3;585;328;913;28.1;8.7;3;9.7;235;47;1013
2005;5;136;13;5.2;81;576;363;939;29.1;9.1;3;8.8;178;44;1013
2005;5;136;14;61.5;72.9;514;342;856;29.7;9.8;3;8.3;316;43;1013
2005;5;136;15;79.1;60.4;440;318;758;30;9.5;3;7.5;112;40;1013
2005;5;136;16;88.1;47.2;286;296;581;29.9;10.9;4;7.8;109;42;1013
2005;5;136;17;94.6;34;236;196;432;29.5;11.2;3;7.5;106;44;1013
2005;5;136;18;101;20.9;127;117;244;28.7;12.2;1;7.8;152;48;1013
2005;5;136;19;107.2;8;31;46;77;27.6;13.3;1;7;197;52;1013
2005;5;136;20;114.1;0;0;0;0;26.6;13.2;2;5.2;88;56;1013
2005;5;136;21;122.2;0;0;0;0;25.8;13.7;2;5.8;110;62;1012
2005;5;136;22;132.4;0;0;0;0;24.9;14.4;3;3.9;123;71;1012
2005;5;136;23;145.4;0;0;0;0;24.1;14.1;3;5;252;74;1012
2005;5;136;24;162.1;0;0;0;0;23.2;13.4;3;5.5;301;75;1012
2005;5;137;1;-178.5;0;0;0;0;22.8;13;4;7.5;286;76;1012
2005;5;137;2;-160.1;0;0;0;0;22.2;12.9;4;6.1;321;79;1012
2005;5;137;3;-144.1;0;0;0;0;22;12.1;5;6.5;180;75;1012
2005;5;137;4;-131.3;0;0;0;0;21.7;11.8;5;5.8;197;75;1012
2005;5;137;5;-121.3;0;0;0;0;21.5;11.7;5;5.2;269;76;1012
2005;5;137;6;-113.3;0;0;0;0;21.5;13;6;4.5;211;84;1012
2005;5;137;7;-106.5;9.6;28;58;87;22.2;13.6;6;5;216;83;1012
2005;5;137;8;-100.4;22.5;57;177;234;23.2;12.8;7;5.5;158;76;1012
2005;5;137;9;-94.3;35.6;128;261;389;24.4;12.7;6;4.8;187;72;1012
2005;5;137;10;-87.4;48.9;263;319;582;25.7;11.2;5;4.3;64;61;1011
2005;5;137;11;-78.1;62;334;373;707;26.9;11.7;5;5.5;72;59;1011
2005;5;137;12;-58.6;74.4;362;411;773;28;11.9;5;5.5;109;54;1011
2005;5;137;13;5.3;81.2;322;449;771;28.8;12.2;6;4.1;97;51;1011
2005;5;137;14;62.3;73.1;280;442;721;29.4;12.5;6;4.5;121;49;1011
2005;5;137;15;79.4;60.5;198;434;632;29.6;13.6;7;4.1;92;51;1011
2005;5;137;16;88.3;47.3;150;372;522;29.6;13.9;7;3.9;195;51;1011
2005;5;137;17;95.1;34.1;92;284;376;29.3;14;7;3.1;206;52;1010
2005;5;137;18;101.2;21;54;163;217;28.6;14.4;7;3.1;151;54;1010
2005;5;137;19;107.3;8.1;23;49;71;27.6;15.2;7;3.6;132;58;1010
2005;5;137;20;114.2;0;0;0;0;26.7;14.9;6;3.6;116;61;1010
2005;5;137;21;122.4;0;0;0;0;26.2;15.3;6;4.3;152;65;1009
2005;5;137;22;132.5;0;0;0;0;25.5;15.4;6;2.3;82;68;1009
2005;5;137;23;145.5;0;0;0;0;24.9;15.1;6;2.2;194;70;1009
2005;5;137;24;162.2;0;0;0;0;24.3;15.6;6;3.1;79;76;1009
2005;5;138;1;-178.5;0;0;0;0;24;15.8;6;1.8;61;79;1008
2005;5;138;2;-160.2;0;0;0;0;23.6;16.4;6;1.8;66;84;1008
2005;5;138;3;-144.2;0;0;0;0;23.4;16.5;6;1;346;86;1008
2005;5;138;4;-131.4;0;0;0;0;23.1;16.5;6;1.2;355;87;1008
2005;5;138;5;-121.4;0;0;0;0;23;17;6;1.6;331;90;1008
2005;5;138;6;-113.4;0;0;0;0;23;16.6;6;1.6;344;87;1007
2005;5;138;7;-106.6;9.7;12;49;61;23.4;17.1;6;1.6;337;86;1007
2005;5;138;8;-100.5;22.6;85;161;246;24.3;14.4;6;1.4;338;81;1007
2005;5;138;9;-94.5;35.7;73;259;332;24.3;15.7;7;3.1;26;85;1007
2005;5;138;10;-87.6;48.9;16;313;329;24.3;17.6;8;3.4;21;89;1006
2005;5;138;11;-78.4;62.1;24;389;412;25.4;18;8;3.9;357;85;1006
2005;5;138;12;-59.4;74.5;16;385;402;26.2;19.3;8;5.2;338;85;1006
2005;5;138;13;5.3;81.5;23;382;405;26.4;19;8;4.8;351;81;1006
2005;5;138;14;63;73.2;4;291;295;26.5;20;8;6.1;340;81;1006
2005;5;138;15;80;60.6;10;273;283;26.1;20.1;8;4.8;33;85;1006
2005;5;138;16;88.5;47.4;0;61;61;26.2;21.9;8;4.1;346;81;1007
2005;5;138;17;95.3;34.2;0;44;44;25.8;21.5;8;3.6;360;81;1007
2005;5;138;18;101.3;21.1;0;26;26;25.2;21.5;8;3.6;329;85;1008
2005;5;138;19;107.4;8.3;0;8;8;24.7;21.2;7;3.1;71;85;1008
2005;5;138;20;114.4;0;0;0;0;24.5;19.8;7;2.7;4;81;1008
2005;5;138;21;122.5;0;0;0;0;24.1;18.9;6;2.5;7;81;1009
2005;5;138;22;132.6;0;0;0;0;21.6;17.5;6;4.3;357;94;1009
2005;5;138;23;146;0;0;0;0;22.6;17.1;5;4.3;0;86;1009
2005;5;138;24;162.2;0;0;0;0;22.4;15.9;5;4.1;315;84;1010
2005;5;139;1;-178.5;0;0;0;0;22;16.2;4;4.1;51;92;1010
2005;5;139;2;-160.2;0;0;0;0;21.4;15.1;3;2.7;24;93;1010
2005;5;139;3;-144.3;0;0;0;0;21.2;14.2;3;2.7;40;92;1011
2005;5;139;4;-131.5;0;0;0;0;20.9;13.2;2;1.6;98;91;1011
2005;5;139;5;-121.6;0;0;0;0;20.6;12.8;2;2.5;203;94;1012
2005;5;139;6;-113.6;0;0;1;1;20.6;12.3;1;2.9;150;94;1012
2005;5;139;7;-107.1;9.8;75;43;118;21.6;12.4;1;2.9;121;90;1012
2005;5;139;8;-101;22.7;245;77;322;23.1;11.2;0;3.6;166;81;1013
2005;5;139;9;-95;35.8;430;106;535;24.7;12.2;0;2.5;165;81;1013
2005;5;139;10;-88.2;49;554;163;717;26.4;13.6;0;2.9;92;81;1013
2005;5;139;11;-79.1;62.2;623;230;853;27.8;11.6;2;2.3;93;61;1014
2005;5;139;12;-60.2;74.7;656;282;938;29.2;12.5;3;1.4;180;59;1014
2005;5;139;13;5.4;81.7;678;292;969;30.3;13.6;3;1.8;116;59;1015
2005;5;139;14;63.4;73.3;690;252;942;31.1;13.9;2;2;117;56;1015
2005;5;139;15;80.2;60.7;619;221;841;31.5;13.7;2;2.3;107;53;1015
2005;5;139;16;89.1;47.5;537;159;696;31.6;13.3;0;3.6;109;50;1015
2005;5;139;17;95.4;34.2;408;102;510;31.2;14;0;3.4;189;53;1015
2005;5;139;18;101.4;21.2;225;73;298;30.3;14.1;0;3.6;68;54;1015
2005;5;139;19;107.5;8.4;59;39;97;29.1;15.3;0;2;329;59;1015
2005;5;139;20;114.5;0;0;0;0;27.8;14.4;0;1.6;327;61;1015
2005;5;139;21;122.6;0;0;0;0;26.9;14.9;0;1.8;6;70;1015
2005;5;139;22;133.1;0;0;0;0;26;14.5;0;2;6;73;1015
2005;5;139;23;146.1;0;0;0;0;25.2;13.7;0;2;5;75;1015
2005;5;139;24;162.3;0;0;0;0;24.3;12.5;0;1.6;332;74;1015
2005;5;140;1;-178.5;0;0;0;0;23.6;11.7;0;1.2;10;74;1015
2005;5;140;2;-160.3;0;0;0;0;23;11.1;0;1;343;76;1015
2005;5;140;3;-144.4;0;0;0;0;22.6;11.4;0;0.7;347;80;1016
2005;5;140;4;-132;0;0;0;0;22.3;11;0;0.6;324;81;1016
2005;5;140;5;-122.1;0;0;0;0;22;11;0;0.7;340;83;1016
2005;5;140;6;-114.1;0;0;1;1;22;11.2;0;1.3;53;85;1016
2005;5;140;7;-107.2;9.9;103;34;137;23.1;11.6;0;0.7;96;80;1016
2005;5;140;8;-101.2;22.7;322;48;370;24.7;11.2;0;0.6;48;77;1016
2005;5;140;9;-95.2;35.8;548;62;609;26.5;11.4;0;0.9;354;71;1016
2005;5;140;10;-88.4;49.1;735;81;816;28.3;10.5;0;1.2;346;59;1016
2005;5;140;11;-79.3;62.2;877;99;976;30.1;10.7;0;0.7;25;52;1016
2005;5;140;12;-61;74.8;961;110;1071;31.6;10.6;0;1.6;22;46;1016
2005;5;140;13;5.4;81.9;984;117;1101;32.7;11.4;0;1.3;62;45;1016
2005;5;140;14;64.2;73.4;950;109;1059;33.6;11.1;0;1.4;25;41;1016
2005;5;140;15;80.5;60.8;854;97;951;34;11.2;0;1;311;39;1016
2005;5;140;16;89.3;47.6;707;76;783;34.1;11.6;0;0.8;38;39;1016
2005;5;140;17;95.6;34.3;514;55;570;33.7;12.2;0;1.4;166;41;1016
2005;5;140;18;101.6;21.3;284;46;330;32.8;12.9;0;1.3;76;43;1016
2005;5;140;19;108.1;8.5;74;35;109;31.5;13.8;0;2;97;45;1016
2005;5;140;20;114.6;0;0;0;0;30.2;13.6;0;3.1;78;49;1016
2005;5;140;21;123.1;0;0;0;0;29;13.8;0;1.8;182;55;1016
2005;5;140;22;133.2;0;0;0;0;27.9;13.6;0;1.6;173;60;1016
2005;5;140;23;146.2;0;0;0;0;26.7;13.2;0;1.6;216;64;1016
2005;5;140;24;162.3;0;0;0;0;25.7;12.7;0;1.3;103;66;1016
2005;5;141;1;-178.6;0;0;0;0;24.8;12.9;0;1.6;131;73;1016
2005;5;141;2;-160.3;0;0;0;0;23.8;12;0;2.3;178;74;1016
2005;5;141;3;-144.5;0;0;0;0;23.2;11.6;0;1.8;203;75;1016
2005;5;141;4;-132.1;0;0;0;0;22.7;10.7;0;2.7;124;73;1016
2005;5;141;5;-122.2;0;0;0;0;22.3;10.5;0;2.9;173;74;1015
2005;5;141;6;-114.2;0;0;1;1;22.3;11.1;0;3.9;282;77;1015
2005;5;141;7;-107.3;10;78;43;121;23.2;12;0;3.4;246;76;1015
2005;5;141;8;-101.3;22.8;271;63;334;24.6;11.3;0;2.9;278;72;1015
2005;5;141;9;-95.3;35.9;479;79;558;26.2;10.6;0;2.7;288;64;1015
2005;5;141;10;-88.5;49.1;653;104;757;27.9;10.5;0;3.1;177;58;1015
2005;5;141;11;-79.6;62.3;775;134;909;29.5;10.2;0;1.8;195;50;1015
2005;5;141;12;-61.4;74.9;842;159;1001;30.8;10.6;0;2;216;46;1015
2005;5;141;13;5.5;82.1;855;174;1029;31.9;10.6;0;1.4;83;43;1015
2005;5;141;14;64.5;73.6;848;150;998;32.6;11.3;0;2.9;81;42;1015
2005;5;141;15;81.1;60.8;770;128;897;33;11.2;0;3.4;86;40;1015
2005;5;141;16;89.4;47.6;640;99;739;33.1;11.5;0;3.9;302;40;1015
2005;5;141;17;96.1;34.4;460;75;535;32.7;11.9;0;2.9;245;41;1015
2005;5;141;18;102.1;21.3;254;59;312;31.8;13;0;2.5;293;45;1015
2005;5;141;19;108.2;8.6;66;38;104;30.5;13.8;0;1.6;276;47;1015
2005;5;141;20;115.1;0;0;0;0;29.2;13.8;0;1.4;297;53;1015
2005;5;141;21;123.2;0;0;0;0;28;13.6;0;1.8;230;57;1015
2005;5;141;22;133.3;0;0;0;0;26.7;13;0;2.2;288;61;1015
2005;5;141;23;146.2;0;0;0;0;25.7;11.8;0;2.3;288;61;1015
2005;5;141;24;162.3;0;0;0;0;24.5;10.8;0;3.4;294;62;1015
2005;5;142;1;-178.6;0;0;0;0;23.8;10.7;0;3.9;294;65;1015
2005;5;142;2;-160.4;0;0;0;0;23;10.9;0;4.1;250;71;1015
2005;5;142;3;-144.5;0;0;0;0;22.6;11.1;0;4.8;300;75;1015
2005;5;142;4;-132.2;0;0;0;0;22.1;10.4;0;3.6;220;74;1015
2005;5;142;5;-122.3;0;0;0;0;21.8;10.2;0;4.3;188;74;1015
2005;5;142;6;-114.3;0;0;1;1;21.8;10.3;0;4.5;284;75;1015
2005;5;142;7;-107.4;10.1;73;45;119;22.7;11.5;0;5.2;274;76;1015
2005;5;142;8;-101.4;22.9;245;79;323;24.1;10.2;0;4.8;279;68;1015
2005;5;142;9;-95.4;36;442;100;542;25.7;10.4;0;5.5;308;64;1015
2005;5;142;10;-89.1;49.2;600;136;735;27.3;10.3;0;4.8;188;58;1015
2005;5;142;11;-80.2;62.4;707;175;882;28.9;11.3;0;6.1;223;56;1015
2005;5;142;12;-62.2;75;766;208;973;30.2;11.6;0;6.8;171;51;1015
2005;5;142;13;5.5;82.3;759;236;995;31.3;12;0;7;186;49;1014
2005;5;142;14;65.3;73.7;693;251;944;32;12.1;1;5.2;203;46;1014
2005;5;142;15;81.3;60.9;621;221;842;32.4;12.3;0;5.8;177;44;1014
2005;5;142;16;89.6;47.7;533;163;696;32.4;12.2;0;4.3;90;43;1014
2005;5;142;17;96.2;34.5;374;127;500;32;11.9;0;4.5;36;41;1014
2005;5;142;18;102.2;21.4;188;98;286;31.1;12.8;0;4.1;120;44;1014
2005;5;142;19;108.3;8.7;43;51;94;29.9;13.3;0;5;84;45;1014
2005;5;142;20;115.2;0;0;0;0;28.6;13.5;0;4.1;80;51;1014
2005;5;142;21;123.3;0;0;0;0;27.5;13.4;0;3.4;121;56;1014
2005;5;142;22;133.3;0;0;0;0;26.5;12.8;0;2.3;174;58;1014
2005;5;142;23;146.3;0;0;0;0;25.5;13.3;0;2.7;253;66;1014
2005;5;142;24;162.4;0;0;0;0;24.5;13.3;0;2.9;308;72;1014
2005;5;143;1;-178.6;0;0;0;0;23.8;12.4;0;3.4;309;72;1014
2005;5;143;2;-160.5;0;0;0;0;23.1;11.7;0;3.1;307;72;1014
2005;5;143;3;-145;0;0;0;0;22.7;10.7;0;4.5;278;69;1014
2005;5;143;4;-132.3;0;0;0;0;22.3;11;0;5.2;100;74;1014
2005;5;143;5;-122.4;0;0;0;0;22;10.4;0;5.8;106;72;1014
2005;5;143;6;-114.4;0;0;1;1;22;9.7;0;5.8;48;69;1014
2005;5;143;7;-107.6;10.1;67;48;116;22.9;9.8;0;5.5;105;64;1014
2005;5;143;8;-101.5;22.9;221;93;314;24.3;8.8;0;5.5;106;59;1014
2005;5;143;9;-95.6;36;397;129;526;25.9;8.5;0;6.5;83;54;1014
2005;5;143;10;-89.3;49.2;552;166;717;27.4;7.7;0;6.5;81;46;1014
2005;5;143;11;-80.5;62.4;662;205;867;29;7.8;0;6.5;195;41;1014
2005;5;143;12;-63;75.1;695;256;951;30.4;9.1;2;6.1;217;41;1014
2005;5;143;13;5.5;82.5;741;249;990;31.5;9.3;1;5.8;201;39;1014
2005;5;143;14;66;73.8;716;235;951;32.2;10.6;1;5.8;52;40;1014
2005;5;143;15;81.6;61;623;221;843;32.6;11.1;1;4.3;107;39;1014
2005;5;143;16;90.2;47.8;526;168;694;32.6;11;0;5;111;38;1014
2005;5;143;17;96.4;34.6;402;109;511;32.3;10.7;0;4.8;157;37;1013
2005;5;143;18;102.3;21.5;219;79;298;31.4;11.3;0;6.8;101;39;1013
2005;5;143;19;108.4;8.8;61;43;104;30.2;11.8;1;5.8;150;41;1013
2005;5;143;20;115.3;0;0;0;0;28.9;11.9;1;6.5;168;45;1013
2005;5;143;21;123.4;0;0;0;0;28;12.8;2;6.8;207;51;1012
2005;5;143;22;133.4;0;0;0;0;27;12.7;2;6.5;263;54;1012
2005;5;143;23;146.4;0;0;0;0;26.2;12.4;3;6.1;160;56;1012
2005;5;143;24;162.4;0;0;0;0;25.4;12.2;3;4.3;122;58;1012
2005;5;144;1;-179;0;0;0;0;24.8;12.6;4;5;311;61;1012
2005;5;144;2;-160.5;0;0;0;0;24.3;12.6;5;7.2;279;63;1011
2005;5;144;3;-145.1;0;0;0;0;23.9;13.1;5;9.7;302;66;1011
2005;5;144;4;-132.4;0;0;0;0;23.6;12.8;6;7.5;291;65;1011
2005;5;144;5;-122.5;0;0;0;0;23.4;13.3;6;9.7;294;68;1011
2005;5;144;6;-114.5;0;0;1;1;23.4;13.1;7;11.2;271;66;1010
2005;5;144;7;-108.1;10.2;4;64;67;23.9;13.6;7;8.8;280;64;1010
2005;5;144;8;-102;23;20;166;186;24.7;14.1;8;6.8;290;67;1010
2005;5;144;9;-96.1;36.1;39;253;293;25.5;14.4;8;7;284;65;1010
2005;5;144;10;-89.5;49.3;55;361;416;26.4;14.3;8;6.5;295;62;1010
2005;5;144;11;-81.1;62.5;72;427;499;27.2;14.7;8;5.8;296;60;1009
2005;5;144;12;-63.4;75.2;80;479;559;28;17.5;8;5;178;72;1009
2005;5;144;13;5.5;82.7;106;509;615;28.7;14.8;8;3.6;133;56;1009
2005;5;144;14;66.4;73.9;87;480;567;29.1;14.7;8;4.8;112;52;1009
2005;5;144;15;82.2;61.1;106;420;526;29.4;15.3;8;4.3;229;54;1009
2005;5;144;16;90.3;47.9;104;358;462;29.5;15.2;7;4.1;260;54;1009
2005;5;144;17;96.5;34.7;56;278;334;29.3;18.1;8;4.1;277;68;1009
2005;5;144;18;102.4;21.6;31;160;191;28.7;20.3;8;4.8;318;81;1009
2005;5;144;19;108.5;8.9;11;61;72;28.2;18.1;7;4.5;280;68;1009
2005;5;144;20;115.4;0;0;0;0;27.4;16.9;7;3.6;299;67;1009
2005;5;144;21;123.4;0;0;0;0;26.7;16.6;6;3.6;286;71;1009
2005;5;144;22;133.5;0;0;0;0;26.1;16.5;6;2.3;166;76;1010
2005;5;144;23;146.4;0;0;0;0;25.4;15.6;5;2;131;76;1010
2005;5;144;24;162.4;0;0;0;0;24.7;15.1;4;1.8;102;79;1010
2005;5;145;1;-179;0;0;0;0;24.2;14.5;4;2.3;117;80;1010
2005;5;145;2;-160.6;0;0;0;0;23.7;14.1;3;1.4;200;82;1010
2005;5;145;3;-145.2;0;0;0;0;23.5;14.1;3;1.4;284;85;1010
2005;5;145;4;-132.5;0;0;0;0;23.3;13.8;2;1.3;210;86;1010
2005;5;145;5;-122.6;0;0;0;0;23.1;13.6;2;0.8;85;88;1010
2005;5;145;6;-115;0;0;1;1;23.1;13.8;1;1.4;96;91;1010
2005;5;145;7;-108.2;10.3;93;40;133;24;14.1;1;1.4;161;87;1010
2005;5;145;8;-102.2;23;330;54;384;25.5;12.4;0;1.2;79;80;1010
2005;5;145;9;-96.3;36.1;561;105;666;27.3;11.1;0;2.3;75;70;1010
2005;5;145;10;-90;49.3;750;143;893;29.2;11.4;0;2.3;92;63;1010
2005;5;145;11;-81.3;62.5;751;315;1067;30.9;11.5;3;1.8;78;56;1010
2005;5;145;12;-64.2;75.2;179;436;614;31.1;16.8;7;1.4;52;54;1011
2005;5;145;13;5.5;82.9;107;470;578;31.2;17.9;8;1.4;29;57;1011
2005;5;145;14;67.1;74;36;419;455;30.9;19.2;8;2.9;21;59;1011
2005;5;145;15;82.4;61.2;28;393;422;30.6;19.1;8;2.9;83;60;1011
2005;5;145;16;90.5;48;9;252;262;29.9;20.1;8;4.1;320;63;1011
2005;5;145;17;97;34.8;0;154;154;29.1;20.8;8;3.4;313;66;1011
2005;5;145;18;102.5;21.7;0;80;80;28.3;20.9;8;3.4;57;69;1011
2005;5;145;19;108.6;9;0;10;10;27.4;22.1;7;3.4;56;72;1012
2005;5;145;20;115.5;0;0;0;0;26.7;21.5;7;2.3;98;77;1012
2005;5;145;21;123.5;0;0;0;0;26.1;20.4;6;1.8;33;77;1012
2005;5;145;22;133.6;0;0;0;0;25.4;19.5;6;1.2;124;80;1012
2005;5;145;23;146.5;0;0;0;0;24.7;18.3;5;1.8;196;81;1012
2005;5;145;24;162.4;0;0;0;0;24;17.4;5;1.8;238;83;1013
2005;5;146;1;-179;0;0;0;0;23.4;16.5;4;2.5;181;85;1013
2005;5;146;2;-161;0;0;0;0;22.7;15.5;3;2.2;256;87;1013
2005;5;146;3;-145.3;0;0;0;0;22.4;14.4;3;2.9;313;86;1013
2005;5;146;4;-132.6;0;0;0;0;22;14.6;2;1.8;205;94;1013
2005;5;146;5;-123.1;0;0;0;0;21.7;14.1;2;1.2;102;97;1013
2005;5;146;6;-115.1;0;0;1;1;21.7;13.8;1;1.2;175;98;1014
2005;5;146;7;-108.3;10.3;88;42;130;22.8;13.9;1;1.2;169;95;1014
2005;5;146;8;-102.3;23.1;282;60;342;24.3;13.2;0;1.4;76;88;1014
2005;5;146;9;-96.4;36.2;473;84;557;26;13.8;0;1.8;24;84;1014
2005;5;146;10;-90.2;49.4;626;121;746;27.6;12.9;0;2.7;90;70;1014
2005;5;146;11;-81.6;62.6;737;157;894;29.3;13.2;0;3.1;124;63;1015
2005;5;146;12;-65;75.3;804;183;987;30.7;13.6;0;3.6;100;59;1015
2005;5;146;13;5.5;83.1;824;194;1018;31.9;14.1;0;3.9;100;56;1015
2005;5;146;14;67.4;74.1;806;177;982;32.6;14.7;0;4.8;97;55;1015
2005;5;146;15;82.6;61.3;748;141;889;33.1;14.9;0;3.9;91;53;1015
2005;5;146;16;91;48;639;102;741;33.2;15.2;0;4.8;98;53;1015
2005;5;146;17;97.1;34.8;476;70;546;32.8;15.4;0;5.2;11;54;1014
2005;5;146;18;103;21.8;271;55;327;31.9;16.2;0;4.8;124;58;1014
2005;5;146;19;109.1;9.1;72;45;117;30.7;17.1;0;3.9;100;63;1014
2005;5;146;20;115.5;0;0;0;0;29.3;16.5;1;3.9;171;66;1014
2005;5;146;21;124;0;0;0;0;28.3;17.3;1;3.4;102;76;1014
2005;5;146;22;134.1;0;0;0;0;27.3;16.6;2;2.9;55;77;1014
2005;5;146;23;146.5;0;0;0;0;26.4;16.6;2;2.2;66;82;1014
2005;5;146;24;162.5;0;0;0;0;25.5;16.2;2;3.6;78;85;1014
2005;5;147;1;-179.1;0;0;0;0;24.9;16;3;3.4;16;86;1013
2005;5;147;2;-161.1;0;0;0;0;24.3;16.7;3;2.5;104;95;1013
2005;5;147;3;-145.4;0;0;0;0;24;16.3;4;2.5;7;94;1013
2005;5;147;4;-133.1;0;0;0;0;23.6;16;4;2.5;21;93;1013
2005;5;147;5;-123.2;0;0;0;0;23.4;16.6;4;3.4;66;99;1013
2005;5;147;6;-115.2;0;0;1;1;23.4;16.9;5;3.6;55;99;1013
2005;5;147;7;-108.4;10.4;33;63;96;24.1;17.2;5;3.6;24;94;1013
2005;5;147;8;-102.4;23.1;109;148;257;25.3;16.8;6;3.6;151;90;1013
2005;5;147;9;-96.5;36.2;190;235;425;26.5;16.5;6;3.1;101;84;1012
2005;5;147;10;-90.4;49.4;207;341;548;27.7;15.8;6;3.9;22;72;1012
2005;5;147;11;-82.2;62.6;266;410;676;29;15.5;6;3.6;70;65;1012
2005;5;147;12;-65.4;75.4;400;390;790;30.1;16.1;5;3.1;15;64;1012
2005;5;147;13;5.4;83.2;402;403;805;31.1;16.6;5;4.3;69;62;1012
2005;5;147;14;68.1;74.2;409;374;784;31.7;16.3;5;4.8;318;57;1012
2005;5;147;15;83.2;61.3;350;358;708;32.1;16.8;5;5.2;331;57;1012
2005;5;147;16;91.2;48.1;293;304;597;32.2;17;5;4.5;20;58;1012
2005;5;147;17;97.3;34.9;236;211;447;31.9;17.5;5;4.3;47;60;1012
2005;5;147;18;103.1;21.9;154;114;267;31.3;17.8;4;2.3;355;62;1013
2005;5;147;19;109.1;9.2;54;44;99;30.3;18.2;4;1.6;15;64;1013
2005;5;147;20;116;0;0;1;1;29.3;17;3;2;359;64;1013
2005;5;147;21;124.1;0;0;0;0;28.3;16.9;3;2.5;39;69;1013
2005;5;147;22;134.1;0;0;0;0;27.2;16.6;3;2.7;57;74;1013
2005;5;147;23;146.6;0;0;0;0;26.3;15.9;3;2.2;87;76;1013
2005;5;147;24;162.5;0;0;0;0;25.4;15;2;1.6;115;78;1013
2005;5;148;1;-179.1;0;0;0;0;24.7;15;2;2.9;311;83;1013
2005;5;148;2;-161.2;0;0;0;0;23.9;14.4;2;2.5;96;85;1014
2005;5;148;3;-145.4;0;0;0;0;23.5;14.3;1;1.4;99;87;1014
2005;5;148;4;-133.2;0;0;0;0;23.2;12.9;1;1.2;38;81;1014
2005;5;148;5;-123.3;0;0;0;0;22.9;12.8;1;2;12;83;1014
2005;5;148;6;-115.3;0;0;1;1;22.9;11.8;1;3.1;356;77;1014
2005;5;148;7;-108.5;10.4;81;45;126;23.9;11.8;0;4.5;327;71;1014
2005;5;148;8;-102.5;23.2;268;68;336;25.3;10.9;0;2.9;318;66;1014
2005;5;148;9;-97;36.2;471;86;556;26.9;10.5;0;2.7;348;60;1014
2005;5;148;10;-90.5;49.4;636;115;751;28.6;10.7;0;2.3;354;54;1015
2005;5;148;11;-82.4;62.6;743;153;896;30.2;11.4;0;2.7;9;51;1015
2005;5;148;12;-66.2;75.5;808;180;989;31.6;11.7;0;2.2;347;47;1015
2005;5;148;13;5.4;83.4;820;197;1016;32.7;10.9;0;1.3;77;40;1015
2005;5;148;14;68.4;74.3;804;178;982;33.4;11.3;0;1;24;39;1015
2005;5;148;15;83.4;61.4;735;150;885;33.9;12.1;0;1.4;47;40;1015
2005;5;148;16;91.3;48.2;621;113;734;34;12.2;0;1.2;83;39;1015
2005;5;148;17;97.4;35;449;86;535;33.6;13.2;0;1.3;99;42;1015
2005;5;148;18;103.2;22;248;67;315;32.8;14.5;0;0.7;186;46;1015
2005;5;148;19;109.2;9.3;71;40;111;31.6;15.6;0;0.4;181;49;1015
2005;5;148;20;116.1;0;0;0;0;30.3;15.1;0;0.3;194;53;1015
2005;5;148;21;124.1;0;0;0;0;29.1;15.3;0;0.1;190;59;1015
2005;5;148;22;134.2;0;0;0;0;27.9;15.2;0;0.1;292;65;1015
2005;5;148;23;147;0;0;0;0;26.7;14.5;0;0.1;290;68;1014
2005;5;148;24;162.5;0;0;0;0;25.7;13.1;0;0.5;185;66;1014
2005;5;149;1;-179.1;0;0;0;0;24.8;12.8;0;1;242;70;1014
2005;5;149;2;-161.2;0;0;0;0;23.8;12.5;0;0.7;299;74;1014
2005;5;149;3;-145.5;0;0;0;0;23.3;12.3;0;0.6;275;76;1014
2005;5;149;4;-133.2;0;0;0;0;22.8;12;0;0.6;306;78;1014
2005;5;149;5;-123.3;0;0;0;0;22.4;12.3;0;0.9;274;82;1014
2005;5;149;6;-115.4;0;0;1;1;22.3;11.8;0;0.8;275;78;1014
2005;5;149;7;-108.6;10.5;69;49;118;23.2;12;0;1.4;285;74;1014
2005;5;149;8;-102.6;23.2;227;92;319;24.6;10.9;0;1;300;68;1014
2005;5;149;9;-97.2;36.2;382;136;518;26;10.4;0;1.8;286;61;1014
2005;5;149;10;-91.1;49.5;520;186;706;27.4;9.8;0;1.8;209;54;1014
2005;5;149;11;-83;62.7;610;240;850;28.9;10;2;2.2;107;49;1014
2005;5;149;12;-66.6;75.5;604;317;921;30.1;10.4;3;1.6;100;45;1014
2005;5;149;13;5.3;83.6;579;358;937;31.1;11.3;4;2;31;45;1014
2005;5;149;14;69.1;74.4;551;345;896;31.7;12;4;1.4;93;45;1014
2005;5;149;15;83.5;61.5;538;277;815;32;12.6;3;2.2;55;45;1014
2005;5;149;16;91.4;48.3;477;201;678;32;12.9;2;2.2;10;46;1014
2005;5;149;17;97.5;35.1;352;139;491;31.6;13.6;0;3.4;13;48;1014
2005;5;149;18;103.3;22.1;187;99;286;30.8;14.7;0;2.7;326;52;1013
2005;5;149;19;109.3;9.4;46;55;101;29.7;15.3;0;2.3;359;54;1013
2005;5;149;20;116.2;0;0;0;0;28.5;15.4;1;1.6;84;60;1013
2005;5;149;21;124.2;0;0;0;0;27.4;15.6;1;2;89;66;1013
2005;5;149;22;134.2;0;0;0;0;26.4;15.6;1;3.4;74;72;1013
2005;5;149;23;147.1;0;0;0;0;25.4;15;1;2.3;52;75;1013
2005;5;149;24;162.5;0;0;0;0;24.4;14.4;2;3.4;100;77;1013
2005;5;150;1;-179.1;0;0;0;0;23.8;13.4;2;2.7;45;74;1013
2005;5;150;2;-161.3;0;0;0;0;23.2;13.2;2;2.2;37;77;1013
2005;5;150;3;-145.6;0;0;0;0;22.8;13.6;3;2.3;31;82;1013
2005;5;150;4;-133.3;0;0;0;0;22.5;14.3;3;2.5;348;89;1013
2005;5;150;5;-123.4;0;0;0;0;22.2;13.4;3;1.6;345;84;1013
2005;5;150;6;-115.5;0;0;1;1;22.2;14;3;1.6;37;88;1013
2005;5;150;7;-109.1;10.5;36;64;100;23;14.4;4;2;330;84;1012
2005;5;150;8;-103.1;23.2;120;141;261;24.1;14.2;4;1.8;3;82;1012
2005;5;150;9;-97.3;36.3;216;225;441;25.4;13.9;4;1.4;345;76;1012
2005;5;150;10;-91.2;49.5;292;314;606;26.6;13.7;5;1;322;71;1012
2005;5;150;11;-83.2;62.7;369;353;723;27.9;13.9;5;1.2;8;65;1012
2005;5;150;12;-67.3;75.6;436;362;797;29.1;13.8;4;1.2;8;59;1012
2005;5;150;13;5.3;83.7;465;365;831;30;14.1;4;1.8;322;57;1012
2005;5;150;14;69.4;74.5;438;357;795;30.6;14.5;4;2.2;358;55;1012
2005;5;150;15;84.1;61.6;346;362;708;30.9;15.6;5;2.3;11;58;1012
2005;5;150;16;91.5;48.3;262;317;579;30.9;15.7;5;2.9;315;56;1011
2005;5;150;17;97.6;35.2;190;225;415;30.6;16.2;5;2.3;8;58;1011
2005;5;150;18;103.4;22.1;103;137;240;29.8;16.6;4;2.2;18;60;1011
2005;5;150;19;109.4;9.5;17;66;83;28.8;17.1;5;0.7;352;61;1011
2005;5;150;20;116.2;0;0;0;0;27.8;17;5;0.4;351;65;1011
2005;5;150;21;124.3;0;0;0;0;27.1;17.6;5;0.5;331;71;1010
2005;5;150;22;134.3;0;0;0;0;26.5;18;5;1.2;335;77;1010
2005;5;150;23;147.1;0;0;0;0;25.9;17.8;6;1.3;33;79;1010
2005;5;150;24;162.5;0;0;0;0;25.3;17.7;6;3.9;67;81;1010
2005;5;151;1;-179.2;0;0;0;0;25;17.5;6;3.6;98;81;1010
2005;5;151;2;-161.3;0;0;0;0;24.6;17.7;6;3.9;45;84;1009
2005;5;151;3;-146.1;0;0;0;0;24.4;17.3;7;4.8;64;81;1009
2005;5;151;4;-133.4;0;0;0;0;24.3;17.8;7;4.5;60;85;1009
2005;5;151;5;-123.5;0;0;0;0;24.1;18.2;7;3.6;12;87;1009
2005;5;151;6;-115.6;0;0;1;1;24.1;19.1;7;5;171;92;1009
2005;5;151;7;-109.2;10.6;0;55;55;24.6;19.5;8;6.5;105;90;1008
2005;5;151;8;-103.2;23.3;5;149;154;25.3;18.6;8;6.1;318;85;1008
2005;5;151;9;-97.4;36.3;17;247;264;26;19.8;8;4.8;209;92;1008
2005;5;151;10;-91.3;49.5;21;326;347;26.8;18.8;8;5.2;265;80;1008
2005;5;151;11;-83.4;62.7;26;375;400;27.5;19;8;4.8;294;76;1008
2005;5;151;12;-68.1;75.6;22;417;439;28.1;19.3;8;3.4;277;74;1007
2005;5;151;13;5.2;83.9;17;396;413;28.5;19.4;8;3.4;236;70;1007
2005;5;151;14;70.1;74.6;21;412;433;28.6;21.3;8;3.1;223;83;1007
2005;5;151;15;84.3;61.7;30;405;435;28.8;20.9;8;3.9;101;82;1007
2005;5;151;16;92.1;48.4;19;324;344;28.6;21.2;8;4.5;243;83;1007
2005;5;151;17;98.1;35.2;20;253;273;27.7;20.7;8;5.5;295;87;1007
2005;5;151;18;103.5;22.2;12;159;171;28.6;20.9;8;5.2;294;81;1008
2005;5;151;19;109.5;9.6;0;55;55;28.2;21.6;8;5.2;295;81;1008
2005;5;151;20;116.3;0;0;0;0;27.6;21.4;8;4.8;297;83;1008
2005;5;151;21;124.3;0;0;0;0;26.9;20.9;8;4.8;297;85;1008
2005;5;151;22;134.3;0;0;0;0;26.3;20.2;8;4.5;286;84;1008
2005;5;151;23;147.1;0;0;0;0;25.6;19.9;8;5.8;287;87;1008
2005;5;151;24;162.5;0;0;0;0;25.1;20.9;8;5.8;290;98;1008
2005;6;152;1;-179.2;0;0;0;0;24.6;16.6;0;5.9;201;98;1009
2005;6;152;2;-161.4;0;0;0;0;24.1;16;0;4.9;131;98;1009
2005;6;152;3;-146.1;0;0;0;0;23.8;15.7;0;5.5;130;98;1009
2005;6;152;4;-133.5;0;0;0;0;23.5;15.4;0;5.9;89;98;1009
2005;6;152;5;-123.6;0;0;0;0;23.3;15.2;0;4.9;112;98;1010
2005;6;152;6;-116;0;0;2;2;23.3;15.1;0;4.6;245;98;1010
2005;6;152;7;-109.2;10.6;66;63;129;24.1;15.9;0;4.9;224;97;1010
2005;6;152;8;-103.3;23.3;243;103;346;25.4;15.5;0;3.1;253;97;1010
2005;6;152;9;-97.5;36.3;460;103;563;26.6;14.7;0;2.9;233;86;1010
2005;6;152;10;-91.5;49.5;656;104;760;28.1;13.7;0;3.1;227;73;1010
2005;6;152;11;-84;62.7;625;264;889;29.4;14.1;0;3.4;196;67;1010
2005;6;152;12;-68.4;75.6;50;356;405;29.1;21.9;8;2.4;239;82;1010
2005;6;152;13;5;84;36;402;438;29.1;19.4;8;2.4;243;68;1010
2005;6;152;14;70.3;74.7;36;391;427;29;18.7;8;3.4;247;65;1010
2005;6;152;15;84.4;61.7;16;352;368;28.7;21.2;8;2.7;141;80;1010
2005;6;152;16;92.2;48.5;7;262;270;27.4;21.3;8;2.4;164;86;1010
2005;6;152;17;98.2;35.3;3;191;195;27.6;21.7;8;3.1;248;86;1010
2005;6;152;18;103.5;22.3;0;96;96;27.2;21.6;0;2.9;154;82;1010
2005;6;152;19;109.5;9.6;0;29;29;26.5;22;1;3.4;61;84;1010
2005;6;152;20;116.4;0;0;0;0;26.1;21.8;1;4.9;109;88;1010
2005;6;152;21;124.4;0;0;0;0;25.6;21.8;2;3.9;39;92;1010
2005;6;152;22;134.4;0;0;0;0;25.2;21.4;2;3.7;32;94;1010
2005;6;152;23;147.2;0;0;0;0;24.8;21.2;3;2.4;99;97;1010
2005;6;152;24;162.6;0;0;0;0;24.4;20.5;3;1.3;41;95;1010
2005;6;153;1;-179.2;0;0;0;0;24.2;20.3;4;1.5;92;97;1010
2005;6;153;2;-161.4;0;0;0;0;24;19.9;4;1.5;165;97;1010
2005;6;153;3;-146.2;0;0;0;0;23.9;19.7;5;2.4;170;97;1010
2005;6;153;4;-133.6;0;0;0;0;23.8;19.8;6;2;306;100;1010
2005;6;153;5;-124.1;0;0;0;0;23.7;19.3;6;2.7;214;97;1010
2005;6;153;6;-116.1;0;0;1;1;23.7;19.5;7;3.1;247;100;1010
2005;6;153;7;-109.3;10.6;1;62;63;24.2;19.1;7;3.7;245;94;1010
2005;6;153;8;-103.4;23.3;28;170;198;25.1;18.7;8;2.4;243;95;1010
2005;6;153;9;-97.6;36.3;22;264;286;26;18.3;8;1.7;258;85;1009
2005;6;153;10;-92;49.5;45;351;396;26.7;18.4;8;1.8;210;82;1009
2005;6;153;11;-84.2;62.7;57;413;470;27.6;17.5;8;2;79;71;1009
2005;6;153;12;-69.1;75.7;71;472;543;28.3;19.7;8;2.9;30;82;1009
2005;6;153;13;4.5;84.1;80;494;573;28.3;20.1;8;2.2;8;86;1009
2005;6;153;14;70.6;74.8;84;440;523;29.1;21.3;8;1.5;334;86;1010
2005;6;153;15;84.6;61.8;59;412;471;29.5;21.2;8;2.4;325;82;1010
2005;6;153;16;92.3;48.6;59;346;405;28.1;20.8;8;1.5;340;89;1010
2005;6;153;17;98.2;35.4;39;248;287;29.4;22;8;2;352;86;1010
2005;6;153;18;104;22.4;7;151;158;29.1;21.9;8;1.5;322;82;1011
2005;6;153;19;109.6;9.7;3;60;63;28;21.8;8;1.5;34;86;1011
2005;6;153;20;116.4;0;0;1;1;27.7;20.7;7;3.1;95;82;1011
2005;6;153;21;124.4;0;0;0;0;27;19.7;7;4.4;97;82;1011
2005;6;153;22;134.4;0;0;0;0;26.3;19.4;6;4.2;68;86;1012
2005;6;153;23;147.2;0;0;0;0;25.5;19.3;6;4.9;69;93;1012
2005;6;153;24;162.6;0;0;0;0;24.7;18.5;6;4.4;105;95;1012
2005;6;154;1;-179.2;0;0;0;0;24;17.9;5;4.9;69;98;1012
2005;6;154;2;-161.5;0;0;0;0;23.2;16.8;5;4.9;136;98;1012
2005;6;154;3;-146.3;0;0;0;0;22.7;16.1;4;4.2;188;98;1013
2005;6;154;4;-134;0;0;0;0;22.3;15.4;4;3.6;174;98;1013
2005;6;154;5;-124.1;0;0;0;0;22;14.9;3;3.6;207;98;1013
2005;6;154;6;-116.2;0;0;1;1;21.9;14.7;3;4.2;107;98;1013
2005;6;154;7;-109.4;10.6;55;59;115;22.8;15.4;3;3.6;145;98;1014
2005;6;154;8;-103.5;23.3;182;119;301;24;13.1;2;5.2;250;82;1014
2005;6;154;9;-98.1;36.3;348;153;501;25.3;13.1;1;3.7;130;78;1014
2005;6;154;10;-92.1;49.5;469;216;685;26.6;12.5;2;3.7;155;70;1014
2005;6;154;11;-84.4;62.8;553;276;829;28;12.9;3;4.2;235;65;1015
2005;6;154;12;-69.4;75.7;622;305;927;29.2;13.5;3;4.9;151;63;1015
2005;6;154;13;4.4;84.3;613;337;950;30.2;13.5;3;4.2;197;58;1015
2005;6;154;14;71.2;74.9;606;312;918;30.8;13.6;3;3.1;237;55;1015
2005;6;154;15;85.1;61.9;575;256;831;31.2;14.2;2;2.2;234;56;1015
2005;6;154;16;92.4;48.6;523;176;699;31.3;14.2;0;2.4;230;55;1015
2005;6;154;17;98.3;35.5;409;112;521;31;14;0;2.7;273;54;1015
2005;6;154;18;104.1;22.5;226;84;311;30.3;14.9;0;3.1;292;58;1015
2005;6;154;19;110.1;9.8;71;44;115;29.2;16;0;4.4;229;62;1014
2005;6;154;20;116.5;0;0;1;1;28.1;15.4;0;5.2;146;65;1014
2005;6;154;21;124.5;0;0;0;0;27;15.1;0;5.5;240;70;1014
2005;6;154;22;134.5;0;0;0;0;26;14.5;0;4.6;127;73;1014
2005;6;154;23;147.2;0;0;0;0;25;13.8;0;4.4;6;76;1014
2005;6;154;24;162.6;0;0;0;0;24;13.1;0;3.6;77;78;1014
2005;6;155;1;-179.3;0;0;0;0;23.4;12.6;0;3.7;66;80;1014
2005;6;155;2;-161.5;0;0;0;0;22.6;11.9;0;2.7;61;82;1013
2005;6;155;3;-146.3;0;0;0;0;22.2;11.5;0;1.8;80;82;1013
2005;6;155;4;-134.1;0;0;0;0;21.8;11.2;0;1.8;39;84;1013
2005;6;155;5;-124.2;0;0;0;0;21.5;11.3;0;3.7;12;87;1013
2005;6;155;6;-116.3;0;0;2;2;21.5;11.5;0;4.6;88;89;1013
2005;6;155;7;-109.5;10.7;100;40;139;22.4;12.2;0;5.9;211;87;1013
2005;6;155;8;-103.5;23.3;313;48;361;23.7;11.7;0;4.2;117;84;1013
2005;6;155;9;-98.2;36.3;528;60;588;25.2;12;0;4.4;35;81;1013
2005;6;155;10;-92.2;49.5;714;80;794;26.5;11;0;3.4;93;69;1012
2005;6;155;11;-84.5;62.8;722;237;959;28;11.7;1;3.4;81;67;1012
2005;6;155;12;-70.1;75.7;125;437;562;28.1;16.9;7;3.4;103;68;1012
2005;6;155;13;4.2;84.4;105;465;570;28.1;19.4;8;3.7;60;82;1012
2005;6;155;14;71.4;75;114;451;566;28.3;17.6;8;4.2;34;71;1012
2005;6;155;15;85.3;62;71;422;492;28.1;17.9;8;5.2;65;72;1012
2005;6;155;16;92.5;48.7;59;346;405;27.8;18.1;8;5.9;94;74;1012
2005;6;155;17;98.4;35.5;25;256;282;27.2;19.3;8;5.5;101;82;1012
2005;6;155;18;104.2;22.6;14;158;173;26.3;19.2;8;6.4;93;86;1013
2005;6;155;19;110.1;9.9;3;61;64;25.9;18.9;8;7.1;121;82;1013
2005;6;155;20;116.5;0;0;1;1;25.1;18.1;7;7.1;101;83;1013
2005;6;155;21;124.5;0;0;0;0;24.5;17.9;7;5.9;100;88;1013
2005;6;155;22;134.5;0;0;0;0;23.8;17.4;6;4.4;26;91;1013
2005;6;155;23;147.3;0;0;0;0;23.1;16.4;6;3.9;346;91;1013
2005;6;155;24;162.6;0;0;0;0;22.4;15.5;6;4.9;324;91;1013
2005;6;156;1;-179.3;0;0;0;0;22.1;15.4;5;4.6;17;95;1013
2005;6;156;2;-161.6;0;0;0;0;21.7;14.6;5;2.7;61;93;1013
2005;6;156;3;-146.4;0;0;0;0;21.5;14.2;4;3.6;58;93;1014
2005;6;156;4;-134.2;0;0;0;0;21.4;14.1;4;4.2;61;95;1014
2005;6;156;5;-124.3;0;0;0;0;21.2;13.5;4;4.6;150;94;1014
2005;6;156;6;-116.3;0;0;2;2;21.3;12.8;3;5.5;179;90;1014
2005;6;156;7;-109.6;10.7;60;54;114;22.2;12.9;3;5.5;225;85;1014
2005;6;156;8;-104;23.4;165;122;287;23.4;12.9;2;6.1;251;83;1014
2005;6;156;9;-98.3;36.3;342;156;499;24.9;11.8;0;5.9;234;73;1014
2005;6;156;10;-92.4;49.5;432;240;672;26.4;11.7;3;6.1;267;66;1014
2005;6;156;11;-85.1;62.8;510;290;800;27.7;12;3;6.8;266;61;1014
2005;6;156;12;-70.4;75.7;553;322;875;28.9;12.6;3;6.7;256;58;1014
2005;6;156;13;4;84.5;582;333;915;29.9;12.9;3;4.9;215;55;1015
2005;6;156;14;72;75;571;335;905;30.7;13.2;3;3.6;311;54;1015
2005;6;156;15;85.4;62;526;286;812;31.1;14;3;3.7;242;54;1015
2005;6;156;16;92.6;48.8;429;229;658;31.2;14.6;3;1.8;228;55;1015
2005;6;156;17;98.5;35.6;292;180;472;30.9;15.7;3;1.7;214;58;1015
2005;6;156;18;104.2;22.6;144;125;269;30.1;16.2;3;2.4;144;59;1015
2005;6;156;19;110.2;10;36;59;95;29;17.9;3;2.9;88;66;1015
2005;6;156;20;116.6;0;0;1;1;27.9;17.5;3;1.3;198;71;1015
2005;6;156;21;124.6;0;0;0;0;27;17.6;2;1.7;152;77;1015
2005;6;156;22;134.5;0;0;0;0;26.2;16.9;2;1.5;242;78;1015
2005;6;156;23;147.3;0;0;0;0;25.3;15.6;2;1.8;261;77;1015
2005;6;156;24;162.6;0;0;0;0;24.4;15.5;2;1.7;254;82;1015
2005;6;157;1;-179.3;0;0;0;0;23.7;14.6;2;2.9;129;82;1015
2005;6;157;2;-162;0;0;0;0;22.9;14.4;1;3.1;73;87;1015
2005;6;157;3;-146.5;0;0;0;0;22.4;14.1;1;2;109;88;1015
2005;6;157;4;-134.2;0;0;0;0;22;13.9;1;3.1;193;91;1015
2005;6;157;5;-124.4;0;0;0;0;21.7;13.7;1;2.2;85;93;1015
2005;6;157;6;-116.4;0;0;1;1;21.6;13.6;0;0.9;49;92;1015
2005;6;157;7;-110;10.7;54;56;110;22.4;13.8;0;0.7;26;88;1015
2005;6;157;8;-104.1;23.4;190;110;300;23.6;13;0;1.3;359;84;1015
2005;6;157;9;-98.4;36.3;338;163;500;25;12.6;0;1.2;337;77;1015
2005;6;157;10;-92.5;49.5;416;247;663;26.2;12.7;3;2;48;71;1015
2005;6;157;11;-85.2;62.8;516;302;818;27.5;12.3;3;2.2;23;65;1015
2005;6;157;12;-71.1;75.7;583;307;890;28.6;12.9;3;2;10;62;1015
2005;6;157;13;3.4;84.6;596;326;921;29.5;13.6;3;1.8;320;61;1015
2005;6;157;14;72.2;75.1;557;343;900;30.1;13.3;3;2;356;56;1015
2005;6;157;15;85.5;62.1;513;284;797;30.4;14.1;3;3.1;356;57;1015
2005;6;157;16;93.1;48.9;446;221;667;30.5;14.3;2;3.4;20;57;1015
2005;6;157;17;98.5;35.7;300;175;476;30.1;15.2;2;3.1;37;60;1015
2005;6;157;18;104.3;22.7;157;119;277;29.4;15.6;2;3.4;39;61;1015
2005;6;157;19;110.2;10.1;45;55;100;28.4;16.7;2;3.9;12;65;1015
2005;6;157;20;117;0;0;1;1;27.3;15.8;1;3.4;38;67;1015
2005;6;157;21;125;0;0;0;0;26.4;15.8;1;1.8;20;72;1015
2005;6;157;22;134.6;0;0;0;0;25.5;15.1;1;2.4;36;74;1015
2005;6;157;23;147.3;0;0;0;0;24.5;14.6;1;2.9;351;78;1015
2005;6;157;24;162.6;0;0;0;0;23.6;14.1;1;2.9;327;81;1015
2005;6;158;1;-179.4;0;0;0;0;23;13.9;1;2;344;84;1015
2005;6;158;2;-162.1;0;0;0;0;22.4;12.8;1;2.9;1;83;1015
2005;6;158;3;-146.5;0;0;0;0;22;12.4;1;1.7;353;83;1015
2005;6;158;4;-134.3;0;0;0;0;21.6;13.1;0;1.3;22;91;1015
2005;6;158;5;-124.4;0;0;0;0;21.4;12.9;0;1.5;320;92;1015
2005;6;158;6;-116.5;0;0;2;2;21.3;12.3;0;1.2;9;88;1015
2005;6;158;7;-110.1;10.7;69;51;120;22.2;13.1;0;1.7;82;88;1015
2005;6;158;8;-104.2;23.4;228;92;320;23.4;12;0;2.7;187;82;1015
2005;6;158;9;-98.5;36.3;413;118;532;24.8;12.3;0;3.4;144;80;1015
2005;6;158;10;-92.6;49.5;508;193;701;26.1;11.6;0;1.8;198;69;1015
2005;6;158;11;-85.4;62.7;609;239;848;27.2;12.2;1;2.4;134;67;1015
2005;6;158;12;-71.4;75.8;584;334;918;28.3;12.8;3;2.7;101;64;1015
2005;6;158;13;3.2;84.7;596;326;921;29.2;12.3;3;2.9;201;56;1015
2005;6;158;14;72.4;75.2;577;308;885;29.7;12;3;2.9;219;52;1015
2005;6;158;15;86;62.2;508;287;794;30;12.5;3;2;250;52;1015
2005;6;158;16;93.1;48.9;409;239;648;30;12.9;3;2.9;300;52;1015
2005;6;158;17;98.6;35.8;276;192;468;29.6;13.3;3;2.9;99;53;1015
2005;6;158;18;104.3;22.8;134;133;268;28.8;13.5;4;3.7;96;53;1015
2005;6;158;19;110.3;10.2;36;58;94;27.7;14.4;3;2.2;160;55;1015
2005;6;158;20;117.1;0;0;0;0;26.7;14;3;1.8;235;60;1015
2005;6;158;21;125.1;0;0;0;0;25.9;13.4;3;2.7;219;62;1015
2005;6;158;22;135;0;0;0;0;25;12.5;3;3.1;89;63;1016
2005;6;158;23;147.3;0;0;0;0;24.1;12.5;2;2.7;101;69;1016
2005;6;158;24;162.5;0;0;0;0;23.2;11.7;2;3.4;55;71;1016
2005;6;159;1;-179.4;0;0;0;0;22.7;11.3;2;2.7;79;73;1016
2005;6;159;2;-162.2;0;0;0;0;22;11.5;2;1.7;324;79;1016
2005;6;159;3;-146.6;0;0;0;0;21.6;10.8;1;1.2;336;79;1016
2005;6;159;4;-134.4;0;0;0;0;21.3;10.2;1;1.2;35;79;1016
2005;6;159;5;-124.5;0;0;0;0;20.9;9.6;1;1.3;17;78;1016
2005;6;159;6;-116.5;0;0;2;2;20.8;8.8;1;2;352;75;1016
2005;6;159;7;-110.2;10.7;99;40;139;21.6;8.6;0;3.1;336;70;1016
2005;6;159;8;-104.2;23.4;305;51;356;22.7;7.8;0;3.1;11;67;1016
2005;6;159;9;-98.5;36.3;516;63;580;23.9;7.5;0;2.7;100;63;1016
2005;6;159;10;-93.1;49.5;684;89;773;25.1;7.2;0;2;128;57;1016
2005;6;159;11;-85.5;62.7;805;117;922;26.2;7.2;0;2.4;147;53;1017
2005;6;159;12;-72;75.8;875;140;1015;27;7.2;0;1.8;137;49;1017
2005;6;159;13;2.6;84.8;900;149;1048;27.8;8;0;2.2;210;50;1017
2005;6;159;14;72.6;75.3;884;134;1018;28.3;8.3;0;1.8;233;49;1016
2005;6;159;15;86.1;62.2;815;110;925;28.5;8.6;0;1.2;175;48;1016
2005;6;159;16;93.2;49;688;84;773;28.5;8.9;0;0.9;223;49;1016
2005;6;159;17;99.1;35.8;516;60;576;28.1;9.3;0;1.1;202;51;1016
2005;6;159;18;104.4;22.9;307;47;354;27.4;9.9;0;0.7;249;54;1015
2005;6;159;19;110.3;10.2;98;39;136;26.4;11.4;1;0.5;199;59;1015
2005;6;159;20;117.1;0;0;1;1;25.4;11.5;1;0.4;186;63;1015
2005;6;159;21;125.1;0;0;0;0;24.5;12;2;0;113;69;1014
2005;6;159;22;135;0;0;0;0;23.7;11.6;2;0.3;66;71;1014
2005;6;159;23;147.3;0;0;0;0;22.9;11.7;3;0.4;78;75;1014
2005;6;159;24;162.5;0;0;0;0;22.1;11.9;3;0.7;98;80;1014
2005;6;160;1;-179.4;0;0;0;0;22;12.4;4;0.9;109;82;1013
2005;6;160;2;-162.2;0;0;0;0;22;12.7;4;1.2;47;83;1013
2005;6;160;3;-147.1;0;0;0;0;22;13.4;5;1.2;7;86;1013
2005;6;160;4;-134.4;0;0;0;0;21.9;13.5;5;0.9;91;85;1012
2005;6;160;5;-124.5;0;0;0;0;21.9;13.8;6;1.7;202;85;1012
2005;6;160;6;-116.6;0;0;1;1;21.9;15.1;7;2.4;198;93;1012
2005;6;160;7;-110.2;10.7;11;73;84;22.6;16;7;2;194;92;1012
2005;6;160;8;-104.3;23.4;35;177;212;23.2;16.2;8;2.2;79;95;1011
2005;6;160;9;-99;36.3;70;278;348;24.7;16.2;7;2.7;182;87;1011
2005;6;160;10;-93.2;49.5;87;379;466;24.8;16;8;2.7;221;86;1011
2005;6;160;11;-86;62.7;141;429;570;26.6;17;7;1.1;224;82;1011
2005;6;160;12;-72.3;75.8;101;491;592;27.4;18.2;8;0.8;231;82;1010
2005;6;160;13;2.3;84.9;76;490;567;27.8;19.6;8;2;232;86;1010
2005;6;160;14;73.1;75.3;104;449;553;28.4;19.6;8;3.1;113;82;1010
2005;6;160;15;86.2;62.3;75;425;500;28.6;17.5;8;2.4;125;67;1010
2005;6;160;16;93.3;49.1;59;348;406;28.5;20.1;8;2.4;111;81;1010
2005;6;160;17;99.1;35.9;20;257;277;28.3;20.5;8;2.7;199;82;1010
2005;6;160;18;104.4;22.9;10;154;163;27.8;18.4;8;4.2;220;69;1010
2005;6;160;19;110.3;10.3;0;59;60;26.9;20.4;8;3.6;252;82;1010
2005;6;160;20;117.1;0;0;1;1;26.4;19.9;8;3.7;211;82;1009
2005;6;160;21;125.1;0;0;0;0;26;19.5;8;3.6;239;82;1009
2005;6;160;22;135;0;0;0;0;25.6;19.1;8;3.9;235;82;1009
2005;6;160;23;147.3;0;0;0;0;25.2;18.7;8;5.5;230;82;1009
2005;6;160;24;162.5;0;0;0;0;24.7;18.2;8;4.9;241;82;1009
2005;6;161;1;-179.5;0;0;0;0;22.4;17.4;8;4.2;244;94;1009
2005;6;161;2;-162.3;0;0;0;0;23.9;17.4;8;5.2;267;82;1009
2005;6;161;3;-147.1;0;0;0;0;23.6;17.1;8;4.6;282;83;1009
2005;6;161;4;-134.5;0;0;0;0;23;18.2;8;4.6;294;95;1009
2005;6;161;5;-125;0;0;0;0;22.5;17.9;8;4.6;311;96;1009
2005;6;161;6;-117.1;0;0;1;1;23.2;18.2;8;3.7;326;93;1009
2005;6;161;7;-110.3;10.7;0;56;56;23.7;18.2;8;4.2;305;88;1009
2005;6;161;8;-104.4;23.3;4;145;149;24.1;18.4;8;5.2;289;92;1009
2005;6;161;9;-99.1;36.3;17;250;267;25.2;17.9;8;5.5;258;85;1009
2005;6;161;10;-93.2;49.5;54;347;401;26;17.5;8;6.9;271;82;1009
2005;6;161;11;-86.2;62.7;57;412;470;26.7;18.2;8;6.4;246;82;1008
2005;6;161;12;-72.5;75.7;33;460;493;27.3;16.3;8;4.6;247;66;1008
2005;6;161;13;2;85;21;426;447;27.6;19.5;8;4.6;206;78;1008
2005;6;161;14;73.3;75.4;38;397;435;27.9;20.3;8;6.1;230;82;1008
2005;6;161;15;86.3;62.4;24;367;392;27.9;20.4;8;4.4;129;82;1009
2005;6;161;16;93.3;49.1;19;326;345;27.9;20.3;8;3.4;211;82;1009
2005;6;161;17;99.2;36;9;224;233;27.4;20.9;8;3.1;227;86;1009
2005;6;161;18;104.5;23;1;129;130;27.4;20.9;8;1.5;206;82;1009
2005;6;161;19;110.4;10.4;0;51;51;26.9;21.1;7;2.4;252;83;1009
2005;6;161;20;117.2;0;0;1;1;26.4;20.1;7;4.2;237;82;1009
2005;6;161;21;125.1;0;0;0;0;25.9;19.9;6;3.9;250;86;1010
2005;6;161;22;135.1;0;0;0;0;25.4;19.2;6;4.2;238;87;1010
2005;6;161;23;147.3;0;0;0;0;24.9;19;5;4.6;234;91;1010
2005;6;161;24;162.5;0;0;0;0;24.3;18.7;5;4.6;213;95;1010
2005;6;162;1;-179.5;0;0;0;0;24;18;4;3.4;270;95;1010
2005;6;162;2;-162.3;0;0;0;0;23.6;17.3;3;2.2;256;95;1010
2005;6;162;3;-147.2;0;0;0;0;23.3;16.5;3;2;255;93;1010
2005;6;162;4;-134.5;0;0;0;0;23.1;16;2;1.7;247;92;1011
2005;6;162;5;-125.1;0;0;0;0;23;15.4;2;1.5;233;91;1011
2005;6;162;6;-117.1;0;0;2;2;23;15.4;1;1.5;226;94;1011
2005;6;162;7;-110.3;10.7;56;55;112;23.8;15.2;1;0.8;227;88;1011
2005;6;162;8;-104.4;23.3;187;115;301;25;14;0;1.2;212;81;1011
2005;6;162;9;-99.1;36.3;388;144;532;26.5;13.4;0;2.4;239;75;1011
2005;6;162;10;-93.3;49.4;575;155;730;28.1;12.6;0;2.4;250;65;1011
2005;6;162;11;-86.3;62.7;660;246;906;29.7;12.6;0;1.3;212;59;1012
2005;6;162;12;-73.1;75.7;146;438;584;30;17;7;1.5;98;59;1012
2005;6;162;13;1.3;85.1;146;473;619;30.4;17.3;7;2.9;105;60;1012
2005;6;162;14;73.4;75.5;143;456;599;30.6;17.6;7;2.9;202;60;1012
2005;6;162;15;86.4;62.4;84;431;515;30.6;17.8;8;2.7;254;59;1012
2005;6;162;16;93.4;49.2;77;358;435;30.4;17.7;8;1.7;307;59;1012
2005;6;162;17;99.2;36;47;256;303;29.7;20.5;8;1.1;237;74;1012
2005;6;162;18;104.5;23.1;20;166;186;28.8;21.7;8;1.5;209;86;1013
2005;6;162;19;110.4;10.5;2;65;67;28.3;21.5;7;2.7;271;82;1013
2005;6;162;20;117.2;0;0;1;1;27.5;20.4;7;3.7;215;82;1013
2005;6;162;21;125.2;0;0;0;0;26.6;20;6;3.1;149;86;1013
2005;6;162;22;135.1;0;0;0;0;25.9;18.7;6;4.2;185;84;1013
2005;6;162;23;147.3;0;0;0;0;25.2;18.5;5;4.2;119;90;1013
2005;6;162;24;162.5;0;0;0;0;24.4;18;5;4.2;233;94;1013
2005;6;163;1;-179.5;0;0;0;0;23.9;17.7;4;3.1;223;98;1014
2005;6;163;2;-162.3;0;0;0;0;23.3;16.8;3;3.4;195;98;1014
2005;6;163;3;-147.2;0;0;0;0;22.9;16.2;3;3.1;159;98;1014
2005;6;163;4;-134.6;0;0;0;0;22.6;15.6;2;1.5;109;98;1014
2005;6;163;5;-125.1;0;0;0;0;22.4;15.2;2;1.8;20;98;1014
2005;6;163;6;-117.2;0;0;2;2;22.4;14.9;1;2;328;98;1014
2005;6;163;7;-110.4;10.7;61;57;119;23.3;15.7;1;1.7;37;98;1014
2005;6;163;8;-104.5;23.3;198;111;309;24.6;15.1;0;1.8;99;93;1015
2005;6;163;9;-99.2;36.3;353;153;506;26;15.5;0;3.4;7;90;1015
2005;6;163;10;-93.4;49.4;470;213;683;27.4;15.5;2;2.4;34;83;1015
2005;6;163;11;-86.4;62.7;536;284;820;28.8;15.8;3;1.3;112;77;1015
2005;6;163;12;-73.3;75.7;585;328;912;30;15.8;3;0.8;92;70;1015
2005;6;163;13;1;85.2;603;343;946;31;15.5;3;0.8;105;63;1015
2005;6;163;14;73.5;75.6;585;327;912;31.7;16;3;1.1;193;62;1015
2005;6;163;15;86.4;62.5;563;266;829;32.1;16.4;2;1.1;146;61;1015
2005;6;163;16;93.4;49.2;498;196;694;32.2;16.6;0;0.8;205;61;1015
2005;6;163;17;99.2;36.1;383;132;516;31.9;16.6;0;0.8;230;60;1015
2005;6;163;18;104.5;23.1;205;105;311;31.2;17.1;0;0.7;247;63;1015
2005;6;163;19;110.4;10.5;71;49;120;30.1;18;0;0.4;224;66;1015
2005;6;163;20;117.2;0;0;2;2;28.9;18;0;0.2;191;73;1015
2005;6;163;21;125.2;0;0;0;0;28;17.6;0;0.2;117;77;1015
2005;6;163;22;135.1;0;0;0;0;27;17.1;0;0.1;212;81;1015
2005;6;163;23;147.3;0;0;0;0;26.1;17;0;0.2;153;87;1015
2005;6;163;24;162.5;0;0;0;0;25.2;16.4;0;0.2;254;89;1015
2005;6;164;1;-179.6;0;0;0;0;24.6;16.1;0;0.2;255;92;1015
2005;6;164;2;-162.4;0;0;0;0;23.9;15.2;0;0.5;268;91;1015
2005;6;164;3;-147.3;0;0;0;0;23.5;14.6;0;1.1;299;89;1015
2005;6;164;4;-135;0;0;0;0;23.1;13.6;0;1.3;258;86;1015
2005;6;164;5;-125.2;0;0;0;0;22.9;13.3;0;0.7;239;86;1015
2005;6;164;6;-117.2;0;0;2;2;22.9;13.6;0;0.6;225;88;1015
2005;6;164;7;-110.4;10.7;74;49;123;23.8;14.6;0;0.4;239;88;1015
2005;6;164;8;-104.5;23.3;233;88;321;25.1;14.1;0;0.4;271;84;1015
2005;6;164;9;-99.2;36.2;409;119;528;26.6;14.6;0;0.5;310;82;1015
2005;6;164;10;-93.5;49.4;556;161;717;28.1;13.7;0;0.9;277;70;1015
2005;6;164;11;-86.5;62.6;635;220;855;29.6;14.3;1;1.7;310;66;1015
2005;6;164;12;-73.5;75.7;678;265;943;30.8;14.6;2;1.2;250;61;1015
2005;6;164;13;0.3;85.2;722;262;984;31.8;14.7;2;0.9;214;57;1015
2005;6;164;14;73.6;75.6;694;254;948;32.5;14.1;2;0.7;254;51;1015
2005;6;164;15;86.5;62.5;660;203;863;32.9;14.4;0;1.8;159;50;1015
2005;6;164;16;93.5;49.3;562;156;719;33;14.2;0;1.1;107;48;1015
2005;6;164;17;99.3;36.2;436;103;539;32.7;14.5;0;1.1;100;49;1015
2005;6;164;18;104.5;23.2;251;77;328;32;14.9;0;0.8;96;51;1015
2005;6;164;19;110.4;10.6;82;45;128;30.9;16;0;1.2;69;54;1015
2005;6;164;20;117.2;0;0;2;2;29.7;16.2;1;1.8;100;61;1015
2005;6;164;21;125.2;0;0;0;0;28.6;16.3;1;1.8;62;67;1015
2005;6;164;22;135.1;0;0;0;0;27.5;15.5;1;2.4;66;68;1015
2005;6;164;23;147.3;0;0;0;0;26.5;14.5;1;3.1;18;68;1015
2005;6;164;24;162.5;0;0;0;0;25.6;13.9;2;4.4;359;71;1015
2005;6;165;1;-180;0;0;0;0;24.9;14.2;2;3.9;352;76;1015
2005;6;165;2;-162.4;0;0;0;0;24.1;13.9;2;2.4;352;79;1015
2005;6;165;3;-147.3;0;0;0;0;23.7;14.2;2;1.2;26;83;1015
2005;6;165;4;-135.1;0;0;0;0;23.3;13.5;3;1.1;31;81;1015
2005;6;165;5;-125.2;0;0;0;0;23;13.3;3;0.7;355;81;1015
2005;6;165;6;-117.2;0;0;2;2;23;13;3;1.1;17;79;1014
2005;6;165;7;-110.5;10.7;51;60;111;23.8;14;3;2.4;344;80;1014
2005;6;165;8;-104.6;23.3;164;121;286;24.9;13.6;4;2.7;19;77;1014
2005;6;165;9;-99.3;36.2;327;163;490;26.3;13.8;3;2.9;106;75;1014
2005;6;165;10;-93.5;49.4;456;225;681;27.6;13;3;3.4;75;66;1014
2005;6;165;11;-86.6;62.6;439;328;767;28.9;14.2;5;3.1;209;64;1014
2005;6;165;12;-74.1;75.7;469;355;824;29.9;14.6;5;2.2;211;60;1014
2005;6;165;13;-0.1;85.3;516;355;871;30.7;14.4;4;2.7;244;56;1014
2005;6;165;14;74.1;75.7;523;331;854;31.3;14.2;4;4.4;249;53;1014
2005;6;165;15;86.6;62.6;456;307;764;31.6;14.5;4;3.9;268;52;1014
2005;6;165;16;93.5;49.4;345;279;624;31.7;14.9;5;3.7;269;52;1013
2005;6;165;17;99.3;36.2;259;204;463;31.3;15.5;4;4.2;236;54;1013
2005;6;165;18;104.6;23.3;178;120;298;30.7;16;3;3.1;285;58;1013
2005;6;165;19;110.5;10.7;57;59;115;29.7;16.7;4;3.4;195;60;1013
2005;6;165;20;117.2;0;0;1;1;28.6;17.1;4;3.6;262;66;1012
2005;6;165;21;125.2;0;0;0;0;27.8;17.4;4;3.9;260;72;1012
2005;6;165;22;135.1;0;0;0;0;26.9;17.1;5;3.6;243;74;1012
2005;6;165;23;147.3;0;0;0;0;26.2;17.4;5;3.4;238;79;1011
2005;6;165;24;162.4;0;0;0;0;25.5;18;5;2;255;86;1011
2005;6;166;1;-179.6;0;0;0;0;25;18.1;6;3.7;244;89;1011
2005;6;166;2;-162.5;0;0;0;0;24.5;18.5;6;4.4;96;94;1011
2005;6;166;3;-147.4;0;0;0;0;24.3;19;6;4.6;50;97;1010
2005;6;166;4;-135.1;0;0;0;0;23.9;19;7;5.5;105;98;1010
2005;6;166;5;-125.2;0;0;0;0;22.6;18;7;5.5;116;99;1010
2005;6;166;6;-117.3;0;0;1;1;23;18.6;7;4.4;101;98;1010
2005;6;166;7;-110.5;10.6;0;53;53;23.6;19.5;8;4.6;104;98;1009
2005;6;166;8;-105;23.2;2;134;136;24.6;19.9;8;4.9;108;97;1009
2005;6;166;9;-99.3;36.2;7;218;225;25.3;20.2;8;4.9;59;96;1009
2005;6;166;10;-93.6;49.3;15;312;327;26;18.9;8;3.1;25;85;1009
2005;6;166;11;-87;62.6;16;352;368;26.5;19.2;8;3.6;322;82;1008
2005;6;166;12;-74.2;75.7;15;376;391;26.9;19.7;8;2.7;31;82;1008
2005;6;166;13;-0.4;85.3;33;396;429;27.3;20.1;8;3.9;344;84;1008
2005;6;166;14;74.1;75.7;34;387;421;27.6;20.1;8;4.2;349;82;1008
2005;6;166;15;87;62.7;22;360;383;27.6;20.2;8;5.2;19;82;1008
2005;6;166;16;93.5;49.4;18;314;333;27.8;20.3;8;5.2;341;82;1008
2005;6;166;17;99.3;36.3;17;244;260;27.7;18.9;8;6.1;6;74;1008
2005;6;166;18;104.6;23.3;7;154;161;27.4;20.2;8;7.1;99;82;1008
2005;6;166;19;110.5;10.7;5;67;72;26.7;20.3;8;7.5;101;86;1008
2005;6;166;20;117.3;0;0;1;1;24.5;19.3;8;6.8;89;95;1008
2005;6;166;21;125.2;0;0;0;0;25.7;19.2;8;5.2;220;86;1008
2005;6;166;22;135.1;0;0;0;0;25.2;18.7;8;6.4;263;86;1008
2005;6;166;23;147.3;0;0;0;0;24.9;18.5;8;5.5;235;86;1008
2005;6;166;24;162.4;0;0;0;0;24.6;18;8;5.2;277;85;1009
2005;6;167;1;-179.5;0;0;0;0;24;18.2;8;4.4;240;91;1009
2005;6;167;2;-162.5;0;0;0;0;23;17.5;8;3.1;245;95;1009
2005;6;167;3;-147.4;0;0;0;0;24;17.7;8;2;240;88;1009
2005;6;167;4;-135.2;0;0;0;0;24;16.9;8;1.2;228;82;1009
2005;6;167;5;-125.3;0;0;0;0;24;17.2;8;1.7;189;84;1009
2005;6;167;6;-117.3;0;0;1;1;23.9;18;8;2;77;90;1009
2005;6;167;7;-110.5;10.6;2;65;67;24.5;18.6;8;2;41;90;1009
2005;6;167;8;-105.1;23.2;28;169;197;25.5;17.8;8;3.1;1;86;1009
2005;6;167;9;-99.4;36.2;25;264;288;26.3;18.5;8;3.4;105;84;1009
2005;6;167;10;-94;49.3;83;354;436;27.3;17.3;8;3.1;84;75;1009
2005;6;167;11;-87.1;62.5;21;356;377;27.8;18.6;8;3.1;61;70;1009
2005;6;167;12;-74.4;75.6;76;439;516;28.6;17.7;8;3.6;111;67;1009
2005;6;167;13;-1.1;85.4;126;475;600;29.3;16.6;7;3.4;41;61;1009
2005;6;167;14;74.2;75.8;98;452;550;29.8;17;8;2.9;100;58;1010
2005;6;167;15;87;62.7;131;425;556;30.2;16.9;7;2.2;104;59;1010
2005;6;167;16;93.6;49.5;80;361;441;30;19.7;8;2.9;79;72;1010
2005;6;167;17;99.3;36.3;60;264;324;30.2;21.8;8;2;105;82;1010
2005;6;167;18;105;23.4;11;166;177;29.8;22.3;8;1.7;338;82;1011
2005;6;167;19;110.5;10.8;1;64;65;29.2;22.6;8;1.1;51;82;1011
2005;6;167;20;117.3;0;0;1;1;28.5;21.7;7;1.7;10;82;1011
2005;6;167;21;125.2;0;0;0;0;27.5;20.5;7;1.1;78;82;1011
2005;6;167;22;135.1;0;0;0;0;26.5;19.2;6;1.2;157;82;1011
2005;6;167;23;147.3;0;0;0;0;25.8;18.4;6;1.3;206;83;1012
2005;6;167;24;162.4;0;0;0;0;24.9;17.7;5;1.7;221;87;1012
2005;6;168;1;-179.5;0;0;0;0;24.1;17.1;5;1.3;303;90;1012
2005;6;168;2;-162.6;0;0;0;0;23.1;16.3;4;0.4;304;93;1012
2005;6;168;3;-147.4;0;0;0;0;22.5;15.9;4;0.3;230;97;1013
2005;6;168;4;-135.2;0;0;0;0;22;14.9;3;0.6;235;96;1013
2005;6;168;5;-125.3;0;0;0;0;21.6;13.4;3;0.6;303;90;1013
2005;6;168;6;-117.4;0;0;1;1;21.5;13.2;2;0.5;272;91;1013
2005;6;168;7;-110.6;10.6;59;54;112;22.1;13.5;2;0.6;292;89;1013
2005;6;168;8;-105.1;23.2;196;105;301;23.1;13.1;1;0.5;255;89;1014
2005;6;168;9;-99.4;36.1;339;159;498;24.2;12;2;0.5;227;79;1014
2005;6;168;10;-94.1;49.3;429;238;667;25.3;11.6;3;0.6;226;72;1014
2005;6;168;11;-87.2;62.5;531;285;816;26.3;11.5;3;0.9;243;67;1014
2005;6;168;12;-74.5;75.6;583;305;888;27.1;12.1;3;1.7;330;66;1014
2005;6;168;13;-1.5;85.4;560;369;929;27.8;12.1;4;1.2;303;63;1015
2005;6;168;14;74.2;75.9;556;331;887;28.2;12.3;4;1.1;293;61;1015
2005;6;168;15;87.1;62.8;559;274;834;28.5;12.1;3;1.2;297;59;1015
2005;6;168;16;93.6;49.5;531;178;709;28.5;12.2;0;1.3;320;59;1014
2005;6;168;17;99.4;36.4;399;129;529;28.2;12.5;0;1.7;313;60;1014
2005;6;168;18;105;23.5;219;95;315;27.6;13.5;0;2.2;304;64;1014
2005;6;168;19;110.5;10.8;77;49;126;26.6;14.6;0;2.7;302;69;1014
2005;6;168;20;117.3;0;0;2;2;25.7;14;1;2.2;240;70;1014
2005;6;168;21;125.2;0;0;0;0;25;14.4;1;3.6;249;76;1014
2005;6;168;22;135.1;0;0;0;0;24.3;13.9;1;3.7;309;77;1014
2005;6;168;23;147.3;0;0;0;0;23.6;13.6;1;5.2;239;80;1014
2005;6;168;24;162.4;0;0;0;0;22.8;13.5;2;4.9;147;83;1014
2005;6;169;1;-179.5;0;0;0;0;22.8;13.2;2;4.9;133;81;1014
2005;6;169;2;-163;0;0;0;0;22.8;13.3;2;4.2;159;81;1014
2005;6;169;3;-147.5;0;0;0;0;22.7;13.5;2;3.9;175;81;1014
2005;6;169;4;-135.3;0;0;0;0;22.7;13.5;3;2.7;239;81;1014
2005;6;169;5;-125.3;0;0;0;0;22.6;13.3;3;3.1;252;79;1013
2005;6;169;6;-117.4;0;0;1;1;22.7;13.6;3;3.1;244;80;1013
2005;6;169;7;-111;10.6;21;72;93;23.4;14.5;3;3.7;297;79;1013
2005;6;169;8;-105.1;23.2;110;143;253;24.6;14.4;4;3.6;241;79;1013
2005;6;169;9;-99.5;36.1;197;229;427;25.9;14.7;4;3.9;159;77;1013
2005;6;169;10;-94.1;49.2;281;314;595;27.3;14.3;5;4.2;220;69;1013
2005;6;169;11;-87.2;62.5;333;373;707;28.6;14.6;5;3.9;11;64;1013
2005;6;169;12;-74.6;75.6;361;409;770;29.8;15.7;5;4.9;85;63;1013
2005;6;169;13;-2.2;85.4;335;437;771;30.6;16.1;5;3.9;56;60;1013
2005;6;169;14;74.2;75.9;334;425;759;31.2;16.5;5;4.2;67;59;1013
2005;6;169;15;87.1;62.8;415;334;750;31.7;16.5;4;5.5;108;59;1012
2005;6;169;16;94;49.6;261;327;588;31.8;17.7;5;6.4;139;61;1012
2005;6;169;17;99.4;36.4;140;265;405;31.5;18.4;6;5.5;147;62;1012
2005;6;169;18;105;23.5;46;182;228;30.8;19.6;7;4.9;100;67;1011
2005;6;169;19;110.5;10.9;12;75;88;29.8;19.4;7;4.4;20;65;1011
2005;6;169;20;117.3;0;0;1;1;28.8;19.3;7;4.4;19;69;1011
2005;6;169;21;125.2;0;0;0;0;28.7;20.3;7;3.9;79;75;1010
2005;6;169;22;135.1;0;0;0;0;28.6;20.7;7;4.9;102;77;1010
2005;6;169;23;147.3;0;0;0;0;28.5;21.6;7;4.2;224;81;1010
2005;6;169;24;162.3;0;0;0;0;28.3;21.6;7;4.9;91;81;1010
2005;6;170;1;-179.4;0;0;0;0;28.3;21.5;7;4.9;229;79;1009
2005;6;170;2;-163;0;0;0;0;28.3;22.6;8;4.6;242;85;1009
2005;6;170;3;-147.5;0;0;0;0;28.4;23.3;8;5.9;237;88;1009
2005;6;170;4;-135.3;0;0;0;0;28.4;23.3;8;4.9;245;87;1008
2005;6;170;5;-125.4;0;0;0;0;28.4;23.3;8;3.7;197;85;1008
2005;6;170;6;-117.4;0;0;1;1;28.4;23.9;8;3.7;169;88;1008
2005;6;170;7;-111;10.5;0;38;38;28.7;24.2;8;3.1;195;86;1007
2005;6;170;8;-105.1;23.1;0;83;83;28.9;24.7;8;3.6;204;88;1007
2005;6;170;9;-99.5;36;0;167;168;29.8;24.2;8;2.9;133;83;1007
2005;6;170;10;-94.1;49.2;1;162;163;30.2;25.5;8;2.7;204;85;1007
2005;6;170;11;-87.3;62.4;1;205;207;30.2;25.4;8;2.7;227;85;1006
2005;6;170;12;-75.1;75.5;2;178;180;29.9;25.8;8;3.6;246;87;1006
2005;6;170;13;-3;85.4;3;240;244;31;25.5;8;3.1;319;81;1006
2005;6;170;14;74.2;76;17;334;351;31.5;24.6;8;1.7;310;79;1006
2005;6;170;15;87.1;62.9;8;278;286;32;25.2;8;2;306;77;1006
2005;6;170;16;94;49.6;8;256;264;32.1;24.9;8;3.1;296;76;1006
2005;6;170;17;99.4;36.5;4;193;197;31.8;25;8;3.4;300;78;1006
2005;6;170;18;105;23.6;0;126;126;31.9;25.2;8;4.6;280;77;1007
2005;6;170;19;110.5;11;0;58;58;31.2;25;8;3.9;282;81;1007
2005;6;170;20;117.3;0;0;2;2;30.6;24.9;8;3.1;318;83;1007
2005;6;170;21;125.2;0;0;0;0;29.6;24.6;8;2.9;319;88;1007
2005;6;170;22;135.1;0;0;0;0;28.6;24.1;8;2.7;249;92;1007
2005;6;170;23;147.2;0;0;0;0;27.7;23.9;8;3.4;329;98;1007
2005;6;170;24;162.3;0;0;0;0;27.2;23.2;8;2.7;265;96;1008
2005;6;171;1;-179.4;0;0;0;0;28.2;23.3;8;2.9;237;88;1008
2005;6;171;2;-163.1;0;0;0;0;26.8;23.1;8;2.7;257;99;1008
2005;6;171;3;-147.6;0;0;0;0;27.1;23.2;8;1.5;274;97;1008
2005;6;171;4;-135.3;0;0;0;0;27;23.1;8;1.8;276;95;1008
2005;6;171;5;-125.4;0;0;0;0;26.9;23.3;8;3.6;147;98;1008
2005;6;171;6;-117.4;0;0;1;1;26.7;23;8;2.7;12;97;1009
2005;6;171;7;-111;10.5;0;48;48;27.3;23.6;8;2.7;54;97;1009
2005;6;171;8;-105.2;23.1;0;101;101;27.7;24;8;2.2;75;96;1009
2005;6;171;9;-99.5;36;4;197;201;28.4;23.7;8;2.2;2;94;1009
2005;6;171;10;-94.2;49.1;8;261;268;28.9;23.4;8;1.2;21;89;1009
2005;6;171;11;-87.3;62.4;45;416;462;29.9;22.3;8;2;348;85;1009
2005;6;171;12;-75.2;75.5;36;418;454;30.6;23.2;8;3.1;351;83;1010
2005;6;171;13;-3.4;85.5;33;473;506;31.3;21.8;8;2.4;332;72;1010
2005;6;171;14;74.2;76;77;437;514;31.8;21.6;8;2.7;354;70;1010
2005;6;171;15;87.1;62.9;190;421;611;32.3;20.2;7;2.2;346;67;1010
2005;6;171;16;94;49.7;307;312;619;32.8;18.9;5;2.7;344;64;1010
2005;6;171;17;99.4;36.6;342;181;522;33;18.4;1;1.7;348;64;1011
2005;6;171;18;105;23.6;279;88;368;33;17.4;0;1.3;3;61;1011
2005;6;171;19;110.5;11;85;52;137;32.5;18.9;0;1.5;353;61;1011
2005;6;171;20;117.2;0;0;3;3;31.8;19.5;0;3.1;348;67;1011
2005;6;171;21;125.2;0;0;0;0;30.8;19.6;0;3.9;348;73;1011
2005;6;171;22;135;0;0;0;0;29.8;19.5;0;4.4;353;78;1012
2005;6;171;23;147.2;0;0;0;0;28.8;19;0;5.9;325;81;1012
2005;6;171;24;162.3;0;0;0;0;27.8;18.4;0;6.1;327;83;1012
2005;6;172;1;-179.3;0;0;0;0;27;18;0;5.9;59;86;1012
2005;6;172;2;-163.1;0;0;0;0;26.2;17.7;0;5.2;98;89;1012
2005;6;172;3;-147.6;0;0;0;0;25.8;17.9;0;3.9;204;93;1012
2005;6;172;4;-135.3;0;0;0;0;25.3;17.8;0;2.4;125;95;1013
2005;6;172;5;-125.4;0;0;0;0;25;17.7;0;2.4;113;96;1013
2005;6;172;6;-117.4;0;0;1;1;25;17.7;0;3.1;131;95;1013
2005;6;172;7;-111.1;10.4;48;56;105;25.7;18.4;0;1.8;149;93;1013
2005;6;172;8;-105.2;23;169;117;285;26.8;17.4;0;2.9;95;89;1013
2005;6;172;9;-99.5;36;242;212;454;28.1;18;3;3.4;106;86;1014
2005;6;172;10;-94.2;49.1;306;301;606;29.4;17.5;4;3.7;216;76;1014
2005;6;172;11;-87.3;62.3;406;337;743;30.6;17.7;4;3.1;63;72;1014
2005;6;172;12;-75.2;75.4;509;348;857;31.8;17.7;3;2.2;163;67;1014
2005;6;172;13;-4.2;85.5;542;351;892;32.7;17.6;3;1.7;169;62;1014
2005;6;172;14;74.2;76.1;537;328;865;33.3;17.6;3;1.5;234;59;1014
2005;6;172;15;87.1;63;503;293;796;33.7;17.1;2;0.6;210;55;1014
2005;6;172;16;94;49.7;444;235;678;33.8;17.5;1;0.9;130;56;1014
2005;6;172;17;99.4;36.6;366;150;515;33.6;18.1;0;1.2;82;58;1014
2005;6;172;18;105;23.7;204;105;309;33;19.5;0;0.8;64;64;1014
2005;6;172;19;110.5;11.1;68;60;128;32;20.6;0;0.8;36;70;1014
2005;6;172;20;117.2;0;0;3;3;30.9;20.2;0;1.7;79;73;1014
2005;6;172;21;125.2;0;0;0;0;30;20.9;1;3.7;84;84;1014
2005;6;172;22;135;0;0;0;0;29;20.5;1;3.1;11;87;1014
2005;6;172;23;147.2;0;0;0;0;28;20.5;1;1.5;114;94;1014
2005;6;172;24;162.2;0;0;0;0;27;19.9;1;2.4;201;97;1013
2005;6;173;1;-179.3;0;0;0;0;26.5;19.9;2;1.2;185;100;1013
2005;6;173;2;-163.2;0;0;0;0;26;19.4;2;1.8;90;100;1013
2005;6;173;3;-148;0;0;0;0;25.6;19.1;2;3.4;189;99;1013
2005;6;173;4;-135.4;0;0;0;0;25.3;18.9;2;3.1;228;100;1013
2005;6;173;5;-125.4;0;0;0;0;25.1;18.8;2;3.9;228;100;1013
2005;6;173;6;-117.5;0;0;1;1;25.1;18.8;3;3.7;115;100;1013
2005;6;173;7;-111.1;10.4;34;63;97;25.8;19.7;3;3.6;56;100;1013
2005;6;173;8;-105.2;23;117;141;258;26.8;19.4;3;5.5;353;98;1013
2005;6;173;9;-99.5;35.9;96;266;363;27.8;19.7;7;3.9;350;89;1013
2005;6;173;10;-94.2;49.1;161;353;514;29;19.4;6;2.7;343;83;1013
2005;6;173;11;-87.3;62.3;455;329;784;30.5;18.4;3;2.2;338;80;1013
2005;6;173;12;-75.3;75.4;340;424;764;31.5;19.2;5;2.4;351;72;1013
2005;6;173;13;-4.5;85.5;309;455;764;32.3;19.4;6;3.4;29;67;1012
2005;6;173;14;74.2;76.1;103;432;535;32.4;23;7;3.1;357;75;1012
2005;6;173;15;87.1;63;304;404;708;32.8;19.4;5;2;327;66;1012
2005;6;173;16;93.6;49.8;353;274;627;33;18.9;3;2.4;63;63;1013
2005;6;173;17;99.3;36.6;216;237;454;32.8;18.9;4;2.4;37;62;1013
2005;6;173;18;104.6;23.7;27;160;187;32;23.7;8;2.4;107;77;1013
2005;6;173;19;110.5;11.1;49;81;130;31.3;21.4;7;2.4;47;80;1013
2005;6;173;20;117.2;0;0;4;4;30.4;19.3;6;1.1;96;72;1013
2005;6;173;21;125.1;0;0;0;0;29.5;19.7;6;1.1;121;80;1013
2005;6;173;22;134.6;0;0;0;0;28.6;18.9;5;0.7;75;81;1013
2005;6;173;23;147.2;0;0;0;0;27.7;18.5;5;2;40;84;1013
2005;6;173;24;162.2;0;0;0;0;26.7;18.2;4;2;39;88;1013
2005;6;174;1;-179.3;0;0;0;0;26.2;18.4;4;0.8;36;93;1013
2005;6;174;2;-163.2;0;0;0;0;25.6;18.5;3;0.4;349;98;1013
2005;6;174;3;-148;0;0;0;0;25.3;17.8;3;0.1;320;95;1013
2005;6;174;4;-135.4;0;0;0;0;24.9;17.8;2;0.4;355;97;1013
2005;6;174;5;-125.5;0;0;0;0;24.7;17.1;2;0.2;54;93;1013
2005;6;174;6;-117.5;0;0;1;1;24.7;16.9;1;0.5;98;91;1013
2005;6;174;7;-111.1;10.4;42;60;103;25.4;16.7;1;1.1;113;84;1013
2005;6;174;8;-105.2;22.9;140;133;273;26.5;15.4;0;0.9;142;76;1013
2005;6;174;9;-99.5;35.9;261;199;460;27.8;15.2;1;0.7;199;71;1013
2005;6;174;10;-94.2;49;305;300;605;29.1;14.6;4;0.5;223;61;1013
2005;6;174;11;-87.4;62.2;333;377;710;30.3;14.8;5;0.4;228;57;1013
2005;6;174;12;-75.3;75.4;473;339;812;31.3;14.8;3;0.1;243;54;1013
2005;6;174;13;-5.3;85.4;474;375;850;32.2;14.8;4;0.2;261;50;1013
2005;6;174;14;74.1;76.2;435;361;795;32.8;15.5;4;0.4;242;49;1013
2005;6;174;15;87;63.1;369;353;721;33.1;15.1;4;0.5;273;46;1013
2005;6;174;16;93.6;49.8;275;317;592;33.1;14.6;5;0.5;244;43;1013
2005;6;174;17;99.3;36.7;172;248;420;32.8;15.4;5;0.7;160;45;1013
2005;6;174;18;104.6;23.7;55;182;237;32.1;15.5;7;0.7;205;44;1013
2005;6;174;19;110.5;11.1;16;75;91;31.2;16.4;7;1.2;137;46;1013
2005;6;174;20;117.2;0;0;1;1;30.2;16;7;1.1;134;49;1013
2005;6;174;21;125.1;0;0;0;0;29.3;16.4;7;1.5;222;54;1013
2005;6;174;22;134.6;0;0;0;0;28.3;16.6;7;1.5;92;60;1013
2005;6;174;23;147.1;0;0;0;0;27.4;16.7;7;0.9;119;65;1013
2005;6;174;24;162.2;0;0;0;0;26.6;16.4;7;1.1;112;69;1013
2005;6;175;1;-179.2;0;0;0;0;25.9;17.9;7;1.5;272;82;1013
2005;6;175;2;-163.2;0;0;0;0;25.3;17.8;7;2.9;236;86;1013
2005;6;175;3;-148.1;0;0;0;0;25;17.8;7;2.7;244;88;1013
2005;6;175;4;-135.4;0;0;0;0;24.7;17.6;7;2.4;259;90;1013
2005;6;175;5;-125.5;0;0;0;0;24.4;17.2;7;2.2;257;89;1013
2005;6;175;6;-117.5;0;0;1;1;24.4;16.9;7;2.2;254;88;1013
2005;6;175;7;-111.1;10.3;19;70;89;25.1;16.8;7;3.1;280;82;1013
2005;6;175;8;-105.2;22.9;39;171;211;25.8;17.2;7;2.4;244;82;1013
2005;6;175;9;-99.5;35.8;102;263;366;26.9;15.1;7;2.2;225;68;1013
2005;6;175;10;-94.2;49;97;377;474;27.9;15.4;7;2.2;153;64;1013
2005;6;175;11;-87.4;62.2;131;422;552;28.8;15.9;7;1.8;135;61;1013
2005;6;175;12;-75.3;75.3;430;369;799;30.1;14.4;4;0.9;216;57;1013
2005;6;175;13;-6;85.4;345;446;791;31;14.3;5;2;150;51;1013
2005;6;175;14;74;76.2;294;444;738;31.6;14.7;6;1.5;225;49;1013
2005;6;175;15;87;63.1;451;325;777;32.2;13.6;4;2.7;256;46;1013
2005;6;175;16;93.5;49.9;448;227;676;32.4;13.1;1;2;239;44;1013
2005;6;175;17;99.3;36.7;390;147;537;32.5;13.3;0;1.7;248;45;1013
2005;6;175;18;104.6;23.8;192;116;308;32;14.1;0;1.1;242;45;1013
2005;6;175;19;110.4;11.2;58;58;116;31.1;15.1;0;0.8;218;46;1013
2005;6;175;20;117.2;0;0;2;2;30.2;14.7;0;0.5;245;49;1013
2005;6;175;21;125.1;0;0;0;0;29.2;14.3;0;1.1;261;51;1013
2005;6;175;22;134.5;0;0;0;0;28.3;14.5;0;0.9;265;56;1014
2005;6;175;23;147.1;0;0;0;0;27.4;14.1;0;1.5;258;59;1014
2005;6;175;24;162.1;0;0;0;0;26.6;13.8;0;1.1;245;62;1014
2005;6;176;1;-179.2;0;0;0;0;26;13.4;0;1.7;264;63;1014
2005;6;176;2;-163.3;0;0;0;0;25.3;13.7;0;2;239;69;1014
2005;6;176;3;-148.1;0;0;0;0;24.9;13.4;0;2.4;234;70;1014
2005;6;176;4;-135.4;0;0;0;0;24.6;13.9;0;2;311;75;1014
2005;6;176;5;-125.5;0;0;0;0;24.3;13.8;0;1.7;206;76;1014
2005;6;176;6;-117.5;0;0;1;1;24.3;14.8;0;1.5;211;83;1014
2005;6;176;7;-111.1;10.3;58;55;113;25.2;15.1;0;2;178;79;1014
2005;6;176;8;-105.2;22.8;199;105;304;26.5;14.2;0;2;128;74;1014
2005;6;176;9;-99.5;35.8;366;138;504;28;14.4;0;2.7;94;70;1014
2005;6;176;10;-94.2;48.9;487;198;685;29.6;13.4;0;2.2;100;59;1014
2005;6;176;11;-87.3;62.1;529;273;803;31;13.4;3;1.7;135;52;1015
2005;6;176;12;-75.3;75.3;564;337;901;32.2;13.4;3;1.7;101;48;1015
2005;6;176;13;-6.4;85.4;595;325;920;33.2;13.9;3;1.5;83;46;1015
2005;6;176;14;73.5;76.2;592;301;894;33.9;14.3;3;0.8;98;44;1015
2005;6;176;15;86.6;63.2;538;285;823;34.3;13.9;3;1.8;97;42;1015
2005;6;176;16;93.5;49.9;488;207;694;34.4;14.3;1;2;78;42;1015
2005;6;176;17;99.3;36.8;388;136;524;34.1;14.8;0;3.1;62;44;1015
2005;6;176;18;104.5;23.8;238;90;328;33.4;15.9;0;2;96;48;1015
2005;6;176;19;110.4;11.2;82;50;132;32.4;17.4;0;1.5;60;53;1015
2005;6;176;20;117.2;0;0;3;3;31.2;17.2;0;0.6;62;58;1015
2005;6;176;21;125.1;0;0;0;0;29.8;18.4;0;0.7;92;71;1015
2005;6;176;22;134.5;0;0;0;0;28.5;17.4;0;0.8;356;73;1015
2005;6;176;23;147.1;0;0;0;0;27.2;16.8;0;0.9;73;78;1015
2005;6;176;24;162.1;0;0;0;0;26;16.2;0;0.5;13;82;1015
2005;6;177;1;-179.2;0;0;0;0;25.1;15.4;0;0.7;60;83;1015
2005;6;177;2;-163.3;0;0;0;0;24.1;14.7;0;1.3;351;86;1015
2005;6;177;3;-148.1;0;0;0;0;23.5;14.6;0;1.5;352;89;1015
2005;6;177;4;-135.4;0;0;0;0;23;14.8;0;2;88;94;1015
2005;6;177;5;-125.5;0;0;0;0;22.6;14;0;2.4;166;91;1015
2005;6;177;6;-117.5;0;0;1;1;22.5;13.8;0;1.5;105;90;1015
2005;6;177;7;-111.1;10.2;58;54;112;23.3;14.5;0;1.7;132;89;1015
2005;6;177;8;-105.2;22.8;203;103;306;24.5;14.2;0;1.2;233;88;1015
2005;6;177;9;-99.5;35.7;372;134;506;25.8;13.7;0;1.5;230;80;1015
2005;6;177;10;-94.2;48.8;485;198;683;27.1;12.9;0;1.7;95;70;1015
2005;6;177;11;-87.3;62.1;563;262;825;28.4;13;2;1.5;102;64;1015
2005;6;177;12;-75.3;75.2;629;295;924;29.5;13.1;2;1.7;128;60;1015
2005;6;177;13;-7.1;85.4;588;351;939;30.4;13.9;3;2.2;20;58;1015
2005;6;177;14;73.4;76.3;597;321;917;31;13.8;3;3.1;341;55;1015
2005;6;177;15;86.5;63.2;538;285;823;31.4;13.7;3;2.4;330;52;1015
2005;6;177;16;93.5;50;448;234;682;31.4;13.9;2;2.2;52;52;1015
2005;6;177;17;99.3;36.8;358;150;509;31.1;14.3;0;2.2;39;53;1015
2005;6;177;18;104.5;23.9;197;111;308;30.3;14.7;0;1.5;347;54;1015
2005;6;177;19;110.4;11.2;63;57;120;29.3;15.4;0;0.7;47;56;1015
2005;6;177;20;117.1;0;0;2;2;28.2;14.8;0;0.7;73;58;1015
2005;6;177;21;125;0;0;0;0;27.1;14.8;0;1.7;17;64;1015
2005;6;177;22;134.5;0;0;0;0;26.2;14.1;0;2.4;48;66;1015
2005;6;177;23;147;0;0;0;0;25.2;13.4;0;2.9;67;67;1015
2005;6;177;24;162.1;0;0;0;0;24.2;13.3;0;1.7;75;73;1014
2005;6;178;1;-179.1;0;0;0;0;23.6;13.3;0;1.7;12;76;1014
2005;6;178;2;-163.3;0;0;0;0;23;13;0;0.9;3;78;1014
2005;6;178;3;-148.1;0;0;0;0;22.7;13.1;0;1.1;12;81;1014
2005;6;178;4;-135.4;0;0;0;0;22.3;12.4;0;1.7;29;79;1014
2005;6;178;5;-125.5;0;0;0;0;22.1;12.1;0;1.8;100;78;1014
2005;6;178;6;-117.5;0;0;1;1;22.1;11.2;0;0.7;106;73;1014
2005;6;178;7;-111.1;10.1;49;53;102;22.8;11.6;0;0.6;201;70;1014
2005;6;178;8;-105.2;22.7;191;103;293;24.1;10.6;0;0.5;195;67;1014
2005;6;178;9;-99.5;35.7;281;186;467;25.3;10.5;1;0.6;186;62;1014
2005;6;178;10;-94.2;48.8;296;302;597;26.5;10.9;4;1.2;227;57;1014
2005;6;178;11;-87.3;62;411;333;743;27.6;10.5;4;2.2;215;52;1014
2005;6;178;12;-75.2;75.1;542;335;876;28.8;10.6;3;2.2;267;50;1014
2005;6;178;13;-7.4;85.3;573;365;938;29.9;10.5;3;2.7;309;47;1014
2005;6;178;14;73.3;76.3;520;348;868;30.5;11.1;3;1.7;221;45;1014
2005;6;178;15;86.5;63.2;423;334;757;30.8;13;4;0.9;137;49;1014
2005;6;178;16;93.4;50;266;328;593;30.8;12.9;5;1.2;109;46;1014
2005;6;178;17;99.2;36.8;149;264;413;30.4;14.5;6;1.7;87;50;1013
2005;6;178;18;104.5;23.9;116;147;263;29.7;14.8;4;3.1;65;53;1013
2005;6;178;19;110.4;11.3;24;77;101;28.7;16.1;4;2.7;63;58;1013
2005;6;178;20;117.1;0;0;2;2;27.7;15.8;5;1.7;88;60;1013
2005;6;178;21;125;0;0;0;0;26.9;16.3;5;0.7;119;64;1013
2005;6;178;22;134.4;0;0;0;0;26.3;17.1;5;2;336;70;1013
2005;6;178;23;146.6;0;0;0;0;25.6;17.2;5;2.4;3;73;1013
2005;6;178;24;162;0;0;0;0;24.9;16.9;6;2.2;70;73;1013
2005;6;179;1;-179.1;0;0;0;0;24.5;15.7;6;2.2;63;67;1013
2005;6;179;2;-163.3;0;0;0;0;24.1;16.6;6;2.2;49;72;1013
2005;6;179;3;-148.1;0;0;0;0;23.9;18.3;7;2.4;63;82;1012
2005;6;179;4;-135.4;0;0;0;0;23.7;19.1;7;1.8;194;86;1012
2005;6;179;5;-125.5;0;0;0;0;23.5;18.7;7;2.7;198;82;1012
2005;6;179;6;-117.5;0;0;1;1;23.5;19.7;7;2.4;118;86;1012
2005;6;179;7;-111.1;10.1;0;10;10;23.5;19.5;8;3.6;107;82;1012
2005;6;179;8;-105.2;22.7;0;51;51;23.9;19.1;8;4.4;99;82;1012
2005;6;179;9;-99.5;35.6;22;239;262;24.7;17.1;8;4.9;88;83;1012
2005;6;179;10;-94.1;48.7;53;340;393;25.8;17.3;8;6.4;203;82;1012
2005;6;179;11;-87.3;62;35;411;447;26.1;18.4;8;4.9;198;86;1012
2005;6;179;12;-75.2;75.1;189;451;640;27.8;18.1;7;4.2;88;82;1012
2005;6;179;13;-8.1;85.3;326;448;774;29;15.2;6;3.1;117;64;1011
2005;6;179;14;73.2;76.3;544;340;883;30.2;12.7;4;2.7;217;53;1012
2005;6;179;15;86.4;63.3;292;400;692;30.7;14;6;3.4;197;50;1012
2005;6;179;16;93.4;50;220;337;557;31;14.9;6;5.5;111;51;1012
2005;6;179;17;99.2;36.9;252;217;470;31;13.8;4;5.5;136;48;1012
2005;6;179;18;104.4;23.9;152;136;288;30.7;15;4;5.9;222;52;1012
2005;6;179;19;110.3;11.3;71;68;139;30;15.1;3;6.4;201;55;1012
2005;6;179;20;117.1;0;0;5;5;29.2;15.1;3;7.1;266;59;1013
2005;6;179;21;124.6;0;0;0;0;28.2;15.5;3;6.9;255;66;1013
2005;6;179;22;134.4;0;0;0;0;27.2;14.5;3;6.4;244;66;1013
2005;6;179;23;146.5;0;0;0;0;26.3;14.2;2;4.9;310;69;1013
2005;6;179;24;161.6;0;0;0;0;25.4;14.7;2;4.4;307;77;1013
2005;6;180;1;-179;0;0;0;0;24.5;14.6;2;4.6;308;82;1013
2005;6;180;2;-163.4;0;0;0;0;23.5;14.2;2;6.4;309;86;1013
2005;6;180;3;-148.2;0;0;0;0;23;13.7;1;4.2;306;87;1014
2005;6;180;4;-135.4;0;0;0;0;22.5;13.2;1;4.4;311;86;1014
2005;6;180;5;-125.5;0;0;0;0;22.1;13.2;1;4.4;292;89;1014
2005;6;180;6;-117.5;0;0;1;1;22.1;13.2;1;3.7;279;89;1014
2005;6;180;7;-111.1;10;54;54;108;22.8;13.4;0;3.6;288;84;1014
2005;6;180;8;-105.2;22.6;197;98;295;24;13.1;0;2.9;307;83;1014
2005;6;180;9;-99.5;35.5;368;137;505;25.3;12.5;0;2.9;302;77;1015
2005;6;180;10;-94.1;48.7;512;180;693;26.5;11.6;0;3.9;292;67;1015
2005;6;180;11;-87.2;61.9;585;247;831;27.9;11.5;1;5.2;315;60;1015
2005;6;180;12;-75.1;75;634;291;924;29;11.6;2;6.1;307;55;1015
2005;6;180;13;-8.4;85.2;599;343;943;29.9;12;3;5.2;316;52;1015
2005;6;180;14;72.6;76.4;582;330;912;30.5;12.1;3;3.4;302;50;1015
2005;6;180;15;86.3;63.3;538;277;815;30.9;12.6;2;2.9;317;50;1015
2005;6;180;16;93.3;50.1;472;204;676;30.9;12.6;0;2.7;297;48;1015
2005;6;180;17;99.1;36.9;339;162;501;30.6;13.2;0;2.4;313;50;1015
2005;6;180;18;104.4;23.9;183;119;301;29.8;14.2;0;4.2;321;54;1015
2005;6;180;19;110.3;11.3;55;64;119;28.8;14.9;0;3.6;306;56;1015
2005;6;180;20;117;0;0;2;2;27.7;14.4;0;2.4;326;59;1015
2005;6;180;21;124.5;0;0;0;0;26.6;13.8;0;3.1;321;62;1015
2005;6;180;22;134.4;0;0;0;0;25.7;14.1;0;3.7;301;68;1015
2005;6;180;23;146.5;0;0;0;0;24.7;13.5;0;2.4;313;71;1015
2005;6;180;24;161.5;0;0;0;0;23.7;12.8;0;3.1;306;73;1015
2005;6;181;1;-179;0;0;0;0;23.1;12.9;0;4.9;309;78;1015
2005;6;181;2;-163.4;0;0;0;0;22.4;12.5;0;5.2;327;80;1015
2005;6;181;3;-148.2;0;0;0;0;22;12.9;0;3.9;256;86;1015
2005;6;181;4;-135.4;0;0;0;0;21.6;12.6;0;6.4;231;87;1015
2005;6;181;5;-125.5;0;0;0;0;21.3;12;0;6.1;244;84;1015
2005;6;181;6;-117.5;0;0;1;1;21.3;11.6;0;6.7;225;83;1015
2005;6;181;7;-111;10;46;59;105;22;12.2;0;5.9;226;82;1015
2005;6;181;8;-105.1;22.5;190;101;291;23;11.6;0;4.9;297;79;1015
2005;6;181;9;-99.4;35.5;357;143;499;24.3;11.3;0;5.9;235;75;1015
2005;6;181;10;-94.1;48.6;495;195;690;25.6;10.5;0;7.1;237;66;1015
2005;6;181;11;-87.2;61.9;628;218;846;26.7;10.6;0;8;242;62;1015
2005;6;181;12;-75.1;75;681;258;939;27.9;11.3;0;9.3;216;60;1015
2005;6;181;13;-9.1;85.2;693;280;973;28.8;11.6;1;10.5;292;57;1015
2005;6;181;14;72.4;76.4;688;259;947;29.4;11.7;0;8;311;54;1015
2005;6;181;15;86.2;63.3;641;219;860;29.8;11.2;0;8;324;50;1015
2005;6;181;16;93.3;50.1;556;166;722;29.9;11.4;0;8.6;293;50;1015
2005;6;181;17;99.1;36.9;393;138;531;29.5;11.7;0;8;293;50;1015
2005;6;181;18;104.4;24;223;98;321;28.8;12.7;0;6.9;307;54;1015
2005;6;181;19;110.2;11.3;68;60;128;27.8;14.3;0;8;240;60;1015
2005;6;181;20;116.6;0;0;2;2;26.7;13.5;0;9.3;253;62;1015
2005;6;181;21;124.5;0;0;0;0;26;13.5;0;8.6;301;66;1015
2005;6;181;22;134.3;0;0;0;0;25.1;13.3;0;7.5;106;69;1015
2005;6;181;23;146.4;0;0;0;0;24.3;13.5;0;7.5;108;75;1015
2005;6;181;24;161.5;0;0;0;0;23.5;13.3;0;7.5;61;79;1015
2005;7;182;1;-178.6;0;0;0;0;23.2;11.8;0;6.7;212;73;1016
2005;7;182;2;-163.4;0;0;0;0;22.8;12;0;7.9;171;77;1016
2005;7;182;3;-148.2;0;0;0;0;22.5;11.3;0;7.4;280;74;1016
2005;7;182;4;-135.4;0;0;0;0;22.3;11.1;0;6.7;188;74;1016
2005;7;182;5;-125.5;0;0;0;0;22.1;11.2;0;7;146;76;1016
2005;7;182;6;-117.4;0;0;1;1;22;11.7;0;5.1;115;79;1016
2005;7;182;7;-111;9.9;52;57;109;22.8;12.5;0;4.4;112;79;1016
2005;7;182;8;-105.1;22.5;214;90;304;23.9;11.3;0;4.7;220;73;1016
2005;7;182;9;-99.4;35.4;407;114;521;25.3;11.2;0;3.6;283;71;1016
2005;7;182;10;-94;48.6;577;139;716;26.6;9.7;0;3.1;304;59;1016
2005;7;182;11;-87.1;61.8;712;162;874;28;10.3;0;2.8;300;56;1016
2005;7;182;12;-74.6;74.9;763;202;965;29.2;10.8;0;3.6;278;53;1016
2005;7;182;13;-9.3;85.1;786;216;1002;30.2;11;0;5.1;291;50;1016
2005;7;182;14;72.2;76.4;772;202;974;30.8;10.8;0;4.7;316;46;1016
2005;7;182;15;86.1;63.4;708;175;883;31.2;11.5;0;3.9;313;47;1016
2005;7;182;16;93.2;50.1;590;145;735;31.3;11.9;0;3.9;264;47;1016
2005;7;182;17;99;37;433;115;548;31;12.3;0;4.7;180;48;1016
2005;7;182;18;104.3;24;249;85;335;30.3;13.5;0;4.1;199;52;1016
2005;7;182;19;110.2;11.3;78;55;133;29.2;15.1;1;2.8;73;57;1015
2005;7;182;20;116.5;0;0;2;2;28.1;15.1;1;1.5;77;63;1015
2005;7;182;21;124.4;0;0;0;0;27.2;15.8;2;1.9;111;71;1015
2005;7;182;22;134.3;0;0;0;0;26.4;15.9;2;2.1;61;75;1015
2005;7;182;23;146.4;0;0;0;0;25.6;15.8;3;2.3;39;79;1015
2005;7;182;24;161.4;0;0;0;0;24.7;16.1;3;3;161;85;1015
2005;7;183;1;-178.5;0;0;0;0;24.3;15.5;4;3.1;107;83;1015
2005;7;183;2;-163.4;0;0;0;0;23.8;16;4;3.6;132;89;1015
2005;7;183;3;-148.2;0;0;0;0;23.6;16.2;5;5.1;145;92;1014
2005;7;183;4;-135.4;0;0;0;0;23.3;16.3;5;5.1;77;93;1014
2005;7;183;5;-125.4;0;0;0;0;23.1;16.5;6;3.4;74;95;1014
2005;7;183;6;-117.4;0;0;1;1;23.1;17.4;6;3.9;66;100;1014
2005;7;183;7;-110.6;9.8;11;65;77;23.7;18.2;7;3.9;353;100;1014
2005;7;183;8;-105.1;22.4;37;167;204;24.5;17.9;7;4.1;50;97;1014
2005;7;183;9;-99.4;35.3;158;240;398;25.7;16.6;6;3.1;9;89;1014
2005;7;183;10;-93.6;48.5;202;333;534;26.8;15.8;6;3.9;2;77;1014
2005;7;183;11;-87.1;61.7;329;376;705;28.1;15.7;5;3.4;5;73;1013
2005;7;183;12;-74.5;74.8;364;409;774;29.2;16.2;5;4.4;359;69;1013
2005;7;183;13;-9.6;85;175;472;647;29.7;19.7;7;3.4;1;78;1013
2005;7;183;14;72;76.4;446;365;811;30.5;15.4;4;2.8;32;60;1013
2005;7;183;15;86;63.4;286;404;690;30.8;18.9;6;3.1;357;74;1013
2005;7;183;16;93.1;50.1;272;319;592;31;16.2;5;4.1;11;58;1014
2005;7;183;17;98.6;37;254;213;466;30.9;14.5;4;3.1;38;52;1014
2005;7;183;18;104.3;24;151;137;288;30.4;14.8;3;2.5;37;53;1014
2005;7;183;19;110.1;11.4;67;69;136;29.6;15.1;3;3.6;181;56;1014
2005;7;183;20;116.5;0;0;4;4;28.7;15.6;3;4.1;38;63;1014
2005;7;183;21;124.4;0;0;0;0;27.7;15.7;2;4.4;77;69;1014
2005;7;183;22;134.2;0;0;0;0;26.8;14.7;2;4.7;127;68;1014
2005;7;183;23;146.3;0;0;0;0;26;14.7;2;4.1;82;73;1014
2005;7;183;24;161.4;0;0;0;0;25.1;13.9;2;2.5;1;73;1014
2005;7;184;1;-178.5;0;0;0;0;24.5;14.3;2;2.3;69;79;1014
2005;7;184;2;-163.4;0;0;0;0;23.7;13.6;1;3.4;110;79;1015
2005;7;184;3;-148.2;0;0;0;0;23.3;12.8;1;3.6;57;77;1015
2005;7;184;4;-135.4;0;0;0;0;22.9;12.7;1;3.6;165;79;1015
2005;7;184;5;-125.4;0;0;0;0;22.7;12;1;5.1;163;75;1015
2005;7;184;6;-117.4;0;0;1;1;22.6;11.9;0;3.9;134;75;1015
2005;7;184;7;-110.6;9.7;42;59;101;23.3;13.1;0;3;113;77;1015
2005;7;184;8;-105;22.3;178;105;283;24.4;12;0;2.8;104;72;1015
2005;7;184;9;-99.3;35.3;341;145;486;25.7;11.3;0;1.5;130;65;1015
2005;7;184;10;-93.5;48.4;443;222;665;27;10.6;1;1.5;163;58;1015
2005;7;184;11;-86.6;61.7;540;272;813;28.3;10.7;2;1.5;171;53;1016
2005;7;184;12;-74.3;74.8;627;294;921;29.5;11.7;2;0.8;126;53;1016
2005;7;184;13;-10.2;84.9;649;310;959;30.5;12.2;2;1.9;164;51;1016
2005;7;184;14;71.4;76.4;652;284;936;31.2;12.5;1;2.3;113;50;1015
2005;7;184;15;85.5;63.4;652;212;864;31.6;12.9;0;1.5;75;50;1015
2005;7;184;16;93.1;50.2;567;160;727;31.7;13.5;0;0.6;64;51;1015
2005;7;184;17;98.5;37;433;112;545;31.5;13.7;0;0.6;45;51;1014
2005;7;184;18;104.2;24;248;86;334;30.8;14.7;0;0.4;67;55;1014
2005;7;184;19;110.1;11.4;77;60;137;29.8;15.7;1;1.1;206;58;1014
2005;7;184;20;116.4;0;0;3;3;28.7;15.2;1;2.1;148;60;1013
2005;7;184;21;124.3;0;0;0;0;27.9;16.2;2;2.1;96;68;1013
2005;7;184;22;134.2;0;0;0;0;27;16;2;1;44;70;1013
2005;7;184;23;146.3;0;0;0;0;26.3;16.1;3;1.9;83;74;1012
2005;7;184;24;161.3;0;0;0;0;25.5;16.5;3;1.9;52;79;1012
2005;7;185;1;-178.5;0;0;0;0;25.1;16.4;4;1;79;79;1012
2005;7;185;2;-163.4;0;0;0;0;24.7;16.6;5;1;172;81;1012
2005;7;185;3;-148.2;0;0;0;0;24.5;16.6;5;0.8;29;81;1011
2005;7;185;4;-135.4;0;0;0;0;24.3;17.1;6;0.5;61;83;1011
2005;7;185;5;-125.4;0;0;0;0;24.1;17.1;6;0.3;79;82;1011
2005;7;185;6;-117.4;0;0;0;0;24.1;19.1;7;0.2;237;94;1010
2005;7;185;7;-110.5;9.7;0;51;51;24.5;19.1;7;0.3;209;89;1010
2005;7;185;8;-105;22.3;2;131;133;25;17.8;8;0.8;209;80;1010
2005;7;185;9;-99.3;35.2;8;211;218;25.5;17.1;8;1;182;74;1009
2005;7;185;10;-93.5;48.4;10;278;287;26;18.3;8;0.6;106;78;1009
2005;7;185;11;-86.5;61.6;17;356;373;26.4;19;8;0.1;69;82;1009
2005;7;185;12;-74.2;74.7;24;424;447;27;18.6;8;0;120;78;1008
2005;7;185;13;-10.4;84.9;40;413;453;27.4;19.1;8;0.1;127;78;1008
2005;7;185;14;71.2;76.4;22;420;442;26.3;19.3;8;0.3;79;87;1008
2005;7;185;15;85.4;63.4;13;335;348;27.3;20.3;8;0.5;209;82;1008
2005;7;185;16;92.6;50.2;13;297;310;27.7;20.6;8;1;247;82;1009
2005;7;185;17;98.4;37;4;201;205;27.4;20.9;8;0.9;307;82;1009
2005;7;185;18;104.1;24;0;118;118;27.3;20.7;8;0.5;287;78;1009
2005;7;185;19;110;11.4;0;48;48;26.8;20.8;8;0.8;305;79;1009
2005;7;185;20;116.4;0;0;1;1;26.5;20.4;7;1.3;285;81;1009
2005;7;185;21;124.3;0;0;0;0;26;20;7;1.1;306;83;1010
2005;7;185;22;134.1;0;0;0;0;25.4;19.5;7;1.5;237;87;1010
2005;7;185;23;146.2;0;0;0;0;24.8;19.2;6;2.3;208;91;1010
2005;7;185;24;161.3;0;0;0;0;24.2;18.6;6;2.5;292;93;1010
2005;7;186;1;-178.4;0;0;0;0;23.7;18.4;5;2.8;226;97;1010
2005;7;186;2;-163.5;0;0;0;0;23.2;17;5;2.8;192;94;1011
2005;7;186;3;-148.2;0;0;0;0;22.9;16.9;5;2.5;264;97;1011
2005;7;186;4;-135.4;0;0;0;0;22.6;16.3;4;2.8;211;97;1011
2005;7;186;5;-125.4;0;0;0;0;22.4;15.6;4;5.1;238;96;1011
2005;7;186;6;-117.3;0;0;0;0;22.3;15.2;4;3.4;294;96;1012
2005;7;186;7;-110.5;9.6;38;58;96;23.1;16;3;2.8;319;97;1012
2005;7;186;8;-104.6;22.2;141;126;266;24.2;14.3;3;2.1;234;85;1012
2005;7;186;9;-99.2;35.1;210;215;425;25.4;14.9;4;2.8;252;83;1012
2005;7;186;10;-93.4;48.3;220;330;551;26.5;14.7;6;1.7;317;74;1012
2005;7;186;11;-86.4;61.5;192;412;604;27.3;16.7;7;1.9;286;78;1013
2005;7;186;12;-74;74.6;311;430;741;28.4;14.3;6;2.1;281;63;1013
2005;7;186;13;-10.5;84.8;133;471;604;28.8;16.7;7;1.9;301;65;1013
2005;7;186;14;70.5;76.4;97;448;545;28.8;19.6;8;1.9;291;78;1013
2005;7;186;15;85.3;63.4;327;391;718;29.5;14.7;5;1.7;235;60;1013
2005;7;186;16;92.5;50.2;447;246;693;29.8;13.5;3;1.5;223;58;1013
2005;7;186;17;98.4;37;322;178;500;29.8;14.2;2;1.5;172;58;1013
2005;7;186;18;104.1;24;255;88;343;29.4;14.4;0;1.3;316;61;1013
2005;7;186;19;109.6;11.4;64;61;125;28.6;15.4;1;1.5;299;60;1013
2005;7;186;20;116.3;0;0;2;2;27.7;16.3;1;1.9;237;69;1013
2005;7;186;21;124.2;0;0;0;0;26.8;17.3;2;1.9;240;80;1013
2005;7;186;22;134;0;0;0;0;26.1;17.4;2;3;254;85;1013
2005;7;186;23;146.2;0;0;0;0;25.3;16.1;3;3.1;269;81;1013
2005;7;186;24;161.2;0;0;0;0;24.5;16;3;2.8;237;86;1013
2005;7;187;1;-178.4;0;0;0;0;23.9;16;4;2.1;272;89;1013
2005;7;187;2;-163.5;0;0;0;0;23.3;16;4;1.5;271;93;1013
2005;7;187;3;-148.1;0;0;0;0;23;16.2;5;2.5;231;97;1013
2005;7;187;4;-135.4;0;0;0;0;22.6;16.4;5;1.3;265;100;1013
2005;7;187;5;-125.3;0;0;0;0;22.4;16.3;6;2.3;224;100;1013
2005;7;187;6;-117.3;0;0;1;1;22.3;16.3;6;3.1;300;100;1013
2005;7;187;7;-110.5;9.5;15;65;80;22.8;17;7;1.5;249;100;1013
2005;7;187;8;-104.5;22.1;46;170;217;23.6;16.9;7;2.5;233;100;1013
2005;7;187;9;-99.2;35.1;124;254;378;24.5;17.1;7;3.1;219;100;1013
2005;7;187;10;-93.3;48.2;121;375;496;25.3;17.1;7;4.7;215;94;1013
2005;7;187;11;-86.3;61.5;178;419;596;26.1;17.2;7;4.7;250;89;1013
2005;7;187;12;-73.5;74.5;210;495;705;26.7;16.9;7;5.1;315;86;1013
2005;7;187;13;-11.1;84.7;286;453;740;27.4;16.4;6;5.5;239;79;1013
2005;7;187;14;70.3;76.4;281;438;719;27.9;16.4;6;5.5;239;76;1012
2005;7;187;15;85.1;63.4;244;418;662;28.1;16.5;6;6.7;240;74;1012
2005;7;187;16;92.4;50.2;258;325;583;28.2;15.5;6;8.4;244;69;1012
2005;7;187;17;98.3;37;177;245;422;28;15.3;6;7.4;231;66;1012
2005;7;187;18;104;24;69;185;254;27.5;16;7;9.6;250;69;1012
2005;7;187;19;109.5;11.4;14;76;90;26.8;17.1;7;6.3;325;70;1012
2005;7;187;20;116.3;0;0;1;1;26.1;17.4;7;5.8;315;76;1012
2005;7;187;21;124.2;0;0;0;0;25.5;18.2;7;6;248;86;1012
2005;7;187;22;133.6;0;0;0;0;25;18.4;7;7.4;313;91;1012
2005;7;187;23;146.1;0;0;0;0;24.2;18.3;7;6.3;296;97;1012
2005;7;187;24;161.2;0;0;0;0;23.9;17.7;7;6.3;296;95;1012
2005;7;188;1;-178.4;0;0;0;0;23.9;17.9;7;4.7;277;97;1012
2005;7;188;2;-163.5;0;0;0;0;23.7;17.7;7;4.4;260;97;1011
2005;7;188;3;-148.1;0;0;0;0;23.7;17.6;7;4.4;143;97;1011
2005;7;188;4;-135.3;0;0;0;0;23.6;17.5;7;4.7;158;97;1011
2005;7;188;5;-125.3;0;0;0;0;23.5;17.4;7;3.4;142;97;1011
2005;7;188;6;-117.3;0;0;1;1;23.5;17.4;7;3;158;97;1011
2005;7;188;7;-110.4;9.4;23;58;81;24.2;18;8;2.1;211;97;1011
2005;7;188;8;-104.5;22.1;36;164;200;25;18.4;8;0.8;264;96;1011
2005;7;188;9;-99.1;35;56;254;310;25.9;18.5;8;1.7;278;91;1011
2005;7;188;10;-93.3;48.2;113;358;471;26.9;16.9;7;2.3;169;78;1011
2005;7;188;11;-86.2;61.4;154;417;571;28;17.6;7;2.8;160;77;1011
2005;7;188;12;-73.3;74.5;96;447;543;28.6;18.8;8;2.3;119;75;1011
2005;7;188;13;-11.2;84.6;161;476;637;29.4;18.9;7;1.9;193;75;1011
2005;7;188;14;69.6;76.4;73;473;546;29.7;19.7;8;1;210;73;1011
2005;7;188;15;84.6;63.4;66;423;489;29.9;19.8;8;0.6;205;71;1010
2005;7;188;16;92.3;50.2;59;340;398;29.9;20.1;8;1.7;85;72;1010
2005;7;188;17;98.2;37;17;256;273;29.6;20.5;8;1.5;14;72;1010
2005;7;188;18;103.5;24;9;165;175;29.1;22.2;8;1.1;84;85;1010
2005;7;188;19;109.4;11.4;6;72;78;28.3;21.4;8;1.1;45;83;1010
2005;7;188;20;116.2;0;0;1;1;27.5;22.2;8;0.8;137;92;1010
2005;7;188;21;124.1;0;0;0;0;27.3;22.3;8;0.9;175;93;1010
2005;7;188;22;133.5;0;0;0;0;26.2;22.1;8;0.8;207;97;1010
2005;7;188;23;146.1;0;0;0;0;26.6;22.5;8;0.2;156;96;1010
2005;7;188;24;161.1;0;0;0;0;26.3;22.7;8;0.5;213;97;1010
2005;7;189;1;-178.3;0;0;0;0;26.1;22.7;8;0.4;169;97;1010
2005;7;189;2;-163.5;0;0;0;0;25.6;22.5;8;0.4;76;97;1010
2005;7;189;3;-148.1;0;0;0;0;25.6;22.5;8;0.6;24;96;1010
2005;7;189;4;-135.3;0;0;0;0;25.7;23.1;8;0.6;66;97;1009
2005;7;189;5;-125.3;0;0;0;0;25.6;23.3;8;1;353;97;1009
2005;7;189;6;-117.2;0;0;0;0;25.6;23.6;8;1.1;9;97;1009
2005;7;189;7;-110.4;9.4;0;10;10;25.7;23.7;8;1.7;42;96;1009
2005;7;189;8;-104.4;22;0;28;28;24.7;22.8;8;1.7;356;98;1009
2005;7;189;9;-99.1;34.9;80;256;335;26.9;19;7;1.9;12;90;1009
2005;7;189;10;-93.2;48.1;146;341;488;28.1;18.4;7;2.1;18;81;1009
2005;7;189;11;-86.1;61.3;664;369;1032;30.2;12.8;4;2.3;63;65;1009
2005;7;189;12;-73.1;74.4;248;385;633;30.9;18.7;6;3.4;61;66;1009
2005;7;189;13;-11.3;84.4;3;145;148;29.8;25.4;8;2.1;22;82;1009
2005;7;189;14;69.3;76.4;0;88;88;29.6;25.3;8;1.9;80;79;1009
2005;7;189;15;84.4;63.5;0;80;80;29;24.9;8;1.1;72;81;1009
2005;7;189;16;92.2;50.2;0;133;133;28.7;24.1;8;2.5;81;83;1010
2005;7;189;17;98.1;37;141;251;392;29.1;19.8;6;1.3;163;84;1010
2005;7;189;18;103.5;24;230;161;391;29.3;15.5;4;1.1;110;74;1010
2005;7;189;19;109.4;11.3;0;41;41;28.9;22.6;4;1.1;81;74;1010
2005;7;189;20;116.1;0;0;1;1;28.5;21.6;4;3;76;73;1011
2005;7;189;21;124;0;0;0;0;28;21.3;3;3.6;55;76;1011
2005;7;189;22;133.4;0;0;0;0;27.6;21;3;4.4;87;79;1011
2005;7;189;23;145.6;0;0;0;0;27.2;20;3;3.1;101;78;1011
2005;7;189;24;161.1;0;0;0;0;26.7;19.4;3;3.9;205;79;1012
2005;7;190;1;-178.3;0;0;0;0;26.2;18.8;3;5.1;229;80;1012
2005;7;190;2;-163.5;0;0;0;0;25.6;18;3;5.1;248;82;1012
2005;7;190;3;-148.1;0;0;0;0;25.3;17.5;3;4.1;248;83;1012
2005;7;190;4;-135.3;0;0;0;0;24.9;17;3;5.1;298;84;1013
2005;7;190;5;-125.2;0;0;0;0;24.7;16.6;3;3.6;286;85;1013
2005;7;190;6;-117.2;0;0;1;1;24.7;16.4;3;2.5;238;86;1013
2005;7;190;7;-110.3;9.3;45;51;95;25.4;16.8;3;2.8;254;86;1013
2005;7;190;8;-104.3;21.9;154;112;266;26.4;16.1;3;2.1;239;81;1014
2005;7;190;9;-98.6;34.9;250;202;452;27.7;16.6;4;2.5;237;81;1014
2005;7;190;10;-93.1;48;365;256;621;29.1;15.7;4;3.9;315;69;1014
2005;7;190;11;-85.6;61.3;476;291;767;30.4;16;4;4.1;251;65;1014
2005;7;190;12;-72.5;74.3;508;327;835;31.5;16.2;4;3.1;233;60;1015
2005;7;190;13;-11.4;84.3;519;353;872;32.4;16.1;4;3.1;248;56;1015
2005;7;190;14;68.6;76.4;537;328;865;33.1;16.2;4;3.6;328;54;1014
2005;7;190;15;84.3;63.5;492;300;792;33.5;15.7;4;3.6;293;50;1014
2005;7;190;16;92.1;50.2;457;225;681;33.6;16;3;4.1;294;50;1014
2005;7;190;17;98;37;331;168;499;33.4;16.1;2;4.7;216;49;1013
2005;7;190;18;103.4;24;231;94;325;32.8;17.2;0;5.5;248;55;1013
2005;7;190;19;109.3;11.3;83;51;134;31.9;18.2;1;5.1;322;59;1013
2005;7;190;20;116.1;0;0;3;3;30.8;18;1;3.4;291;62;1013
2005;7;190;21;123.6;0;0;0;0;30.1;19.2;2;2.3;241;71;1012
2005;7;190;22;133.4;0;0;0;0;29.4;19.9;2;0.4;260;78;1012
2005;7;190;23;145.5;0;0;0;0;28.7;20;3;0.6;280;82;1012
2005;7;190;24;161;0;0;0;0;27.9;19.7;3;1.3;262;83;1011
2005;7;191;1;-178.3;0;0;0;0;27.4;20.7;4;0.9;197;92;1011
2005;7;191;2;-163.5;0;0;0;0;27;21;4;0.6;258;96;1011
2005;7;191;3;-148.1;0;0;0;0;26.6;21;5;1.3;269;97;1010
2005;7;191;4;-135.2;0;0;0;0;26.1;20.8;5;2.1;256;97;1010
2005;7;191;5;-125.2;0;0;0;0;26.5;21.3;6;2.5;111;96;1010
2005;7;191;6;-117.1;0;0;0;0;26.5;21.6;6;3.1;64;96;1009
2005;7;191;7;-110.3;9.2;2;53;55;26.8;22.4;7;3.4;52;97;1009
2005;7;191;8;-104.3;21.8;41;155;196;27.2;21;7;2.5;357;97;1009
2005;7;191;9;-98.5;34.8;24;247;271;27.6;21.9;8;2.8;9;97;1008
2005;7;191;10;-92.6;48;8;264;272;28.6;23.4;8;2.3;331;92;1008
2005;7;191;11;-85.4;61.2;13;327;340;29.1;23.3;8;2.3;73;89;1008
2005;7;191;12;-72.3;74.2;14;301;315;29.3;24.2;8;1.3;110;89;1007
2005;7;191;13;-11.5;84.2;19;355;375;29.6;24.2;8;3.4;104;91;1007
2005;7;191;14;68.3;76.3;5;242;247;29.6;24.7;8;3.9;67;86;1007
2005;7;191;15;84.1;63.4;9;279;288;29.7;23.9;8;2.8;107;84;1007
2005;7;191;16;91.5;50.2;14;284;297;29.7;24.1;8;2.5;179;90;1007
2005;7;191;17;97.5;37;0;126;126;29.5;25.1;8;3;266;87;1007
2005;7;191;18;103.3;24;0;30;30;29;26.6;8;3;199;92;1007
2005;7;191;19;109.2;11.3;0;12;12;28.5;26.4;8;2.8;286;93;1007
2005;7;191;20;115.6;0;0;1;1;28;26.1;8;2.8;219;95;1007
2005;7;191;21;123.5;0;0;0;0;25.9;24;8;2.8;149;98;1007
2005;7;191;22;133.3;0;0;0;0;26.4;24.5;8;2.1;115;98;1007
2005;7;191;23;145.5;0;0;0;0;26.9;24.6;8;2.3;28;96;1007
2005;7;191;24;160.6;0;0;0;0;26.3;24.1;8;2.8;4;97;1007
2005;7;192;1;-178.2;0;0;0;0;26.1;23.8;8;2.3;59;97;1007
2005;7;192;2;-163.5;0;0;0;0;24.4;21.9;8;2.1;73;98;1007
2005;7;192;3;-148.1;0;0;0;0;26.2;23.4;8;2.3;175;96;1007
2005;7;192;4;-135.2;0;0;0;0;26.1;23.4;8;2.8;100;97;1007
2005;7;192;5;-125.1;0;0;0;0;25.9;22.9;8;1.1;158;96;1007
2005;7;192;6;-117.1;0;0;0;0;26;22.8;8;2.5;106;96;1007
2005;7;192;7;-110.2;9.1;0;31;31;26;22.9;8;2.3;208;97;1007
2005;7;192;8;-104.2;21.7;0;120;120;26.1;21.8;8;2.5;231;97;1007
2005;7;192;9;-98.4;34.7;3;186;188;26.8;22.5;8;2.1;182;97;1007
2005;7;192;10;-92.5;47.9;2;221;223;27.5;22.4;8;1;155;89;1007
2005;7;192;11;-85.3;61.1;2;216;217;27.7;23.4;8;2.1;79;91;1007
2005;7;192;12;-72.1;74.1;14;301;315;28.5;22.6;8;1.3;122;85;1007
2005;7;192;13;-11.5;84.1;18;348;366;28.9;21.9;8;1;132;80;1007
2005;7;192;14;67.6;76.3;8;298;305;28.9;22.8;8;1.9;110;82;1007
2005;7;192;15;83.5;63.4;2;258;260;29.1;22.6;8;3.1;70;78;1007
2005;7;192;16;91.4;50.2;1;175;175;29.1;23.2;8;1.9;120;78;1007
2005;7;192;17;97.4;37;0;134;134;29;23;8;1.5;123;78;1007
2005;7;192;18;103.2;24;17;155;172;28.9;20.6;8;1.3;22;75;1007
2005;7;192;19;109.1;11.3;18;73;90;28.6;21.1;8;0.6;46;83;1007
2005;7;192;20;115.5;0;0;3;3;27.3;21.7;8;0.9;69;98;1007
2005;7;192;21;123.4;0;0;0;0;27.1;21.4;8;1;19;97;1007
2005;7;192;22;133.2;0;0;0;0;27.3;21.2;8;1.3;41;95;1007
2005;7;192;23;145.4;0;0;0;0;25.7;19.8;8;1.5;114;98;1007
2005;7;192;24;160.5;0;0;0;0;24.6;18.6;8;1.9;57;98;1007
2005;7;193;1;-178.2;0;0;0;0;26;20;8;1.3;9;97;1007
2005;7;193;2;-163.5;0;0;0;0;24.3;18.1;8;3.4;6;98;1007
2005;7;193;3;-148;0;0;0;0;25.2;18.9;8;3.9;27;97;1007
2005;7;193;4;-135.2;0;0;0;0;25.7;19.4;8;3.1;42;97;1007
2005;7;193;5;-125.1;0;0;0;0;25.6;19;8;1.5;73;96;1007
2005;7;193;6;-117;0;0;1;1;25.8;19.1;8;0.8;162;96;1007
2005;7;193;7;-110.1;9;26;60;85;26.3;19.9;8;0.8;227;97;1007
2005;7;193;8;-104.1;21.7;25;145;171;26.8;20.9;8;1.1;185;96;1007
2005;7;193;9;-98.3;34.6;97;263;360;27.7;20.3;7;1.3;223;96;1007
2005;7;193;10;-92.4;47.8;61;335;397;28.2;21.2;8;2.3;112;91;1007
2005;7;193;11;-85.1;61.1;31;383;414;28.8;21.1;8;2.3;190;82;1007
2005;7;193;12;-71.5;74.1;23;320;344;29;21.9;8;3;169;78;1007
2005;7;193;13;-11.5;83.9;42;444;485;29.4;21.5;8;1.9;208;81;1007
2005;7;193;14;67.2;76.3;39;382;421;29.6;22.1;8;1;191;80;1007
2005;7;193;15;83.3;63.4;0;108;108;29.1;25.9;8;1.9;251;89;1008
2005;7;193;16;91.3;50.2;0;62;62;28.7;26.5;8;1.1;209;94;1008
2005;7;193;17;97.3;37;0;120;120;28.5;25.4;8;1.5;239;96;1008
2005;7;193;18;103.1;24;0;28;28;28.1;25.7;8;2.1;267;92;1008
2005;7;193;19;109.1;11.3;0;11;11;27.7;25.6;8;1.9;218;93;1008
2005;7;193;20;115.4;0;0;1;1;26.8;25;8;3.1;299;97;1008
2005;7;193;21;123.3;0;0;0;0;26.9;24.5;8;3.4;291;94;1008
2005;7;193;22;133.2;0;0;0;0;26.7;24.4;8;3.1;315;97;1008
2005;7;193;23;145.3;0;0;0;0;26.5;23.8;8;1.3;233;96;1009
2005;7;193;24;160.5;0;0;0;0;25.9;23.2;8;1.5;217;97;1009
2005;7;194;1;-178.2;0;0;0;0;25.9;23;8;1.1;277;97;1009
2005;7;194;2;-163.5;0;0;0;0;24.8;21.5;8;1.7;160;97;1009
2005;7;194;3;-147.6;0;0;0;0;25.3;21.5;8;0.9;114;95;1009
2005;7;194;4;-135.1;0;0;0;0;25.3;21.7;8;0.8;167;97;1009
2005;7;194;5;-125;0;0;0;0;25.2;21.3;8;1.3;70;97;1009
2005;7;194;6;-116.5;0;0;0;0;25.2;20.8;8;1.9;62;95;1009
2005;7;194;7;-110.1;8.9;0;49;49;25.6;20.7;8;3.1;197;93;1009
2005;7;194;8;-104.1;21.6;6;138;145;26.2;19.7;8;3.6;214;86;1010
2005;7;194;9;-98.3;34.6;18;241;259;26.9;19.6;8;5.1;122;85;1010
2005;7;194;10;-92.3;47.7;24;334;358;27.7;19.2;8;5.1;118;78;1010
2005;7;194;11;-84.6;61;86;409;495;28.6;19.3;8;4.4;162;78;1010
2005;7;194;12;-71.2;74;108;445;554;29.6;18.7;8;3;115;69;1010
2005;7;194;13;-11.6;83.8;134;469;603;30.3;17.9;7;3.1;35;62;1010
2005;7;194;14;66.5;76.2;93;486;579;30.8;20.9;8;1.3;76;75;1010
2005;7;194;15;83.1;63.4;129;431;560;31.2;18;7;1.3;112;59;1010
2005;7;194;16;91.2;50.2;85;351;436;31.3;17.9;8;1.5;50;55;1010
2005;7;194;17;97.2;37;63;269;332;31.2;20.8;8;1.5;133;69;1011
2005;7;194;18;103;23.9;19;167;186;30.5;23.1;8;2.5;162;82;1011
2005;7;194;19;108.6;11.2;0;63;63;30.2;23.4;7;1.7;208;78;1011
2005;7;194;20;115.3;0;0;1;1;29.6;20.1;7;1.9;165;65;1011
2005;7;194;21;123.3;0;0;0;0;28.7;20.3;6;1.5;43;72;1011
2005;7;194;22;133.1;0;0;0;0;27.8;19.8;6;1.9;80;77;1011
2005;7;194;23;145.2;0;0;0;0;26.9;18.6;5;2.3;158;77;1011
2005;7;194;24;160.4;0;0;0;0;26.1;18.3;5;1.9;111;81;1011
2005;7;195;1;-178.2;0;0;0;0;25.4;17.4;4;0.8;158;83;1011
2005;7;195;2;-163.5;0;0;0;0;24.5;16.4;3;1.1;76;84;1011
2005;7;195;3;-147.6;0;0;0;0;24.1;15.9;3;1.7;88;86;1011
2005;7;195;4;-135.1;0;0;0;0;23.6;15.3;2;1.3;46;87;1012
2005;7;195;5;-124.6;0;0;0;0;23.3;14.4;2;1.9;38;85;1012
2005;7;195;6;-116.5;0;0;0;0;23.2;14.7;1;1.9;38;90;1012
2005;7;195;7;-109.6;8.8;53;46;99;23.8;14.6;1;3.4;37;86;1012
2005;7;195;8;-103.6;21.5;227;80;307;24.9;12.6;0;4.7;79;78;1012
2005;7;195;9;-98.2;34.5;440;83;523;26.2;11.7;0;5.5;54;69;1012
2005;7;195;10;-92.2;47.7;597;127;724;27.5;11;0;5.8;51;61;1012
2005;7;195;11;-84.4;60.9;670;237;907;28.9;11.7;0;6;80;60;1012
2005;7;195;12;-70.6;73.9;114;429;543;29;16.4;7;4.1;120;59;1012
2005;7;195;13;-11.6;83.6;73;485;557;29;19.2;8;3;176;74;1012
2005;7;195;14;66.1;76.2;131;460;591;29.3;16.1;7;3;137;59;1012
2005;7;195;15;82.5;63.4;167;426;593;29.4;16;7;1.9;119;60;1013
2005;7;195;16;91;50.2;84;348;431;29.2;17.5;7;2.5;214;64;1013
2005;7;195;17;97.1;37;41;258;299;28.8;18.5;8;2.5;263;68;1013
2005;7;195;18;102.5;23.9;18;169;187;28.1;19.7;8;3.1;200;78;1013
2005;7;195;19;108.5;11.2;2;70;72;26.9;20;8;1.9;150;82;1013
2005;7;195;20;115.3;0;0;1;1;26.6;18.9;7;0.8;82;78;1013
2005;7;195;21;123.2;0;0;0;0;25.9;19.6;7;1.9;357;88;1013
2005;7;195;22;133;0;0;0;0;25.1;18.5;7;1.5;344;88;1013
2005;7;195;23;145.2;0;0;0;0;24.4;18.4;6;2.1;54;93;1013
2005;7;195;24;160.4;0;0;0;0;23.7;17.7;6;1.1;127;95;1013
2005;7;196;1;-178.1;0;0;0;0;23.3;17.3;5;0.9;72;97;1014
2005;7;196;2;-163.5;0;0;0;0;22.8;16.8;5;0.6;124;97;1014
2005;7;196;3;-147.5;0;0;0;0;22.6;16.4;5;0.2;54;97;1014
2005;7;196;4;-135;0;0;0;0;22.3;16;4;0.2;33;97;1014
2005;7;196;5;-124.5;0;0;0;0;22.1;15.6;4;0.2;35;97;1014
2005;7;196;6;-116.4;0;0;0;0;22;15.4;4;0.3;36;97;1014
2005;7;196;7;-109.5;8.7;28;54;82;22.5;15.8;3;0.1;109;97;1014
2005;7;196;8;-103.5;21.4;127;120;246;23.4;15.2;3;0.4;114;96;1014
2005;7;196;9;-98.1;34.4;253;193;446;24.6;14.7;3;0.6;80;91;1014
2005;7;196;10;-92;47.6;413;224;637;25.7;14;2;0.9;62;82;1014
2005;7;196;11;-84.3;60.8;483;286;769;26.7;13.5;3;0.5;51;74;1015
2005;7;196;12;-70.3;73.8;486;345;831;27.7;13.7;4;0.3;154;68;1015
2005;7;196;13;-11.5;83.5;542;360;902;28.5;14.4;4;0.6;224;69;1015
2005;7;196;14;65.3;76.1;528;330;858;29.1;14.7;3;0.3;241;66;1015
2005;7;196;15;82.3;63.4;474;322;796;29.4;14.9;4;1.1;279;66;1015
2005;7;196;16;90.5;50.1;472;218;689;29.5;14.7;1;1.1;209;64;1015
2005;7;196;17;97;36.9;367;151;518;29.3;14.6;0;0.8;205;63;1015
2005;7;196;18;102.4;23.9;212;104;315;28.8;15.5;0;0.8;202;67;1015
2005;7;196;19;108.4;11.1;79;51;130;27.9;16.4;0;0.9;261;71;1015
2005;7;196;20;115.2;0;0;3;3;26.9;16.4;0;1;211;77;1015
2005;7;196;21;123.1;0;0;0;0;26.1;17.2;0;1.3;212;87;1015
2005;7;196;22;132.5;0;0;0;0;25.3;16.9;1;1.1;303;90;1015
2005;7;196;23;145.1;0;0;0;0;24.5;16.1;1;1.3;217;90;1015
2005;7;196;24;160.3;0;0;0;0;23.7;15.4;1;1.9;178;91;1015
2005;7;197;1;-178.1;0;0;0;0;23.3;15.5;1;2.5;197;94;1015
2005;7;197;2;-163.4;0;0;0;0;22.9;14.8;1;1.5;148;92;1015
2005;7;197;3;-147.5;0;0;0;0;22.7;14.6;1;2.3;187;91;1015
2005;7;197;4;-134.5;0;0;0;0;22.4;14.4;1;1;158;91;1015
2005;7;197;5;-124.4;0;0;0;0;22.3;14.2;1;1.9;181;90;1015
2005;7;197;6;-116.3;0;0;0;0;22.2;15;2;2.8;218;95;1015
2005;7;197;7;-109.4;8.6;29;53;82;22.8;15.9;2;3.6;111;96;1015
2005;7;197;8;-103.4;21.3;139;114;253;23.9;14.4;2;3.1;140;88;1015
2005;7;197;9;-97.6;34.3;274;176;451;25.2;13.4;2;3.6;107;79;1015
2005;7;197;10;-91.5;47.5;417;229;646;26.6;13.2;2;3.1;85;73;1015
2005;7;197;11;-84.1;60.8;572;251;823;28;12.8;1;3.4;69;66;1015
2005;7;197;12;-70;73.7;575;328;903;29.2;13;3;5.8;201;60;1015
2005;7;197;13;-11.5;83.3;540;361;901;30.1;13;4;4.1;183;54;1015
2005;7;197;14;64.6;76.1;571;313;884;30.8;12.7;3;4.7;200;50;1015
2005;7;197;15;82.1;63.3;534;279;814;31.2;12.5;3;4.4;113;48;1015
2005;7;197;16;90.3;50.1;472;217;690;31.4;12.4;1;2.1;127;46;1015
2005;7;197;17;96.5;36.9;368;146;514;31.1;12.8;0;3.1;152;47;1015
2005;7;197;18;102.3;23.9;191;119;310;30.5;13.3;0;3;169;48;1015
2005;7;197;19;108.3;11.1;63;60;123;29.5;14.8;0;2.3;123;53;1015
2005;7;197;20;115.1;0;0;2;2;28.4;14.7;0;2.3;86;58;1015
2005;7;197;21;123;0;0;0;0;27.6;15.8;0;1.9;30;68;1015
2005;7;197;22;132.4;0;0;0;0;26.7;14.7;0;0.8;84;67;1015
2005;7;197;23;145;0;0;0;0;25.9;14.3;0;0.9;36;69;1015
2005;7;197;24;160.2;0;0;0;0;25.1;14.5;0;1.1;226;75;1015
2005;7;198;1;-178.1;0;0;0;0;24.5;14.6;0;1.7;280;79;1015
2005;7;198;2;-163.4;0;0;0;0;23.9;14.7;0;1.3;108;85;1015
2005;7;198;3;-147.4;0;0;0;0;23.5;14.5;0;0.6;65;85;1015
2005;7;198;4;-134.5;0;0;0;0;23.2;13.9;0;0.6;57;84;1015
2005;7;198;5;-124.4;0;0;0;0;23;13.8;0;0.4;49;85;1015
2005;7;198;6;-116.3;0;0;0;0;22.9;14.1;0;0.2;38;87;1015
2005;7;198;7;-109.4;8.5;39;50;90;23.6;15;0;0.2;44;88;1015
2005;7;198;8;-103.3;21.2;175;96;271;24.7;14.3;0;0.1;70;85;1015
2005;7;198;9;-97.5;34.3;328;142;470;26;13.6;0;1;333;76;1015
2005;7;198;10;-91.4;47.5;440;215;655;27.3;13.6;1;0.9;85;71;1015
2005;7;198;11;-83.5;60.7;511;272;783;28.7;14;2;1;69;66;1015
2005;7;198;12;-69.3;73.6;547;313;861;29.8;15.7;3;0.9;75;68;1015
2005;7;198;13;-11.5;83.2;549;344;893;30.7;16.2;3;1.7;139;66;1015
2005;7;198;14;64.2;76;533;329;862;31.4;16.6;3;1.7;139;64;1015
2005;7;198;15;81.5;63.3;502;309;811;31.8;16.5;3;2.8;274;62;1015
2005;7;198;16;90.2;50.1;491;207;697;31.9;16;0;2.3;270;59;1015
2005;7;198;17;96.4;36.9;398;131;529;31.7;16.1;0;1.7;118;59;1015
2005;7;198;18;102.2;23.8;237;91;328;31.1;16.7;0;1.9;143;62;1015
2005;7;198;19;108.2;11;77;53;129;30.2;18.3;0;0.2;214;69;1015
2005;7;198;20;114.6;0;0;2;2;29.1;17.6;1;0.2;204;71;1015
2005;7;198;21;122.5;0;0;0;0;28.3;18;1;0.6;259;77;1015
2005;7;198;22;132.3;0;0;0;0;27.5;17.6;1;0.3;229;79;1015
2005;7;198;23;144.5;0;0;0;0;26.6;16.5;2;0.3;253;77;1015
2005;7;198;24;160.2;0;0;0;0;26;16.9;2;0.6;232;83;1015
2005;7;199;1;-178.1;0;0;0;0;25.6;16.7;2;0.6;247;84;1015
2005;7;199;2;-163.4;0;0;0;0;25.1;17.1;3;1.1;296;90;1015
2005;7;199;3;-147.4;0;0;0;0;24.8;16.5;3;2.3;283;87;1015
2005;7;199;4;-134.4;0;0;0;0;24.6;16.5;3;2.8;287;88;1015
2005;7;199;5;-124.3;0;0;0;0;24.4;17;3;3.6;280;92;1014
2005;7;199;6;-116.2;0;0;0;0;24.4;18.2;4;4.4;288;100;1014
2005;7;199;7;-109.3;8.4;27;49;76;24.9;18.6;4;3.1;286;97;1014
2005;7;199;8;-103.2;21.2;101;130;231;25.9;18.2;4;2.8;301;95;1014
2005;7;199;9;-97.3;34.2;288;170;458;27.3;16.1;2;2.5;329;82;1014
2005;7;199;10;-91.2;47.4;377;245;622;28.7;15.3;3;2.8;243;70;1014
2005;7;199;11;-83.3;60.6;443;314;756;30.1;15;4;3;255;62;1014
2005;7;199;12;-69;73.5;517;368;886;31.3;14.5;4;3.1;253;56;1014
2005;7;199;13;-11.4;83;482;379;860;32.2;15;4;4.1;264;51;1014
2005;7;199;14;63.4;76;443;364;807;32.8;14.9;4;4.4;170;47;1014
2005;7;199;15;81.3;63.3;286;402;688;33.1;14.5;6;4.1;188;43;1014
2005;7;199;16;90;50.1;304;306;610;33.1;14.8;5;3.1;76;45;1014
2005;7;199;17;96.2;36.8;185;240;426;32.8;15.1;5;3.1;41;44;1014
2005;7;199;18;102.1;23.8;119;145;264;32.1;16.3;4;3.6;18;49;1014
2005;7;199;19;108.1;11;48;60;109;31.2;19.7;5;4.1;111;64;1014
2005;7;199;20;114.5;0;0;2;2;30.3;16.6;5;1.7;124;54;1014
2005;7;199;21;122.4;0;0;0;0;29.5;16.9;5;2.8;196;58;1014
2005;7;199;22;132.3;0;0;0;0;28.7;16.4;5;3.4;178;59;1014
2005;7;199;23;144.5;0;0;0;0;27.9;16;6;2.3;172;61;1013
2005;7;199;24;160.1;0;0;0;0;27.1;16;6;1.7;71;64;1013
2005;7;200;1;-178.1;0;0;0;0;26.6;16.5;6;1.1;141;69;1013
2005;7;200;2;-163.4;0;0;0;0;26.1;16.7;6;0.8;78;72;1013
2005;7;200;3;-147.3;0;0;0;0;25.8;16.7;7;1.1;70;73;1013
2005;7;200;4;-134.3;0;0;0;0;25.5;17.6;7;0.8;165;80;1013
2005;7;200;5;-124.2;0;0;0;0;25.2;17.7;7;0.8;160;82;1013
2005;7;200;6;-116.1;0;0;0;0;25.3;18.5;7;0.4;155;85;1013
2005;7;200;7;-109.2;8.4;7;50;57;25.6;18.2;8;0.6;229;80;1013
2005;7;200;8;-103.1;21.1;7;135;142;26.2;18.6;8;0.6;228;79;1013
2005;7;200;9;-97.2;34.1;29;250;279;27;18.3;8;1.3;137;78;1013
2005;7;200;10;-91.1;47.3;56;336;392;27.5;19.2;8;2.1;199;82;1013
2005;7;200;11;-83.1;60.5;180;409;589;29.1;15.8;6;2.5;285;61;1013
2005;7;200;12;-68.3;73.4;200;448;648;30.1;15.6;6;2.5;263;55;1013
2005;7;200;13;-11.3;82.8;312;453;765;31.1;15.1;6;1.9;154;53;1012
2005;7;200;14;63;75.9;275;447;722;31.8;15.4;6;1.1;238;50;1012
2005;7;200;15;81;63.2;289;402;691;32.2;15.3;5;1.3;217;49;1012
2005;7;200;16;89.5;50;265;322;586;32.5;15.4;5;0.9;210;48;1012
2005;7;200;17;96.1;36.8;274;206;480;32.5;14.9;1;1.3;221;48;1012
2005;7;200;18;102;23.7;212;118;330;32.2;14.2;0;1.7;260;47;1012
2005;7;200;19;108;10.9;55;71;126;31.5;16.1;1;1.5;152;51;1012
2005;7;200;20;114.4;0;0;3;3;30.6;16.1;1;2.1;264;53;1011
2005;7;200;21;122.3;0;0;0;0;29.9;16.8;2;2.8;249;59;1011
2005;7;200;22;132.2;0;0;0;0;29.1;16;2;3.4;239;58;1011
2005;7;200;23;144.4;0;0;0;0;28.3;16.3;3;4.1;239;61;1011
2005;7;200;24;160.1;0;0;0;0;27.6;16.5;3;2.8;236;65;1011
2005;7;201;1;-178;0;0;0;0;27;16.3;4;2.5;222;65;1011
2005;7;201;2;-163.4;0;0;0;0;26.6;16.8;5;2.3;302;69;1011
2005;7;201;3;-147.3;0;0;0;0;26.3;16.8;5;1.7;211;69;1011
2005;7;201;4;-134.3;0;0;0;0;26;16.7;6;2.5;289;69;1010
2005;7;201;5;-124.1;0;0;0;0;25.8;17.1;6;3.4;244;70;1010
2005;7;201;6;-116;0;0;0;0;25.8;17.9;7;2.8;278;73;1010
2005;7;201;7;-109.1;8.3;0;40;40;26;17.9;7;2.3;160;70;1010
2005;7;201;8;-103;21;0;116;116;25.4;19.7;8;2.3;123;87;1010
2005;7;201;9;-97.1;34;11;231;242;26.6;19.2;8;2.1;87;82;1010
2005;7;201;10;-90.6;47.2;21;323;344;27.5;19.8;8;3.1;359;82;1010
2005;7;201;11;-82.5;60.4;32;405;437;28.4;19.7;8;2.1;28;78;1009
2005;7;201;12;-67.6;73.3;58;450;508;29.1;20.2;8;2.8;77;78;1009
2005;7;201;13;-11.3;82.6;29;458;487;29.5;21;8;3.1;100;78;1009
2005;7;201;14;62.2;75.8;53;425;478;29.9;21.4;8;3.6;237;78;1009
2005;7;201;15;80.4;63.2;39;408;447;30.1;18.7;8;3.4;144;62;1009
2005;7;201;16;89.3;50;25;348;373;30.2;19.2;8;2.3;136;63;1010
2005;7;201;17;95.6;36.8;12;238;250;30;22.2;8;1.7;174;78;1010
2005;7;201;18;101.5;23.7;7;156;163;29.7;20.5;8;1.7;86;69;1010
2005;7;201;19;107.5;10.9;0;56;56;29.1;22;7;2.3;41;75;1010
2005;7;201;20;114.3;0;0;1;1;28.6;21.7;7;2.8;31;78;1010
2005;7;201;21;122.2;0;0;0;0;28.1;21.5;6;2.8;354;82;1010
2005;7;201;22;132.1;0;0;0;0;27.7;21.6;6;1.7;8;88;1011
2005;7;201;23;144.3;0;0;0;0;27.2;20.6;5;2.1;123;87;1011
2005;7;201;24;160;0;0;0;0;26.8;20.2;5;1.5;42;89;1011
2005;7;202;1;-178;0;0;0;0;26.6;19.8;4;1.9;134;90;1011
2005;7;202;2;-163.3;0;0;0;0;26.4;19.1;3;1.9;200;88;1011
2005;7;202;3;-147.2;0;0;0;0;26.3;19.2;3;1.3;144;93;1011
2005;7;202;4;-134.2;0;0;0;0;26.2;19.1;2;1.3;154;95;1012
2005;7;202;5;-124.1;0;0;0;0;26.1;18.5;2;0.5;227;94;1012
2005;7;202;6;-115.5;0;0;0;0;26.1;18.8;1;0.6;225;98;1012
2005;7;202;7;-108.6;8.2;57;38;95;26.7;19;1;0.9;275;96;1012
2005;7;202;8;-102.5;20.9;225;68;292;28.1;18;0;0.8;175;89;1012
2005;7;202;9;-96.6;33.9;409;110;519;29.9;17.5;0;1.3;77;80;1012
2005;7;202;10;-90.4;47.1;652;112;763;31.7;15.4;0;1.7;73;63;1013
2005;7;202;11;-82.3;60.4;714;252;966;33.6;14.9;0;1.5;55;55;1013
2005;7;202;12;-67.3;73.2;237;412;649;34.1;19.4;6;1.7;84;54;1013
2005;7;202;13;-11.2;82.4;141;515;655;34.5;19;7;1.1;37;50;1013
2005;7;202;14;61.4;75.7;117;495;612;34.5;22.1;8;1;71;62;1013
2005;7;202;15;80.2;63.1;109;423;532;34.7;19.7;7;0.8;60;49;1013
2005;7;202;16;89.1;49.9;138;373;511;34.6;21.8;7;0.8;37;62;1013
2005;7;202;17;95.4;36.7;62;268;330;34.2;24.1;8;0.9;25;71;1013
2005;7;202;18;101.4;23.6;34;178;213;33.5;21.8;8;0.3;340;61;1013
2005;7;202;19;107.4;10.8;15;72;86;32.7;20.3;7;0.5;353;55;1014
2005;7;202;20;114.2;0;0;1;1;31.8;19.8;7;0.4;48;58;1014
2005;7;202;21;122.1;0;0;0;0;30.8;19.1;7;0.5;41;60;1014
2005;7;202;22;131.6;0;0;0;0;29.8;18.5;6;0.9;17;62;1014
2005;7;202;23;144.2;0;0;0;0;28.9;18.1;6;0.8;134;66;1014
2005;7;202;24;159.6;0;0;0;0;27.9;17.6;6;0.4;39;70;1014
2005;7;203;1;-178;0;0;0;0;27.1;18.5;6;0.4;175;80;1014
2005;7;203;2;-163.3;0;0;0;0;26.3;18.5;5;0.3;151;87;1014
2005;7;203;3;-147.2;0;0;0;0;25.9;18.3;5;0.3;126;89;1014
2005;7;203;4;-134.1;0;0;0;0;25.5;18.6;5;0.9;112;96;1014
2005;7;203;5;-123.6;0;0;0;0;25.2;17.9;4;1.9;110;94;1014
2005;7;203;6;-115.4;0;0;0;0;25.1;18.6;4;1.3;46;100;1015
2005;7;203;7;-108.5;8.1;40;43;83;25.7;18.3;4;1.7;82;94;1015
2005;7;203;8;-102.4;20.8;153;107;260;26.7;17.1;3;3.9;191;88;1015
2005;7;203;9;-96.5;33.9;268;182;449;28.1;16.9;4;3.9;265;81;1015
2005;7;203;10;-90.2;47.1;371;245;616;29.4;15.5;4;3.6;193;66;1015
2005;7;203;11;-82.1;60.3;467;288;755;30.7;15.4;4;2.3;246;61;1015
2005;7;203;12;-66.5;73.1;540;314;855;31.8;15;4;3.4;270;55;1015
2005;7;203;13;-11.1;82.2;579;328;908;32.8;15.5;4;3.1;237;53;1015
2005;7;203;14;60.6;75.6;543;351;894;33.5;16.2;4;4.4;199;53;1015
2005;7;203;15;79.5;63.1;559;272;831;33.9;16.7;3;4.4;215;54;1015
2005;7;203;16;88.5;49.9;515;190;706;34.1;16.5;2;6.3;176;52;1015
2005;7;203;17;95.3;36.6;423;115;538;33.9;16.1;0;5.8;160;50;1015
2005;7;203;18;101.3;23.5;258;76;334;33.3;16.3;0;6;81;51;1016
2005;7;203;19;107.3;10.7;90;43;133;32.4;17.2;0;6.3;184;54;1016
2005;7;203;20;114.1;0;0;2;2;31.3;16.3;0;5.5;121;54;1016
2005;7;203;21;122;0;0;0;0;30.2;16.5;0;4.1;88;61;1016
2005;7;203;22;131.5;0;0;0;0;29.1;16.1;0;6.3;71;64;1016
2005;7;203;23;144.1;0;0;0;0;28;15.9;0;5.8;52;69;1016
2005;7;203;24;159.5;0;0;0;0;26.9;16.4;0;7.4;353;79;1016
2005;7;204;1;-177.6;0;0;0;0;26.3;16.7;0;8.4;67;85;1016
2005;7;204;2;-163.3;0;0;0;0;25.5;16.6;0;7;174;90;1016
2005;7;204;3;-147.1;0;0;0;0;25.1;16.4;0;6.7;199;91;1016
2005;7;204;4;-134;0;0;0;0;24.7;15.9;0;6.7;184;91;1016
2005;7;204;5;-123.5;0;0;0;0;24.4;16.5;0;5.1;123;97;1016
2005;7;204;6;-115.3;0;0;0;0;24.3;16.7;0;4.4;202;98;1016
2005;7;204;7;-108.4;8;54;37;91;25;17.2;0;3.6;118;97;1016
2005;7;204;8;-102.3;20.7;224;66;290;26.2;15.9;0;2.3;125;89;1016
2005;7;204;9;-96.3;33.8;421;87;508;27.6;15.7;0;3.4;79;83;1016
2005;7;204;10;-90.1;47;588;118;707;29.2;14.3;0;3.4;36;68;1016
2005;7;204;11;-81.5;60.2;708;154;863;30.7;14.6;0;4.7;74;62;1017
2005;7;204;12;-66.2;73;785;180;965;32;14.7;0;4.1;76;57;1017
2005;7;204;13;-10.6;82;814;194;1007;33.1;15.9;0;4.7;54;58;1017
2005;7;204;14;60.2;75.5;807;177;984;33.8;15.9;0;4.1;109;55;1017
2005;7;204;15;79.3;63;759;142;901;34.3;16.8;0;3.9;75;56;1016
2005;7;204;16;88.4;49.8;653;106;759;34.4;15.9;0;2.8;74;51;1016
2005;7;204;17;95.2;36.6;497;73;570;34.2;16;0;2.1;80;51;1016
2005;7;204;18;101.1;23.5;297;55;352;33.5;15.7;0;2.8;145;50;1016
2005;7;204;19;107.2;10.6;96;40;137;32.4;16.4;0;3.1;107;52;1016
2005;7;204;20;113.6;0;0;2;2;31.2;16.2;0;2.3;73;55;1016
2005;7;204;21;121.5;0;0;0;0;30.2;16.9;1;1.1;58;63;1016
2005;7;204;22;131.4;0;0;0;0;29.1;16.9;1;1.7;297;68;1016
2005;7;204;23;144;0;0;0;0;28.1;17.2;1;1.3;202;76;1016
2005;7;204;24;159.4;0;0;0;0;27;16.8;1;2.5;117;79;1016
2005;7;205;1;-177.6;0;0;0;0;26.4;17.1;1;3.4;76;84;1016
2005;7;205;2;-163.2;0;0;0;0;25.7;16.8;2;2.3;165;86;1016
2005;7;205;3;-147;0;0;0;0;25.3;16.7;2;1.9;134;88;1016
2005;7;205;4;-133.5;0;0;0;0;25;15.9;2;1.9;118;84;1016
2005;7;205;5;-123.4;0;0;0;0;24.7;15.9;2;1;205;85;1015
2005;7;205;6;-115.2;0;0;0;0;24.7;16.6;2;1.1;207;89;1015
2005;7;205;7;-108.3;7.9;30;47;77;25.2;17.2;3;0.8;265;88;1015
2005;7;205;8;-102.2;20.6;142;111;252;26.3;16.3;3;1.7;216;84;1015
2005;7;205;9;-96.2;33.7;265;182;447;27.5;15.9;3;2.5;128;78;1015
2005;7;205;10;-89.5;46.9;383;238;621;28.9;15.1;3;2.3;210;68;1015
2005;7;205;11;-81.3;60.1;473;285;758;30.2;15.4;4;2.8;245;63;1015
2005;7;205;12;-65.4;72.9;541;313;854;31.4;15.4;4;3.6;241;59;1015
2005;7;205;13;-10.4;81.8;522;349;871;32.3;14.7;4;3.4;261;51;1015
2005;7;205;14;59.4;75.4;519;330;849;32.9;14.7;4;4.1;162;48;1015
2005;7;205;15;79;62.9;482;316;798;33.3;14.6;4;3.1;260;47;1015
2005;7;205;16;88.2;49.8;450;231;682;33.5;15.1;3;2.5;241;48;1015
2005;7;205;17;95;36.5;348;158;506;33.3;15.2;1;4.7;280;47;1015
2005;7;205;18;101;23.4;231;91;321;32.7;16.4;0;3;278;53;1015
2005;7;205;19;107.1;10.6;80;46;126;31.8;17.4;0;3.4;241;56;1015
2005;7;205;20;113.5;0;0;2;2;30.8;16.9;0;3;224;59;1015
2005;7;205;21;121.4;0;0;0;0;29.6;16.7;0;2.5;236;63;1015
2005;7;205;22;131.3;0;0;0;0;28.5;16.7;0;2.5;205;69;1015
2005;7;205;23;143.6;0;0;0;0;27.4;16.3;0;1.9;42;74;1016
2005;7;205;24;159.4;0;0;0;0;26.4;15.3;0;2.8;70;74;1016
2005;7;206;1;-177.6;0;0;0;0;25.7;15.3;0;3.4;110;79;1016
2005;7;206;2;-163.2;0;0;0;0;24.9;14.7;0;5.1;45;81;1016
2005;7;206;3;-146.5;0;0;0;0;24.4;13.9;0;5.5;120;78;1016
2005;7;206;4;-133.5;0;0;0;0;24;13.9;0;3.9;39;82;1016
2005;7;206;5;-123.3;0;0;0;0;23.7;13.6;0;3.9;73;82;1016
2005;7;206;6;-115.1;0;0;0;0;23.6;13.7;0;4.7;160;82;1016
2005;7;206;7;-108.2;7.7;52;37;89;24.2;14.4;0;4.7;115;83;1016
2005;7;206;8;-102.1;20.5;219;67;286;25.4;13.8;0;5.8;231;80;1016
2005;7;206;9;-96.1;33.6;424;84;508;26.7;13;0;3.9;127;73;1016
2005;7;206;10;-89.3;46.8;594;114;708;28.3;12.3;0;3.9;42;63;1016
2005;7;206;11;-81;60;709;153;862;29.7;13.5;0;2.5;76;62;1016
2005;7;206;12;-65.1;72.7;778;184;962;31;13.3;0;2.3;83;56;1016
2005;7;206;13;-10.3;81.6;791;208;999;32;13.1;0;2.5;30;51;1016
2005;7;206;14;58.6;75.3;752;212;965;32.7;13.4;0;3.4;75;48;1016
2005;7;206;15;78.4;62.8;691;184;875;33.1;14.1;0;2.1;130;49;1016
2005;7;206;16;87.6;49.7;574;152;726;33.2;14.4;0;1.7;82;49;1015
2005;7;206;17;94.5;36.5;413;122;535;32.9;15.7;0;1.5;73;53;1015
2005;7;206;18;100.5;23.3;232;89;321;32.1;16.4;0;1.3;5;56;1015
2005;7;206;19;106.5;10.5;65;54;119;31.1;18.1;1;2.1;352;62;1014
2005;7;206;20;113.4;0;0;1;1;29.9;18.5;1;1.1;359;68;1014
2005;7;206;21;121.3;0;0;0;0;29.1;19.7;2;1;333;77;1014
2005;7;206;22;131.2;0;0;0;0;28.3;19.8;2;0.6;356;81;1013
2005;7;206;23;143.5;0;0;0;0;27.4;19.5;3;1.1;355;82;1013
2005;7;206;24;159.3;0;0;0;0;26.6;19.4;3;1.3;356;84;1013
2005;7;207;1;-177.6;0;0;0;0;26.3;19.4;4;0.8;338;83;1012
2005;7;207;2;-163.2;0;0;0;0;25.9;19;5;0.9;79;81;1012
2005;7;207;3;-146.5;0;0;0;0;25.7;19;5;1;67;80;1012
2005;7;207;4;-133.4;0;0;0;0;25.4;20.7;6;2.3;44;91;1011
2005;7;207;5;-123.2;0;0;0;0;25.3;22;6;1.3;62;97;1011
2005;7;207;6;-115;0;0;0;0;25.1;22.2;7;1.9;57;97;1011
2005;7;207;7;-108;7.6;0;17;17;24.9;22.4;7;1.7;67;97;1010
2005;7;207;8;-101.5;20.4;0;62;62;24.4;21.5;8;1.7;63;98;1010
2005;7;207;9;-95.5;33.5;0;84;84;25.9;21.6;8;2.1;340;85;1010
2005;7;207;10;-89.2;46.8;0;53;53;25.9;22.2;8;2.1;37;84;1009
2005;7;207;11;-80.4;59.9;40;342;382;26.7;18.8;8;2.3;3;80;1009
2005;7;207;12;-64.3;72.6;10;217;228;27;21.3;8;1.1;355;81;1009
2005;7;207;13;-10.2;81.4;105;462;567;27.8;18.4;8;1.9;348;78;1009
2005;7;207;14;58.1;75.1;154;455;609;28.7;17;7;3.6;348;68;1009
2005;7;207;15;78.1;62.8;363;366;729;29.5;15.4;4;2.5;29;65;1009
2005;7;207;16;87.4;49.6;120;355;475;29.8;20;7;2.3;47;78;1009
2005;7;207;17;94.3;36.4;0;138;138;29.3;23.3;8;2.1;24;78;1009
2005;7;207;18;100.3;23.3;64;161;226;29.3;17.2;6;1.5;180;62;1009
2005;7;207;19;106.4;10.4;0;55;55;28.8;22.1;6;2.8;80;78;1009
2005;7;207;20;113.3;0;0;1;1;28.4;21.5;6;3.4;170;78;1009
2005;7;207;21;121.2;0;0;0;0;28;20.9;6;2.3;174;78;1010
2005;7;207;22;131.1;0;0;0;0;27.5;20.3;6;1.9;243;78;1010
2005;7;207;23;143.4;0;0;0;0;26.7;20;6;1.9;241;82;1010
2005;7;207;24;159.3;0;0;0;0;26.6;20.1;6;0.9;209;85;1010
2005;7;208;1;-177.5;0;0;0;0;26.2;20.6;6;1.5;118;92;1010
2005;7;208;2;-163.1;0;0;0;0;25.8;19.7;6;2.8;264;90;1010
2005;7;208;3;-146.4;0;0;0;0;25.5;19.7;6;4.7;107;93;1010
2005;7;208;4;-133.3;0;0;0;0;25.3;19.8;6;4.7;168;97;1011
2005;7;208;5;-123.1;0;0;0;0;25.1;19.5;6;3.9;188;97;1011
2005;7;208;6;-114.5;0;0;0;0;25.1;19.3;6;3.4;197;97;1011
2005;7;208;7;-107.5;7.5;18;45;63;25.6;19.7;6;3.9;223;97;1011
2005;7;208;8;-101.4;20.3;50;156;206;26.4;19.3;6;3.4;241;96;1011
2005;7;208;9;-95.4;33.4;97;276;372;27.5;18.9;7;3.6;191;90;1011
2005;7;208;10;-88.6;46.7;141;364;505;28.4;18.9;7;3.6;123;84;1011
2005;7;208;11;-80.1;59.9;227;400;627;29.7;17.7;6;3.9;108;71;1011
2005;7;208;12;-63.5;72.5;157;492;649;30.6;18.1;7;3.9;128;66;1012
2005;7;208;13;-10.1;81.2;200;463;664;31.2;18;7;4.7;116;61;1012
2005;7;208;14;57.3;75;145;499;645;31.6;21;7;4.7;76;75;1012
2005;7;208;15;77.4;62.7;124;428;552;31.3;22.3;7;5.1;41;82;1012
2005;7;208;16;87.2;49.5;86;363;449;31.8;22.4;7;5.5;63;78;1012
2005;7;208;17;94.1;36.3;74;279;353;31.6;22.2;7;3.4;123;78;1012
2005;7;208;18;100.2;23.2;41;178;219;31.2;22.1;7;3.1;206;78;1012
2005;7;208;19;106.3;10.3;7;66;73;30.4;20.6;7;4.4;293;65;1013
2005;7;208;20;113.1;0;0;1;1;29.7;18.7;6;6;202;60;1013
2005;7;208;21;121.1;0;0;0;0;28.8;18.5;6;6;173;64;1013
2005;7;208;22;130.6;0;0;0;0;28;18.2;5;4.4;102;68;1013
2005;7;208;23;143.3;0;0;0;0;27.2;18.2;5;4.4;170;74;1013
2005;7;208;24;159.2;0;0;0;0;26.5;17.3;4;4.7;223;73;1013
2005;7;209;1;-177.5;0;0;0;0;26;18.2;4;3.1;203;84;1014
2005;7;209;2;-163.1;0;0;0;0;25.4;17.4;3;2.1;201;83;1014
2005;7;209;3;-146.3;0;0;0;0;25;17.2;3;1.9;270;85;1014
2005;7;209;4;-133.2;0;0;0;0;24.7;16.6;2;1.1;322;84;1014
2005;7;209;5;-122.5;0;0;0;0;24.5;16.8;2;1.7;250;88;1014
2005;7;209;6;-114.4;0;0;0;0;24.4;16.4;1;1.5;256;87;1014
2005;7;209;7;-107.4;7.4;27;45;72;25;17.1;1;1.3;289;88;1015
2005;7;209;8;-101.3;20.3;144;102;246;26;16.2;0;1.1;237;85;1015
2005;7;209;9;-95.2;33.4;302;149;451;27.3;15.4;0;1.5;289;78;1015
2005;7;209;10;-88.4;46.6;422;217;639;28.8;14.4;0;1.9;208;66;1015
2005;7;209;11;-79.5;59.8;515;275;790;30.2;13.9;2;1.7;242;58;1015
2005;7;209;12;-63.2;72.4;556;329;886;31.4;14.2;3;1.3;269;54;1015
2005;7;209;13;-9.5;81;568;356;924;32.4;15.4;3;1.7;295;55;1015
2005;7;209;14;56.5;74.9;578;328;906;33.2;14.6;3;2.5;220;49;1015
2005;7;209;15;77.2;62.6;584;253;837;33.6;15.7;0;2.1;214;52;1015
2005;7;209;16;87;49.5;519;185;704;33.8;16;0;2.8;254;51;1015
2005;7;209;17;93.6;36.2;399;125;523;33.6;15.9;0;2.1;227;50;1015
2005;7;209;18;100.1;23.1;228;90;318;32.9;16.8;0;3;241;54;1015
2005;7;209;19;106.2;10.2;59;59;118;32;18.1;0;2.5;299;58;1015
2005;7;209;20;113;0;0;1;1;30.9;18.2;1;2.8;279;63;1015
2005;7;209;21;120.6;0;0;0;0;30.1;17.8;1;2.5;302;64;1015
2005;7;209;22;130.5;0;0;0;0;29.3;17.8;1;1.3;284;68;1015
2005;7;209;23;143.2;0;0;0;0;28.5;18.2;1;2.3;302;74;1015
2005;7;209;24;159.1;0;0;0;0;27.8;17.9;2;1.7;318;76;1014
2005;7;210;1;-177.5;0;0;0;0;27.3;17.9;2;0.8;286;78;1014
2005;7;210;2;-163;0;0;0;0;26.7;19;2;1.1;286;88;1014
2005;7;210;3;-146.2;0;0;0;0;26.6;19.3;2;0.3;286;90;1014
2005;7;210;4;-133;0;0;0;0;26.3;20.4;3;0.3;284;100;1014
2005;7;210;5;-122.4;0;0;0;0;26.1;20.3;3;0.8;293;99;1014
2005;7;210;6;-114.3;0;0;0;0;26.1;20.6;3;0.9;255;100;1014
2005;7;210;7;-107.3;7.3;11;48;59;26.5;21.2;4;0.8;236;100;1014
2005;7;210;8;-101.1;20.2;96;121;217;27.5;20.5;4;1.7;299;99;1014
2005;7;210;9;-95.1;33.3;182;209;391;28.7;20.7;4;1.5;230;96;1014
2005;7;210;10;-88.2;46.5;264;299;563;30.1;19.6;5;1.3;266;83;1013
2005;7;210;11;-79.2;59.7;320;360;680;31.3;19.6;5;1.1;265;75;1013
2005;7;210;12;-62.4;72.2;379;385;764;32.3;18.9;5;1.1;242;66;1013
2005;7;210;13;-9.4;80.7;366;421;787;33.2;18.4;5;2.1;247;59;1013
2005;7;210;14;56.1;74.7;328;417;745;33.7;18.7;5;1.9;107;56;1013
2005;7;210;15;76.5;62.5;267;398;665;34.1;19.3;6;1.5;73;57;1013
2005;7;210;16;86.4;49.4;156;384;540;34.1;20.3;7;1.3;167;59;1013
2005;7;210;17;93.4;36.1;133;262;396;33.9;20.4;6;3.4;173;59;1013
2005;7;210;18;99.5;23;53;179;232;33.3;20.5;7;2.8;178;59;1014
2005;7;210;19;106;10.1;13;70;83;32.5;22;6;1.7;270;65;1014
2005;7;210;20;112.5;0;0;1;1;31.5;23.2;6;2.3;235;78;1014
2005;7;210;21;120.5;0;0;0;0;30.5;22.3;6;1.9;194;79;1014
2005;7;210;22;130.4;0;0;0;0;29.5;22.4;5;1.7;217;86;1014
2005;7;210;23;143.1;0;0;0;0;28.5;21.8;5;1.3;119;90;1014
2005;7;210;24;159.1;0;0;0;0;27.5;21;5;2.8;69;92;1014
2005;7;211;1;-177.5;0;0;0;0;26.6;20.3;4;2.5;167;95;1014
2005;7;211;2;-162.6;0;0;0;0;25.8;19.2;4;2.3;156;93;1014
2005;7;211;3;-146.1;0;0;0;0;25.4;19.1;4;1.7;273;96;1014
2005;7;211;4;-132.5;0;0;0;0;24.9;18.3;3;1.3;201;94;1014
2005;7;211;5;-122.3;0;0;0;0;24.6;17.9;3;1.5;43;94;1014
2005;7;211;6;-114.1;0;0;0;0;24.5;17.1;3;2.1;76;89;1014
2005;7;211;7;-107.2;7.2;20;44;64;24.9;17.5;2;1.5;120;88;1014
2005;7;211;8;-100.6;20.1;120;111;230;25.9;15.5;2;1.5;144;79;1015
2005;7;211;9;-94.5;33.2;270;168;438;27;14.4;1;3.9;111;73;1015
2005;7;211;10;-88;46.4;359;242;601;28.3;13.4;3;3;66;61;1015
2005;7;211;11;-78.6;59.6;483;292;775;29.7;14.1;3;2.5;172;61;1015
2005;7;211;12;-61.6;72.1;589;286;875;30.8;14.8;2;2.3;113;59;1015
2005;7;211;13;-9.2;80.5;599;314;913;31.8;15.2;3;2.1;87;57;1015
2005;7;211;14;55.3;74.6;580;303;883;32.4;15.9;3;4.7;178;57;1015
2005;7;211;15;76.2;62.4;521;281;802;32.8;15.4;2;4.1;228;52;1015
2005;7;211;16;86.2;49.3;421;242;663;32.9;15.1;2;5.5;253;49;1015
2005;7;211;17;93.3;36;316;172;488;32.6;14.8;0;5.5;274;47;1015
2005;7;211;18;99.4;22.9;184;108;292;32;15.8;0;3.6;286;51;1015
2005;7;211;19;105.5;10;56;53;109;31.1;16.6;0;4.4;252;53;1015
2005;7;211;20;112.4;0;0;1;1;30.1;17.1;0;3.9;236;60;1015
2005;7;211;21;120.4;0;0;0;0;29.1;17.4;0;2.8;188;67;1015
2005;7;211;22;130.3;0;0;0;0;28.2;16.9;0;1.3;175;69;1015
2005;7;211;23;143;0;0;0;0;27.3;16.7;0;0.9;112;74;1015
2005;7;211;24;159;0;0;0;0;26.5;16.3;0;1;210;77;1015
2005;7;212;1;-177.5;0;0;0;0;26;15.9;0;0.2;221;78;1015
2005;7;212;2;-162.5;0;0;0;0;25.4;15.8;0;0.9;105;81;1016
2005;7;212;3;-146;0;0;0;0;25.1;15.7;0;0.4;232;82;1016
2005;7;212;4;-132.4;0;0;0;0;24.9;16;0;0.2;292;86;1016
2005;7;212;5;-122.2;0;0;0;0;24.7;15.8;0;0.3;307;87;1016
2005;7;212;6;-114;0;0;0;0;24.6;16.6;0;0.9;248;92;1016
2005;7;212;7;-107;7.1;42;36;77;25.2;16.4;0;0.5;299;86;1016
2005;7;212;8;-100.4;20;188;78;267;26.4;15.3;0;0.8;286;81;1016
2005;7;212;9;-94.3;33.1;373;111;483;27.8;15.2;0;1.3;290;77;1016
2005;7;212;10;-87.4;46.3;531;148;679;29.4;14.3;0;1.7;303;65;1016
2005;7;212;11;-78.3;59.5;637;196;833;30.9;14.7;0;3;285;61;1016
2005;7;212;12;-61.2;72;693;238;931;32.2;14.6;0;4.1;277;54;1016
2005;7;212;13;-9.1;80.3;678;282;960;33.3;14.6;2;4.4;306;50;1016
2005;7;212;14;54.5;74.4;664;269;934;34;14.4;2;4.4;300;46;1016
2005;7;212;15;75.5;62.3;606;237;843;34.4;14.5;1;5.5;288;44;1016
2005;7;212;16;86;49.2;481;210;691;34.5;14.3;1;4.4;291;42;1016
2005;7;212;17;93.1;36;356;144;500;34.3;14.7;0;3.6;316;42;1016
2005;7;212;18;99.2;22.8;187;106;293;33.5;15.3;0;3.6;288;43;1016
2005;7;212;19;105.4;9.9;48;54;103;32.5;16.3;0;3.9;290;45;1016
2005;7;212;20;112.3;0;0;0;0;31.4;15.1;0;6.3;278;45;1016
2005;7;212;21;120.2;0;0;0;0;30.3;14.7;0;4.1;251;48;1016
2005;7;212;22;130.1;0;0;0;0;29.1;14;0;3.6;245;51;1016
2005;7;212;23;142.5;0;0;0;0;27.9;13.5;0;5.5;205;54;1016
2005;7;212;24;158.6;0;0;0;0;26.8;12.8;0;3.4;267;56;1016
2005;8;213;1;-177.5;0;0;0;0;26;14.2;1;4.1;178;65;1016
2005;8;213;2;-162.4;0;0;0;0;25;14;1;3.6;223;70;1016
2005;8;213;3;-145.5;0;0;0;0;24.5;14;1;2.9;158;73;1016
2005;8;213;4;-132.3;0;0;0;0;23.9;13.9;1;2.9;139;76;1015
2005;8;213;5;-122.1;0;0;0;0;23.6;13.5;1;1.4;205;76;1015
2005;8;213;6;-113.5;0;0;0;0;23.5;12.6;1;2.6;257;71;1015
2005;8;213;7;-106.5;7;30;39;69;23.9;12.7;1;1.8;223;69;1015
2005;8;213;8;-100.3;19.9;146;98;244;24.9;12.2;1;2;106;68;1015
2005;8;213;9;-94.2;33;292;152;444;26.2;12.1;1;1.1;90;66;1015
2005;8;213;10;-87.2;46.3;414;218;632;27.5;11.2;2;2.2;85;57;1015
2005;8;213;11;-78;59.4;519;260;779;28.8;10.8;3;3.3;99;51;1015
2005;8;213;12;-60.4;71.8;564;299;863;29.9;11.2;3;4.1;108;48;1015
2005;8;213;13;-8.5;80;592;317;909;30.9;11.4;3;2.2;136;45;1015
2005;8;213;14;54.1;74.2;593;295;887;31.5;11.7;3;1.8;89;44;1015
2005;8;213;15;75.2;62.2;551;272;823;31.9;11.8;3;2.9;355;43;1015
2005;8;213;16;85.4;49.1;478;206;684;32;12.1;1;3.3;39;43;1015
2005;8;213;17;92.5;35.9;381;131;512;31.8;12.3;0;2.9;107;43;1015
2005;8;213;18;99.1;22.7;213;91;304;31.1;12.9;1;2.9;190;45;1015
2005;8;213;19;105.2;9.7;67;45;112;30.1;13.7;1;1.6;145;47;1015
2005;8;213;20;112.1;0;0;1;1;29;13.3;0;1.2;277;50;1015
2005;8;213;21;120.1;0;0;0;0;28;13.5;0;2.2;164;55;1015
2005;8;213;22;130;0;0;0;0;26.9;13.9;0;2.4;145;62;1015
2005;8;213;23;142.4;0;0;0;0;26;13.4;0;3.1;214;64;1015
2005;8;213;24;158.5;0;0;0;0;25.1;12.8;0;1.4;268;66;1015
2005;8;214;1;-177.5;0;0;0;0;24.5;12.6;0;1.2;282;68;1015
2005;8;214;2;-162.4;0;0;0;0;23.9;12.6;0;1.4;321;71;1015
2005;8;214;3;-145.4;0;0;0;0;23.6;13.2;0;2.4;306;76;1015
2005;8;214;4;-132.2;0;0;0;0;23.2;13.2;0;3.1;303;78;1015
2005;8;214;5;-121.5;0;0;0;0;23;13.3;0;2.6;253;80;1015
2005;8;214;6;-113.4;0;0;0;0;22.9;13.8;0;3.1;258;83;1015
2005;8;214;7;-106.3;6.9;31;38;69;23.4;14.1;0;1.8;310;81;1015
2005;8;214;8;-100.1;19.8;149;96;245;24.4;13.2;0;2.4;279;77;1015
2005;8;214;9;-93.6;32.9;317;136;453;25.7;12.7;0;3.3;277;72;1015
2005;8;214;10;-87;46.2;458;190;648;27;11.9;0;2.9;266;64;1015
2005;8;214;11;-77.4;59.3;531;262;794;28.4;11.5;2;4.4;209;56;1015
2005;8;214;12;-59.6;71.7;569;319;888;29.6;11.2;3;4.6;216;50;1015
2005;8;214;13;-8.3;79.8;568;353;922;30.6;11.7;3;5.9;81;48;1015
2005;8;214;14;53.3;74.1;571;330;900;31.3;12.3;3;7;110;47;1015
2005;8;214;15;74.6;62;557;267;824;31.7;12.8;2;7;132;48;1016
2005;8;214;16;85.2;49;500;193;692;31.8;12.7;0;9.4;210;46;1016
2005;8;214;17;92.4;35.7;360;140;500;31.5;13.2;0;7.6;117;47;1016
2005;8;214;18;98.6;22.6;190;108;297;30.8;14.3;0;5.6;222;51;1016
2005;8;214;19;105.1;9.6;51;56;107;29.8;15.4;0;5;236;55;1016
2005;8;214;20;112;0;0;1;1;28.7;15;0;3.8;214;58;1016
2005;8;214;21;119.6;0;0;0;0;27.7;15;0;2.2;120;63;1016
2005;8;214;22;129.5;0;0;0;0;26.7;13.8;0;3.3;195;63;1016
2005;8;214;23;142.3;0;0;0;0;25.9;14;0;2.9;183;68;1016
2005;8;214;24;158.4;0;0;0;0;25;13.6;0;3.1;183;71;1016
2005;8;215;1;-177.5;0;0;0;0;24.5;13.8;0;4.6;188;76;1016
2005;8;215;2;-162.3;0;0;0;0;23.8;13.1;0;4.4;261;75;1016
2005;8;215;3;-145.3;0;0;0;0;23.5;13.2;0;5.6;321;78;1016
2005;8;215;4;-132;0;0;0;0;23.1;13.4;0;3.3;303;82;1016
2005;8;215;5;-121.4;0;0;0;0;22.8;13.3;0;2.2;307;84;1016
2005;8;215;6;-113.2;0;0;0;0;22.7;13.1;0;2.2;301;83;1016
2005;8;215;7;-106.2;6.8;38;36;74;23.1;13.7;0;1.6;294;83;1016
2005;8;215;8;-99.6;19.7;184;76;260;24.1;12.3;0;0.7;279;78;1016
2005;8;215;9;-93.4;32.9;373;108;481;25.2;11.4;0;0.4;330;71;1016
2005;8;215;10;-86.4;46.1;549;135;684;26.5;10.9;0;0.8;274;64;1016
2005;8;215;11;-77.1;59.2;660;179;839;27.6;10.7;0;1;282;59;1016
2005;8;215;12;-59.2;71.6;721;217;938;28.7;11.2;0;1;271;56;1016
2005;8;215;13;-8.2;79.5;741;237;978;29.6;11.9;0;0.8;254;56;1016
2005;8;215;14;52.5;73.9;779;190;969;30.2;13.1;0;0.7;182;58;1016
2005;8;215;15;74.3;61.9;690;179;870;30.6;13.3;0;1;256;57;1016
2005;8;215;16;84.6;48.9;571;148;718;30.6;13;0;1;176;54;1016
2005;8;215;17;92.2;35.6;421;107;528;30.3;13;0;1;134;53;1016
2005;8;215;18;98.4;22.5;235;79;314;29.6;13.6;0;2.2;278;56;1016
2005;8;215;19;104.6;9.5;68;43;111;28.5;14.6;0;2.9;229;59;1016
2005;8;215;20;111.5;0;0;1;1;27.4;14.4;0;3.8;315;63;1016
2005;8;215;21;119.5;0;0;0;0;26.6;15.6;0;2.9;308;74;1016
2005;8;215;22;129.4;0;0;0;0;25.7;14.6;0;4.1;308;73;1016
2005;8;215;23;142.2;0;0;0;0;24.7;14.4;0;3.3;334;77;1016
2005;8;215;24;158.4;0;0;0;0;23.8;13.8;0;2.6;299;79;1016
2005;8;216;1;-177.5;0;0;0;0;23.6;13.8;0;2.9;300;81;1016
2005;8;216;2;-162.2;0;0;0;0;23.2;13.9;0;2;296;84;1016
2005;8;216;3;-145.2;0;0;0;0;22.9;14.1;0;1.8;311;87;1016
2005;8;216;4;-131.5;0;0;0;0;22.7;14.1;0;2.4;324;88;1015
2005;8;216;5;-121.3;0;0;0;0;22.4;14.3;0;1.1;314;90;1015
2005;8;216;6;-113.1;0;0;0;0;22.3;14.9;0;1;302;95;1015
2005;8;216;7;-106.1;6.7;33;34;67;22.7;15;0;1.4;317;93;1015
2005;8;216;8;-99.4;19.6;147;95;242;23.6;13.6;0;1.4;327;86;1015
2005;8;216;9;-93.2;32.8;293;149;443;24.6;13.1;0;2.2;298;81;1015
2005;8;216;10;-86.2;46;410;218;628;25.8;12.4;2;1.6;295;72;1015
2005;8;216;11;-76.4;59.1;511;262;773;26.7;12.9;3;1.8;338;71;1015
2005;8;216;12;-58.4;71.4;571;294;864;27.7;13.4;3;2.2;335;68;1015
2005;8;216;13;-8;79.3;577;323;900;28.5;13.2;3;1.8;298;64;1015
2005;8;216;14;52.1;73.7;576;302;878;29.1;13.5;3;1.6;280;62;1015
2005;8;216;15;73.6;61.8;518;279;797;29.4;13.1;3;1;284;58;1015
2005;8;216;16;84.4;48.8;427;235;662;29.4;12.9;3;0.8;240;56;1015
2005;8;216;17;92;35.5;317;163;480;29.1;13.6;1;0.6;210;58;1014
2005;8;216;18;98.3;22.3;160;119;280;28.4;15.1;2;0.8;191;65;1014
2005;8;216;19;104.4;9.4;40;56;97;27.5;16.2;3;1.6;167;68;1014
2005;8;216;20;111.3;0;0;0;0;26.6;16;3;1.2;268;71;1014
2005;8;216;21;119.3;0;0;0;0;25.9;16.8;3;1.2;286;78;1013
2005;8;216;22;129.3;0;0;0;0;25.2;16.5;4;1.6;136;79;1013
2005;8;216;23;142.1;0;0;0;0;24.5;16.7;4;1.2;101;82;1013
2005;8;216;24;158.3;0;0;0;0;23.9;17;5;0.7;133;88;1013
2005;8;217;1;-177.6;0;0;0;0;23.8;17.3;5;0.3;84;88;1013
2005;8;217;2;-162.1;0;0;0;0;23.7;17.6;6;0.2;67;88;1012
2005;8;217;3;-145.1;0;0;0;0;23.7;18.1;6;0.6;108;89;1012
2005;8;217;4;-131.4;0;0;0;0;23.7;18.1;6;0.5;89;88;1012
2005;8;217;5;-121.1;0;0;0;0;23.8;18.6;7;0.5;223;88;1012
2005;8;217;6;-112.5;0;0;0;0;23.8;19;7;1.4;219;89;1012
2005;8;217;7;-105.5;6.6;0;23;23;24;19.4;8;1;331;88;1011
2005;8;217;8;-99.3;19.5;1;113;114;24.6;17.8;8;2;312;82;1011
2005;8;217;9;-93.1;32.7;32;241;273;25.3;17.3;8;1.6;308;84;1011
2005;8;217;10;-85.6;45.9;67;327;395;26.3;17.3;8;2;298;80;1011
2005;8;217;11;-76.1;59;289;392;680;27.7;15.1;6;1.8;342;72;1011
2005;8;217;12;-57.6;71.3;730;233;963;29.4;13.8;0;1;302;66;1010
2005;8;217;13;-7.4;79;544;352;896;30.6;15.5;4;2.2;302;63;1010
2005;8;217;14;51.3;73.5;180;429;609;31;17.9;7;2.4;299;60;1010
2005;8;217;15;73.3;61.6;36;340;375;30.9;19.8;8;1.8;329;60;1010
2005;8;217;16;84.2;48.6;0;109;109;30;24.8;8;0.6;314;77;1010
2005;8;217;17;91.4;35.4;0;73;73;29.1;25.2;8;0.6;311;84;1010
2005;8;217;18;98.1;22.2;0;23;23;27.7;24.6;8;0.6;300;87;1010
2005;8;217;19;104.3;9.2;0;8;8;28;24.1;8;0.7;323;80;1010
2005;8;217;20;111.2;0;0;0;0;27.5;24;8;0.8;324;84;1010
2005;8;217;21;119.2;0;0;0;0;27.2;24.4;8;2.6;311;89;1010
2005;8;217;22;129.2;0;0;0;0;26.9;24.1;8;1.8;291;90;1010
2005;8;217;23;142;0;0;0;0;26.6;23.3;8;1.1;268;87;1010
2005;8;217;24;158.3;0;0;0;0;26.1;23.3;8;1.6;306;92;1009
2005;8;218;1;-177.6;0;0;0;0;25.8;22.1;8;1.6;314;86;1009
2005;8;218;2;-162.1;0;0;0;0;25.4;22.3;8;1.8;316;92;1009
2005;8;218;3;-144.5;0;0;0;0;23.8;21.4;8;1.1;299;98;1009
2005;8;218;4;-131.2;0;0;0;0;24.6;22.1;8;1.2;264;98;1009
2005;8;218;5;-120.6;0;0;0;0;24.7;21.4;8;1.8;261;93;1009
2005;8;218;6;-112.4;0;0;0;0;24.6;21.7;8;1.1;262;96;1009
2005;8;218;7;-105.4;6.5;0;19;19;24.4;21.6;8;1.6;133;98;1009
2005;8;218;8;-99.1;19.4;0;109;109;25.1;20.6;8;1.4;56;96;1009
2005;8;218;9;-92.5;32.6;11;209;220;25.9;20.6;8;0.8;82;96;1009
2005;8;218;10;-85.3;45.8;182;326;507;27.1;18.2;6;0.5;346;90;1009
2005;8;218;11;-75.4;58.9;174;403;577;28.2;18.2;7;1;14;80;1009
2005;8;218;12;-57.1;71.1;37;368;405;28.6;20.5;8;0.4;66;77;1009
2005;8;218;13;-7.3;78.7;46;402;448;28.9;20.7;8;0.4;89;78;1008
2005;8;218;14;50.5;73.3;0;85;85;28.3;24.5;8;0.1;127;84;1008
2005;8;218;15;73;61.5;6;244;250;28.2;22.4;8;0.4;180;83;1009
2005;8;218;16;83.5;48.5;12;235;248;28.1;21.7;8;0.2;200;81;1009
2005;8;218;17;91.3;35.3;147;240;387;28.4;18.5;6;0.4;242;80;1009
2005;8;218;18;97.5;22.1;38;152;191;28.2;20.1;7;0.4;296;82;1009
2005;8;218;19;104.2;9.1;34;67;101;27.8;18.9;7;0;313;85;1009
2005;8;218;20;111.1;0;0;1;1;27.3;19;7;0.2;283;87;1009
2005;8;218;21;119.1;0;0;0;0;26.6;18.9;7;0.3;230;87;1009
2005;8;218;22;129.1;0;0;0;0;26.2;19.1;7;0.1;249;89;1009
2005;8;218;23;141.5;0;0;0;0;25.6;19.2;7;1;245;90;1009
2005;8;218;24;158.2;0;0;0;0;24.4;19.4;8;1.8;232;98;1009
2005;8;219;1;-177.6;0;0;0;0;24.2;19.6;8;2;259;98;1009
2005;8;219;2;-161.6;0;0;0;0;23.1;18.9;8;2.2;254;98;1009
2005;8;219;3;-144.4;0;0;0;0;23.7;20.1;8;1;265;98;1009
2005;8;219;4;-131.1;0;0;0;0;23.7;20.3;8;1.6;130;96;1009
2005;8;219;5;-120.4;0;0;0;0;23.7;20.9;8;2.6;224;98;1009
2005;8;219;6;-112.2;0;0;0;0;23.6;21.4;8;1.4;174;98;1009
2005;8;219;7;-105.2;6.4;0;5;5;23.7;21.9;8;3.1;93;98;1009
2005;8;219;8;-98.5;19.3;5;115;120;24.3;19.5;8;3.6;63;98;1009
2005;8;219;9;-92.3;32.5;81;238;319;25.5;18.4;7;2.6;82;96;1009
2005;8;219;10;-85.1;45.8;7;183;190;25.7;21.5;8;2.9;78;94;1009
2005;8;219;11;-75.1;58.8;0;82;82;25.5;22.9;8;4.1;357;94;1009
2005;8;219;12;-56.3;71;104;420;525;26.5;18.8;7;2.2;21;89;1009
2005;8;219;13;-7.1;78.5;83;451;534;27.3;18.9;8;1.6;1;83;1009
2005;8;219;14;50.2;73.1;27;341;368;27.6;21.3;8;1.6;29;86;1009
2005;8;219;15;72.3;61.3;11;242;253;27.4;21.7;8;2.4;341;84;1009
2005;8;219;16;83.3;48.4;173;340;514;28.1;16.6;6;1.6;16;72;1010
2005;8;219;17;91.1;35.1;412;139;551;28.5;14;0;2.9;24;69;1010
2005;8;219;18;97.4;21.9;204;113;316;28.6;15.3;0;2.2;345;71;1010
2005;8;219;19;104;8.9;44;57;101;28.1;16.4;0;2;336;69;1010
2005;8;219;20;110.5;0;0;1;1;27.5;16.4;1;1.8;348;72;1010
2005;8;219;21;118.6;0;0;0;0;26.8;16.3;1;2;341;74;1011
2005;8;219;22;128.5;0;0;0;0;26.2;15.9;2;1.8;342;75;1011
2005;8;219;23;141.4;0;0;0;0;25.6;15.2;2;4.1;340;74;1011
2005;8;219;24;158.2;0;0;0;0;25;14.4;2;4.6;348;72;1011
2005;8;220;1;-177.6;0;0;0;0;24.6;15.1;3;5.6;344;78;1011
2005;8;220;2;-161.5;0;0;0;0;24.1;14.9;3;4.1;344;79;1012
2005;8;220;3;-144.3;0;0;0;0;23.6;15.5;4;3.1;336;86;1012
2005;8;220;4;-130.6;0;0;0;0;23.3;16.1;4;3.3;335;91;1012
2005;8;220;5;-120.3;0;0;0;0;23.1;15.6;4;1.8;347;88;1012
2005;8;220;6;-112.1;0;0;0;0;22.9;16.3;5;1.6;11;94;1012
2005;8;220;7;-105;6.3;0;26;26;23.2;16.4;5;2;24;91;1012
2005;8;220;8;-98.4;19.2;69;127;196;24.4;15.4;6;1.2;15;84;1013
2005;8;220;9;-92.1;32.4;252;176;428;26;13.7;3;3.6;348;75;1013
2005;8;220;10;-84.5;45.7;396;217;613;27.4;12.6;2;4.4;100;63;1013
2005;8;220;11;-74.4;58.7;538;260;798;28.9;12.3;2;4.6;170;58;1013
2005;8;220;12;-55.5;70.8;551;338;889;30.1;13.2;4;2.9;169;56;1013
2005;8;220;13;-6.5;78.2;345;433;778;30.8;14.9;6;3.6;206;55;1014
2005;8;220;14;49.4;72.9;301;430;731;31.1;15;6;5.6;234;52;1014
2005;8;220;15;72;61.2;298;389;687;31.3;15;6;5;191;52;1013
2005;8;220;16;83.1;48.2;168;359;527;31.1;15.8;7;5.9;220;53;1013
2005;8;220;17;90.5;35;185;230;414;30.7;15.4;5;5.9;232;54;1013
2005;8;220;18;97.2;21.8;59;166;226;29.9;16.6;7;5.9;243;58;1013
2005;8;220;19;103.5;8.8;8;54;62;28.9;18.2;6;5;264;62;1013
2005;8;220;20;110.4;0;0;0;0;27.8;17.2;6;4.6;252;63;1013
2005;8;220;21;118.4;0;0;0;0;27.1;17.7;5;4.6;302;70;1013
2005;8;220;22;128.4;0;0;0;0;26.5;17.2;5;3.8;306;72;1013
2005;8;220;23;141.3;0;0;0;0;25.8;17.3;5;4.1;282;77;1013
2005;8;220;24;158.1;0;0;0;0;25.2;17.1;4;3.8;204;81;1013
2005;8;221;1;-178;0;0;0;0;24.7;16.9;4;5.3;264;84;1013
2005;8;221;2;-161.4;0;0;0;0;24.2;17.2;4;6.3;231;90;1013
2005;8;221;3;-144.2;0;0;0;0;23.7;17.2;3;6.6;197;95;1013
2005;8;221;4;-130.4;0;0;0;0;23.4;16.2;3;8.2;158;91;1013
2005;8;221;5;-120.1;0;0;0;0;23.1;16.5;2;7.6;168;96;1013
2005;8;221;6;-111.5;0;0;0;0;22.9;16.4;2;4.6;147;97;1013
2005;8;221;7;-104.5;6.2;0;29;29;23.3;16.2;2;4.1;256;94;1012
2005;8;221;8;-98.2;19.2;122;119;241;24.7;14.5;1;4.6;282;84;1012
2005;8;221;9;-91.5;32.3;384;108;492;26.4;13.1;0;4.4;285;75;1012
2005;8;221;10;-84.3;45.6;605;101;706;28;13.1;0;3.8;143;69;1012
2005;8;221;11;-74.1;58.6;632;244;876;29.6;12.9;0;3.1;92;61;1012
2005;8;221;12;-55.1;70.6;169;422;591;29.9;16.6;7;4.1;127;59;1012
2005;8;221;13;-6.3;77.9;85;488;573;29.6;19.5;8;5;195;74;1012
2005;8;221;14;49;72.6;68;462;530;29.8;21.1;8;5.6;250;80;1012
2005;8;221;15;71.3;61;83;426;509;29.9;20.8;8;3.6;295;80;1012
2005;8;221;16;82.5;48.1;63;359;422;29.6;20.7;8;2.4;311;80;1012
2005;8;221;17;90.3;34.9;32;260;292;29.1;20.7;8;2.9;227;80;1012
2005;8;221;18;97.1;21.7;23;156;179;28.4;20.1;8;1.6;264;80;1012
2005;8;221;19;103.3;8.6;0;49;49;27.5;19.7;7;1.1;208;73;1012
2005;8;221;20;110.3;0;0;0;0;26.6;19.3;7;2;210;78;1012
2005;8;221;21;118.3;0;0;0;0;26.2;19.2;6;1.4;94;81;1012
2005;8;221;22;128.3;0;0;0;0;25.7;18.7;6;0.8;87;82;1012
2005;8;221;23;141.2;0;0;0;0;25.1;17.9;6;0.1;70;82;1012
2005;8;221;24;158;0;0;0;0;24.6;17.8;5;0.4;82;86;1012
2005;8;222;1;-178;0;0;0;0;24.4;17;5;0.2;107;84;1012
2005;8;222;2;-161.3;0;0;0;0;24.1;17;4;0.3;2;86;1012
2005;8;222;3;-144;0;0;0;0;23.8;16.6;4;0.4;341;87;1012
2005;8;222;4;-130.2;0;0;0;0;23.7;16.1;4;0.8;82;86;1012
2005;8;222;5;-119.6;0;0;0;0;23.5;15.4;3;2;3;84;1012
2005;8;222;6;-111.4;0;0;0;0;23.4;15.7;3;2.2;67;88;1012
2005;8;222;7;-104.3;6.1;0;28;28;23.8;15.8;2;1.6;53;86;1012
2005;8;222;8;-98;19.1;140;119;259;25.5;14.4;2;2.6;109;82;1012
2005;8;222;9;-91.3;32.3;387;95;482;27.1;14.2;0;1.4;50;77;1012
2005;8;222;10;-84;45.5;590;116;706;28.9;12.8;0;2.9;88;63;1012
2005;8;222;11;-73.4;58.5;649;241;890;30.6;12.9;0;1.2;212;57;1012
2005;8;222;12;-54.2;70.5;171;421;592;30.9;17.6;7;1.1;165;58;1012
2005;8;222;13;-6.2;77.6;141;462;603;31.1;18.4;7;1.4;260;61;1012
2005;8;222;14;48.3;72.4;120;446;565;31.2;19.2;7;1.4;249;63;1012
2005;8;222;15;71.1;60.8;78;422;500;31;21.9;8;2.4;275;78;1012
2005;8;222;16;82.2;47.9;59;355;415;30.8;19.4;8;2;251;64;1012
2005;8;222;17;90.1;34.7;40;267;307;30.3;21.6;8;2.4;136;80;1012
2005;8;222;18;96.5;21.5;18;152;170;29.4;21.5;8;2.9;110;80;1012
2005;8;222;19;103.2;8.5;4;53;57;28.6;20.3;7;4.6;123;73;1012
2005;8;222;20;110.1;0;0;0;0;27.7;19.7;7;4.6;167;76;1012
2005;8;222;21;118.2;0;0;0;0;27.2;19.7;6;4.6;99;80;1012
2005;8;222;22;128.2;0;0;0;0;26.6;19.2;6;4.1;7;81;1012
2005;8;222;23;141.1;0;0;0;0;26.2;18.7;5;3.8;104;81;1012
2005;8;222;24;157.6;0;0;0;0;25.7;18;5;3.8;180;81;1012
2005;8;223;1;-178.1;0;0;0;0;25.4;17.4;4;5;160;80;1012
2005;8;223;2;-161.2;0;0;0;0;25;16.7;3;4.4;210;79;1012
2005;8;223;3;-143.5;0;0;0;0;24.6;16.7;3;5;131;83;1012
2005;8;223;4;-130.1;0;0;0;0;24.4;16.3;2;5.6;223;82;1012
2005;8;223;5;-119.4;0;0;0;0;24.2;15.8;2;8.2;283;81;1012
2005;8;223;6;-111.2;0;0;0;0;24.1;16;1;5;159;84;1012
2005;8;223;7;-104.2;6;0;27;27;24.4;16.1;1;5;264;83;1012
2005;8;223;8;-97.4;19;131;114;245;26;15.1;0;4.1;66;80;1012
2005;8;223;9;-91.1;32.2;338;121;459;27.6;15.1;0;3.3;208;76;1012
2005;8;223;10;-83.4;45.4;528;147;675;29.3;14.3;0;3.3;206;66;1012
2005;8;223;11;-73.1;58.4;606;232;838;30.9;13.7;0;3.1;150;57;1012
2005;8;223;12;-53.4;70.3;157;442;599;31.2;17.2;7;2.9;63;56;1012
2005;8;223;13;-5.6;77.3;146;462;608;31.5;17.1;7;2.9;113;53;1012
2005;8;223;14;47.6;72.2;144;447;591;31.7;17.1;7;3.3;67;52;1012
2005;8;223;15;70.4;60.7;129;420;549;31.7;17.9;7;2.4;74;56;1012
2005;8;223;16;82;47.8;86;353;439;31.5;17.8;7;2;86;55;1012
2005;8;223;17;89.6;34.6;40;267;307;30.8;20.7;8;3.6;106;71;1012
2005;8;223;18;96.3;21.4;23;155;178;30.1;22;8;1.8;142;80;1012
2005;8;223;19;103;8.3;6;52;58;29.3;19.9;7;2.6;73;68;1013
2005;8;223;20;109.6;0;0;0;0;28.4;19.1;7;2.9;354;69;1013
2005;8;223;21;118;0;0;0;0;27.7;19.3;6;3.1;24;74;1013
2005;8;223;22;128;0;0;0;0;27.1;19.2;5;6.3;336;78;1013
2005;8;223;23;141;0;0;0;0;26.6;19;5;7;355;80;1013
2005;8;223;24;157.5;0;0;0;0;26;18.6;4;5.9;331;82;1013
2005;8;224;1;-178.1;0;0;0;0;25.6;19.1;4;3.3;326;89;1013
2005;8;224;2;-161.1;0;0;0;0;25.2;19;3;2.6;345;91;1013
2005;8;224;3;-143.3;0;0;0;0;24.8;18.6;3;2.4;13;93;1013
2005;8;224;4;-129.5;0;0;0;0;24.6;18.4;2;2;352;93;1013
2005;8;224;5;-119.2;0;0;0;0;24.3;18;2;3.1;12;92;1013
2005;8;224;6;-111;0;0;0;0;24.2;17.9;1;2.2;8;93;1013
2005;8;224;7;-103.6;5.9;0;23;23;24.5;17.6;1;2.6;14;89;1013
2005;8;224;8;-97.3;18.9;112;120;232;26;15.8;0;4.1;27;82;1013
2005;8;224;9;-90.5;32.1;237;182;419;27.3;14.6;1;2;32;71;1013
2005;8;224;10;-83.1;45.3;292;276;568;28.7;14.2;4;3.3;9;61;1013
2005;8;224;11;-72.4;58.3;446;297;742;30;14.6;3;3.6;3;60;1013
2005;8;224;12;-52.6;70.1;448;343;791;31;15.7;4;3.6;5;59;1013
2005;8;224;13;-5.4;77;509;339;849;31.9;15.8;3;3.1;75;56;1013
2005;8;224;14;47.2;71.9;489;346;835;32.5;15.6;3;2.9;8;53;1013
2005;8;224;15;70.1;60.5;246;408;654;32.7;16.6;6;2.9;58;51;1013
2005;8;224;16;81.4;47.6;74;342;415;32.2;19.1;7;3.3;85;56;1013
2005;8;224;17;89.4;34.4;30;251;281;31.6;19.1;8;3.6;59;56;1013
2005;8;224;18;96.2;21.2;5;131;136;30.7;20.8;8;3.6;91;63;1013
2005;8;224;19;102.5;8.1;0;22;22;29.7;22.3;8;3.1;16;66;1013
2005;8;224;20;109.4;0;0;0;0;28.8;21.8;7;3.8;344;69;1013
2005;8;224;21;117.5;0;0;0;0;28.1;22;7;4.6;14;76;1013
2005;8;224;22;127.5;0;0;0;0;27.4;21.2;7;3.6;81;78;1013
2005;8;224;23;140.5;0;0;0;0;26.7;20.6;7;2.6;116;80;1013
2005;8;224;24;157.5;0;0;0;0;26.2;19.3;6;3.3;102;78;1013
2005;8;225;1;-178.1;0;0;0;0;25.6;18.9;6;3.6;77;80;1013
2005;8;225;2;-160.6;0;0;0;0;25;18.6;6;2.4;62;85;1014
2005;8;225;3;-143.2;0;0;0;0;24.4;18.3;6;2.6;98;89;1014
2005;8;225;4;-129.4;0;0;0;0;24;17.5;5;1.2;169;88;1014
2005;8;225;5;-119.1;0;0;0;0;23.7;17.4;5;1.4;182;92;1014
2005;8;225;6;-110.5;0;0;0;0;23.5;17.1;5;1.4;144;94;1014
2005;8;225;7;-103.4;5.8;0;25;25;23.8;17.5;5;0.7;109;96;1014
2005;8;225;8;-97.1;18.8;83;128;211;25.1;16.5;4;1;206;90;1014
2005;8;225;9;-90.3;32;279;155;434;26.5;15.6;0;1.4;137;84;1014
2005;8;225;10;-82.5;45.2;447;194;641;28.2;14.3;0;2.2;96;70;1014
2005;8;225;11;-72;58.2;457;294;751;29.5;14.1;3;2;111;61;1014
2005;8;225;12;-52.1;69.9;520;322;843;30.6;14.7;3;2;82;59;1014
2005;8;225;13;-5.2;76.8;434;375;809;31.3;16.1;4;1.8;80;59;1014
2005;8;225;14;46.5;71.7;449;350;798;31.8;15.7;4;0.8;109;55;1014
2005;8;225;15;69.4;60.3;323;375;698;32;15.9;5;0.8;95;54;1014
2005;8;225;16;81.2;47.5;334;273;607;32;15.8;4;1.4;125;54;1014
2005;8;225;17;89.2;34.3;173;228;400;31.5;17.6;5;0.7;94;60;1014
2005;8;225;18;96;21;107;129;236;30.7;17.5;4;1;73;61;1014
2005;8;225;19;102.3;8;22;49;71;29.6;18.1;4;0.5;68;62;1014
2005;8;225;20;109.3;0;0;0;0;28.6;16.7;4;0.1;12;61;1014
2005;8;225;21;117.4;0;0;0;0;27.8;16.8;4;0;17;65;1014
2005;8;225;22;127.4;0;0;0;0;27.1;16.3;4;0.2;343;66;1014
2005;8;225;23;140.4;0;0;0;0;26.5;16;4;0.5;350;68;1014
2005;8;225;24;157.4;0;0;0;0;25.8;16.4;4;1.1;4;74;1014
2005;8;226;1;-178.1;0;0;0;0;25.4;15.8;4;2.2;2;73;1014
2005;8;226;2;-160.5;0;0;0;0;24.9;16;4;4.4;18;77;1014
2005;8;226;3;-143;0;0;0;0;24.5;15.6;4;3.8;1;77;1014
2005;8;226;4;-129.2;0;0;0;0;24.3;16.3;4;3.6;354;82;1014
2005;8;226;5;-118.5;0;0;0;0;24;16.2;4;4.4;90;83;1014
2005;8;226;6;-110.3;0;0;0;0;23.8;17.2;4;5.9;358;91;1014
2005;8;226;7;-103.2;5.7;0;22;22;24.2;17.5;4;4.4;14;91;1014
2005;8;226;8;-96.5;18.7;85;127;212;25.6;16.4;4;2.4;19;86;1015
2005;8;226;9;-90.1;31.9;207;187;395;27;15.9;3;3.3;33;78;1015
2005;8;226;10;-82.2;45.1;344;241;585;28.5;15;3;2.6;30;68;1015
2005;8;226;11;-71.3;58;453;280;733;30;14.8;3;3.3;97;61;1015
2005;8;226;12;-51.3;69.8;495;313;809;31.1;15;3;3.8;190;56;1015
2005;8;226;13;-5.1;76.5;496;357;853;32.1;15.3;4;3.8;144;54;1015
2005;8;226;14;46.2;71.4;536;324;860;32.8;14.3;3;4.4;91;48;1015
2005;8;226;15;69.1;60.1;536;268;804;33.2;15;1;5;175;50;1014
2005;8;226;16;80.5;47.3;478;192;669;33.3;14.9;0;3.6;89;48;1014
2005;8;226;17;88.6;34.1;348;136;484;33;15.2;0;3.3;137;49;1014
2005;8;226;18;95.5;20.9;161;104;264;32.2;16.4;0;2.4;118;52;1014
2005;8;226;19;102.2;7.8;38;43;82;31.1;17.3;0;3.6;95;55;1014
2005;8;226;20;109.2;0;0;0;0;30;17.4;1;2.6;171;60;1014
2005;8;226;21;117.2;0;0;0;0;29.2;18.8;1;2;141;72;1014
2005;8;226;22;127.2;0;0;0;0;28.4;19.1;2;1.2;94;78;1014
2005;8;226;23;140.3;0;0;0;0;27.6;18.5;2;1;213;79;1014
2005;8;226;24;157.4;0;0;0;0;26.8;18.1;2;0.7;262;81;1014
2005;8;227;1;-178.2;0;0;0;0;26.3;17.3;3;0.3;209;79;1014
2005;8;227;2;-160.4;0;0;0;0;25.7;17.7;3;0.8;213;85;1014
2005;8;227;3;-142.4;0;0;0;0;25.1;17.8;4;1.4;179;89;1013
2005;8;227;4;-129;0;0;0;0;24.8;17.7;4;1.8;135;91;1013
2005;8;227;5;-118.3;0;0;0;0;24.5;17.4;4;2.4;102;90;1013
2005;8;227;6;-110.1;0;0;0;0;24.2;18.4;5;3.1;243;98;1013
2005;8;227;7;-103.1;5.6;0;23;23;24.5;18.3;5;3.6;93;95;1013
2005;8;227;8;-96.3;18.6;61;129;190;25.7;17.8;6;2;85;90;1013
2005;8;227;9;-89.5;31.8;152;212;364;26.7;18;5;2;91;90;1013
2005;8;227;10;-81.6;45;377;229;605;28.3;15.9;2;1.2;76;76;1013
2005;8;227;11;-70.6;57.9;452;302;754;29.6;15.4;3;2.2;76;67;1013
2005;8;227;12;-50.5;69.6;220;429;649;30.3;17.9;6;2.2;86;66;1013
2005;8;227;13;-4.5;76.1;432;375;807;31.1;17;5;2.4;80;65;1013
2005;8;227;14;45.4;71.1;292;431;723;31.5;17.8;6;2.9;107;63;1013
2005;8;227;15;68.4;59.9;414;328;742;31.8;17.2;4;3.6;75;63;1013
2005;8;227;16;80.3;47.1;86;337;423;31.5;19.5;7;3.6;186;62;1013
2005;8;227;17;88.4;33.9;8;207;216;30.7;23.5;8;3.8;209;79;1013
2005;8;227;18;95.3;20.7;39;147;186;30;19.3;7;5;62;67;1013
2005;8;227;19;102;7.6;4;47;51;29.1;20.3;7;5.3;84;69;1013
2005;8;227;20;109;0;0;0;0;28.3;19.7;6;5.6;97;72;1013
2005;8;227;21;117.1;0;0;0;0;27.6;19.4;6;4.6;168;75;1013
2005;8;227;22;127.1;0;0;0;0;27;18.8;6;4.1;170;76;1013
2005;8;227;23;140.2;0;0;0;0;26.4;17.7;6;3.1;139;73;1013
2005;8;227;24;157.3;0;0;0;0;25.8;17.9;5;2;90;79;1013
2005;8;228;1;-178.2;0;0;0;0;25.4;17.6;5;1.6;84;80;1013
2005;8;228;2;-160.2;0;0;0;0;24.9;17.6;5;2.4;255;85;1013
2005;8;228;3;-142.3;0;0;0;0;24.4;17.7;4;3.3;207;89;1013
2005;8;228;4;-128.4;0;0;0;0;24.1;16.8;4;2.6;118;86;1014
2005;8;228;5;-118.2;0;0;0;0;23.9;16.8;4;2.9;207;88;1014
2005;8;228;6;-109.6;0;0;0;0;23.7;16.6;4;2.9;255;89;1014
2005;8;228;7;-102.5;5.5;0;23;23;24;16.2;3;2.9;206;84;1014
2005;8;228;8;-96.1;18.5;106;119;225;25.5;15.4;3;2.2;164;83;1014
2005;8;228;9;-89.3;31.7;306;132;438;27;15.2;0;1.8;224;79;1014
2005;8;228;10;-81.3;44.9;415;202;617;28.5;14.7;0;1.8;171;69;1014
2005;8;228;11;-70.3;57.8;418;306;723;29.8;14.7;4;1;202;61;1014
2005;8;228;12;-50;69.4;509;308;818;30.9;14.8;3;0.8;91;57;1014
2005;8;228;13;-4.3;75.8;528;333;861;31.8;15.5;3;1.4;107;57;1014
2005;8;228;14;45.1;70.9;497;334;831;32.4;15.4;4;1.6;224;53;1014
2005;8;228;15;68.1;59.7;494;288;782;32.7;14.9;3;2.2;222;50;1014
2005;8;228;16;80.1;46.9;250;320;570;32.6;15.9;5;1.8;278;50;1014
2005;8;228;17;88.2;33.8;80;273;352;32;17;7;1;227;51;1014
2005;8;228;18;95.1;20.5;58;146;204;31.1;17.9;6;1.4;285;57;1015
2005;8;228;19;101.5;7.4;25;49;74;30.1;17.9;6;1.4;202;62;1015
2005;8;228;20;108.5;0;0;0;0;29;18.7;6;1.8;9;71;1015
2005;8;228;21;116.5;0;0;0;0;28.3;18.2;5;1.6;34;72;1015
2005;8;228;22;126.6;0;0;0;0;27.6;17.9;5;2.4;101;75;1015
2005;8;228;23;140.1;0;0;0;0;26.8;18.2;5;2.2;96;82;1015
2005;8;228;24;157.2;0;0;0;0;26.2;17.7;4;2.2;48;82;1015
2005;8;229;1;-178.2;0;0;0;0;25.7;17.7;4;3.3;95;85;1015
2005;8;229;2;-160.1;0;0;0;0;25.2;17.7;4;3.6;216;89;1015
2005;8;229;3;-142.1;0;0;0;0;24.6;17.4;3;4.1;70;91;1015
2005;8;229;4;-128.3;0;0;0;0;24.3;17.2;3;5.3;5;91;1015
2005;8;229;5;-117.6;0;0;0;0;24;17.3;3;5.9;12;94;1016
2005;8;229;6;-109.4;0;0;0;0;23.8;17.7;2;5;344;98;1016
2005;8;229;7;-102.3;5.4;0;23;23;24.1;17.8;2;3.8;358;96;1016
2005;8;229;8;-95.5;18.4;135;115;250;25.8;15.8;2;2.6;79;89;1016
2005;8;229;9;-89;31.7;386;90;476;27.5;15.1;0;2.4;76;80;1016
2005;8;229;10;-81.1;44.9;582;106;688;29.3;14.1;0;2.4;4;66;1016
2005;8;229;11;-69.5;57.7;718;134;853;30.9;13.9;0;2.2;8;58;1016
2005;8;229;12;-49.2;69.2;793;162;954;32.2;13.9;0;2.4;35;53;1016
2005;8;229;13;-4.1;75.5;835;165;1000;33.3;13.7;0;1.4;57;48;1016
2005;8;229;14;44.4;70.6;821;151;973;34;13.8;0;0.3;353;46;1016
2005;8;229;15;67.4;59.5;764;121;885;34.4;13.9;0;0.2;62;44;1016
2005;8;229;16;79.5;46.7;628;97;725;34.5;14.4;0;0.3;90;45;1016
2005;8;229;17;88;33.6;451;72;522;34;14.1;0;0.6;52;44;1016
2005;8;229;18;94.5;20.3;221;71;292;33;14.8;0;0.4;94;46;1016
2005;8;229;19;101.3;7.2;46;41;87;31.8;16.3;0;0.1;359;51;1016
2005;8;229;20;108.3;0;0;0;0;30.5;16.5;0;0.3;20;57;1016
2005;8;229;21;116.4;0;0;0;0;29.7;16.5;1;0.3;5;60;1017
2005;8;229;22;126.4;0;0;0;0;28.8;15.9;1;0.6;8;62;1017
2005;8;229;23;139.6;0;0;0;0;28;16.6;1;0.4;62;69;1017
2005;8;229;24;157.2;0;0;0;0;27.1;16.8;1;0.3;82;74;1017
2005;8;230;1;-178.3;0;0;0;0;26.5;15.9;1;0.5;59;72;1017
2005;8;230;2;-159.6;0;0;0;0;26;16.1;2;0.7;80;75;1017
2005;8;230;3;-141.5;0;0;0;0;25.5;16.2;2;0.7;13;78;1017
2005;8;230;4;-128.1;0;0;0;0;25.2;15.8;2;0.4;2;77;1017
2005;8;230;5;-117.4;0;0;0;0;24.9;15.5;2;0.6;340;76;1017
2005;8;230;6;-109.2;0;0;0;0;24.7;16.1;2;1;336;80;1017
2005;8;230;7;-102.1;5.3;0;22;22;25;16.3;3;0.8;357;79;1017
2005;8;230;8;-95.3;18.3;153;108;262;26.5;14.1;3;1.8;1;75;1017
2005;8;230;9;-88.4;31.6;433;62;496;28.3;14;0;1.6;342;70;1017
2005;8;230;10;-80.4;44.8;620;85;705;30;13.7;0;1.1;353;62;1017
2005;8;230;11;-69.2;57.6;768;107;876;31.6;13.9;0;0.8;10;56;1017
2005;8;230;12;-48.4;69;860;123;984;32.9;14;0;0.5;20;52;1017
2005;8;230;13;-3.6;75.2;887;135;1022;33.9;15.2;0;1.2;75;53;1017
2005;8;230;14;44.1;70.3;867;125;992;34.6;15.9;0;1.4;57;53;1017
2005;8;230;15;67.2;59.3;797;105;902;35;16;0;2.2;15;51;1017
2005;8;230;16;79.2;46.6;666;79;745;35;16.5;0;2;85;52;1016
2005;8;230;17;87.4;33.4;486;56;542;34.6;17.1;0;1;10;54;1016
2005;8;230;18;94.4;20.2;264;45;309;33.8;17.9;0;1.6;3;58;1016
2005;8;230;19;101.1;7;61;31;92;32.7;19.3;0;2.2;20;63;1016
2005;8;230;20;108.2;0;0;0;0;31.5;19.7;0;2.4;99;71;1016
2005;8;230;21;116.2;0;0;0;0;30.8;20.2;1;1.8;99;77;1016
2005;8;230;22;126.3;0;0;0;0;30.2;20.1;1;1.6;137;80;1016
2005;8;230;23;139.5;0;0;0;0;29.5;20;1;2.2;128;83;1016
2005;8;230;24;157.1;0;0;0;0;28.8;19.7;1;2.4;99;85;1016
2005;8;231;1;-178.3;0;0;0;0;28.1;19.5;1;3.3;163;87;1015
2005;8;231;2;-159.5;0;0;0;0;27.5;19.4;2;3.1;269;90;1015
2005;8;231;3;-141.4;0;0;0;0;26.8;19.1;2;2.6;184;91;1015
2005;8;231;4;-127.5;0;0;0;0;26.5;19.3;2;3.8;315;94;1015
2005;8;231;5;-117.2;0;0;0;0;26.2;20;2;4.1;316;100;1015
2005;8;231;6;-109;0;0;0;0;25.9;19.9;2;2.9;304;100;1015
2005;8;231;7;-101.5;5.2;0;24;24;26.2;20.4;3;3.1;335;100;1015
2005;8;231;8;-95.1;18.3;126;116;243;27.8;19.4;3;3.6;313;99;1015
2005;8;231;9;-88.2;31.5;302;139;441;29.4;19.4;0;3.1;333;91;1014
2005;8;231;10;-80.1;44.7;414;200;614;30.8;19.6;2;2.9;322;84;1014
2005;8;231;11;-68.5;57.4;589;228;817;32.3;19.1;0;1.2;302;77;1014
2005;8;231;12;-47.5;68.8;549;308;857;33.4;19.4;3;1.2;301;69;1014
2005;8;231;13;-3.4;74.9;415;384;798;34;19.6;5;1.4;302;62;1014
2005;8;231;14;43.5;70;415;361;776;34.4;20;5;2.2;319;62;1014
2005;8;231;15;66.5;59;262;390;651;34.5;21.1;6;2.9;305;63;1014
2005;8;231;16;78.6;46.4;157;345;502;34.2;21.2;7;2;322;62;1014
2005;8;231;17;87.2;33.2;92;276;368;33.7;20.8;7;2.6;298;62;1014
2005;8;231;18;94.2;20;91;123;213;32.9;20.8;5;2.9;298;64;1014
2005;8;231;19;100.6;6.9;23;38;61;31.9;21.2;4;1.8;310;66;1014
2005;8;231;20;108;0;0;0;0;30.9;20.6;4;1.2;318;68;1013
2005;8;231;21;116.1;0;0;0;0;30.2;20.6;4;1.1;290;72;1013
2005;8;231;22;126.2;0;0;0;0;29.4;20.1;3;0.6;224;74;1013
2005;8;231;23;139.3;0;0;0;0;28.7;20.2;3;0.6;195;79;1013
2005;8;231;24;157.1;0;0;0;0;28;19.7;3;0.3;11;81;1013
2005;8;232;1;-178.4;0;0;0;0;27.5;19.8;2;0.7;359;85;1013
2005;8;232;2;-159.3;0;0;0;0;26.9;19.3;2;1;64;85;1013
2005;8;232;3;-141.2;0;0;0;0;26.5;19.5;2;1;54;90;1013
2005;8;232;4;-127.3;0;0;0;0;26.2;19.5;1;1;146;92;1013
2005;8;232;5;-117;0;0;0;0;25.9;19.5;1;1.2;87;94;1013
2005;8;232;6;-108.4;0;0;0;0;25.8;19.1;1;1.8;97;93;1013
2005;8;232;7;-101.3;5.1;0;23;23;26;19.4;0;2.2;1;93;1013
2005;8;232;8;-94.5;18.2;164;105;268;27.7;16.9;0;3.6;119;86;1013
2005;8;232;9;-87.6;31.4;446;82;528;29.7;16.5;0;2.9;166;80;1013
2005;8;232;10;-79.5;44.6;636;77;713;31.4;16.7;0;2.2;289;71;1012
2005;8;232;11;-68.1;57.3;633;242;875;32.8;17.2;1;2.6;260;66;1012
2005;8;232;12;-47.1;68.6;125;418;543;33;21.2;7;3.1;210;63;1012
2005;8;232;13;-3.2;74.6;114;453;567;33.1;21;8;3.8;224;62;1012
2005;8;232;14;43.2;69.7;107;436;544;33.1;21.8;8;4.1;173;65;1012
2005;8;232;15;66.2;58.8;78;414;492;33;21;8;2.9;189;61;1012
2005;8;232;16;78.4;46.2;56;331;387;32.4;23.4;8;2.4;244;77;1012
2005;8;232;17;87;33;42;253;295;32.1;23.3;8;2;328;78;1012
2005;8;232;18;94;19.8;7;136;143;31.3;23.9;8;2.4;329;80;1012
2005;8;232;19;100.4;6.7;1;38;40;30.3;23.7;8;1.8;285;80;1012
2005;8;232;20;107.5;0;0;0;0;29.6;22.8;7;1.4;277;80;1012
2005;8;232;21;115.6;0;0;0;0;28.9;22.8;7;1.4;318;85;1012
2005;8;232;22;126;0;0;0;0;28.2;22.2;6;1.6;305;87;1012
2005;8;232;23;139.2;0;0;0;0;27.5;21.8;6;1.8;309;90;1012
2005;8;232;24;157;0;0;0;0;26.8;21.1;5;3.3;326;91;1012
2005;8;233;1;-178.4;0;0;0;0;26.5;20.6;5;2.4;305;91;1012
2005;8;233;2;-159.2;0;0;0;0;26;20.4;4;1.4;307;94;1012
2005;8;233;3;-140.6;0;0;0;0;25.6;19.8;4;1.6;334;94;1012
2005;8;233;4;-127.1;0;0;0;0;25.4;19.7;3;2;321;95;1012
2005;8;233;5;-116.4;0;0;0;0;25.1;19.4;3;1.4;301;96;1012
2005;8;233;6;-108.2;0;0;0;0;24.9;19.6;2;1.8;327;100;1012
2005;8;233;7;-101.1;5;0;21;21;25.2;19.1;2;2.2;312;95;1012
2005;8;233;8;-94.3;18.1;126;115;241;26.6;16.9;2;2;330;89;1012
2005;8;233;9;-87.3;31.3;347;109;455;28.3;17;0;2.9;269;85;1012
2005;8;233;10;-79.2;44.5;490;173;663;29.9;16.1;0;2;295;73;1012
2005;8;233;11;-67.4;57.2;640;242;882;31.5;15.5;0;2.9;176;65;1012
2005;8;233;12;-46.3;68.4;144;418;561;31.8;19.6;7;3.1;203;63;1012
2005;8;233;13;-3.1;74.2;68;468;536;31.9;19.9;8;3.8;97;62;1012
2005;8;233;14;42.5;69.5;72;457;529;31.9;19.7;8;4.1;75;61;1012
2005;8;233;15;65.5;58.6;63;388;451;31.8;19.5;8;3.3;64;58;1012
2005;8;233;16;78.1;46;30;329;360;31.4;22.2;8;2.4;16;73;1012
2005;8;233;17;86.4;32.8;28;242;270;30.4;22.9;8;1.8;19;84;1012
2005;8;233;18;93.5;19.6;7;126;132;30.1;22.9;8;1.4;26;80;1012
2005;8;233;19;100.3;6.4;0;18;18;29.3;22.8;8;0.5;2;80;1012
2005;8;233;20;107.3;0;0;0;0;28.6;21.9;7;0.4;347;80;1013
2005;8;233;21;115.4;0;0;0;0;27.8;21;7;1.4;3;80;1013
2005;8;233;22;125.5;0;0;0;0;27;20.7;7;2.2;342;84;1013
2005;8;233;23;139.1;0;0;0;0;26.2;20;7;2.4;336;85;1013
2005;8;233;24;156.6;0;0;0;0;25.7;20;6;1.6;352;90;1013
2005;8;234;1;-178.5;0;0;0;0;25.1;18.9;6;1.4;351;86;1013
2005;8;234;2;-159;0;0;0;0;24.5;18.4;6;1;332;89;1013
2005;8;234;3;-140.4;0;0;0;0;23.9;18.4;6;2;347;94;1013
2005;8;234;4;-126.5;0;0;0;0;23.6;18.5;5;0.7;336;98;1013
2005;8;234;5;-116.2;0;0;0;0;23.3;17.9;5;0.4;337;97;1014
2005;8;234;6;-108;0;0;0;0;23;17.5;5;0.4;330;97;1014
2005;8;234;7;-100.5;4.9;0;18;18;23.2;17.8;4;0.6;4;98;1014
2005;8;234;8;-94.1;18;70;116;186;24.4;15.9;4;0.5;359;87;1014
2005;8;234;9;-87.1;31.2;166;203;368;25.7;15.3;4;0.4;9;81;1014
2005;8;234;10;-78.5;44.4;324;252;577;27;14.3;3;0.4;80;73;1014
2005;8;234;11;-67;57;428;298;726;28.4;14.3;3;0.6;36;67;1014
2005;8;234;12;-45.5;68.2;445;337;782;29.4;14.6;4;0.8;23;61;1014
2005;8;234;13;-2.5;73.9;522;348;870;30.4;14.5;3;0.8;69;59;1015
2005;8;234;14;42.3;69.1;548;327;876;31.1;14.7;3;1.4;4;58;1014
2005;8;234;15;65.2;58.3;483;286;769;31.4;14.8;2;1.4;14;55;1014
2005;8;234;16;77.5;45.7;373;236;609;31.4;15.6;2;1.8;9;57;1014
2005;8;234;17;86.2;32.6;285;155;440;31;16.2;0;1.6;339;60;1013
2005;8;234;18;93.3;19.4;97;130;227;30.1;16.9;3;2;336;62;1013
2005;8;234;19;100.1;6.2;0;29;29;29;18.2;4;4.1;352;67;1013
2005;8;234;20;107.2;0;0;0;0;28.5;19;4;5.9;333;73;1012
2005;8;234;21;115.3;0;0;0;0;27.9;19;4;6.6;339;74;1012
2005;8;234;22;125.4;0;0;0;0;27.4;18.8;4;5;346;75;1012
2005;8;234;23;138.6;0;0;0;0;26.9;18.9;5;5;330;77;1012
2005;8;234;24;156.5;0;0;0;0;26.5;18.8;5;5.3;342;77;1011
2005;8;235;1;-178.5;0;0;0;0;26.2;19.2;5;4.4;343;80;1011
2005;8;235;2;-158.5;0;0;0;0;25.9;19.8;5;3.6;348;83;1011
2005;8;235;3;-140.2;0;0;0;0;25.7;20.3;6;2.9;23;86;1010
2005;8;235;4;-126.3;0;0;0;0;25.6;20.7;6;2;8;89;1010
2005;8;235;5;-116;0;0;0;0;25.5;21.8;6;2.9;20;95;1010
2005;8;235;6;-107.4;0;0;0;0;25.4;22.4;6;1.2;341;98;1010
2005;8;235;7;-100.3;4.8;0;7;7;25.5;22.8;7;2.6;5;98;1009
2005;8;235;8;-93.5;17.9;32;121;153;26.6;20.1;7;3.8;339;93;1009
2005;8;235;9;-86.5;31.1;55;233;288;27.6;19.8;7;2;350;87;1009
2005;8;235;10;-78.3;44.3;11;200;211;27.9;21.2;8;1.2;351;78;1008
2005;8;235;11;-66.3;56.9;0;69;69;27.3;23.4;8;1.8;330;82;1008
2005;8;235;12;-45;68;10;223;233;27.6;21.6;8;1.4;339;80;1008
2005;8;235;13;-2.3;73.6;62;417;480;28.1;20.4;8;2.9;356;84;1008
2005;8;235;14;41.6;68.8;19;392;412;28.8;21.1;8;2.2;2;80;1008
2005;8;235;15;64.6;58.1;16;343;359;28.6;21.7;8;2.2;11;84;1008
2005;8;235;16;77.3;45.5;22;316;339;28.6;21.2;8;2;0;84;1007
2005;8;235;17;86;32.4;9;215;224;27.9;21.9;8;2;347;90;1007
2005;8;235;18;93.1;19.2;10;129;139;26.8;21.3;8;1.2;14;94;1007
2005;8;235;19;99.5;6;0;22;22;28.1;21.7;8;1.8;15;87;1007
2005;8;235;20;106.6;0;0;0;0;27.8;21.6;8;2.2;12;87;1007
2005;8;235;21;115.1;0;0;0;0;26.9;21.4;8;2.9;356;90;1007
2005;8;235;22;125.2;0;0;0;0;27.2;21.5;8;2;348;87;1007
2005;8;235;23;138.5;0;0;0;0;27.1;21;8;1.8;14;82;1007
2005;8;235;24;156.5;0;0;0;0;26.9;21.3;8;1.1;10;84;1007
2005;8;236;1;-178.6;0;0;0;0;26.4;21.9;8;0.7;63;90;1007
2005;8;236;2;-158.3;0;0;0;0;26.4;21.2;8;0.8;145;84;1007
2005;8;236;3;-140;0;0;0;0;26.4;21.6;8;1.2;114;84;1007
2005;8;236;4;-126.1;0;0;0;0;26.3;22.7;8;2;74;92;1007
2005;8;236;5;-115.4;0;0;0;0;25.7;22.4;8;1;353;92;1007
2005;8;236;6;-107.2;0;0;0;0;25.2;23;8;1.6;9;98;1007
2005;8;236;7;-100.1;4.7;0;4;4;26.2;23.9;8;1.2;337;95;1007
2005;8;236;8;-93.3;17.8;0;66;66;26.7;22.6;8;2.4;11;91;1007
2005;8;236;9;-86.3;31;0;146;146;27.3;23;8;2.2;21;93;1007
2005;8;236;10;-77.6;44.2;4;196;200;27.9;22.8;8;2.4;77;88;1007
2005;8;236;11;-65.5;56.8;29;364;392;28.8;21.9;8;1.2;6;86;1007
2005;8;236;12;-44.2;67.7;26;374;400;29.5;22.6;8;0.8;70;84;1007
2005;8;236;13;-2.2;73.2;16;325;341;29.8;23.5;8;1.4;67;83;1007
2005;8;236;14;41.3;68.5;14;355;368;30.1;22.2;8;0.8;91;75;1007
2005;8;236;15;64.3;57.8;10;297;307;30.2;23.3;8;1.1;150;80;1007
2005;8;236;16;77.1;45.3;4;219;223;30;23.8;8;1.4;135;81;1007
2005;8;236;17;85.4;32.2;0;116;116;29.8;24.9;8;1.6;222;84;1007
2005;8;236;18;92.5;19;0;20;20;28.7;26.2;8;2.2;224;90;1007
2005;8;236;19;99.4;5.8;0;5;5;28;25.4;8;1.8;241;93;1007
2005;8;236;20;106.4;0;0;0;0;28.3;25.6;8;2.4;115;93;1007
2005;8;236;21;114.6;0;0;0;0;26.4;24.3;8;2.6;133;98;1007
2005;8;236;22;125.1;0;0;0;0;26.6;24.4;8;2.2;105;98;1007
2005;8;236;23;138.4;0;0;0;0;27.5;25.1;8;2.9;85;98;1007
2005;8;236;24;156.4;0;0;0;0;25.7;23.2;8;3.1;136;98;1008
2005;8;237;1;-179;0;0;0;0;26.8;24.1;8;3.1;101;98;1008
2005;8;237;2;-158.2;0;0;0;0;27;24.2;8;0.6;357;97;1008
2005;8;237;3;-139.4;0;0;0;0;25.4;22.5;8;0.7;73;98;1008
2005;8;237;4;-125.5;0;0;0;0;26.5;23.3;8;0.7;349;96;1008
2005;8;237;5;-115.2;0;0;0;0;26.8;23;8;0.7;21;93;1008
2005;8;237;6;-107;0;0;0;0;26.5;23.1;8;0.8;331;96;1008
2005;8;237;7;-99.5;4.6;0;10;10;26.9;23.6;8;0.8;2;98;1008
2005;8;237;8;-93.1;17.7;2;106;108;27.6;23;8;0.3;72;96;1008
2005;8;237;9;-86;31;11;214;225;28.5;22.6;8;0.5;3;92;1008
2005;8;237;10;-77.3;44.1;26;310;336;29.4;21.9;8;0.1;26;84;1008
2005;8;237;11;-65.2;56.6;37;380;417;30.2;21.3;8;0.5;2;75;1008
2005;8;237;12;-43.4;67.5;28;428;456;30.8;22.6;8;0.4;77;80;1008
2005;8;237;13;-1.6;72.9;23;422;445;31.2;21.6;8;0.4;106;69;1008
2005;8;237;14;41.1;68.2;34;374;408;31.5;21.8;8;0.3;78;67;1008
2005;8;237;15;64;57.6;20;337;357;31.6;22;8;0.6;356;67;1008
2005;8;237;16;76.4;45.1;10;265;274;31.5;22.3;8;0.6;21;67;1009
2005;8;237;17;85.3;32;0;158;158;31.1;23.1;8;0.6;341;69;1009
2005;8;237;18;92.4;18.8;0;68;68;30.6;23.6;8;1.1;338;70;1009
2005;8;237;19;99.2;5.6;0;6;6;29.7;25.9;8;2.9;26;84;1009
2005;8;237;20;106.3;0;0;0;0;29.5;25;8;1.4;339;81;1009
2005;8;237;21;114.4;0;0;0;0;28.9;24.8;8;2.6;341;86;1009
2005;8;237;22;124.5;0;0;0;0;28.5;25;8;1.2;340;92;1009
2005;8;237;23;138.2;0;0;0;0;28;24.3;8;1.8;346;92;1009
2005;8;237;24;156.4;0;0;0;0;27.5;23.3;8;1;339;91;1010
2005;8;238;1;-179.1;0;0;0;0;27;23;8;0.5;355;96;1010
2005;8;238;2;-157.6;0;0;0;0;26.6;22.6;8;1.6;8;98;1010
2005;8;238;3;-139.2;0;0;0;0;26.3;22;8;1.1;339;98;1010
2005;8;238;4;-125.3;0;0;0;0;26.1;21.5;8;1.2;5;98;1010
2005;8;238;5;-115;0;0;0;0;25.9;21;8;1.4;61;98;1010
2005;8;238;6;-106.4;0;0;0;0;25.5;20.4;8;1.4;352;98;1010
2005;8;238;7;-99.3;4.5;0;18;18;26;20.4;8;1.4;335;96;1010
2005;8;238;8;-92.5;17.6;7;108;115;26.5;21.5;8;1.4;10;96;1011
2005;8;238;9;-85.4;30.9;0;61;61;26.5;23.7;8;2.9;7;93;1011
2005;8;238;10;-77;44;0;128;128;26.8;22;8;1.6;3;84;1011
2005;8;238;11;-64.4;56.5;196;374;570;28.1;17.7;6;1.4;0;78;1011
2005;8;238;12;-42.6;67.3;491;321;812;29.6;16.5;4;1.8;71;73;1011
2005;8;238;13;-1.4;72.6;878;199;1077;31.2;15;0;2.6;18;68;1011
2005;8;238;14;40.5;67.9;735;222;957;32.2;16.7;0;2.4;16;67;1011
2005;8;238;15;63.4;57.3;395;353;748;32.6;18.5;5;2.9;88;66;1011
2005;8;238;16;76.2;44.9;0;145;145;31.8;25.6;8;3.3;86;74;1011
2005;8;238;17;85.1;31.8;0;39;39;31;27.1;8;1.6;112;81;1011
2005;8;238;18;92.2;18.6;0;27;27;30.2;26.4;8;1.8;176;82;1011
2005;8;238;19;99.1;5.4;0;10;10;29.6;25.4;8;1.6;140;89;1011
2005;8;238;20;106.1;0;0;0;0;29.3;25.3;8;2.9;134;91;1011
2005;8;238;21;114.2;0;0;0;0;28.3;24.8;8;3.6;213;96;1011
2005;8;238;22;124.4;0;0;0;0;28.7;24.8;8;3.1;116;94;1011
2005;8;238;23;138.1;0;0;0;0;28.3;24.4;8;2;133;96;1011
2005;8;238;24;156.3;0;0;0;0;28;23.9;8;2.6;199;96;1011
2005;8;239;1;-179.2;0;0;0;0;27.4;23.3;8;2.9;189;98;1011
2005;8;239;2;-157.4;0;0;0;0;27.3;23;8;3.3;186;98;1011
2005;8;239;3;-138.6;0;0;0;0;26.9;22.4;8;4.4;205;98;1011
2005;8;239;4;-125.1;0;0;0;0;26.7;22;8;5.6;129;98;1011
2005;8;239;5;-114.4;0;0;0;0;26.5;21.7;8;4.1;107;98;1011
2005;8;239;6;-106.2;0;0;0;0;26.5;21.5;8;5;5;98;1011
2005;8;239;7;-99.1;4.4;0;17;17;26.6;21.2;8;4.6;347;96;1011
2005;8;239;8;-92.3;17.5;13;112;125;27.2;22;8;3.3;54;96;1011
2005;8;239;9;-85.1;30.8;292;166;458;28.9;18.8;1;3.3;15;93;1011
2005;8;239;10;-76.3;43.8;601;138;739;30.6;17.6;0;2.4;1;84;1011
2005;8;239;11;-64.1;56.3;627;213;839;31.9;18.5;0;2.4;9;77;1011
2005;8;239;12;-42.2;67;295;412;707;32.5;20.6;6;3.8;28;72;1011
2005;8;239;13;-1.3;72.2;309;450;758;33;20.9;6;3.3;345;73;1011
2005;8;239;14;40.2;67.6;32;302;335;32.5;24.3;8;3.1;100;70;1010
2005;8;239;15;63.1;57.1;0;70;70;31.6;26.2;8;4.1;76;72;1010
2005;8;239;16;75.6;44.6;0;96;96;30.8;25.5;8;3.8;174;75;1010
2005;8;239;17;84.5;31.6;14;197;211;30.4;23.9;8;4.1;179;84;1010
2005;8;239;18;92;18.3;0;50;50;29.7;25.5;8;4.1;109;85;1010
2005;8;239;19;98.5;5.2;0;5;5;29.3;25.2;8;4.1;76;82;1010
2005;8;239;20;105.6;0;0;0;0;29.1;25.2;8;3.6;74;85;1010
2005;8;239;21;114.1;0;0;0;0;28.8;24.8;8;5.3;357;86;1010
2005;8;239;22;124.2;0;0;0;0;28.6;24.2;8;4.6;68;85;1010
2005;8;239;23;138;0;0;0;0;27.6;24;8;5;75;92;1010
2005;8;239;24;156.3;0;0;0;0;28.2;23.7;7;4.4;85;88;1009
2005;8;240;1;-179.2;0;0;0;0;27.5;23.3;7;4.6;137;92;1009
2005;8;240;2;-157.2;0;0;0;0;26.9;22.8;7;3.6;236;95;1009
2005;8;240;3;-138.4;0;0;0;0;27;21.7;7;3.6;269;87;1009
2005;8;240;4;-124.4;0;0;0;0;26.7;21;7;4.4;215;87;1009
2005;8;240;5;-114.2;0;0;0;0;26.6;20.5;7;4.1;198;86;1009
2005;8;240;6;-106;0;0;0;0;26.5;20.2;7;3.3;83;85;1009
2005;8;240;7;-98.5;4.3;0;16;16;26.4;20.9;7;2.6;87;93;1009
2005;8;240;8;-92;17.4;37;118;155;27.9;19.8;7;1.6;168;83;1009
2005;8;240;9;-84.5;30.7;106;231;337;29.3;19.5;6;1.6;61;80;1009
2005;8;240;10;-76.1;43.7;32;306;338;28.3;21.4;8;2;103;88;1008
2005;8;240;11;-63.3;56.2;27;357;384;30.4;23.2;8;3.1;181;84;1008
2005;8;240;12;-41.3;66.8;5;266;272;30.5;24.9;8;2.4;170;84;1008
2005;8;240;13;-1.1;71.9;4;196;199;29.7;24.9;8;1.2;217;84;1008
2005;8;240;14;40;67.2;0;81;81;30.1;25.9;8;1.2;217;80;1008
2005;8;240;15;62.5;56.8;40;334;374;30.4;22.7;8;1.4;166;80;1009
2005;8;240;16;75.3;44.4;93;327;420;30.7;21.5;7;1;254;80;1009
2005;8;240;17;84.3;31.3;157;217;374;30.8;20.6;5;1;228;80;1009
2005;8;240;18;91.4;18.1;104;117;221;30.7;18.1;4;1.4;172;66;1010
2005;8;240;19;98.3;4.9;0;32;33;30.1;18;4;1;93;70;1010
2005;8;240;20;105.4;0;0;0;0;29.4;18.2;4;1.8;347;74;1010
2005;8;240;21;113.5;0;0;0;0;28.6;18.4;4;3.1;69;79;1011
2005;8;240;22;124.1;0;0;0;0;27.8;19.3;4;3.1;86;89;1011
2005;8;240;23;137.5;0;0;0;0;27.2;20;4;1.2;50;98;1011
2005;8;240;24;156.2;0;0;0;0;26.5;19.6;4;1.4;72;98;1012
2005;8;241;1;-179.3;0;0;0;0;26;19.2;3;2.4;95;98;1012
2005;8;241;2;-157.1;0;0;0;0;25.4;18.9;3;2.2;88;98;1012
2005;8;241;3;-138.1;0;0;0;0;24.9;18.5;3;1.2;270;98;1013
2005;8;241;4;-124.2;0;0;0;0;24.6;18.5;3;0.7;272;98;1013
2005;8;241;5;-113.6;0;0;0;0;24.3;18.4;3;0.6;252;98;1013
2005;8;241;6;-105.4;0;0;0;0;24.1;18.4;3;1.4;105;98;1013
2005;8;241;7;-98.3;4.2;0;16;16;24.3;18.9;3;1.1;127;98;1014
2005;8;241;8;-91.4;17.4;94;113;206;25.6;17.6;3;0.6;253;96;1014
2005;8;241;9;-84.3;30.6;279;138;417;27.1;16.9;0;1.4;260;89;1014
2005;8;241;10;-75.4;43.6;433;189;622;28.7;15.8;0;2;288;75;1015
2005;8;241;11;-62.6;56;561;229;789;30.2;16.2;0;2.4;215;71;1015
2005;8;241;12;-40.5;66.6;679;225;903;31.6;16.7;0;3.3;340;68;1015
2005;8;241;13;-0.6;71.5;709;232;941;32.6;16.3;0;2.9;335;61;1016
2005;8;241;14;39.4;66.9;663;237;900;33.2;16.8;0;3.1;311;59;1016
2005;8;241;15;62.2;56.5;624;187;811;33.6;17;0;2;326;58;1016
2005;8;241;16;75.1;44.1;506;147;653;33.6;17.2;0;1.4;218;57;1016
2005;8;241;17;84.1;31.1;341;111;452;33.1;17.4;0;2.2;261;58;1016
2005;8;241;18;91.2;17.9;127;107;233;32.2;17.8;0;2.2;262;59;1016
2005;8;241;19;98.2;4.7;0;21;21;31;19.9;0;3.3;300;63;1016
2005;8;241;20;105.2;0;0;0;0;30.1;21;0;2.4;263;73;1016
2005;8;241;21;113.4;0;0;0;0;29.3;20.4;1;1.4;209;75;1016
2005;8;241;22;123.5;0;0;0;0;28.4;20.3;1;1.4;272;79;1016
2005;8;241;23;137.4;0;0;0;0;27.6;19.2;1;1.4;258;78;1016
2005;8;241;24;156.2;0;0;0;0;26.7;18.8;1;1.6;274;81;1016
2005;8;242;1;-179.4;0;0;0;0;26.2;19;1;1.6;217;86;1016
2005;8;242;2;-156.5;0;0;0;0;25.6;18.7;2;1.4;159;88;1016
2005;8;242;3;-137.5;0;0;0;0;24.9;18.7;2;1.8;160;93;1016
2005;8;242;4;-123.6;0;0;0;0;24.6;18.1;2;2.9;12;91;1016
2005;8;242;5;-113.4;0;0;0;0;24.3;17.8;2;3.8;16;91;1016
2005;8;242;6;-105.2;0;0;0;0;24;17.8;2;3.3;9;93;1016
2005;8;242;7;-98.1;4.1;0;17;17;24.2;17.4;3;2.9;346;88;1016
2005;8;242;8;-91.2;17.3;116;111;227;25.7;15.1;3;2;19;83;1016
2005;8;242;9;-84;30.5;357;96;453;27.3;15;0;2;9;79;1016
2005;8;242;10;-75.1;43.5;525;129;655;28.9;14.9;0;1.2;75;72;1016
2005;8;242;11;-62.2;55.9;652;164;816;30.4;15.4;0;0.6;163;67;1016
2005;8;242;12;-40.1;66.3;729;190;919;31.7;15.3;0;0.7;227;61;1016
2005;8;242;13;-0.4;71.2;747;205;952;32.7;15.1;0;1;189;55;1016
2005;8;242;14;39.2;66.6;755;175;930;33.3;15;0;0.8;223;52;1016
2005;8;242;15;61.5;56.2;682;148;830;33.7;16;0;1.1;254;54;1016
2005;8;242;16;74.5;43.9;568;108;676;33.6;15.7;0;1.2;338;52;1016
2005;8;242;17;83.5;30.9;377;89;466;33.1;16.5;0;1.8;280;55;1016
2005;8;242;18;91.1;17.7;131;110;241;32.2;17.3;2;1.8;295;58;1016
2005;8;242;19;97.6;4.5;0;19;19;30.9;19.8;2;0.8;317;62;1016
2005;8;242;20;105.1;0;0;0;0;30.2;20.4;2;0.4;313;69;1015
2005;8;242;21;113.2;0;0;0;0;29.4;19.6;2;0.6;300;69;1015
2005;8;242;22;123.4;0;0;0;0;28.7;18.9;1;0.8;335;70;1015
2005;8;242;23;137.2;0;0;0;0;28;19.1;1;0.8;330;76;1015
2005;8;242;24;156.1;0;0;0;0;27.3;19.2;1;0.6;331;81;1015
2005;8;243;1;-179.5;0;0;0;0;26.8;18.6;1;0.4;320;81;1015
2005;8;243;2;-156.3;0;0;0;0;26.5;18.5;1;0.8;330;83;1015
2005;8;243;3;-137.3;0;0;0;0;26;18.2;1;0.6;306;84;1015
2005;8;243;4;-123.4;0;0;0;0;25.8;18.4;1;1;330;88;1015
2005;8;243;5;-113.2;0;0;0;0;25.6;18;0;1.6;340;86;1015
2005;8;243;6;-105;0;0;0;0;25.5;18.6;0;2.4;239;92;1015
2005;8;243;7;-97.5;4;0;19;19;25.7;18;0;1.8;247;86;1015
2005;8;243;8;-90.6;17.2;121;102;223;27.2;15.7;0;3.1;264;76;1014
2005;8;243;9;-83.4;30.4;241;158;399;28.7;15.8;2;5.3;186;69;1014
2005;8;243;10;-74.4;43.4;372;212;585;30.2;14.9;2;3.6;284;59;1014
2005;8;243;11;-61.5;55.7;489;264;753;31.6;14.4;2;5.3;285;53;1014
2005;8;243;12;-39.3;66.1;493;313;806;32.7;15;3;6.3;279;50;1014
2005;8;243;13;-0.3;70.8;503;319;822;33.5;15.1;3;6.6;219;46;1014
2005;8;243;14;38.6;66.2;473;307;780;34.1;15.6;3;6.3;259;45;1014
2005;8;243;15;61.3;55.9;367;321;688;34.3;15.9;4;5.3;110;45;1014
2005;8;243;16;74.3;43.7;244;289;533;34.2;16.2;5;5;137;44;1014
2005;8;243;17;83.3;30.7;148;201;349;33.6;16.8;5;4.4;207;45;1014
2005;8;243;18;90.5;17.4;67;113;180;32.8;17;5;7;168;47;1015
2005;8;243;19;97.4;4.2;0;13;13;31.7;19.5;5;4.6;228;51;1015
2005;8;243;20;104.5;0;0;0;0;30.7;20.6;4;5.6;256;61;1015
2005;8;243;21;113.1;0;0;0;0;29.8;19.6;4;6.3;334;62;1015
2005;8;243;22;123.2;0;0;0;0;28.8;18.3;4;7;235;62;1015
2005;8;243;23;137.1;0;0;0;0;27.8;17.7;3;5;306;64;1015
2005;8;243;24;156;0;0;0;0;26.9;17;3;4.6;275;66;1015
2005;9;244;1;-179.5;0;0;0;0;26.1;17.6;4;4.3;127;75;1015
2005;9;244;2;-156.1;0;0;0;0;25.3;17.4;4;3.7;349;79;1015
2005;9;244;3;-137.1;0;0;0;0;24.4;17;4;3;10;83;1015
2005;9;244;4;-123.1;0;0;0;0;24;16.4;4;2.2;355;82;1016
2005;9;244;5;-112.5;0;0;0;0;23.5;16;4;2;323;83;1016
2005;9;244;6;-104.4;0;0;0;0;23.2;16;4;1.1;324;86;1016
2005;9;244;7;-97.3;3.9;0;16;16;23.4;16.1;4;1.8;1;85;1016
2005;9;244;8;-90.3;17.1;125;107;232;25.1;13.9;4;1;8;80;1016
2005;9;244;9;-83.1;30.3;364;88;452;26.8;13.7;0;1;347;74;1016
2005;9;244;10;-74.1;43.3;531;124;655;28.7;12.8;0;1.4;331;62;1016
2005;9;244;11;-61.1;55.6;674;148;822;30.4;13.5;0;1;347;59;1016
2005;9;244;12;-38.5;65.8;738;182;920;31.8;13.9;0;1.1;3;54;1016
2005;9;244;13;-0.1;70.4;777;182;960;32.9;14;0;1.1;12;50;1016
2005;9;244;14;38.4;65.9;766;164;930;33.6;14.6;0;1.2;1;49;1016
2005;9;244;15;61;55.7;697;135;832;34;15;0;1.2;13;49;1016
2005;9;244;16;74.1;43.4;583;95;678;34;14.7;0;0.9;360;48;1016
2005;9;244;17;83.1;30.4;416;62;478;33.4;15.1;0;0.6;348;50;1016
2005;9;244;18;90.3;17.2;149;102;250;32.4;16.1;4;0.9;347;54;1016
2005;9;244;19;97.2;4;0;18;18;31;19;4;1.5;358;58;1016
2005;9;244;20;104.4;0;0;0;0;30;19.2;4;2.4;60;64;1016
2005;9;244;21;112.5;0;0;0;0;29.1;19.1;4;2.7;49;68;1016
2005;9;244;22;123.1;0;0;0;0;28.2;18.9;4;3.7;71;72;1016
2005;9;244;23;136.6;0;0;0;0;27.3;17.9;4;2.7;352;72;1016
2005;9;244;24;155.6;0;0;0;0;26.5;17.6;4;2.2;50;74;1016
2005;9;245;1;-179.6;0;0;0;0;25.9;17.5;4;1.2;24;78;1016
2005;9;245;2;-155.5;0;0;0;0;25.2;17.4;5;1.7;44;81;1016
2005;9;245;3;-136.4;0;0;0;0;24.6;16.7;5;2.2;1;81;1015
2005;9;245;4;-122.5;0;0;0;0;24.2;16.2;5;3;74;80;1015
2005;9;245;5;-112.3;0;0;0;0;23.8;15.8;5;3;11;80;1015
2005;9;245;6;-104.2;0;0;0;0;23.6;16.4;5;3.3;82;86;1015
2005;9;245;7;-97.1;3.8;0;15;15;23.8;16.7;5;3.7;123;85;1015
2005;9;245;8;-90.1;17;80;114;194;25.3;15.7;5;3;176;83;1015
2005;9;245;9;-82.5;30.2;212;175;387;26.8;15.6;4;2.4;73;79;1015
2005;9;245;10;-73.4;43.2;414;196;610;28.7;14.6;2;2.4;30;68;1015
2005;9;245;11;-60.4;55.4;469;271;740;30.3;15.2;3;3.5;33;63;1015
2005;9;245;12;-38.1;65.6;575;293;868;31.7;15.6;3;3;25;60;1015
2005;9;245;13;0;70.1;581;311;892;32.8;15.5;3;2;340;54;1015
2005;9;245;14;38.2;65.5;540;292;832;33.5;16.4;3;1;43;53;1015
2005;9;245;15;60.4;55.4;451;279;730;33.8;16;4;2;111;49;1014
2005;9;245;16;73.4;43.1;428;181;609;33.7;16.3;1;2.2;172;51;1014
2005;9;245;17;82.5;30.2;269;141;410;33.2;16.3;2;1.2;169;50;1014
2005;9;245;18;90.1;17;109;104;213;32.1;16.7;4;1.5;163;53;1013
2005;9;245;19;97.1;3.7;0;17;17;30.8;19.2;4;2;231;59;1013
2005;9;245;20;104.2;0;0;0;0;30.2;19.5;4;2.7;283;63;1013
2005;9;245;21;112.3;0;0;0;0;29.5;19.1;4;2.4;300;63;1013
2005;9;245;22;122.5;0;0;0;0;28.9;18.8;5;3.3;182;64;1012
2005;9;245;23;136.4;0;0;0;0;28.3;18.8;5;1.7;148;67;1012
2005;9;245;24;155.5;0;0;0;0;27.7;19.5;5;1.1;115;73;1012
2005;9;246;1;-179.5;0;0;0;0;27.4;19.1;6;0.8;46;72;1012
2005;9;246;2;-155.3;0;0;0;0;27;19.4;6;0.5;339;75;1011
2005;9;246;3;-136.2;0;0;0;0;26.7;19.1;6;0.5;4;74;1011
2005;9;246;4;-122.3;0;0;0;0;26.5;19.4;7;0.4;337;76;1011
2005;9;246;5;-112.1;0;0;0;0;26.4;20.4;7;0.4;6;82;1010
2005;9;246;6;-103.6;0;0;0;0;26.3;21.1;7;0.4;346;86;1010
2005;9;246;7;-96.4;3.7;0;9;9;26.5;21.4;7;0.3;326;86;1010
2005;9;246;8;-89.5;16.9;16;109;125;27.3;20.5;8;0.2;1;86;1010
2005;9;246;9;-82.2;30.1;57;226;283;28.9;20.4;7;0.3;333;82;1009
2005;9;246;10;-73.1;43.1;29;297;326;29.7;22.1;8;0.3;5;82;1009
2005;9;246;11;-60;55.2;5;244;250;30;24.1;8;0.3;356;82;1009
2005;9;246;12;-37.3;65.3;2;148;150;29.4;25.3;8;0.3;350;86;1008
2005;9;246;13;0.2;69.7;51;350;401;30.5;23.4;8;0.4;348;82;1008
2005;9;246;14;37.6;65.2;0;98;98;29.8;26.4;8;0.4;356;86;1008
2005;9;246;15;60.2;55.1;16;260;276;28.9;23.7;8;0.2;348;90;1009
2005;9;246;16;73.2;42.9;186;297;484;30.8;21;6;0.3;4;82;1009
2005;9;246;17;82.3;29.9;169;200;369;31;21;5;0.2;349;82;1009
2005;9;246;18;89.6;16.7;132;116;248;31;19.8;3;0;0;82;1009
2005;9;246;19;96.5;3.5;0;19;19;30.3;22.1;3;0.1;73;82;1009
2005;9;246;20;104;0;0;0;0;29.7;21.5;3;0.1;135;82;1010
2005;9;246;21;112.2;0;0;0;0;29;21;3;0.4;190;82;1010
2005;9;246;22;122.4;0;0;0;0;28.4;21.2;4;0.2;189;87;1010
2005;9;246;23;136.3;0;0;0;0;27.7;20.6;4;0.1;180;86;1010
2005;9;246;24;155.5;0;0;0;0;27;19.7;4;0.2;155;84;1011
2005;9;247;1;-179.4;0;0;0;0;26.5;19.5;4;0.3;144;85;1011
2005;9;247;2;-155.1;0;0;0;0;26.1;19.1;4;0.6;237;84;1011
2005;9;247;3;-135.5;0;0;0;0;25.7;18.2;5;0.8;255;80;1011
2005;9;247;4;-122;0;0;0;0;25.4;17.9;5;0.4;258;79;1011
2005;9;247;5;-111.5;0;0;0;0;25.1;17.5;5;0.4;196;77;1012
2005;9;247;6;-103.3;0;0;0;0;24.9;18.2;5;0.5;170;81;1012
2005;9;247;7;-96.2;3.6;0;11;11;25.1;18.8;6;0.5;89;83;1012
2005;9;247;8;-89.3;16.8;53;111;164;26.4;17.7;6;0.4;25;82;1012
2005;9;247;9;-81.6;30;87;228;315;27.7;18;7;0.6;117;79;1012
2005;9;247;10;-72.4;42.9;368;226;594;29.7;15.5;3;0.8;114;66;1013
2005;9;247;11;-59.3;55.1;639;203;842;31.8;14.6;0;1.4;166;58;1013
2005;9;247;12;-36.6;65;505;305;810;33.1;16.1;3;2;71;53;1013
2005;9;247;13;0.3;69.4;279;414;694;33.7;18.1;6;2.4;178;52;1013
2005;9;247;14;37.4;64.8;132;441;573;33.9;18.2;7;3;181;48;1013
2005;9;247;15;59.5;54.8;165;384;549;33.9;17.8;7;3;289;47;1013
2005;9;247;16;72.6;42.6;226;287;514;33.9;17.4;5;3.3;238;49;1013
2005;9;247;17;82.1;29.7;133;209;343;33.4;18.3;6;3.7;268;53;1013
2005;9;247;18;89.4;16.5;18;111;130;32.4;20.5;6;3.7;283;57;1014
2005;9;247;19;96.3;3.3;0;12;12;31.2;20;6;4.5;275;60;1014
2005;9;247;20;103.5;0;0;0;0;30.4;20.1;6;4.1;327;64;1014
2005;9;247;21;112;0;0;0;0;29.6;19.7;6;4.8;329;66;1014
2005;9;247;22;122.2;0;0;0;0;28.8;20;6;4.8;297;72;1014
2005;9;247;23;136.2;0;0;0;0;28;20.8;6;5.1;300;82;1014
2005;9;247;24;155.4;0;0;0;0;27.1;19.8;6;3.5;265;81;1014
2005;9;248;1;-179.3;0;0;0;0;26.5;19.8;6;3;220;85;1014
2005;9;248;2;-154.5;0;0;0;0;26;19.7;6;2.2;228;88;1014
2005;9;248;3;-135.3;0;0;0;0;25.4;19;6;1.7;224;87;1014
2005;9;248;4;-121.4;0;0;0;0;25.1;18.7;6;2;234;87;1014
2005;9;248;5;-111.2;0;0;0;0;24.8;18.5;6;3.3;196;87;1014
2005;9;248;6;-103.1;0;0;0;0;24.6;18.7;6;2.7;191;89;1014
2005;9;248;7;-96;3.5;0;12;12;24.7;19.5;6;1.8;175;94;1014
2005;9;248;8;-89;16.7;47;111;159;25.9;17.9;6;2.4;230;86;1014
2005;9;248;9;-81.3;29.9;89;247;336;27.3;17.7;7;1.8;184;83;1014
2005;9;248;10;-72.1;42.8;205;297;502;28.8;16.6;6;2.7;46;70;1014
2005;9;248;11;-58.5;54.9;392;299;691;30.4;16;4;2;84;63;1014
2005;9;248;12;-36.2;64.8;507;326;833;31.9;16.1;4;3.3;188;60;1014
2005;9;248;13;0.5;69;561;318;879;33;17;3;3;131;59;1014
2005;9;248;14;37.2;64.5;567;287;854;33.8;17.1;3;2.4;191;56;1014
2005;9;248;15;59.3;54.5;486;271;757;34.3;17.5;3;2;159;55;1014
2005;9;248;16;72.4;42.4;273;274;546;34.2;18.4;5;1.8;126;54;1014
2005;9;248;17;81.5;29.4;85;223;307;33.5;20.2;7;2;79;58;1014
2005;9;248;18;89.2;16.2;7;106;112;32.4;21.8;6;1.4;112;61;1014
2005;9;248;19;96.2;3;0;5;5;31.1;21.8;6;1.2;86;67;1014
2005;9;248;20;103.3;0;0;0;0;30.3;22.3;6;1;73;76;1014
2005;9;248;21;111.4;0;0;0;0;29.5;21.7;6;1.4;37;78;1014
2005;9;248;22;122;0;0;0;0;28.7;21.2;6;2;50;82;1014
2005;9;248;23;136.1;0;0;0;0;27.9;20.6;6;2.7;40;84;1014
2005;9;248;24;155.4;0;0;0;0;27.1;19.6;5;2.7;27;85;1014
2005;9;249;1;-179.2;0;0;0;0;26.5;18.9;5;1.7;72;85;1014
2005;9;249;2;-154.3;0;0;0;0;25.8;18.4;5;2.4;6;88;1014
2005;9;249;3;-135;0;0;0;0;25.1;17.3;5;1.7;63;86;1014
2005;9;249;4;-121.1;0;0;0;0;24.8;16.3;5;1.2;138;83;1014
2005;9;249;5;-111;0;0;0;0;24.4;15.6;4;2.4;331;82;1014
2005;9;249;6;-102.5;0;0;0;0;24.2;15.9;4;1.8;3;87;1014
2005;9;249;7;-95.4;3.4;0;15;15;24.4;16;4;1.5;339;86;1014
2005;9;249;8;-88.4;16.6;55;114;170;25.6;16.2;4;1.4;71;79;1014
2005;9;249;9;-81.1;29.8;210;172;383;27.2;14.9;4;1.5;98;71;1014
2005;9;249;10;-71.4;42.7;221;290;511;28.7;15.2;5;1.1;353;64;1014
2005;9;249;11;-58.2;54.7;227;369;597;29.9;16.7;6;1.4;346;64;1013
2005;9;249;12;-35.4;64.5;171;439;610;30.7;17.9;7;1.7;22;63;1013
2005;9;249;13;0.6;68.6;425;356;782;31.7;16.9;5;1.5;58;60;1013
2005;9;249;14;37.1;64.1;403;348;751;32.4;16.9;5;1.7;188;57;1013
2005;9;249;15;59.1;54.2;297;348;645;32.7;17.3;5;1.4;203;56;1013
2005;9;249;16;72.2;42.1;281;261;542;32.8;17.1;5;2;224;55;1013
2005;9;249;17;81.3;29.2;315;114;429;32.5;16.2;0;1.7;175;55;1013
2005;9;249;18;89;16;136;68;204;31.7;17.3;0;1.5;76;58;1013
2005;9;249;19;95.6;2.8;0;17;17;30.5;16.7;1;1.5;77;61;1013
2005;9;249;20;103.1;0;0;0;0;29.6;17.8;1;1.8;55;71;1013
2005;9;249;21;111.3;0;0;0;0;28.7;17.5;2;2.2;66;73;1013
2005;9;249;22;121.5;0;0;0;0;27.8;16.8;2;0.8;179;74;1013
2005;9;249;23;135.5;0;0;0;0;26.9;16.4;3;1;2;76;1013
2005;9;249;24;155.3;0;0;0;0;26.2;15.7;3;1.7;4;77;1012
2005;9;250;1;-179.1;0;0;0;0;25.6;15.5;4;2;80;78;1012
2005;9;250;2;-154;0;0;0;0;25;15.5;4;3;30;81;1012
2005;9;250;3;-134.4;0;0;0;0;24.4;14.7;5;1.7;33;80;1012
2005;9;250;4;-120.5;0;0;0;0;24;14.9;5;2.2;29;82;1012
2005;9;250;5;-110.4;0;0;0;0;23.7;14.9;6;2.7;73;84;1012
2005;9;250;6;-102.3;0;0;0;0;23.4;15.5;6;3.7;111;89;1012
2005;9;250;7;-95.2;3.3;0;11;11;23.5;16.4;7;4.1;135;94;1012
2005;9;250;8;-88.2;16.5;39;115;154;24.7;17.6;7;3;14;92;1012
2005;9;250;9;-80.4;29.7;37;216;254;25.3;18.6;8;4.8;150;93;1012
2005;9;250;10;-71.1;42.6;121;324;445;26.7;17.1;7;4.1;57;82;1012
2005;9;250;11;-57.4;54.5;205;379;584;28;16;6;4.1;104;70;1011
2005;9;250;12;-35;64.2;233;426;659;29.1;16.5;6;3;114;67;1011
2005;9;250;13;1.1;68.2;131;442;574;29.6;17.8;7;2.2;56;65;1011
2005;9;250;14;36.5;63.8;73;418;492;29.8;18.9;8;2;84;66;1011
2005;9;250;15;58.4;53.9;84;375;459;29.9;21;8;2.4;329;80;1011
2005;9;250;16;71.5;41.8;98;318;417;29.9;18.2;7;3.7;331;66;1011
2005;9;250;17;81.1;28.9;75;233;308;29.5;17.3;7;4.5;332;64;1011
2005;9;250;18;88.4;15.7;25;114;140;28.8;18.3;7;5.1;332;68;1011
2005;9;250;19;95.4;2.5;0;3;3;27.8;17.4;7;3.3;344;69;1011
2005;9;250;20;102.5;0;0;0;0;27.3;17;7;4.3;22;72;1011
2005;9;250;21;111.1;0;0;0;0;26.7;16.6;7;2.7;121;74;1011
2005;9;250;22;121.3;0;0;0;0;26.3;16.3;6;2.2;103;77;1011
2005;9;250;23;135.4;0;0;0;0;25.8;15.5;6;3;155;77;1011
2005;9;250;24;155.3;0;0;0;0;25.2;15.1;6;3.5;101;80;1011
2005;9;251;1;-179;0;0;0;0;25;14.7;6;3.7;57;80;1011
2005;9;251;2;-153.4;0;0;0;0;24.7;14.5;6;3;80;82;1011
2005;9;251;3;-134.1;0;0;0;0;24.5;13.8;6;4.3;353;80;1011
2005;9;251;4;-120.2;0;0;0;0;24.4;13.4;6;3.7;141;80;1011
2005;9;251;5;-110.1;0;0;0;0;24.2;12.7;6;5.1;75;79;1011
2005;9;251;6;-102.1;0;0;0;0;24.2;12.6;5;4.3;63;80;1011
2005;9;251;7;-94.5;3.2;0;10;10;24.3;12.3;5;3.3;141;78;1011
2005;9;251;8;-87.5;16.4;143;98;241;26.2;12.7;5;4.1;155;70;1011
2005;9;251;9;-80.1;29.6;157;209;366;27.6;14.7;5;5.1;169;67;1011
2005;9;251;10;-70.5;42.4;380;288;668;29.6;12.2;4;5.1;172;56;1011
2005;9;251;11;-57.1;54.4;62;285;347;29.7;18.7;8;5.6;58;60;1011
2005;9;251;12;-34.3;64;272;426;698;30.9;15.7;6;8.6;13;56;1011
2005;9;251;13;1.3;67.9;296;379;674;31.6;16.3;6;6.3;54;54;1011
2005;9;251;14;36.3;63.4;9;216;225;30.9;20.7;8;6.3;347;56;1011
2005;9;251;15;58.2;53.6;8;252;260;30.4;20;8;10.5;360;58;1011
2005;9;251;16;71.3;41.5;31;259;290;30.1;18.6;8;8.3;358;58;1011
2005;9;251;17;80.5;28.7;121;210;331;30;16.5;6;9.1;355;61;1011
2005;9;251;18;88.2;15.5;134;93;227;29.6;14.4;6;8;340;60;1011
2005;9;251;19;95.2;2.3;0;13;13;28.7;16.7;6;7.6;0;76;1011
2005;9;251;20;102.4;0;0;0;0;27.7;17.6;6;5.9;71;86;1011
2005;9;251;21;110.5;0;0;0;0;27.3;17.6;6;4.5;181;86;1011
2005;9;251;22;121.2;0;0;0;0;26.6;17.2;6;5.9;173;86;1011
2005;9;251;23;135.2;0;0;0;0;25.9;16.3;7;3.7;151;82;1011
2005;9;251;24;155.2;0;0;0;0;25.3;15.9;7;3.3;152;82;1011
2005;9;252;1;-178.5;0;0;0;0;24.6;16.1;7;3;184;86;1011
2005;9;252;2;-153.2;0;0;0;0;23.7;15;7;2.4;257;82;1011
2005;9;252;3;-133.5;0;0;0;0;23;15.1;7;2;276;86;1012
2005;9;252;4;-119.6;0;0;0;0;22.6;15;7;3.3;294;86;1012
2005;9;252;5;-109.5;0;0;0;0;22.2;14.9;7;2.2;236;86;1012
2005;9;252;6;-101.4;0;0;0;0;21.9;15.1;8;2.4;195;87;1012
2005;9;252;7;-94.3;3.1;0;16;16;22.1;15.7;8;2;76;87;1012
2005;9;252;8;-87.3;16.4;0;91;91;22.7;16;8;2.7;170;82;1012
2005;9;252;9;-79.5;29.5;0;145;145;23.2;15.2;8;3.5;235;72;1012
2005;9;252;10;-70.2;42.3;79;311;391;24.4;12.9;7;2.7;290;67;1012
2005;9;252;11;-56.3;54.2;70;371;442;25.3;13.9;8;3;340;66;1012
2005;9;252;12;-33.5;63.7;116;435;550;26.2;14.7;7;3.9;327;69;1012
2005;9;252;13;1.4;67.5;214;431;645;27;13.8;7;2.4;320;64;1012
2005;9;252;14;36.2;63;203;427;631;27.6;14.6;7;3.3;211;64;1012
2005;9;252;15;57.6;53.2;424;280;704;28.3;13;4;3.7;336;61;1012
2005;9;252;16;71.1;41.3;263;268;531;28.5;13.5;5;3.3;292;59;1012
2005;9;252;17;80.3;28.4;299;128;427;28.4;12.6;0;3;284;60;1012
2005;9;252;18;88.1;15.2;158;72;230;27.9;12.9;0;2.2;306;63;1013
2005;9;252;19;95.1;2;0;11;11;26.9;13.2;0;2.2;310;69;1013
2005;9;252;20;102.2;0;0;0;0;26.3;13.1;0;1.8;197;71;1013
2005;9;252;21;110.4;0;0;0;0;25.7;12.8;0;1.8;171;73;1013
2005;9;252;22;120.6;0;0;0;0;25.1;13;0;2.4;177;77;1013
2005;9;252;23;135.1;0;0;0;0;24.5;13.5;0;3;67;84;1013
2005;9;252;24;155.2;0;0;0;0;23.9;13.6;0;3;83;89;1013
2005;9;253;1;-178.4;0;0;0;0;23.5;12.6;0;3.7;172;84;1013
2005;9;253;2;-152.5;0;0;0;0;23.1;12.4;0;3.5;151;85;1014
2005;9;253;3;-133.2;0;0;0;0;22.7;12.7;0;3.7;192;89;1014
2005;9;253;4;-119.3;0;0;0;0;22.5;13;0;3.5;152;92;1014
2005;9;253;5;-109.3;0;0;0;0;22.3;12.9;0;3;165;92;1014
2005;9;253;6;-101.2;0;0;0;0;22.1;13.9;0;2.7;138;100;1014
2005;9;253;7;-94.1;3;0;12;12;22.3;14;0;1.8;72;99;1014
2005;9;253;8;-87.1;16.3;127;74;201;24;15.2;0;2;172;94;1014
2005;9;253;9;-79.2;29.4;313;119;431;25.8;14.7;0;1.7;247;86;1014
2005;9;253;10;-69.5;42.2;419;185;604;27.5;15;2;1.4;313;78;1015
2005;9;253;11;-55.6;54;542;221;763;29.2;14.8;2;1.1;292;69;1015
2005;9;253;12;-33.2;63.4;562;284;846;30.6;15.3;3;0.8;227;63;1015
2005;9;253;13;1.5;67.1;575;300;875;31.7;15.4;4;1.2;183;59;1015
2005;9;253;14;36;62.7;564;278;841;32.4;15.5;3;1.7;52;56;1015
2005;9;253;15;57.3;52.9;463;255;718;32.7;16.3;4;2.4;50;56;1014
2005;9;253;16;70.5;41;348;205;553;32.5;17.2;4;2;75;58;1014
2005;9;253;17;80.1;28.1;226;144;370;31.8;17.6;3;2.2;74;61;1014
2005;9;253;18;87.5;15;82;82;164;30.7;18.6;4;2.7;117;64;1013
2005;9;253;19;94.5;1.7;0;6;6;29.3;18.4;4;3.3;62;70;1013
2005;9;253;20;102;0;0;0;0;28.8;19.1;4;3.7;29;76;1013
2005;9;253;21;110.2;0;0;0;0;28.2;18.8;5;3;138;76;1012
2005;9;253;22;120.4;0;0;0;0;27.6;18.8;5;2.7;136;78;1012
2005;9;253;23;134.6;0;0;0;0;27.1;18.5;5;1.5;160;79;1012
2005;9;253;24;155.1;0;0;0;0;26.6;18.6;5;0.8;190;81;1011
2005;9;254;1;-178.3;0;0;0;0;26.2;18.8;6;1.8;222;83;1011
2005;9;254;2;-152.3;0;0;0;0;25.8;18.8;6;2.2;240;84;1011
2005;9;254;3;-132.5;0;0;0;0;25.4;18.7;6;2.2;199;85;1010
2005;9;254;4;-119.1;0;0;0;0;24.9;19.8;7;0.8;159;95;1010
2005;9;254;5;-109;0;0;0;0;25;20.3;7;0.5;185;96;1010
2005;9;254;6;-100.6;0;0;0;0;24.8;20.5;7;1;123;97;1009
2005;9;254;7;-93.5;2.9;0;3;3;24.9;21;7;1.4;72;98;1009
2005;9;254;8;-86.4;16.2;0;73;73;25.4;21.2;8;2.2;58;93;1009
2005;9;254;9;-78.6;29.3;0;133;133;26;21.6;8;2.4;123;93;1008
2005;9;254;10;-69.2;42;3;208;211;26.5;21.6;8;2.2;152;92;1008
2005;9;254;11;-55.2;53.8;8;268;276;27;20.9;8;3;134;84;1007
2005;9;254;12;-32.4;63.1;2;271;274;27;22.3;8;3.3;138;91;1007
2005;9;254;13;2;66.7;5;229;234;27.5;22.4;8;4.1;135;85;1007
2005;9;254;14;35.5;62.3;2;256;258;27.7;21.8;8;4.5;173;82;1007
2005;9;254;15;57.1;52.6;2;236;238;27.7;21.7;8;5.1;129;82;1007
2005;9;254;16;70.3;40.7;15;254;269;27.3;21.1;8;5.9;337;88;1008
2005;9;254;17;79.5;27.9;12;200;212;27.5;20.6;8;6.3;344;86;1008
2005;9;254;18;87.3;14.7;4;99;103;26.7;20.4;8;7.2;25;88;1008
2005;9;254;19;94.3;1.5;0;6;6;25.2;19.4;8;6.3;358;93;1009
2005;9;254;20;101.5;0;0;0;0;26.4;19;7;4.8;94;82;1009
2005;9;254;21;110;0;0;0;0;26;18.4;7;5.6;21;82;1009
2005;9;254;22;120.2;0;0;0;0;25.3;18.3;7;6.3;72;88;1010
2005;9;254;23;134.4;0;0;0;0;24.8;17.3;7;5.6;53;87;1010
2005;9;254;24;155;0;0;0;0;24.4;17.1;6;5.6;38;90;1010
2005;9;255;1;-178.2;0;0;0;0;23.9;17.4;6;5.9;151;97;1011
2005;9;255;2;-152.1;0;0;0;0;23.4;16.8;6;5.3;360;98;1011
2005;9;255;3;-132.2;0;0;0;0;22.8;16;6;6.3;87;98;1011
2005;9;255;4;-118.4;0;0;0;0;22.6;15.5;6;6.7;17;98;1012
2005;9;255;5;-108.4;0;0;0;0;22.3;15.1;5;6.7;179;98;1012
2005;9;255;6;-100.3;0;0;0;0;22.1;14.6;5;5.3;122;98;1012
2005;9;255;7;-93.2;2.8;0;11;11;22.2;14.7;5;4.8;93;98;1013
2005;9;255;8;-86.2;16.1;87;96;183;23.7;15.3;5;4.1;251;92;1013
2005;9;255;9;-78.3;29.2;204;165;370;25.3;14.8;5;3;287;83;1013
2005;9;255;10;-68.5;41.9;342;218;560;26.8;13.1;4;2.4;298;68;1014
2005;9;255;11;-54.5;53.6;386;295;681;28.3;14.1;5;2;284;65;1014
2005;9;255;12;-32.1;62.8;462;332;794;29.7;15;5;1.1;203;65;1014
2005;9;255;13;2.2;66.3;566;287;853;30.8;15.5;4;0.8;192;63;1015
2005;9;255;14;35.3;61.9;458;327;785;31.5;15.6;5;0.6;162;58;1015
2005;9;255;15;56.5;52.3;463;237;700;31.8;15.5;4;0.8;358;56;1015
2005;9;255;16;70.1;40.4;398;172;570;31.8;15;3;0.7;180;53;1015
2005;9;255;17;79.3;27.6;292;104;396;31.3;14.6;1;1.4;201;53;1015
2005;9;255;18;87.1;14.5;144;50;194;30.3;15.4;1;1.1;191;58;1015
2005;9;255;19;94.1;1.2;0;8;8;29;14.1;1;2.2;197;58;1015
2005;9;255;20;101.3;0;0;0;0;28.2;14.7;1;1.4;248;65;1015
2005;9;255;21;109.4;0;0;0;0;27.4;14.8;1;1.4;158;70;1015
2005;9;255;22;120.1;0;0;0;0;26.6;14.4;1;1.8;125;73;1015
2005;9;255;23;134.3;0;0;0;0;25.9;14;1;1.8;176;74;1015
2005;9;255;24;154.6;0;0;0;0;25.2;13.4;1;1.8;164;75;1015
2005;9;256;1;-178.1;0;0;0;0;24.6;12.9;1;1.5;162;76;1015
2005;9;256;2;-151.4;0;0;0;0;24;13.1;1;2.7;150;82;1015
2005;9;256;3;-131.6;0;0;0;0;23.3;12.3;1;2.4;155;81;1015
2005;9;256;4;-118.2;0;0;0;0;23;11.9;1;2.7;149;81;1015
2005;9;256;5;-108.1;0;0;0;0;22.6;11.5;1;2.2;145;81;1015
2005;9;256;6;-100.1;0;0;0;0;22.4;11.5;1;2;66;82;1015
2005;9;256;7;-93;2.7;0;13;13;22.5;12;1;3.3;66;85;1015
2005;9;256;8;-85.6;16;139;68;207;24.1;13.8;2;3;182;85;1015
2005;9;256;9;-78.1;29.1;299;114;414;25.7;14.2;2;2.4;107;82;1015
2005;9;256;10;-68.2;41.8;439;166;605;27.3;13.1;2;1.7;142;69;1015
2005;9;256;11;-54.1;53.4;515;233;748;28.8;13.4;3;1;124;62;1015
2005;9;256;12;-31.3;62.5;546;293;839;30.1;14.3;4;1.1;11;61;1015
2005;9;256;13;2.3;66;499;313;812;31;15.1;4;1.5;18;58;1015
2005;9;256;14;35.2;61.5;457;325;782;31.5;15.4;5;2.2;14;57;1014
2005;9;256;15;56.3;52;352;302;654;31.6;16.6;5;2;85;59;1014
2005;9;256;16;69.5;40.1;288;238;526;31.4;16.6;5;1.4;47;59;1014
2005;9;256;17;79.1;27.3;188;155;343;30.8;17.3;4;2;11;63;1013
2005;9;256;18;86.5;14.2;68;82;150;29.7;18.4;5;1.7;80;68;1013
2005;9;256;19;93.6;1;0;4;4;28.4;18.2;5;2.2;112;73;1013
2005;9;256;20;101.1;0;0;0;0;28;19.1;5;2.4;172;79;1012
2005;9;256;21;109.3;0;0;0;0;27.6;19.8;5;3.3;164;86;1012
2005;9;256;22;119.5;0;0;0;0;27.2;19.7;6;3.5;167;86;1011
2005;9;256;23;134.1;0;0;0;0;26.8;19.5;6;3;104;86;1011
2005;9;256;24;154.5;0;0;0;0;26.5;19;6;3.7;32;83;1011
2005;9;257;1;-177.5;0;0;0;0;26.5;18.7;6;3;3;80;1010
2005;9;257;2;-151.2;0;0;0;0;26;20;6;2.7;39;91;1010
2005;9;257;3;-131.3;0;0;0;0;25.8;20.3;7;2;198;93;1010
2005;9;257;4;-117.5;0;0;0;0;25.9;20.6;7;1.8;215;93;1009
2005;9;257;5;-107.5;0;0;0;0;26.1;20.7;7;3;254;89;1009
2005;9;257;6;-99.5;0;0;0;0;26.1;22.1;7;3;341;98;1009
2005;9;257;7;-92.4;2.6;0;2;2;25.1;21.3;8;2.4;311;99;1008
2005;9;257;8;-85.3;15.9;0;72;72;26.8;22.2;8;3;316;90;1008
2005;9;257;9;-77.4;29;0;149;149;27.7;22.1;8;3.3;318;85;1008
2005;9;257;10;-67.5;41.6;0;158;158;28;22.7;8;2;303;82;1007
2005;9;257;11;-53.4;53.2;1;201;202;28.5;23;8;3.3;321;82;1007
2005;9;257;12;-30.6;62.2;2;222;224;29;23.5;8;3.3;317;82;1006
2005;9;257;13;2.4;65.6;6;276;282;29.3;23.4;8;4.5;301;82;1006
2005;9;257;14;35;61.2;1;243;244;29.6;23.9;8;6.3;285;82;1006
2005;9;257;15;56.1;51.6;1;214;215;29.7;22.2;8;6.7;316;71;1006
2005;9;257;16;69.3;39.8;2;196;198;29.8;23.8;8;5.6;240;82;1006
2005;9;257;17;78.5;27.1;0;121;121;29.7;21.9;8;6.3;163;69;1007
2005;9;257;18;86.4;13.9;0;59;59;29.1;24.1;8;5.6;160;85;1007
2005;9;257;19;93.4;0.7;0;2;2;28.8;23.3;8;5.3;181;82;1007
2005;9;257;20;100.5;0;0;0;0;28.1;23.1;8;4.8;178;86;1007
2005;9;257;21;109.1;0;0;0;0;27;21.8;8;4.8;178;86;1007
2005;9;257;22;119.3;0;0;0;0;25.6;21.7;8;6.7;136;98;1007
2005;9;257;23;133.6;0;0;0;0;24.9;21.1;8;5.9;171;99;1007
2005;9;257;24;154.5;0;0;0;0;25.7;21.9;8;6.7;85;98;1007
2005;9;258;1;-177.4;0;0;0;0;25;21;8;7.6;46;98;1008
2005;9;258;2;-150.5;0;0;0;0;25.1;20.9;8;4.8;54;98;1008
2005;9;258;3;-131;0;0;0;0;24.9;20.7;8;4.8;344;98;1008
2005;9;258;4;-117.2;0;0;0;0;24.6;20.3;8;4.8;358;98;1008
2005;9;258;5;-107.3;0;0;0;0;24.3;19.9;8;5.3;7;98;1008
2005;9;258;6;-99.2;0;0;0;0;24.1;19.6;8;4.5;15;98;1008
2005;9;258;7;-92.1;2.5;0;4;4;24.1;19.5;8;5.1;139;98;1008
2005;9;258;8;-85.1;15.8;1;97;99;24.8;20.2;8;4.3;165;98;1008
2005;9;258;9;-77.1;28.9;11;202;213;25.7;20.2;8;5.6;102;97;1009
2005;9;258;10;-67.2;41.5;24;294;318;26.5;20.2;8;5.6;119;93;1009
2005;9;258;11;-53.1;53;41;372;412;27.2;19.5;8;5.3;165;85;1009
2005;9;258;12;-30.3;61.9;64;408;472;27.9;20.1;8;4.8;154;85;1009
2005;9;258;13;2.5;65.2;24;409;433;28.3;19.8;8;4.1;181;77;1009
2005;9;258;14;34.5;60.8;33;392;425;28.6;19.1;8;4.1;232;71;1009
2005;9;258;15;55.5;51.3;29;361;389;28.8;18.7;8;2.7;262;69;1009
2005;9;258;16;69.1;39.5;17;276;293;28.7;19.3;8;1.8;258;70;1010
2005;9;258;17;78.3;26.8;7;176;183;28.1;21.7;8;3.3;318;86;1010
2005;9;258;18;86.2;13.7;2;85;87;27.7;21.1;8;2.7;184;82;1010
2005;9;258;19;93.2;0.4;0;2;2;27.1;20.4;8;2.2;312;82;1010
2005;9;258;20;100.4;0;0;0;0;26.6;20.3;8;2.2;318;86;1010
2005;9;258;21;108.5;0;0;0;0;25.9;19;8;2.7;310;82;1010
2005;9;258;22;119.1;0;0;0;0;25.4;19.4;8;2.7;281;89;1011
2005;9;258;23;133.4;0;0;0;0;24.8;18.9;8;1.8;295;91;1011
2005;9;258;24;154.4;0;0;0;0;24;17.4;8;2.7;329;87;1011
2005;9;259;1;-177.3;0;0;0;0;23.7;18.2;8;2.4;280;95;1011
2005;9;259;2;-150.2;0;0;0;0;23.2;17.9;8;3.3;319;98;1011
2005;9;259;3;-130.3;0;0;0;0;22.8;17.4;8;2.4;294;98;1011
2005;9;259;4;-116.6;0;0;0;0;22.5;16.9;8;2;277;97;1012
2005;9;259;5;-107;0;0;0;0;22.3;16.6;8;4.3;291;97;1012
2005;9;259;6;-99;0;0;0;0;22.1;15.7;8;5.9;297;92;1012
2005;9;259;7;-91.5;2.4;0;7;7;22.2;15.7;8;5.3;297;92;1012
2005;9;259;8;-84.4;15.7;16;106;122;23.2;15.6;8;4.8;271;84;1012
2005;9;259;9;-76.5;28.7;5;171;176;23.9;16.3;8;4.3;327;78;1012
2005;9;259;10;-66.5;41.3;50;301;351;25;15.2;8;4.8;310;74;1012
2005;9;259;11;-52.3;52.8;82;370;453;26;15.6;8;5.6;248;72;1013
2005;9;259;12;-29.5;61.6;241;411;653;27.3;14.2;6;5.1;155;66;1013
2005;9;259;13;3;64.8;200;439;639;28.2;14.8;7;5.3;108;62;1013
2005;9;259;14;34.3;60.4;251;414;666;29;14.5;6;6.3;62;59;1013
2005;9;259;15;55.3;51;625;191;816;29.9;11.1;1;7.2;73;52;1013
2005;9;259;16;68.5;39.2;570;96;666;30.4;11.1;0;5.9;341;50;1013
2005;9;259;17;78.2;26.5;361;63;424;30.3;12;0;3.9;344;50;1013
2005;9;259;18;85.6;13.4;162;54;216;29.6;11.6;0;3.3;2;51;1014
2005;9;259;19;93;0.2;0;7;7;28.5;11.9;0;3.7;68;57;1014
2005;9;259;20;100.2;0;0;0;0;27.7;12.1;0;5.1;24;61;1014
2005;9;259;21;108.3;0;0;0;0;26.9;12.3;0;5.3;4;66;1014
2005;9;259;22;118.6;0;0;0;0;26.2;11.9;0;4.1;18;67;1014
2005;9;259;23;133.2;0;0;0;0;25.5;11.4;0;4.8;336;68;1014
2005;9;259;24;154.3;0;0;0;0;24.7;11.1;0;4.1;32;70;1014
2005;9;260;1;-177.2;0;0;0;0;24;10.9;0;4.8;112;72;1014
2005;9;260;2;-149.6;0;0;0;0;23.2;11;0;5.3;252;78;1014
2005;9;260;3;-130;0;0;0;0;22.4;10.8;0;4.1;252;81;1015
2005;9;260;4;-116.3;0;0;0;0;21.9;10.3;0;2.2;259;80;1015
2005;9;260;5;-106.4;0;0;0;0;21.5;10.6;0;2.7;312;85;1015
2005;9;260;6;-98.4;0;0;0;0;21.1;11;0;3.5;294;90;1015
2005;9;260;7;-91.3;2.3;0;10;10;21.1;11.5;0;3.5;188;92;1015
2005;9;260;8;-84.2;15.6;139;63;202;22.4;12.7;0;2;180;90;1015
2005;9;260;9;-76.2;28.6;325;95;420;23.8;12.7;0;2.2;135;87;1015
2005;9;260;10;-66.2;41.2;484;135;619;25.2;12;0;1.8;191;77;1015
2005;9;260;11;-51.6;52.6;592;179;771;26.4;12.6;1;3;220;74;1016
2005;9;260;12;-29.2;61.3;654;212;866;27.4;12.6;2;3;129;69;1016
2005;9;260;13;3.1;64.4;610;263;873;28.1;13.8;3;2;92;71;1016
2005;9;260;14;34.2;60;592;242;835;28.6;13.8;3;1.7;195;67;1016
2005;9;260;15;55.1;50.6;555;184;739;28.8;13.9;2;2.4;174;67;1015
2005;9;260;16;68.2;38.9;456;128;584;28.6;14.2;0;2.2;117;68;1015
2005;9;260;17;77.6;26.3;307;82;389;28;14.3;0;1.1;236;69;1015
2005;9;260;18;85.4;13.2;132;46;178;26.9;14.8;0;1.5;178;73;1015
2005;9;260;19;92.5;0;0;4;4;25.9;14.6;1;1.1;247;78;1015
2005;9;260;20;100;0;0;0;0;25.3;15.3;1;1.5;215;86;1015
2005;9;260;21;108.1;0;0;0;0;24.8;15.5;2;2.4;79;90;1014
2005;9;260;22;118.4;0;0;0;0;24.3;15.4;2;1.8;121;93;1014
2005;9;260;23;133.1;0;0;0;0;23.7;15.4;3;2;81;96;1014
2005;9;260;24;154.3;0;0;0;0;23.2;15;3;3.5;24;97;1014
2005;9;261;1;-177;0;0;0;0;23.3;15.3;4;3.3;66;97;1014
2005;9;261;2;-149.3;0;0;0;0;23.3;15.1;4;3.3;356;94;1014
2005;9;261;3;-129.3;0;0;0;0;23.4;15.3;4;1.2;344;94;1013
2005;9;261;4;-116;0;0;0;0;23.4;15.5;5;1.5;65;94;1013
2005;9;261;5;-106.1;0;0;0;0;23.5;15.9;5;1.5;63;96;1013
2005;9;261;6;-98.1;0;0;0;0;23.5;16.5;6;1.1;39;99;1013
2005;9;261;7;-91.1;2.2;0;9;9;23.7;17;6;1;46;100;1013
2005;9;261;8;-83.6;15.5;42;114;156;25.1;17.8;7;1.4;26;94;1013
2005;9;261;9;-75.6;28.5;70;234;304;26.4;17.7;7;0.9;70;86;1012
2005;9;261;10;-65.5;41;142;309;451;27.8;17.6;7;0.7;120;79;1012
2005;9;261;11;-51.3;52.4;148;374;521;29;18.2;7;1.2;51;73;1012
2005;9;261;12;-28.5;61;251;413;663;30.3;17.7;6;1.4;51;68;1012
2005;9;261;13;3.2;64;195;441;635;31.2;18.4;7;1.4;337;64;1012
2005;9;261;14;34.1;59.7;190;418;607;31.7;18.4;7;1;85;61;1012
2005;9;261;15;54.5;50.3;127;365;492;31.9;18.8;7;1.7;195;59;1011
2005;9;261;16;68;38.6;77;291;368;31.7;19.8;7;1.7;147;63;1011
2005;9;261;17;77.4;26;30;198;227;31.1;21.1;8;0.5;173;69;1011
2005;9;261;18;85.2;12.9;8;85;93;30.3;21.7;8;0.8;326;72;1011
2005;9;261;19;92.3;0;0;1;1;29.3;20.8;8;0.8;260;74;1011
2005;9;261;20;99.4;0;0;0;0;28.8;22.2;8;0.8;170;87;1011
2005;9;261;21;107.6;0;0;0;0;28.4;22.6;8;1.8;247;92;1010
2005;9;261;22;118.2;0;0;0;0;28;22.2;8;1.7;163;93;1010
2005;9;261;23;132.5;0;0;0;0;27.6;21.9;8;2.4;144;95;1010
2005;9;261;24;154.2;0;0;0;0;27.1;20.7;8;2;196;91;1010
2005;9;262;1;-176.5;0;0;0;0;26.6;20.4;8;1.8;181;93;1010
2005;9;262;2;-149;0;0;0;0;26.1;19.6;8;2;143;91;1010
2005;9;262;3;-129;0;0;0;0;25.5;19.3;8;2.7;245;94;1010
2005;9;262;4;-115.3;0;0;0;0;24.7;18.8;8;3.9;169;98;1009
2005;9;262;5;-105.5;0;0;0;0;23.4;17.4;8;2.7;139;99;1009
2005;9;262;6;-97.5;0;0;0;0;24.7;18.7;8;2.7;42;98;1009
2005;9;262;7;-90.4;2.2;0;8;8;25;18.4;8;3.3;104;94;1009
2005;9;262;8;-83.3;15.4;34;107;140;25.5;19.3;8;2.4;28;98;1009
2005;9;262;9;-75.3;28.4;13;193;207;26.2;20.4;8;2.2;337;93;1009
2005;9;262;10;-65.2;40.9;18;283;302;27.2;19.7;8;1.4;342;83;1009
2005;9;262;11;-50.5;52.2;120;374;494;28.2;19.1;7;0.8;355;82;1008
2005;9;262;12;-28.2;60.7;128;424;552;29;19.9;7;0.8;330;82;1008
2005;9;262;13;3.3;63.6;7;278;285;29;22.9;8;0.9;15;82;1008
2005;9;262;14;33.5;59.3;2;257;259;28.9;21;8;1.4;347;71;1008
2005;9;262;15;54.3;50;8;266;273;28.8;22.3;8;3;48;82;1008
2005;9;262;16;67.4;38.3;23;234;258;28.7;19.6;8;2.7;95;70;1008
2005;9;262;17;77.2;25.7;0;35;35;28.1;23;8;3.9;54;75;1008
2005;9;262;18;85;12.6;0;50;50;27.6;21.3;8;3.7;74;76;1008
2005;9;262;19;92.1;0;0;2;2;27;21.4;8;3.3;86;81;1008
2005;9;262;20;99.2;0;0;0;0;26.6;21.5;8;3.7;128;86;1008
2005;9;262;21;107.4;0;0;0;0;26.3;21.3;8;3.5;175;87;1008
2005;9;262;22;118;0;0;0;0;26;20.8;8;1.7;134;87;1008
2005;9;262;23;132.4;0;0;0;0;25.5;20.9;8;1.7;174;93;1008
2005;9;262;24;154.1;0;0;0;0;25.1;21;8;1.8;175;97;1008
2005;9;263;1;-176.4;0;0;0;0;25;20.5;8;3.9;206;95;1008
2005;9;263;2;-148.3;0;0;0;0;24.7;20.3;8;3.5;227;97;1008
2005;9;263;3;-128.3;0;0;0;0;24.1;19.8;8;2.7;185;98;1008
2005;9;263;4;-115.1;0;0;0;0;23.3;18.9;8;2.2;190;99;1008
2005;9;263;5;-105.2;0;0;0;0;24.1;19.4;8;2.7;206;97;1008
2005;9;263;6;-97.3;0;0;0;0;24.3;19.2;8;3;247;94;1008
2005;9;263;7;-90.2;2.1;0;5;5;24.4;19.4;8;2.2;185;96;1008
2005;9;263;8;-83.1;15.3;3;99;102;25.1;19.4;8;2;139;92;1008
2005;9;263;9;-75;28.3;8;191;199;26;19.7;8;1.7;117;89;1008
2005;9;263;10;-64.5;40.7;14;265;280;26.7;19.5;8;2.2;115;82;1008
2005;9;263;11;-50.2;51.9;18;331;348;27.5;19.2;8;2.4;124;76;1009
2005;9;263;12;-27.5;60.4;30;406;436;28.3;19.6;8;0.9;175;77;1009
2005;9;263;13;3.4;63.2;33;426;459;28.9;19.2;8;0.6;164;72;1009
2005;9;263;14;33.4;58.9;26;384;411;29.2;21.6;8;0.7;104;82;1009
2005;9;263;15;54.1;49.6;12;300;312;29.3;20.9;8;0.7;122;73;1009
2005;9;263;16;67.2;38;10;238;249;29.2;20.8;8;0.8;132;72;1009
2005;9;263;17;76.6;25.4;4;161;165;28.9;20.3;8;0.5;262;71;1010
2005;9;263;18;84.5;12.4;0;53;53;28.3;21.1;8;0.6;199;72;1010
2005;9;263;19;91.5;0;0;1;1;27.7;20.7;7;0.8;115;75;1010
2005;9;263;20;99.1;0;0;0;0;27.1;20.4;7;1.1;46;79;1011
2005;9;263;21;107.2;0;0;0;0;26.5;20;6;1.2;94;83;1011
2005;9;263;22;117.4;0;0;0;0;26.1;19.4;6;0.9;160;84;1011
2005;9;263;23;132.2;0;0;0;0;25.5;18.5;5;2.2;46;84;1012
2005;9;263;24;154.1;0;0;0;0;25;17.7;5;3;40;86;1012
2005;9;264;1;-176.2;0;0;0;0;24.4;16.7;4;2.4;114;85;1012
2005;9;264;2;-148;0;0;0;0;23.8;16.2;4;1.4;5;88;1012
2005;9;264;3;-128;0;0;0;0;23.2;15;3;1.4;56;87;1013
2005;9;264;4;-114.4;0;0;0;0;22.9;14;3;1.1;192;85;1013
2005;9;264;5;-104.6;0;0;0;0;22.6;13.5;2;1;154;87;1013
2005;9;264;6;-97;0;0;0;0;22.4;13.3;2;0.8;65;89;1014
2005;9;264;7;-89.6;2;0;8;8;22.5;13.4;1;0.9;41;92;1014
2005;9;264;8;-82.4;15.2;128;66;194;24;14.1;1;1.4;62;87;1014
2005;9;264;9;-74.4;28.2;303;104;406;25.7;13.4;0;2.4;86;78;1014
2005;9;264;10;-64.2;40.6;429;161;590;27.3;13.4;2;3;104;70;1015
2005;9;264;11;-49.5;51.7;507;225;732;28.9;14.6;3;2.7;173;68;1015
2005;9;264;12;-27.2;60.1;571;258;828;30.2;14.8;3;3;130;63;1015
2005;9;264;13;3.5;62.8;612;252;864;31.2;14.9;3;1.7;237;59;1016
2005;9;264;14;33.3;58.5;628;208;836;32;14.4;2;1.4;202;54;1015
2005;9;264;15;53.5;49.3;572;162;734;32.3;14.6;1;1.7;185;53;1015
2005;9;264;16;67;37.7;476;105;581;32.2;15.6;0;2.7;111;56;1015
2005;9;264;17;76.4;25.2;305;72;376;31.6;15.6;0;2.7;58;57;1015
2005;9;264;18;84.3;12.1;115;45;160;30.5;16.1;0;2.2;114;59;1015
2005;9;264;19;91.3;0;0;3;3;29.2;15.2;1;3.3;114;61;1014
2005;9;264;20;98.5;0;0;0;0;28.4;15.7;1;4.3;132;67;1014
2005;9;264;21;107;0;0;0;0;27.7;15.4;2;2.7;26;68;1014
2005;9;264;22;117.2;0;0;0;0;27;14.8;2;4.5;45;69;1014
2005;9;264;23;132;0;0;0;0;26.4;14.7;3;3.9;111;71;1014
2005;9;264;24;153.6;0;0;0;0;25.7;15.3;3;4.3;192;78;1013
2005;9;265;1;-176.1;0;0;0;0;25.2;15.2;4;4.1;210;79;1013
2005;9;265;2;-147.3;0;0;0;0;24.7;15.1;4;3.7;51;81;1013
2005;9;265;3;-127.3;0;0;0;0;24.2;14.5;5;5.3;54;80;1013
2005;9;265;4;-114.1;0;0;0;0;24;14.2;5;5.3;122;78;1013
2005;9;265;5;-104.3;0;0;0;0;23.7;14.2;6;3.9;155;79;1012
2005;9;265;6;-96.4;0;0;0;0;23.5;14.6;6;4.5;172;82;1012
2005;9;265;7;-89.3;1.9;0;7;7;23.6;14.9;7;3.3;177;83;1012
2005;9;265;8;-82.2;15.1;29;111;140;24.7;15.7;7;4.1;129;79;1012
2005;9;265;9;-74.1;28;42;222;264;25.5;16.9;8;3;177;82;1012
2005;9;265;10;-63.5;40.4;88;307;395;26.7;15.9;7;1.8;169;71;1011
2005;9;265;11;-49.2;51.5;91;369;460;27.6;16.6;8;1.8;154;69;1011
2005;9;265;12;-26.5;59.8;106;436;542;28.4;16.2;8;2;195;64;1011
2005;9;265;13;3.6;62.4;110;451;561;29.1;16.9;8;1.1;175;64;1011
2005;9;265;14;33.2;58.1;106;427;533;29.5;17.2;8;1;185;63;1011
2005;9;265;15;53.3;48.9;120;373;493;29.7;17.1;7;1.8;137;63;1011
2005;9;265;16;66.4;37.4;113;283;396;29.7;16.9;7;2.4;239;62;1011
2005;9;265;17;76.2;24.9;37;194;230;29.2;20;8;2.4;325;77;1011
2005;9;265;18;84.1;11.8;12;83;95;28;21.1;8;2.2;312;86;1012
2005;9;265;19;91.2;0;0;1;1;27.7;20;7;4.5;303;82;1012
2005;9;265;20;98.3;0;0;0;0;27.1;19.8;7;4.3;326;86;1012
2005;9;265;21;106.4;0;0;0;0;26.5;18.5;7;3.5;240;82;1012
2005;9;265;22;117;0;0;0;0;26;18.4;7;2.4;327;86;1012
2005;9;265;23;131.4;0;0;0;0;25.5;17.9;6;3.3;233;88;1012
2005;9;265;24;153.5;0;0;0;0;24.9;17.4;6;3.7;183;89;1012
2005;9;266;1;-175.5;0;0;0;0;24.5;17;6;3.7;176;91;1013
2005;9;266;2;-147;0;0;0;0;24.1;16.6;6;3.5;167;92;1013
2005;9;266;3;-127;0;0;0;0;23.7;15.9;5;3.3;187;91;1013
2005;9;266;4;-113.5;0;0;0;0;23.4;16;5;4.3;82;94;1013
2005;9;266;5;-104.1;0;0;0;0;23.2;15.7;5;3;60;95;1013
2005;9;266;6;-96.2;0;0;0;0;23.1;15.3;4;2.7;41;94;1013
2005;9;266;7;-89.1;1.8;0;6;6;23.2;15.5;4;2.4;82;96;1013
2005;9;266;8;-81.6;15;85;82;167;24.5;14.9;4;3.5;76;82;1014
2005;9;266;9;-73.5;27.9;229;142;371;26.2;14;4;4.8;62;74;1014
2005;9;266;10;-63.3;40.2;346;207;553;27.8;13.9;4;4.5;59;67;1014
2005;9;266;11;-48.5;51.3;245;349;594;29;15.6;6;4.5;343;64;1014
2005;9;266;12;-26.2;59.4;317;385;702;30.1;15.7;6;4.3;341;61;1014
2005;9;266;13;4.1;62.1;422;342;764;31.1;15.5;5;3.5;356;58;1014
2005;9;266;14;33;57.7;456;300;757;31.8;15.4;4;4.3;336;55;1014
2005;9;266;15;53.1;48.6;467;224;691;32.3;14.9;3;4.8;335;52;1014
2005;9;266;16;66.3;37.1;353;170;523;32.3;15.8;3;4.5;338;54;1015
2005;9;266;17;76;24.6;228;108;336;31.7;15.4;3;4.5;340;52;1015
2005;9;266;18;83.5;11.6;90;54;144;30.7;15.8;2;3.9;333;55;1015
2005;9;266;19;90.6;0;0;2;2;29.6;15.7;2;2.2;349;60;1015
2005;9;266;20;98.1;0;0;0;0;28.7;15.3;2;3.7;337;63;1015
2005;9;266;21;106.2;0;0;0;0;27.8;14.7;2;4.8;62;65;1015
2005;9;266;22;116.4;0;0;0;0;27;14.1;2;4.5;2;67;1015
2005;9;266;23;131.3;0;0;0;0;26.3;13.7;2;4.3;344;70;1015
2005;9;266;24;153.4;0;0;0;0;25.5;11.9;1;4.5;5;65;1015
2005;9;267;1;-175.4;0;0;0;0;24.8;12.2;1;5.3;88;71;1016
2005;9;267;2;-146.3;0;0;0;0;24;11.8;1;5.9;32;74;1016
2005;9;267;3;-126.3;0;0;0;0;23.3;11.3;1;5.1;344;77;1016
2005;9;267;4;-113.2;0;0;0;0;22.9;11.1;1;4.1;9;78;1016
2005;9;267;5;-103.4;0;0;0;0;22.5;10.8;1;5.6;12;80;1016
2005;9;267;6;-95.5;0;0;0;0;22.2;11;0;5.1;3;84;1016
2005;9;267;7;-88.5;1.6;0;8;8;22.3;10.8;0;5.1;347;82;1016
2005;9;267;8;-81.3;14.8;168;45;214;24;11.4;0;3.9;54;75;1016
2005;9;267;9;-73.2;27.8;387;55;442;25.8;11;0;4.5;50;68;1017
2005;9;267;10;-62.6;40.1;568;78;646;27.5;10.2;0;3.7;60;57;1017
2005;9;267;11;-48.1;51;705;100;806;29.2;11.1;0;2.7;47;55;1017
2005;9;267;12;-25.6;59.1;782;119;902;30.6;11.5;0;1.5;85;51;1017
2005;9;267;13;4.2;61.7;793;130;923;31.7;12;0;3.3;63;48;1017
2005;9;267;14;32.5;57.3;761;118;880;32.3;12.1;0;3.7;77;46;1017
2005;9;267;15;52.5;48.3;682;91;773;32.6;12;0;4.3;97;44;1017
2005;9;267;16;66.1;36.8;532;67;599;32.5;12.7;0;4.8;66;46;1017
2005;9;267;17;75.4;24.3;334;51;384;31.8;12.9;0;5.6;41;47;1017
2005;9;267;18;83.3;11.3;115;41;156;30.6;13.8;0;5.9;99;50;1017
2005;9;267;19;90.4;0;0;1;1;29.2;13.4;0;7.2;324;55;1017
2005;9;267;20;97.5;0;0;0;0;28.2;13.5;0;9.5;338;60;1017
2005;9;267;21;106;0;0;0;0;27.3;12.7;0;8.6;339;61;1017
2005;9;267;22;116.2;0;0;0;0;26.4;11.9;0;8;344;62;1017
2005;9;267;23;131.1;0;0;0;0;25.5;12;0;6.7;334;68;1017
2005;9;267;24;153.4;0;0;0;0;24.6;12;0;4.3;51;73;1017
2005;9;268;1;-175.2;0;0;0;0;24;12.2;0;4.1;92;79;1017
2005;9;268;2;-146;0;0;0;0;23.2;11.8;0;3.7;42;82;1017
2005;9;268;3;-126;0;0;0;0;22.4;11.3;0;3.3;108;84;1017
2005;9;268;4;-112.5;0;0;0;0;22;11.1;0;3.5;175;87;1017
2005;9;268;5;-103.2;0;0;0;0;21.5;10.5;0;2;319;86;1017
2005;9;268;6;-95.3;0;0;0;0;21.2;10.5;0;2;304;89;1017
2005;9;268;7;-88.2;1.5;0;7;7;21.2;11;0;2.2;286;93;1017
2005;9;268;8;-81.1;14.7;168;45;213;22.7;11.9;0;1.8;244;88;1017
2005;9;268;9;-72.6;27.6;401;50;451;24.3;11.4;0;1.4;199;81;1017
2005;9;268;10;-62.3;39.9;603;65;668;25.9;10.8;0;1.4;236;71;1017
2005;9;268;11;-47.4;50.8;750;84;833;27.2;10.8;0;2;317;65;1017
2005;9;268;12;-25.3;58.8;835;98;933;28.5;11.4;0;1.4;300;62;1017
2005;9;268;13;4.2;61.3;858;101;960;29.4;12.1;0;0.9;299;60;1017
2005;9;268;14;32.4;57;819;95;915;30;12.8;0;1.1;322;61;1017
2005;9;268;15;52.3;47.9;723;78;801;30.3;12.6;0;1;266;58;1017
2005;9;268;16;65.5;36.5;564;61;626;30.1;12.5;0;0.5;233;57;1016
2005;9;268;17;75.2;24;350;49;399;29.4;12.4;0;0.6;333;57;1016
2005;9;268;18;83.2;11;122;37;159;28.2;13.4;0;0.7;292;61;1016
2005;9;268;19;90.2;0;0;1;1;26.8;13.5;1;1.5;254;68;1016
2005;9;268;20;97.4;0;0;0;0;26.2;14.2;1;1.1;239;74;1016
2005;9;268;21;105.4;0;0;0;0;25.6;14.3;2;1.7;168;77;1015
2005;9;268;22;116;0;0;0;0;24.9;14.5;2;2.7;148;81;1015
2005;9;268;23;130.5;0;0;0;0;24.2;14.2;3;3.5;235;83;1015
2005;9;268;24;153.3;0;0;0;0;23.6;14.1;3;4.8;191;85;1015
2005;9;269;1;-175.1;0;0;0;0;23.4;14.5;4;3.7;160;87;1014
2005;9;269;2;-145.3;0;0;0;0;23.2;14.8;4;4.5;207;89;1014
2005;9;269;3;-125.3;0;0;0;0;23;15.1;5;4.8;303;90;1014
2005;9;269;4;-112.2;0;0;0;0;23;15.6;5;4.8;257;93;1014
2005;9;269;5;-102.5;0;0;0;0;22.9;15.7;6;5.3;266;92;1013
2005;9;269;6;-95.1;0;0;0;0;22.8;16.9;6;6.7;203;100;1013
2005;9;269;7;-88;1.4;0;3;3;22.9;17.1;7;3.7;231;99;1013
2005;9;269;8;-80.5;14.6;13;101;114;23.9;17.6;7;3.3;119;92;1013
2005;9;269;9;-72.3;27.5;43;215;258;24.9;17.6;8;3.3;85;92;1013
2005;9;269;10;-62;39.7;27;297;324;25.9;17.9;8;3.9;56;83;1012
2005;9;269;11;-47.1;50.6;91;361;452;26.9;18.1;8;3.7;82;82;1012
2005;9;269;12;-25;58.5;161;416;578;28;16.9;7;4.5;173;72;1012
2005;9;269;13;4.3;60.9;163;430;593;28.9;17.4;7;4.1;173;70;1012
2005;9;269;14;32.3;56.6;213;395;608;29.6;17.2;7;4.3;247;67;1012
2005;9;269;15;52.1;47.6;177;361;539;30;17.2;7;6.3;260;66;1012
2005;9;269;16;65.3;36.2;257;219;475;30.2;16.4;5;5.6;332;64;1011
2005;9;269;17;75.1;23.8;132;148;280;29.8;17.5;5;4.1;293;66;1011
2005;9;269;18;82.6;10.8;21;76;96;29;18.7;5;5.9;306;68;1011
2005;9;269;19;90;0;0;1;1;28.1;18;6;6.7;318;70;1011
2005;9;269;20;97.2;0;0;0;0;27.6;17.9;6;7.6;293;72;1011
2005;9;269;21;105.2;0;0;0;0;27;17.6;6;7.2;313;73;1011
2005;9;269;22;115.4;0;0;0;0;26.6;17;6;8;311;73;1011
2005;9;269;23;130.3;0;0;0;0;26.1;16.3;6;5.1;264;72;1011
2005;9;269;24;153.2;0;0;0;0;25.6;15.5;6;7.2;241;70;1011
2005;9;270;1;-174.5;0;0;0;0;25.1;17;7;7.6;256;82;1011
2005;9;270;2;-145;0;0;0;0;24.6;16.5;7;6.7;235;82;1011
2005;9;270;3;-124.6;0;0;0;0;24.1;16.5;7;7.2;146;86;1011
2005;9;270;4;-111.5;0;0;0;0;23.8;16.5;7;5.1;74;88;1011
2005;9;270;5;-102.3;0;0;0;0;23.5;16;7;5.1;68;86;1011
2005;9;270;6;-94.4;0;0;0;0;23.3;15.8;7;6.7;130;86;1011
2005;9;270;7;-87.4;1.3;0;4;4;23.2;16;8;6.3;176;89;1011
2005;9;270;8;-80.2;14.5;17;103;121;23.7;16.8;8;6.3;207;90;1011
2005;9;270;9;-72;27.4;23;200;223;25.1;17.2;8;5.9;107;82;1011
2005;9;270;10;-61.3;39.6;83;295;377;26.3;17.4;7;3.9;147;82;1011
2005;9;270;11;-46.4;50.3;16;300;316;26.6;19.5;8;3.7;200;82;1011
2005;9;270;12;-24.4;58.1;11;289;300;26.9;17.9;8;3.5;226;68;1011
2005;9;270;13;4.4;60.5;65;402;468;27.5;18.8;8;3.9;223;79;1011
2005;9;270;14;32.2;56.2;169;398;567;28.2;15.4;7;3.7;237;64;1011
2005;9;270;15;51.5;47.2;259;328;587;28.8;13.9;5;4.5;179;59;1011
2005;9;270;16;65.1;35.9;165;252;417;28.9;15.2;6;4.8;143;61;1010
2005;9;270;17;74.5;23.5;150;146;296;28.8;14.5;4;3;118;59;1010
2005;9;270;18;82.4;10.5;70;76;146;28.2;13.5;4;2.7;174;60;1010
2005;9;270;19;89.5;0;0;3;3;27.4;13.3;4;1.5;165;62;1010
2005;9;270;20;96.6;0;0;0;0;26.7;14;5;1.8;202;68;1010
2005;9;270;21;105.1;0;0;0;0;26.2;14.4;5;1.7;196;72;1010
2005;9;270;22;115.2;0;0;0;0;25.5;14.9;5;0.8;337;78;1010
2005;9;270;23;130.1;0;0;0;0;24.8;14.8;5;0.8;323;80;1010
2005;9;270;24;153.1;0;0;0;0;24.2;15.1;6;1.4;191;85;1010
2005;9;271;1;-174.4;0;0;0;0;23.7;14.5;6;1.8;196;83;1010
2005;9;271;2;-144.3;0;0;0;0;23.1;14.6;6;2.7;186;86;1010
2005;9;271;3;-124.3;0;0;0;0;22.6;14.3;6;1.4;163;86;1010
2005;9;271;4;-111.3;0;0;0;0;22.3;15.3;7;0.9;199;94;1010
2005;9;271;5;-102;0;0;0;0;22;15.5;7;1;317;96;1010
2005;9;271;6;-94.2;0;0;0;0;21.8;16;7;1;310;99;1010
2005;9;271;7;-87.1;1.2;0;6;6;21.9;16.2;7;1.5;241;98;1010
2005;9;271;8;-79.6;14.4;5;99;104;21.9;16.4;8;0.8;198;98;1010
2005;9;271;9;-71.4;27.2;29;205;234;23.4;16.4;8;0.5;229;91;1010
2005;9;271;10;-61.1;39.4;14;247;260;24;17.1;8;0.4;184;85;1010
2005;9;271;11;-46.1;50.1;14;247;261;24.2;18.3;8;0.5;211;87;1010
2005;9;271;12;-24.1;57.8;329;375;704;25.7;14.6;5;0.7;297;83;1010
2005;9;271;13;4.5;60.1;92;415;507;26.2;17.4;8;0.8;236;82;1010
2005;9;271;14;32.1;55.8;221;370;591;26.7;14.8;6;1.1;157;71;1011
2005;9;271;15;51.4;46.9;28;242;270;26.3;20.1;8;1.8;137;86;1011
2005;9;271;16;64.5;35.6;278;252;530;26.9;13;4;3.5;57;70;1011
2005;9;271;17;74.3;23.2;61;123;183;26.6;16.8;6;3.5;72;70;1011
2005;9;271;18;82.2;10.2;0;11;11;25.8;20.1;6;3.7;13;71;1012
2005;9;271;19;89.3;0;0;1;1;25.2;19.7;5;3.3;58;75;1012
2005;9;271;20;96.4;0;0;0;0;24.7;19.4;5;3.9;5;80;1012
2005;9;271;21;104.5;0;0;0;0;24.2;18.5;5;3.5;335;81;1012
2005;9;271;22;115;0;0;0;0;23.7;18.1;4;3.3;345;84;1013
2005;9;271;23;129.5;0;0;0;0;23.3;17.1;4;2.7;359;85;1013
2005;9;271;24;153;0;0;0;0;22.8;16.1;3;1.7;3;85;1013
2005;9;272;1;-174.2;0;0;0;0;22.4;15.6;3;1.8;4;88;1013
2005;9;272;2;-143.6;0;0;0;0;22;14.9;3;2.2;331;89;1014
2005;9;272;3;-123.5;0;0;0;0;21.6;13.6;2;1.5;15;87;1014
2005;9;272;4;-110.6;0;0;0;0;21.4;12.8;2;0.7;346;86;1014
2005;9;272;5;-101.4;0;0;0;0;21.2;12.2;2;0.5;0;87;1014
2005;9;272;6;-93.6;0;0;0;0;21;11.7;1;0.7;7;88;1015
2005;9;272;7;-86.5;1.1;0;6;6;21.1;11.5;1;0.5;342;89;1015
2005;9;272;8;-79.3;14.3;142;51;192;22.6;12.3;0;0.8;16;87;1015
2005;9;272;9;-71.1;27.1;357;64;421;24.4;11.8;0;0.8;360;80;1015
2005;9;272;10;-60.4;39.2;539;86;624;26.1;11;0;0.8;79;68;1016
2005;9;272;11;-45.4;49.8;683;104;786;27.7;11.6;0;1.1;204;64;1016
2005;9;272;12;-23.5;57.5;753;125;878;29.1;11.9;0;2.4;231;59;1016
2005;9;272;13;4.5;59.7;763;135;898;30.1;12.1;0;2.4;57;55;1016
2005;9;272;14;31.6;55.4;724;126;850;30.8;12.7;0;3.7;140;54;1016
2005;9;272;15;51.2;46.6;624;108;731;31.1;13.2;0;3.5;184;54;1016
2005;9;272;16;64.3;35.3;473;83;557;30.9;14.1;0;3.3;272;57;1016
2005;9;272;17;74.1;22.9;266;72;338;30.1;15.7;0;3.9;243;64;1016
2005;9;272;18;82;10;77;45;122;28.9;16.4;0;4.1;248;66;1016
2005;9;272;19;89.1;0;0;0;0;27.6;15.8;0;4.3;229;70;1016
2005;9;272;20;96.2;0;0;0;0;26.8;15.8;0;4.3;186;75;1016
2005;9;272;21;104.3;0;0;0;0;26.2;15.4;0;5.3;244;78;1016
2005;9;272;22;114.4;0;0;0;0;25.5;14.6;0;2.7;293;77;1016
2005;9;272;23;129.3;0;0;0;0;24.8;14.1;0;3.3;267;80;1016
2005;9;272;24;152.5;0;0;0;0;24.1;13.2;0;3.3;309;79;1016
2005;9;273;1;-174;0;0;0;0;23.5;12.3;0;3;266;78;1016
2005;9;273;2;-143.2;0;0;0;0;22.9;11.7;0;2.7;177;78;1016
2005;9;273;3;-123.2;0;0;0;0;22.3;11.8;0;2.2;184;84;1016
2005;9;273;4;-110.3;0;0;0;0;21.9;11.8;0;4.5;201;86;1016
2005;9;273;5;-101.1;0;0;0;0;21.6;11.6;0;3;184;88;1016
2005;9;273;6;-93.3;0;0;0;0;21.4;11.6;0;2.7;326;89;1016
2005;9;273;7;-86.3;1;0;6;6;21.5;11.3;0;2.7;307;87;1016
2005;9;273;8;-79.1;14.2;128;58;186;22.9;11.5;0;2.4;282;79;1016
2005;9;273;9;-70.5;26.9;320;83;403;24.5;11.2;0;3;307;74;1016
2005;9;273;10;-60.1;39;488;113;601;26;10.5;0;1.4;310;64;1016
2005;9;273;11;-45.1;49.6;592;155;747;27.4;10.5;0;3.3;287;58;1016
2005;9;273;12;-23.2;57.1;661;179;840;28.7;9.8;0;3.3;297;50;1016
2005;9;273;13;5;59.3;689;178;867;29.7;9.5;0;2.7;298;45;1016
2005;9;273;14;31.4;55;658;163;821;30.3;9.5;0;3.3;287;43;1016
2005;9;273;15;50.6;46.2;597;120;717;30.6;9.3;0;1.8;333;41;1016
2005;9;273;16;64.1;35;473;81;554;30.5;9.4;0;1.5;195;40;1016
2005;9;273;17;73.5;22.6;286;60;346;29.9;9.4;0;1.2;244;40;1016
2005;9;273;18;81.4;9.7;88;40;128;28.8;10.2;0;1.7;160;43;1016
2005;9;273;19;88.5;0;0;1;1;27.6;9.4;0;1.4;177;44;1016
2005;9;273;20;96;0;0;0;0;26.3;9.4;0;1.4;243;49;1016
2005;9;273;21;104.1;0;0;0;0;25.1;9.2;0;2;253;54;1016
2005;9;273;22;114.2;0;0;0;0;23.8;8.5;0;2;220;57;1016
2005;9;273;23;129.1;0;0;0;0;22.7;8.1;0;1.4;218;61;1016
2005;9;273;24;152.4;0;0;0;0;21.5;7.1;0;1.4;238;63;1016
2005;10;274;1;-173.5;0;0;0;0;20.3;5.3;0;1.8;91;62;1016
2005;10;274;2;-142.5;0;0;0;0;19.1;5.3;0;2;137;69;1016
2005;10;274;3;-122.5;0;0;0;0;17.9;4.2;0;2;68;70;1016
2005;10;274;4;-110;0;0;0;0;17.2;3.3;0;1.6;39;70;1016
2005;10;274;5;-100.5;0;0;0;0;16.5;2.6;0;2.4;85;70;1016
2005;10;274;6;-93.1;0;0;0;0;16;1.6;0;1.6;96;68;1016
2005;10;274;7;-86.1;0.9;0;6;6;16.1;1.3;0;3.1;95;66;1016
2005;10;274;8;-78.5;14;144;49;193;18;2.7;0;3.1;112;62;1016
2005;10;274;9;-70.2;26.8;364;58;423;20.1;2.2;0;3.3;63;55;1016
2005;10;274;10;-59.4;38.8;560;73;633;22.1;2;0;3.3;50;48;1016
2005;10;274;11;-44.5;49.3;703;91;794;24;1.7;0;3.7;55;41;1016
2005;10;274;12;-22.6;56.8;788;104;892;25.5;2;0;2.4;87;37;1016
2005;10;274;13;5.1;58.9;804;110;914;26.6;2.9;0;2;103;37;1016
2005;10;274;14;31.3;54.7;766;100;866;27.3;4.4;0;1.1;128;38;1016
2005;10;274;15;50.4;45.9;660;84;744;27.6;4.1;0;1.3;59;36;1015
2005;10;274;16;63.5;34.7;503;64;567;27.4;4.4;0;0.4;318;36;1015
2005;10;274;17;73.3;22.4;289;54;344;26.5;6.3;0;0.5;86;42;1015
2005;10;274;18;81.3;9.4;81;40;121;25.1;8;0;0.3;177;48;1014
2005;10;274;19;88.3;0;0;0;0;23.6;7.7;1;0.2;252;52;1014
2005;10;274;20;95.4;0;0;0;0;22.8;8.9;2;0.1;230;59;1014
2005;10;274;21;103.5;0;0;0;0;22;9.6;2;1.1;160;65;1013
2005;10;274;22;113.6;0;0;0;0;21.2;10;2;0.3;223;69;1013
2005;10;274;23;128.5;0;0;0;0;20.4;10.4;3;0.6;107;74;1013
2005;10;274;24;152.3;0;0;0;0;19.6;10.5;4;1.6;95;78;1012
2005;10;275;1;-173.3;0;0;0;0;19.2;9.9;4;1;111;74;1012
2005;10;275;2;-142.2;0;0;0;0;18.8;10.5;4;1;8;78;1012
2005;10;275;3;-122.2;0;0;0;0;18.4;10.8;5;1.3;18;80;1011
2005;10;275;4;-109.3;0;0;0;0;18.2;11.5;6;1.8;76;83;1011
2005;10;275;5;-100.2;0;0;0;0;17.9;11.8;6;2.4;135;84;1011
2005;10;275;6;-92.5;0;0;0;0;17.8;12.9;6;2.2;157;90;1010
2005;10;275;7;-85.4;0.8;0;2;2;17.8;13.3;7;3.1;168;89;1010
2005;10;275;8;-78.2;13.9;0;23;23;17.6;14.4;8;3.5;219;96;1010
2005;10;275;9;-69.6;26.7;0;33;33;18.1;14;8;4.3;228;87;1009
2005;10;275;10;-59.2;38.6;7;185;192;19;11.8;8;4.3;104;80;1009
2005;10;275;11;-44.2;49.1;75;354;428;20.6;11;8;3.9;129;80;1009
2005;10;275;12;-22.4;56.5;510;317;826;23.1;5.4;4;4.6;90;56;1008
2005;10;275;13;5.1;58.5;131;313;445;23.7;9.7;7;5.2;89;53;1008
2005;10;275;14;31.2;54.3;0;68;68;22.6;16.3;8;5.5;105;70;1008
2005;10;275;15;50.2;45.5;84;333;417;23.3;9;8;5.5;30;54;1008
2005;10;275;16;63.3;34.4;26;233;260;23.3;9.8;8;5.7;152;53;1008
2005;10;275;17;73.1;22.1;175;129;304;23.4;7;3;6.6;139;54;1009
2005;10;275;18;81.1;9.2;18;59;77;22.8;9.1;4;7;158;53;1009
2005;10;275;19;88.2;0;0;0;0;22;9.2;4;5.2;160;57;1009
2005;10;275;20;95.2;0;0;0;0;21.6;9.7;4;5.2;103;62;1009
2005;10;275;21;103.3;0;0;0;0;21.2;9.1;5;2.4;134;61;1009
2005;10;275;22;113.4;0;0;0;0;20.8;9.2;5;2.2;56;65;1009
2005;10;275;23;128.3;0;0;0;0;20.4;8.9;5;3.5;33;66;1009
2005;10;275;24;152.2;0;0;0;0;20;9.2;5;3.5;106;70;1009
2005;10;276;1;-173.1;0;0;0;0;19.7;9.4;6;4.1;32;73;1010
2005;10;276;2;-141.4;0;0;0;0;19.4;8.9;6;4.9;127;73;1010
2005;10;276;3;-121.5;0;0;0;0;19.1;9.5;6;3.9;44;79;1010
2005;10;276;4;-109;0;0;0;0;19;8.7;7;4.6;26;75;1010
2005;10;276;5;-99.6;0;0;0;0;18.9;9;7;4.1;323;78;1010
2005;10;276;6;-92.2;0;0;0;0;18.8;8.8;7;3.5;7;78;1010
2005;10;276;7;-85.2;0.7;0;2;2;18.9;8.5;7;2.2;92;76;1010
2005;10;276;8;-78;13.8;40;94;134;20.2;8.8;8;2.6;102;69;1010
2005;10;276;9;-69.4;26.5;28;191;219;21.2;9.8;8;2.4;96;65;1010
2005;10;276;10;-58.5;38.4;56;287;343;22.4;8.8;8;2;24;57;1011
2005;10;276;11;-43.5;48.8;111;376;488;23.6;9.3;7;1.6;36;57;1011
2005;10;276;12;-22.1;56.1;205;392;596;24.8;8.4;6;1.6;133;50;1011
2005;10;276;13;5.2;58.1;612;242;854;26.5;6.3;2;1.4;169;46;1011
2005;10;276;14;31.1;53.9;636;239;874;27.7;5.9;1;1.6;128;42;1011
2005;10;276;15;50.1;45.2;122;330;452;27.8;10;7;2;269;42;1011
2005;10;276;16;63.1;34.1;0;102;102;26.6;14.7;8;1.6;272;47;1011
2005;10;276;17;72.6;21.8;37;153;190;26.1;12;7;1.6;262;51;1011
2005;10;276;18;80.5;8.9;0;10;10;25;15.8;7;1;292;54;1012
2005;10;276;19;87.6;0;0;0;0;24.2;14.7;7;1;249;55;1012
2005;10;276;20;95;0;0;0;0;23.7;15;6;0.9;225;61;1012
2005;10;276;21;103.1;0;0;0;0;23.2;14.4;6;2;284;63;1012
2005;10;276;22;113.2;0;0;0;0;22.7;13.5;6;3.7;269;63;1012
2005;10;276;23;128.1;0;0;0;0;22.2;12.9;6;4.6;274;65;1012
2005;10;276;24;152.1;0;0;0;0;21.7;13.4;5;4.9;283;74;1012
2005;10;277;1;-172.5;0;0;0;0;21;12.7;5;4.6;274;76;1013
2005;10;277;2;-141.1;0;0;0;0;20.3;12.8;5;4.6;222;85;1013
2005;10;277;3;-121.1;0;0;0;0;19.5;11.5;4;4.9;257;85;1013
2005;10;277;4;-108.4;0;0;0;0;19.2;10.9;4;4.6;211;86;1013
2005;10;277;5;-99.3;0;0;0;0;18.8;10.6;4;6.1;280;90;1013
2005;10;277;6;-91.6;0;0;0;0;18.6;11.2;4;6.4;336;99;1013
2005;10;277;7;-84.6;0.6;0;5;5;18.7;10.8;3;5.2;223;98;1014
2005;10;277;8;-77.4;13.7;87;76;163;20.2;10.7;3;5.9;151;89;1014
2005;10;277;9;-69.1;26.4;215;141;356;22.1;10.9;3;5.9;172;83;1014
2005;10;277;10;-58.2;38.3;391;159;550;24.1;9.3;0;5.2;207;65;1014
2005;10;277;11;-43.2;48.6;466;227;693;25.8;9.9;2;6.8;276;60;1014
2005;10;277;12;-21.5;55.8;566;235;800;27.3;8.9;2;6.4;265;51;1014
2005;10;277;13;5.2;57.7;616;214;830;28.6;9.3;0;6.1;307;48;1014
2005;10;277;14;31;53.5;626;171;797;29.5;9.5;0;7;302;45;1014
2005;10;277;15;49.5;44.9;581;118;699;29.9;9.4;0;7;316;43;1014
2005;10;277;16;62.6;33.8;445;85;530;29.8;10;0;6.8;303;44;1014
2005;10;277;17;72.4;21.5;249;67;316;29;11;0;7;340;48;1015
2005;10;277;18;80.3;8.7;66;40;106;27.5;11.5;0;5.9;325;50;1015
2005;10;277;19;87.4;0;0;0;0;26.2;10.9;0;6.8;291;54;1015
2005;10;277;20;94.5;0;0;0;0;25.4;11.9;0;6.1;328;62;1015
2005;10;277;21;102.4;0;0;0;0;24.6;11.6;0;4.3;225;66;1015
2005;10;277;22;112.5;0;0;0;0;23.8;10.8;0;2.4;233;66;1015
2005;10;277;23;127.4;0;0;0;0;23;10.5;0;1.1;212;69;1015
2005;10;277;24;151.6;0;0;0;0;22.2;9.5;0;0.9;289;69;1015
2005;10;278;1;-172.4;0;0;0;0;21.5;9.6;0;0.6;298;73;1015
2005;10;278;2;-140.4;0;0;0;0;20.9;9;0;0.5;308;74;1015
2005;10;278;3;-120.4;0;0;0;0;20.2;9.3;0;0.2;279;80;1015
2005;10;278;4;-108.1;0;0;0;0;19.9;8.7;0;0.6;284;79;1015
2005;10;278;5;-99.1;0;0;0;0;19.6;8.2;0;0.7;308;78;1015
2005;10;278;6;-91.4;0;0;0;0;19.3;8.2;0;1.1;300;80;1015
2005;10;278;7;-84.3;0.5;0;5;5;19.4;8.6;0;2.2;344;82;1015
2005;10;278;8;-77.1;13.5;106;61;167;21.1;10.1;0;1.8;301;79;1015
2005;10;278;9;-68.5;26.2;291;93;384;23.1;9.1;0;1.8;296;69;1015
2005;10;278;10;-57.6;38.1;461;124;585;25.2;8.8;0;2.9;318;59;1015
2005;10;278;11;-42.6;48.3;600;139;740;27.1;8.8;0;2.9;315;52;1015
2005;10;278;12;-21.3;55.4;669;161;830;28.8;8.2;0;3.1;306;44;1015
2005;10;278;13;5.3;57.3;682;169;850;30.1;9;0;2.2;294;42;1015
2005;10;278;14;30.5;53.1;643;157;800;30.9;9.8;0;2.6;272;41;1015
2005;10;278;15;49.3;44.5;563;125;689;31.2;9.9;0;3.1;172;40;1015
2005;10;278;16;62.4;33.5;403;108;511;31;10.1;0;3.9;98;40;1015
2005;10;278;17;72.2;21.3;223;79;302;30.1;10.1;0;5.5;266;40;1015
2005;10;278;18;80.1;8.4;55;43;98;28.6;12;0;4.6;262;46;1015
2005;10;278;19;87.2;0;0;0;0;27;11.8;0;4.3;275;52;1015
2005;10;278;20;94.3;0;0;0;0;26.4;12.2;1;2.8;142;58;1014
2005;10;278;21;102.2;0;0;0;0;25.6;12.1;1;2.6;215;61;1014
2005;10;278;22;112.3;0;0;0;0;24.9;11.9;1;2.2;149;64;1014
2005;10;278;23;127.2;0;0;0;0;24.1;12.2;1;2;272;70;1014
2005;10;278;24;151.4;0;0;0;0;23.4;11.7;2;1.8;158;72;1014
2005;10;279;1;-172.2;0;0;0;0;22.8;11.2;2;1.8;150;73;1014
2005;10;279;2;-140;0;0;0;0;22.2;10.9;2;2.9;64;75;1014
2005;10;279;3;-120.1;0;0;0;0;21.6;10.1;2;2.8;335;74;1014
2005;10;279;4;-107.4;0;0;0;0;21.2;9.8;3;3.1;348;75;1014
2005;10;279;5;-98.4;0;0;0;0;20.9;9.4;3;2.2;4;75;1014
2005;10;279;6;-91.1;0;0;0;0;20.7;10.3;3;2;42;82;1014
2005;10;279;7;-84.1;0.3;0;5;5;20.7;10.2;3;1.6;313;81;1014
2005;10;279;8;-76.5;13.4;96;65;161;22.3;11.2;4;1.8;324;76;1013
2005;10;279;9;-68.2;26.1;195;142;336;24;11.6;4;2.6;300;72;1013
2005;10;279;10;-57.3;37.9;295;217;511;25.8;11;4;2.9;59;62;1013
2005;10;279;11;-42.3;48;454;239;693;27.6;9.7;3;3.1;111;52;1013
2005;10;279;12;-21.1;55.1;394;309;704;28.9;11;5;4.3;87;48;1013
2005;10;279;13;5.3;56.9;399;321;720;29.9;11.4;5;4.3;168;46;1013
2005;10;279;14;30.4;52.8;447;265;712;30.6;11.3;4;4.9;151;44;1013
2005;10;279;15;49.1;44.2;280;281;561;30.8;12;5;4.3;261;43;1013
2005;10;279;16;62.2;33.2;213;210;423;30.5;11.6;5;3.9;113;41;1013
2005;10;279;17;72;21;62;164;226;29.6;12.9;7;2.9;160;44;1013
2005;10;279;18;79.6;8.2;12;56;68;28.3;14;6;4.1;197;49;1013
2005;10;279;19;87;0;0;0;0;27;13.2;6;4.6;261;52;1013
2005;10;279;20;94.1;0;0;0;0;26.4;13;6;4.3;255;55;1013
2005;10;279;21;102;0;0;0;0;25.7;12.5;5;3.7;238;57;1013
2005;10;279;22;112.1;0;0;0;0;25.1;12.4;5;3.7;139;61;1013
2005;10;279;23;126.6;0;0;0;0;24.4;11.5;4;4.1;113;61;1013
2005;10;279;24;151.3;0;0;0;0;23.7;10.5;4;3.7;90;61;1013
2005;10;280;1;-171.6;0;0;0;0;23.2;10.5;3;3.9;68;66;1013
2005;10;280;2;-139.3;0;0;0;0;22.6;9.6;3;3.9;109;65;1013
2005;10;280;3;-119.4;0;0;0;0;22.1;9.3;3;2.9;171;68;1013
2005;10;280;4;-107.1;0;0;0;0;21.7;9;2;1.6;258;70;1013
2005;10;280;5;-98.2;0;0;0;0;21.4;8.6;2;1.4;156;71;1013
2005;10;280;6;-90.5;0;0;0;0;21.2;8.9;1;2;155;76;1013
2005;10;280;7;-83.5;0.2;0;6;6;21.3;9.1;1;2.4;177;78;1013
2005;10;280;8;-76.3;13.3;139;54;194;23.2;9.7;0;2.9;91;70;1013
2005;10;280;9;-67.6;25.9;344;65;409;25.4;9.8;0;3.3;6;63;1013
2005;10;280;10;-57.1;37.7;521;92;613;27.5;9.1;0;3.7;107;52;1013
2005;10;280;11;-42;47.8;473;234;708;29.3;10.2;3;4.6;102;47;1013
2005;10;280;12;-20.5;54.8;251;382;633;30.2;12.3;6;3.5;94;45;1013
2005;10;280;13;5.4;56.6;240;386;625;30.8;13.2;6;3.5;23;45;1013
2005;10;280;14;30.3;52.4;144;382;526;30.9;14.5;7;3.9;54;46;1013
2005;10;280;15;48.6;43.9;115;340;455;30.9;14;7;3.9;37;45;1013
2005;10;280;16;62;32.9;170;224;394;30.5;13.4;6;4.3;36;46;1013
2005;10;280;17;71.4;20.7;127;129;256;29.8;12.9;5;4.9;59;47;1013
2005;10;280;18;79.4;7.9;36;53;89;28.6;14;5;5.2;87;54;1013
2005;10;280;19;86.4;0;0;0;0;27.3;13.2;5;4.3;31;56;1012
2005;10;280;20;93.5;0;0;0;0;26.6;14.1;5;4.6;86;64;1012
2005;10;280;21;101.4;0;0;0;0;25.8;13.4;5;4.6;94;65;1012
2005;10;280;22;111.5;0;0;0;0;25;13.2;4;3.9;92;68;1012
2005;10;280;23;126.3;0;0;0;0;24.2;12.7;4;4.3;54;69;1012
2005;10;280;24;151.2;0;0;0;0;23.5;11.5;4;3.9;102;67;1012
2005;10;281;1;-171.4;0;0;0;0;22.9;11.7;4;3.1;118;72;1012
2005;10;281;2;-138.5;0;0;0;0;22.3;12.3;4;4.1;87;79;1012
2005;10;281;3;-119;0;0;0;0;21.7;12.4;4;4.6;156;84;1012
2005;10;281;4;-106.4;0;0;0;0;21.3;12.5;4;4.3;48;87;1012
2005;10;281;5;-97.5;0;0;0;0;21;12.6;4;4.6;137;90;1012
2005;10;281;6;-90.3;0;0;0;0;20.8;13.5;3;5.2;130;99;1012
2005;10;281;7;-83.3;0.1;0;4;4;20.8;13.5;3;4.9;148;98;1012
2005;10;281;8;-76.1;13.1;47;89;137;22.2;14.2;3;5.2;158;91;1012
2005;10;281;9;-67.3;25.7;271;138;409;24.5;11.9;3;4.1;232;80;1012
2005;10;281;10;-56.4;37.5;154;272;426;25.7;14.1;6;4.6;99;72;1012
2005;10;281;11;-41.4;47.5;213;336;549;26.9;14.2;6;4.9;127;67;1012
2005;10;281;12;-20.3;54.4;317;349;666;28.3;14.1;6;4.6;89;63;1012
2005;10;281;13;5.4;56.2;264;384;647;29.1;14.5;6;3.7;110;59;1012
2005;10;281;14;30.2;52;242;359;602;29.7;13.7;6;3.5;56;52;1012
2005;10;281;15;48.4;43.5;117;329;446;29.7;15.5;7;5.2;70;55;1012
2005;10;281;16;61.4;32.6;167;232;399;29.5;13.9;6;4.3;31;53;1012
2005;10;281;17;71.2;20.5;136;123;259;28.8;13.3;5;4.3;82;53;1012
2005;10;281;18;79.2;7.7;40;62;101;27.7;13.7;5;5.5;163;61;1012
2005;10;281;19;86.2;0;0;0;0;26.5;13.6;5;4.3;156;67;1012
2005;10;281;20;93.3;0;0;0;0;26;13.6;4;3.7;125;70;1012
2005;10;281;21;101.2;0;0;0;0;25.3;13.1;4;2.6;137;71;1012
2005;10;281;22;111.2;0;0;0;0;24.7;13.3;4;2.8;94;75;1012
2005;10;281;23;126.1;0;0;0;0;24;13.4;4;2.9;18;80;1012
2005;10;281;24;151;0;0;0;0;23.4;13.5;4;2.6;314;85;1012
2005;10;282;1;-171.2;0;0;0;0;23;13.4;4;2.6;347;87;1012
2005;10;282;2;-138.1;0;0;0;0;22.5;13;4;2.4;333;87;1012
2005;10;282;3;-118.3;0;0;0;0;22;12.8;4;2.2;52;89;1012
2005;10;282;4;-106.2;0;0;0;0;21.8;12.9;4;2.8;85;91;1012
2005;10;282;5;-97.3;0;0;0;0;21.5;12.5;4;4.1;48;90;1013
2005;10;282;6;-90;0;0;0;0;21.4;12.7;4;4.3;56;92;1013
2005;10;282;7;-83;0;0;4;4;21.4;13.2;4;2.8;38;94;1013
2005;10;282;8;-75.4;13;80;68;147;22.9;13.4;4;2.4;54;84;1013
2005;10;282;9;-67.1;25.6;220;144;364;24.9;13.3;4;1.4;121;80;1013
2005;10;282;10;-56.2;37.3;221;253;474;26.5;13.5;5;1.3;54;68;1013
2005;10;282;11;-41.1;47.2;385;257;642;28.2;13.6;4;1.6;129;64;1013
2005;10;282;12;-20.1;54.1;340;334;674;29.5;14.4;5;2.8;162;59;1013
2005;10;282;13;5.5;55.8;284;372;657;30.4;14.7;6;2.6;173;54;1013
2005;10;282;14;30.1;51.6;207;361;569;30.8;16.4;6;2.4;181;57;1013
2005;10;282;15;48.2;43.2;309;262;571;31.1;15.9;5;2.4;225;58;1012
2005;10;282;16;61.2;32.3;206;207;413;30.9;15.5;5;2.8;169;54;1012
2005;10;282;17;71.1;20.2;121;121;242;30.1;16;5;2.2;112;58;1012
2005;10;282;18;79;7.4;23;47;70;28.9;16.9;5;3.3;111;61;1012
2005;10;282;19;86.1;0;0;0;0;27.6;17.3;5;2.9;202;69;1012
2005;10;282;20;93.1;0;0;0;0;27.1;17.2;5;3.1;155;72;1012
2005;10;282;21;101;0;0;0;0;26.6;16.9;5;2.8;90;73;1012
2005;10;282;22;110.6;0;0;0;0;26.2;18;6;2.9;59;81;1012
2005;10;282;23;125.5;0;0;0;0;25.8;17.4;6;3.5;56;80;1012
2005;10;282;24;150.5;0;0;0;0;25.3;17.1;6;4.3;43;81;1011
2005;10;283;1;-171;0;0;0;0;25;16.8;6;3.5;164;81;1011
2005;10;283;2;-137.4;0;0;0;0;24.7;17.1;6;4.6;230;84;1011
2005;10;283;3;-117.6;0;0;0;0;24.4;16.7;7;3.7;204;83;1011
2005;10;283;4;-105.5;0;0;0;0;24.3;15.8;7;2.8;302;78;1011
2005;10;283;5;-97;0;0;0;0;24.1;16.7;7;3.5;300;85;1011
2005;10;283;6;-89.4;0;0;0;0;24;16.9;7;4.6;293;87;1011
2005;10;283;7;-82.4;0;0;1;1;24.1;17.1;7;5.5;326;87;1011
2005;10;283;8;-75.2;12.9;11;88;99;25.1;17.5;8;5.5;259;82;1011
2005;10;283;9;-66.5;25.4;40;201;241;26.5;17.2;8;4.1;315;77;1010
2005;10;283;10;-55.5;37;100;284;383;28;16.2;7;5.2;269;67;1010
2005;10;283;11;-40.5;47;131;362;494;29.4;16.1;7;6.1;240;60;1010
2005;10;283;12;-19.5;53.7;140;392;532;30.6;16.9;7;5.9;149;58;1010
2005;10;283;13;5.5;55.4;106;400;506;31.3;20.3;8;5.5;93;69;1010
2005;10;283;14;29.6;51.3;91;372;463;31.6;22.2;8;5.2;62;76;1010
2005;10;283;15;48.1;42.9;96;330;426;31.9;20;7;5.5;117;64;1010
2005;10;283;16;61.1;32;52;262;313;31.5;22.2;8;5.5;120;76;1011
2005;10;283;17;70.5;19.9;26;149;175;31.2;20.8;8;5.2;133;67;1011
2005;10;283;18;78.4;7.2;7;48;55;30.3;19.2;7;7.6;227;60;1011
2005;10;283;19;85.5;0;0;0;0;29.3;19.2;7;7.6;115;66;1011
2005;10;283;20;92.5;0;0;0;0;28.5;18.9;6;6.6;255;71;1012
2005;10;283;21;100.4;0;0;0;0;27.7;18.4;6;6.4;276;74;1012
2005;10;283;22;110.4;0;0;0;0;26.9;17.6;5;4.6;249;76;1012
2005;10;283;23;125.2;0;0;0;0;26.3;16.5;5;5.5;218;75;1012
2005;10;283;24;150.3;0;0;0;0;25.6;15.6;4;4.6;234;76;1013
2005;10;284;1;-170.4;0;0;0;0;24.8;15.3;4;3.5;268;80;1013
2005;10;284;2;-137;0;0;0;0;24.1;14.5;3;2.6;228;81;1013
2005;10;284;3;-117.2;0;0;0;0;23.4;15;3;3.1;230;92;1013
2005;10;284;4;-105.2;0;0;0;0;23.1;14.6;2;1.4;294;93;1014
2005;10;284;5;-96.4;0;0;0;0;22.7;14;2;0.9;175;94;1014
2005;10;284;6;-89.2;0;0;0;0;22.5;13.7;1;1.6;134;95;1014
2005;10;284;7;-82.2;0;0;4;4;22.6;13.7;1;1.3;131;96;1014
2005;10;284;8;-74.6;12.7;129;46;175;24.2;15.2;0;1.4;352;96;1015
2005;10;284;9;-66.3;25.2;348;54;402;26.1;15;0;1.3;61;90;1015
2005;10;284;10;-55.3;36.8;547;65;611;28;14.3;0;1;349;76;1015
2005;10;284;11;-40.3;46.7;688;81;769;29.9;14.2;0;1.8;331;66;1015
2005;10;284;12;-19.4;53.4;770;93;863;31.5;14.9;0;2.4;347;62;1016
2005;10;284;13;5.5;55;785;97;882;32.7;15.9;0;3.3;12;61;1016
2005;10;284;14;29.5;50.9;745;87;833;33.5;15.7;0;2.9;25;56;1016
2005;10;284;15;47.5;42.5;636;73;709;33.8;15.1;0;3.5;62;51;1016
2005;10;284;16;60.5;31.8;472;55;528;33.7;15.1;0;4.3;61;50;1016
2005;10;284;17;70.3;19.7;250;53;303;32.9;16.2;0;3.9;318;54;1016
2005;10;284;18;78.2;6.9;57;33;90;31.6;17.2;0;3.1;9;58;1016
2005;10;284;19;85.3;0;0;0;0;30.3;17.2;0;3.3;359;64;1016
2005;10;284;20;92.3;0;0;0;0;29.5;17.1;0;3.3;306;68;1016
2005;10;284;21;100.2;0;0;0;0;28.7;16.6;0;3.3;124;69;1016
2005;10;284;22;110.1;0;0;0;0;27.9;16.4;0;3.7;87;73;1016
2005;10;284;23;124.6;0;0;0;0;27.1;15.9;0;3.5;89;75;1015
2005;10;284;24;150.2;0;0;0;0;26.4;15.1;0;2.6;171;75;1015
2005;10;285;1;-170.2;0;0;0;0;25.5;14.5;0;2.2;106;77;1015
2005;10;285;2;-136.3;0;0;0;0;24.6;14.2;0;2;282;81;1015
2005;10;285;3;-116.5;0;0;0;0;23.7;14.1;0;2.4;312;87;1015
2005;10;285;4;-104.5;0;0;0;0;23.2;13.7;0;2.6;311;88;1015
2005;10;285;5;-96.1;0;0;0;0;22.8;13.7;0;1.8;282;91;1015
2005;10;285;6;-88.6;0;0;0;0;22.4;13.8;0;1.8;331;94;1015
2005;10;285;7;-81.6;0;0;3;3;22.5;14.4;0;2.6;289;98;1015
2005;10;285;8;-74.4;12.6;97;58;154;23.9;14.2;0;3.7;310;85;1015
2005;10;285;9;-66;25.1;277;90;367;25.7;13.6;0;2.4;308;78;1015
2005;10;285;10;-55;36.6;454;114;568;27.5;12.1;0;3.1;304;63;1015
2005;10;285;11;-40;46.4;593;128;721;29.4;13.1;0;3.5;269;60;1015
2005;10;285;12;-19.2;53.1;634;164;799;30.8;13.6;0;2;303;56;1015
2005;10;285;13;5.5;54.6;657;164;821;32;13.4;0;2.6;295;50;1015
2005;10;285;14;29.4;50.5;599;164;762;32.6;13.9;0;2.6;280;49;1015
2005;10;285;15;47.3;42.2;502;141;643;32.9;14.1;0;1.6;296;48;1015
2005;10;285;16;60.3;31.5;351;117;467;32.6;14.6;0;2.4;145;48;1015
2005;10;285;17;70.1;19.4;174;86;259;31.7;15.6;0;2.2;135;51;1015
2005;10;285;18;78.1;6.7;36;36;72;30.4;16.6;0;2;59;55;1015
2005;10;285;19;85.1;0;0;0;0;29.1;16.9;0;1.3;355;64;1015
2005;10;285;20;92.1;0;0;0;0;28.2;16.5;0;1.8;68;66;1015
2005;10;285;21;99.6;0;0;0;0;27.3;16.2;0;2;107;70;1015
2005;10;285;22;109.5;0;0;0;0;26.6;15.7;0;1.6;46;73;1015
2005;10;285;23;124.3;0;0;0;0;25.8;15.8;0;1.3;98;78;1015
2005;10;285;24;150;0;0;0;0;25;15.3;0;0.6;95;81;1015
2005;10;286;1;-170;0;0;0;0;24.4;14.9;0;0.7;79;84;1015
2005;10;286;2;-135.5;0;0;0;0;23.7;15;0;0.4;157;90;1015
2005;10;286;3;-116.2;0;0;0;0;23;14.7;0;0.5;111;94;1015
2005;10;286;4;-104.2;0;0;0;0;22.6;14.6;0;0.2;138;96;1015
2005;10;286;5;-95.5;0;0;0;0;22.3;14.7;0;0.3;87;100;1015
2005;10;286;6;-88.3;0;0;0;0;22;14.3;0;0.1;49;100;1015
2005;10;286;7;-81.4;0;0;3;3;22.1;14;0;0.1;94;98;1015
2005;10;286;8;-74.2;12.5;85;67;152;23.6;14.5;0;0.1;87;90;1015
2005;10;286;9;-65.4;24.9;249;104;354;25.4;14.1;0;0.3;77;82;1015
2005;10;286;10;-54.4;36.4;407;135;542;27.3;12.7;0;0.5;109;66;1015
2005;10;286;11;-39.4;46.2;522;169;691;29.2;13;0;0.4;83;60;1015
2005;10;286;12;-19;52.7;574;200;774;30.7;13;0;0.7;153;53;1015
2005;10;286;13;5.6;54.2;576;213;789;31.9;12.9;0;1.1;151;47;1015
2005;10;286;14;29.3;50.2;544;194;739;32.6;13.1;0;1;157;45;1015
2005;10;286;15;47.2;41.9;491;144;635;32.9;13.1;0;1;242;43;1015
2005;10;286;16;60.1;31.2;345;115;460;32.6;13.7;0;0.9;216;44;1015
2005;10;286;17;69.5;19.2;140;125;265;31.8;13.6;3;1;250;45;1015
2005;10;286;18;77.5;6.4;0;30;30;30.3;15.6;3;0.7;190;49;1015
2005;10;286;19;84.5;0;0;0;0;29.3;16;3;0.3;235;55;1015
2005;10;286;20;91.5;0;0;0;0;28.4;16.1;2;0.9;107;61;1015
2005;10;286;21;99.3;0;0;0;0;27.4;15.7;2;0.7;107;65;1015
2005;10;286;22;109.2;0;0;0;0;26.6;15.6;2;1.3;122;70;1015
2005;10;286;23;124;0;0;0;0;25.7;14.7;2;0.2;154;71;1015
2005;10;286;24;149.4;0;0;0;0;24.9;14;2;0.6;248;73;1015
2005;10;287;1;-169.5;0;0;0;0;24.2;14;1;0.4;295;79;1015
2005;10;287;2;-135.1;0;0;0;0;23.4;13.1;1;0.6;286;79;1015
2005;10;287;3;-115.4;0;0;0;0;22.6;12.5;1;1.3;304;81;1015
2005;10;287;4;-103.6;0;0;0;0;22.2;12.5;1;1.3;300;85;1015
2005;10;287;5;-95.2;0;0;0;0;21.8;11.9;1;1.3;304;86;1015
2005;10;287;6;-88.1;0;0;0;0;21.6;11.6;1;1.8;301;86;1015
2005;10;287;7;-81.2;0;0;3;3;21.6;11.4;0;1;311;86;1015
2005;10;287;8;-73.5;12.3;111;50;161;23.1;12.2;0;0.9;298;81;1015
2005;10;287;9;-65.2;24.7;314;66;380;25.1;11.7;0;1.3;262;73;1015
2005;10;287;10;-54.2;36.2;493;84;577;27;11.2;0;1.4;288;63;1015
2005;10;287;11;-39.2;45.9;631;101;733;28.9;11.3;0;1;242;55;1015
2005;10;287;12;-18.5;52.4;706;116;822;30.6;11.4;0;0.9;317;49;1015
2005;10;287;13;5.6;53.9;714;124;838;31.8;11.5;0;1.3;234;45;1015
2005;10;287;14;29.1;49.8;676;111;787;32.5;12;0;1.4;235;44;1015
2005;10;287;15;47;41.6;565;98;663;32.8;12.9;0;1.6;145;45;1015
2005;10;287;16;59.5;30.9;414;74;488;32.5;13.3;0;1.4;161;46;1015
2005;10;287;17;69.4;18.9;155;118;273;31.5;14;3;2;220;48;1015
2005;10;287;18;77.3;6.2;0;29;29;30;17.1;3;2;89;56;1015
2005;10;287;19;84.3;0;0;0;0;29.1;18.2;3;2.9;82;66;1015
2005;10;287;20;91.3;0;0;0;0;28.2;18;3;2.4;41;70;1015
2005;10;287;21;99.1;0;0;0;0;27.3;18.1;4;2.8;122;76;1014
2005;10;287;22;108.6;0;0;0;0;26.5;18;4;2.8;77;81;1014
2005;10;287;23;123.4;0;0;0;0;25.7;17.7;4;2.2;47;85;1014
2005;10;287;24;149.3;0;0;0;0;24.9;17.2;4;2.4;84;88;1014
2005;10;288;1;-169.3;0;0;0;0;24.3;16.9;4;2.2;127;91;1014
2005;10;288;2;-134.3;0;0;0;0;23.6;16.4;4;2.6;64;93;1014
2005;10;288;3;-115.1;0;0;0;0;22.9;15.6;4;2.8;121;92;1014
2005;10;288;4;-103.3;0;0;0;0;22.6;15.8;4;2.6;85;97;1014
2005;10;288;5;-95;0;0;0;0;22.3;15.6;4;3.1;37;98;1014
2005;10;288;6;-87.5;0;0;0;0;22;15.5;4;3.1;112;100;1014
2005;10;288;7;-80.5;0;0;2;2;22;15.5;4;2.9;91;100;1014
2005;10;288;8;-73.3;12.2;47;73;120;23.2;16.4;5;3.3;48;98;1014
2005;10;288;9;-64.6;24.6;148;149;297;24.8;15.6;5;2.9;93;89;1013
2005;10;288;10;-53.5;36;242;227;468;26.4;14.3;5;3.1;85;74;1013
2005;10;288;11;-38.6;45.6;440;209;649;28.1;13.7;3;4.1;153;66;1013
2005;10;288;12;-18.3;52;466;255;721;29.6;13.6;3;3.9;193;58;1013
2005;10;288;13;6;53.5;386;304;690;30.6;13.7;5;2.9;253;52;1013
2005;10;288;14;29;49.4;410;259;669;31.3;13.5;4;2.4;313;49;1013
2005;10;288;15;46.5;41.3;409;189;598;31.6;13;2;3.3;315;46;1013
2005;10;288;16;59.4;30.6;247;169;416;31.4;13.9;4;2.9;333;48;1013
2005;10;288;17;69.2;18.7;85;131;216;30.5;15.3;6;3.3;303;52;1013
2005;10;288;18;77.1;6;0;24;24;29.2;16.4;5;4.3;308;54;1013
2005;10;288;19;84.2;0;0;0;0;28.3;17.8;5;4.1;306;65;1013
2005;10;288;20;91.1;0;0;0;0;27.5;17.9;5;2.9;329;70;1013
2005;10;288;21;98.5;0;0;0;0;26.6;17.6;5;3.1;324;74;1013
2005;10;288;22;108.3;0;0;0;0;26;17.2;5;2.4;293;76;1013
2005;10;288;23;123.1;0;0;0;0;25.2;17;5;1.6;295;81;1013
2005;10;288;24;149.1;0;0;0;0;24.4;15.8;5;2.4;298;78;1012
2005;10;289;1;-169.1;0;0;0;0;23.8;15.5;5;2.6;312;81;1012
2005;10;289;2;-133.6;0;0;0;0;23.2;15.2;5;2.2;304;84;1012
2005;10;289;3;-114.4;0;0;0;0;22.5;14.9;4;2.4;266;87;1012
2005;10;289;4;-103;0;0;0;0;22.2;14.4;4;1.6;297;86;1012
2005;10;289;5;-94.4;0;0;0;0;21.9;13.8;4;2.4;263;85;1012
2005;10;289;6;-87.3;0;0;0;0;21.6;13.6;4;3.7;247;86;1012
2005;10;289;7;-80.3;0;0;1;1;21.6;13.7;4;5.2;163;86;1012
2005;10;289;8;-73.1;12;27;82;108;22.6;13.6;4;4.9;107;79;1012
2005;10;289;9;-64.3;24.4;151;157;308;24.1;12.1;4;3.1;97;73;1012
2005;10;289;10;-53.3;35.8;337;189;526;25.8;10.8;1;2.6;59;64;1012
2005;10;289;11;-38.3;45.3;536;182;717;27.6;10.2;0;2.6;8;57;1012
2005;10;289;12;-18.1;51.7;305;344;648;28.6;11.6;5;2.9;32;50;1012
2005;10;289;13;6;53.1;525;257;782;29.7;10.9;2;1.8;39;49;1012
2005;10;289;14;28.5;49.1;189;356;545;30;13.7;6;2;28;49;1012
2005;10;289;15;46.3;40.9;15;261;276;29.3;15.7;8;1.4;110;49;1012
2005;10;289;16;59.2;30.3;11;216;227;28.6;15.4;8;2.2;61;51;1012
2005;10;289;17;69;18.4;0;106;106;27.6;16.2;8;1.3;87;55;1012
2005;10;289;18;76.5;5.7;0;18;18;26.6;16.1;8;1.1;102;60;1012
2005;10;289;19;83.6;0;0;0;0;26.1;16.1;7;1.6;227;64;1012
2005;10;289;20;90.5;0;0;0;0;25.6;15.9;6;2.4;176;67;1012
2005;10;289;21;98.3;0;0;0;0;25.1;15.4;6;3.5;231;69;1012
2005;10;289;22;108.1;0;0;0;0;24.5;15;6;3.1;273;71;1012
2005;10;289;23;122.4;0;0;0;0;24;15.4;5;2.2;278;79;1012
2005;10;289;24;148.5;0;0;0;0;23.5;14.6;4;2.4;340;79;1012
2005;10;290;1;-168.4;0;0;0;0;23;14.2;4;3.1;300;82;1012
2005;10;290;2;-133.2;0;0;0;0;22.5;13.3;4;1.8;172;81;1013
2005;10;290;3;-114.1;0;0;0;0;21.9;12.8;3;3.3;254;83;1013
2005;10;290;4;-102.4;0;0;0;0;21.7;12.1;2;3.1;229;82;1013
2005;10;290;5;-94.1;0;0;0;0;21.4;12.7;2;3.5;162;91;1013
2005;10;290;6;-87.1;0;0;0;0;21.2;12.3;2;2.6;156;91;1013
2005;10;290;7;-80.1;0;0;2;2;21.2;12.5;1;3.1;168;94;1013
2005;10;290;8;-72.5;11.9;101;50;152;22.7;13.5;0;2.9;191;91;1013
2005;10;290;9;-64.1;24.2;296;70;367;24.7;12.6;0;3.5;116;81;1013
2005;10;290;10;-53.1;35.5;438;124;562;26.6;11.8;0;4.6;205;68;1013
2005;10;290;11;-38.1;45.1;431;216;647;28.2;11.9;2;3.9;108;57;1013
2005;10;290;12;-18;51.4;463;249;712;29.6;12.6;3;4.1;264;54;1013
2005;10;290;13;6;52.7;292;349;641;30.3;14;5;3.5;307;52;1013
2005;10;290;14;28.4;48.7;286;325;611;30.8;14.6;5;3.3;263;53;1013
2005;10;290;15;46.1;40.6;253;266;519;30.9;15.6;5;4.1;266;56;1013
2005;10;290;16;59;30.1;172;193;365;30.4;16.3;5;4.1;271;58;1013
2005;10;290;17;68.4;18.2;72;130;202;29.5;16.6;6;4.1;229;61;1013
2005;10;290;18;76.4;5.5;0;21;21;28.2;19.1;6;3.9;280;71;1013
2005;10;290;19;83.4;0;0;0;0;27.4;19.3;5;3.3;177;78;1013
2005;10;290;20;90.3;0;0;0;0;26.6;18.8;5;3.7;148;80;1013
2005;10;290;21;98.1;0;0;0;0;26;18.7;5;4.3;158;85;1013
2005;10;290;22;107.4;0;0;0;0;25.3;17.7;5;3.5;129;84;1013
2005;10;290;23;122.1;0;0;0;0;24.6;16.9;5;3.5;140;85;1013
2005;10;290;24;148.3;0;0;0;0;23.8;16.4;5;3.3;158;87;1013
2005;10;291;1;-168.2;0;0;0;0;23.2;15.8;5;4.3;159;88;1013
2005;10;291;2;-132.4;0;0;0;0;22.6;15.8;4;4.1;189;94;1013
2005;10;291;3;-113.3;0;0;0;0;22;15.4;4;3.7;266;97;1013
2005;10;291;4;-102.1;0;0;0;0;21.7;15.3;4;3.7;229;100;1013
2005;10;291;5;-93.5;0;0;0;0;21.4;14.9;4;4.1;224;100;1013
2005;10;291;6;-86.4;0;0;0;0;21.2;14.5;4;4.3;205;100;1013
2005;10;291;7;-79.5;0;0;2;2;21.2;14.3;4;3.7;243;99;1013
2005;10;291;8;-72.3;11.7;51;69;120;22.4;15.1;4;3.1;78;95;1013
2005;10;291;9;-63.5;24;158;143;301;24;14;3;2.8;124;85;1013
2005;10;291;10;-52.5;35.3;317;175;491;25.7;12.8;2;2.2;91;72;1013
2005;10;291;11;-37.5;44.8;394;230;624;27.3;12.9;3;2;47;65;1013
2005;10;291;12;-17.5;51;467;233;701;28.8;13.6;2;2.4;327;62;1013
2005;10;291;13;6.1;52.4;520;219;739;29.9;13.4;1;2.9;338;56;1013
2005;10;291;14;28.3;48.4;454;235;689;30.6;13.2;2;2.2;87;52;1014
2005;10;291;15;45.6;40.3;373;197;570;30.9;13.6;2;1.6;143;51;1014
2005;10;291;16;58.4;29.8;282;137;419;30.7;14;0;1.1;55;52;1014
2005;10;291;17;68.3;17.9;99;121;219;29.8;14.4;4;1.3;119;52;1014
2005;10;291;18;76.2;5.3;0;23;23;28.5;15.3;4;1.8;110;54;1014
2005;10;291;19;83.2;0;0;0;0;27.5;16;4;1.3;121;62;1014
2005;10;291;20;90.1;0;0;0;0;26.6;15.3;3;0.7;99;64;1014
2005;10;291;21;97.5;0;0;0;0;25.9;15.7;3;0.6;49;71;1014
2005;10;291;22;107.2;0;0;0;0;25;15;3;1.3;36;74;1014
2005;10;291;23;121.4;0;0;0;0;24.2;15.1;3;2;106;80;1014
2005;10;291;24;148;0;0;0;0;23.4;14.2;2;1.8;141;81;1014
2005;10;292;1;-168;0;0;0;0;22.6;14.2;2;1.8;117;88;1014
2005;10;292;2;-132;0;0;0;0;21.8;13.8;2;1.1;114;92;1014
2005;10;292;3;-113;0;0;0;0;21;13.2;2;1.1;225;96;1014
2005;10;292;4;-101.4;0;0;0;0;20.5;13.1;1;1.3;242;99;1014
2005;10;292;5;-93.3;0;0;0;0;20.1;12;1;1.3;196;95;1014
2005;10;292;6;-86.2;0;0;0;0;19.8;11;1;2.9;163;92;1014
2005;10;292;7;-79.3;0;0;2;2;19.8;10.5;1;3.1;128;89;1014
2005;10;292;8;-72.1;11.6;77;62;139;21.1;11.2;0;3.7;164;85;1014
2005;10;292;9;-63.3;23.8;236;101;338;22.9;10.7;0;4.6;116;78;1015
2005;10;292;10;-52.3;35.1;400;126;526;24.7;9.9;0;4.9;24;66;1015
2005;10;292;11;-37.3;44.5;510;161;671;26.3;9.8;0;4.9;67;59;1015
2005;10;292;12;-17.3;50.7;588;179;767;27.7;9.6;0;4.1;32;53;1015
2005;10;292;13;6.1;52;677;131;808;28.9;10;0;4.3;51;50;1015
2005;10;292;14;28.2;48;643;116;758;29.7;9.9;0;4.9;49;46;1015
2005;10;292;15;45.4;40;556;89;644;30;9.9;0;4.9;58;45;1015
2005;10;292;16;58.3;29.5;384;77;461;29.7;10.3;0;4.6;55;45;1015
2005;10;292;17;68.1;17.7;146;110;256;28.8;10.7;3;3.3;122;47;1014
2005;10;292;18;76;5.1;0;24;24;27.2;13.4;3;1.6;57;53;1014
2005;10;292;19;83;0;0;0;0;26.6;13.5;2;1.8;313;57;1014
2005;10;292;20;89.5;0;0;0;0;26;13.5;2;1.8;108;60;1014
2005;10;292;21;97.2;0;0;0;0;25.4;13.3;2;2.2;29;63;1014
2005;10;292;22;106.5;0;0;0;0;24.8;13.9;2;1.8;55;70;1014
2005;10;292;23;121.1;0;0;0;0;24.2;13.1;2;2;52;69;1014
2005;10;292;24;147.4;0;0;0;0;23.5;12.9;2;0.7;100;73;1014
2005;10;293;1;-167.4;0;0;0;0;23.2;12.3;1;0.2;61;72;1014
2005;10;293;2;-131.2;0;0;0;0;22.8;12.4;1;0.3;33;76;1014
2005;10;293;3;-112.3;0;0;0;0;22.4;12.7;1;0.4;339;81;1014
2005;10;293;4;-101.1;0;0;0;0;22.2;12.9;1;1.3;42;84;1014
2005;10;293;5;-93;0;0;0;0;22;12.3;1;0.9;354;83;1014
2005;10;293;6;-86;0;0;0;0;21.8;12.9;1;1.6;95;88;1014
2005;10;293;7;-79.1;0;0;2;2;21.8;12.4;0;1.3;1;85;1014
2005;10;293;8;-71.5;11.4;68;64;132;23.2;13.2;0;0.7;332;81;1013
2005;10;293;9;-63.1;23.7;267;88;355;25.2;11.6;0;1.4;18;71;1013
2005;10;293;10;-52.1;34.9;368;144;513;26.9;11.5;0;1.8;96;61;1013
2005;10;293;11;-37.1;44.2;439;204;643;28.7;12.3;0;1.8;25;57;1013
2005;10;293;12;-17.2;50.3;408;267;676;30;14.3;3;2.8;39;58;1013
2005;10;293;13;6.1;51.7;408;278;687;31;14.5;3;3.1;45;54;1013
2005;10;293;14;28.1;47.7;307;304;611;31.5;16.3;4;2.4;58;57;1013
2005;10;293;15;45.3;39.7;220;273;492;31.5;17.4;5;2.2;68;60;1013
2005;10;293;16;58.1;29.3;221;164;385;31.2;17.2;2;0.9;78;61;1012
2005;10;293;17;67.5;17.5;105;114;219;30.4;17.8;3;1.6;104;66;1012
2005;10;293;18;75.4;4.9;0;22;22;29;19.6;3;1.6;25;73;1012
2005;10;293;19;82.4;0;0;0;0;28.5;20.3;3;2.4;86;79;1011
2005;10;293;20;89.3;0;0;0;0;28;19.7;4;2.6;174;77;1011
2005;10;293;21;97;0;0;0;0;27.5;19.5;4;2.8;247;78;1011
2005;10;293;22;106.3;0;0;0;0;27;19.6;4;3.1;246;80;1010
2005;10;293;23;120.4;0;0;0;0;26.6;19.2;5;3.7;208;78;1010
2005;10;293;24;147.2;0;0;0;0;26.1;19.1;5;3.5;226;79;1010
2005;10;294;1;-167.2;0;0;0;0;25.8;19.4;5;2.8;132;82;1009
2005;10;294;2;-130.5;0;0;0;0;25.3;19.8;6;3.1;159;87;1009
2005;10;294;3;-111.6;0;0;0;0;24.9;19.9;6;3.1;110;89;1009
2005;10;294;4;-100.5;0;0;0;0;25;19.8;6;3.5;156;86;1008
2005;10;294;5;-92.4;0;0;0;0;24.8;20.2;7;4.6;139;88;1008
2005;10;294;6;-85.4;0;0;0;0;24.4;21.4;7;6.6;47;98;1008
2005;10;294;7;-78.5;0;0;1;1;24.6;21.8;7;7.9;333;97;1007
2005;10;294;8;-71.3;11.3;0;27;27;24.5;21.9;8;7.6;51;97;1007
2005;10;294;9;-62.5;23.5;0;125;125;24.9;20.2;8;5.9;45;93;1007
2005;10;294;10;-51.5;34.6;2;188;191;24.6;20.3;8;5.2;109;98;1006
2005;10;294;11;-36.5;43.9;8;259;267;26.9;20.2;8;4.9;40;83;1006
2005;10;294;12;-17.1;50;9;278;287;27.6;21.1;8;4.1;170;83;1006
2005;10;294;13;6.1;51.3;2;248;250;27.9;21.4;8;3.3;209;80;1005
2005;10;294;14;28;47.4;3;206;210;28.1;21.9;8;2.9;110;80;1006
2005;10;294;15;45.1;39.4;0;157;157;28;22.5;8;2.9;249;81;1006
2005;10;294;16;57.5;29;0;116;116;27.9;22.4;8;1.4;124;81;1006
2005;10;294;17;67.3;17.2;0;64;64;27.5;22.4;8;1.1;130;83;1007
2005;10;294;18;75.3;4.7;0;5;5;27.1;22.9;8;0.7;244;82;1007
2005;10;294;19;82.3;0;0;0;0;26.6;22.3;7;2;300;84;1008
2005;10;294;20;89.1;0;0;0;0;26.2;21.9;6;1.8;275;87;1008
2005;10;294;21;96.4;0;0;0;0;25.8;22;6;2;144;94;1008
2005;10;294;22;106;0;0;0;0;25.3;21.1;6;1.6;197;93;1009
2005;10;294;23;120.1;0;0;0;0;24.8;20.4;5;1.4;240;94;1009
2005;10;294;24;146.5;0;0;0;0;24.3;19.2;4;2.8;248;92;1009
2005;10;295;1;-167;0;0;0;0;23.5;18.7;4;4.1;117;98;1010
2005;10;295;2;-130.1;0;0;0;0;22.6;17.3;4;4.1;318;98;1010
2005;10;295;3;-111.2;0;0;0;0;21.6;15.9;3;5.7;333;98;1010
2005;10;295;4;-100.2;0;0;0;0;21.1;15;2;5.9;286;98;1011
2005;10;295;5;-92.2;0;0;0;0;20.6;14.1;2;6.8;304;98;1011
2005;10;295;6;-85.2;0;0;0;0;20.3;13.3;2;6.1;293;98;1011
2005;10;295;7;-78.3;0;0;1;1;20.3;13;1;6.6;276;98;1012
2005;10;295;8;-71.1;11.1;64;58;123;21.4;13.7;0;7.6;245;96;1012
2005;10;295;9;-62.3;23.3;225;100;324;23.1;12.2;0;8.2;152;85;1012
2005;10;295;10;-51.3;34.4;359;145;504;24.7;12;0;8.5;133;76;1013
2005;10;295;11;-36.4;43.6;411;206;617;26.2;13.1;2;8.8;165;74;1013
2005;10;295;12;-16.6;49.7;455;248;703;27.3;13.7;3;8.3;172;71;1014
2005;10;295;13;6.1;50.9;472;244;716;28.3;13.9;3;9.9;38;67;1014
2005;10;295;14;27.5;47;504;195;700;29;13.1;0;9.1;164;60;1014
2005;10;295;15;44.6;39.1;447;143;589;29.2;13.5;0;9.9;177;60;1014
2005;10;295;16;57.4;28.7;305;115;420;29;13.7;0;7.3;167;59;1014
2005;10;295;17;67.2;17;112;108;220;28.1;13.8;3;7.9;216;59;1014
2005;10;295;18;75.1;4.5;0;17;17;26.8;16.4;3;6.1;134;64;1014
2005;10;295;19;82.1;0;0;0;0;26;16.5;3;6.4;118;70;1014
2005;10;295;20;88.5;0;0;0;0;25.2;15.8;3;6.4;128;71;1014
2005;10;295;21;96.2;0;0;0;0;24.3;14.8;3;5.7;205;71;1014
2005;10;295;22;105.3;0;0;0;0;23.5;13.9;3;6.4;224;72;1014
2005;10;295;23;119.4;0;0;0;0;22.6;14;3;5.7;265;79;1014
2005;10;295;24;146.3;0;0;0;0;21.8;14.1;3;6.1;266;86;1014
2005;10;296;1;-166.4;0;0;0;0;21.2;13.7;3;5.9;184;89;1014
2005;10;296;2;-129.3;0;0;0;0;20.6;13.1;3;5.2;100;91;1014
2005;10;296;3;-110.5;0;0;0;0;19.9;12.6;3;4.9;277;92;1014
2005;10;296;4;-99.6;0;0;0;0;19.6;12;3;3.9;272;92;1014
2005;10;296;5;-91.5;0;0;0;0;19.2;11.5;3;3.7;223;91;1014
2005;10;296;6;-84.6;0;0;0;0;19;11.4;3;5.2;161;93;1014
2005;10;296;7;-78.1;0;0;1;1;19;11.3;3;4.3;129;94;1014
2005;10;296;8;-70.5;10.9;44;64;109;20.1;11.6;3;5.5;134;88;1014
2005;10;296;9;-62.1;23.1;156;135;291;21.7;11.2;3;3.5;102;84;1014
2005;10;296;10;-51.1;34.2;334;153;487;23.4;10;0;2.9;64;71;1014
2005;10;296;11;-36.2;43.4;428;195;623;25.1;10.2;1;1.3;50;65;1014
2005;10;296;12;-16.4;49.3;411;259;670;26.3;11.5;3;2;39;63;1014
2005;10;296;13;6.1;50.6;455;249;704;27.2;11.4;3;3.1;47;59;1014
2005;10;296;14;27.4;46.7;456;219;676;27.9;11.4;2;2.4;5;57;1014
2005;10;296;15;44.4;38.8;472;129;602;28.3;11.9;0;2.4;42;58;1014
2005;10;296;16;57.2;28.5;374;73;447;28.2;11.7;0;1.4;333;57;1014
2005;10;296;17;66.6;16.8;135;105;240;27.4;12.7;1;2.8;319;61;1014
2005;10;296;18;74.5;4.3;0;22;22;26.2;13.9;1;2.4;331;61;1014
2005;10;296;19;81.5;0;0;0;0;25.4;15;1;2.4;356;72;1014
2005;10;296;20;88.3;0;0;0;0;24.7;15.1;1;0.9;18;78;1014
2005;10;296;21;95.6;0;0;0;0;24;14.2;1;0.6;307;78;1014
2005;10;296;22;105.1;0;0;0;0;23.3;14.2;1;0.9;37;84;1014
2005;10;296;23;119.1;0;0;0;0;22.6;13.1;1;0.6;339;82;1014
2005;10;296;24;146;0;0;0;0;21.8;13;1;0.4;5;88;1014
2005;10;297;1;-166.2;0;0;0;0;21.3;12.4;0;0.5;314;89;1014
2005;10;297;2;-128.5;0;0;0;0;20.7;11.9;0;0.4;335;91;1014
2005;10;297;3;-110.2;0;0;0;0;20.1;11.5;0;1;340;94;1014
2005;10;297;4;-99.3;0;0;0;0;19.8;11.2;0;2.2;342;95;1014
2005;10;297;5;-91.3;0;0;0;0;19.5;10.7;0;1.8;315;95;1015
2005;10;297;6;-84.4;0;0;0;0;19.3;11;0;2.4;330;100;1015
2005;10;297;7;-77.5;0;0;1;1;19.3;10.9;0;2.4;345;100;1015
2005;10;297;8;-70.3;10.8;93;46;139;20.7;12.1;0;2.8;337;98;1015
2005;10;297;9;-61.5;22.9;274;70;344;22.5;11.6;0;2.9;1;89;1015
2005;10;297;10;-50.5;33.9;456;89;545;24.4;10.1;0;4.6;2;71;1015
2005;10;297;11;-36;43.1;606;92;698;26.2;9.8;0;4.3;354;62;1015
2005;10;297;12;-16.3;49;653;120;773;27.7;10.5;0;4.9;320;58;1015
2005;10;297;13;6.1;50.2;633;143;776;28.8;10.9;0;5.7;331;54;1015
2005;10;297;14;27.3;46.3;597;128;725;29.5;11.2;0;7;341;52;1015
2005;10;297;15;44.3;38.5;500;106;606;29.7;12;0;7.3;353;52;1015
2005;10;297;16;57;28.2;354;81;435;29.4;12.3;0;7.3;301;53;1014
2005;10;297;17;66.4;16.6;124;107;231;28.4;12.5;3;6.1;345;54;1014
2005;10;297;18;74.3;4.1;0;16;16;26.9;15.6;4;6.4;310;60;1014
2005;10;297;19;81.3;0;0;0;0;26.3;15.3;4;4.9;64;62;1014
2005;10;297;20;88.1;0;0;0;0;25.5;14.9;4;5.5;135;64;1014
2005;10;297;21;95.3;0;0;0;0;24.8;15.3;4;4.1;107;70;1013
2005;10;297;22;104.4;0;0;0;0;24;15.2;5;4.1;117;74;1013
2005;10;297;23;118.4;0;0;0;0;23.3;14.5;5;4.3;97;75;1013
2005;10;297;24;145.3;0;0;0;0;22.5;14.3;5;5.5;273;79;1013
2005;10;298;1;-165.6;0;0;0;0;21.9;14.4;6;5.2;284;84;1012
2005;10;298;2;-128.1;0;0;0;0;21.2;13.5;6;5.2;231;83;1012
2005;10;298;3;-109.5;0;0;0;0;20.6;13.3;6;4.1;285;86;1012
2005;10;298;4;-99;0;0;0;0;20.3;13.5;6;5.2;149;89;1012
2005;10;298;5;-91.1;0;0;0;0;19.9;13;7;3.5;89;89;1012
2005;10;298;6;-84.2;0;0;0;0;19.7;12.9;7;2.2;126;89;1011
2005;10;298;7;-77.3;0;0;1;1;19.7;12.3;7;1.8;43;85;1011
2005;10;298;8;-70.1;10.6;7;71;78;20.5;12.5;7;2.4;58;81;1011
2005;10;298;9;-61.3;22.7;35;179;214;21.6;12.3;8;1.4;57;80;1011
2005;10;298;10;-50.3;33.7;44;268;312;22.6;12.2;8;1.1;49;73;1011
2005;10;298;11;-35.4;42.8;105;335;440;23.7;10.7;7;1.1;54;63;1010
2005;10;298;12;-16.2;48.7;147;378;524;24.6;9.9;7;1.4;148;56;1010
2005;10;298;13;6.1;49.9;108;388;496;25.3;10.8;7;2;104;55;1010
2005;10;298;14;27.2;46;166;357;523;25.8;10.7;7;1.3;40;55;1010
2005;10;298;15;44.1;38.2;113;298;410;26;11;7;1.6;7;53;1010
2005;10;298;16;56.5;28;49;225;273;25.8;11.2;8;2;356;52;1010
2005;10;298;17;66.2;16.3;20;111;131;25.2;11.3;8;2.2;313;50;1010
2005;10;298;18;74.2;3.9;0;10;10;24.4;12.2;8;3.5;349;50;1010
2005;10;298;19;81.1;0;0;0;0;23.6;12.6;8;3.9;349;56;1010
2005;10;298;20;87.5;0;0;0;0;22.7;14.8;8;2.6;338;73;1010
2005;10;298;21;95.1;0;0;0;0;21.9;15.5;8;2.4;1;84;1011
2005;10;298;22;104.2;0;0;0;0;21.1;14.5;8;2.2;351;84;1011
2005;10;298;23;118.1;0;0;0;0;20.3;13.4;8;2.4;348;84;1011
2005;10;298;24;145.1;0;0;0;0;19.3;11.6;8;2.4;348;80;1011
2005;10;299;1;-165.4;0;0;0;0;18.7;11.3;8;2;344;84;1011
2005;10;299;2;-127.3;0;0;0;0;17.9;11.2;8;2.8;348;90;1011
2005;10;299;3;-109.2;0;0;0;0;16.9;10.5;8;1.8;357;94;1011
2005;10;299;4;-98.4;0;0;0;0;16.4;9.7;8;2.2;321;94;1011
2005;10;299;5;-90.5;0;0;0;0;15.9;9.5;8;3.3;55;97;1011
2005;10;299;6;-83.6;0;0;0;0;15.6;9;8;2.9;50;98;1011
2005;10;299;7;-77.1;0;0;1;1;15.5;8.8;8;2.2;113;98;1011
2005;10;299;8;-69.5;10.5;13;75;88;16.4;9.4;8;2;135;96;1011
2005;10;299;9;-61.1;22.5;41;180;221;17.5;8.7;8;1.4;153;87;1011
2005;10;299;10;-50.1;33.5;76;285;361;18.7;8.5;7;2;108;82;1011
2005;10;299;11;-35.3;42.5;170;324;494;19.9;6.9;6;2;244;69;1011
2005;10;299;12;-16.1;48.3;215;346;561;20.9;7;6;2.9;158;65;1011
2005;10;299;13;6.1;49.5;266;338;604;21.6;6.4;6;3.1;135;59;1011
2005;10;299;14;27.1;45.7;255;314;568;22.1;7.2;6;2.9;138;60;1011
2005;10;299;15;43.5;38;193;265;459;22.3;7.5;6;2.4;110;59;1011
2005;10;299;16;56.3;27.8;140;189;329;22.1;8.5;6;1.8;125;63;1011
2005;10;299;17;66.1;16.1;64;107;171;21.4;8.9;6;2.2;48;65;1011
2005;10;299;18;73.6;3.7;0;13;13;20.5;9.3;6;2.2;45;72;1011
2005;10;299;19;80.5;0;0;0;0;20.1;10.5;6;2.6;347;82;1011
2005;10;299;20;87.4;0;0;0;0;19.7;10.3;6;0.9;23;83;1011
2005;10;299;21;94.5;0;0;0;0;19.3;10.7;6;1.8;1;88;1011
2005;10;299;22;103.5;0;0;0;0;18.9;10.9;6;1.6;322;92;1011
2005;10;299;23;117.4;0;0;0;0;18.6;11;6;1.1;122;95;1011
2005;10;299;24;144.4;0;0;0;0;18.1;10.7;7;0.5;58;96;1011
2005;10;300;1;-165.2;0;0;0;0;18;10.2;7;0.9;40;92;1011
2005;10;300;2;-126.5;0;0;0;0;17.9;9.8;7;0.7;350;90;1011
2005;10;300;3;-108.5;0;0;0;0;17.9;9.7;7;0.9;328;89;1011
2005;10;300;4;-98.1;0;0;0;0;17.8;9.9;7;1.6;338;89;1011
2005;10;300;5;-90.3;0;0;0;0;17.8;10.6;7;1.3;51;94;1011
2005;10;300;6;-83.4;0;0;0;0;17.8;11.1;7;1.8;170;98;1011
2005;10;300;7;-76.6;0;0;1;1;17.9;11.6;7;3.1;170;100;1011
2005;10;300;8;-69.4;10.3;15;71;86;18.8;11.5;8;2.2;231;90;1010
2005;10;300;9;-60.5;22.3;35;176;211;20.1;11.3;8;2.2;235;84;1010
2005;10;300;10;-49.5;33.2;72;282;354;21.5;10.5;7;2.6;244;74;1010
2005;10;300;11;-35.1;42.2;108;344;452;22.8;10.6;7;1.6;213;68;1010
2005;10;300;12;-16;48;125;391;516;23.9;10.3;7;1.1;299;62;1010
2005;10;300;13;6;49.2;117;399;516;24.7;10.2;7;1.4;310;56;1010
2005;10;300;14;26.6;45.4;108;369;477;25.2;9.8;7;1.4;323;52;1010
2005;10;300;15;43.4;37.7;78;302;381;25.4;10.5;7;1;221;52;1010
2005;10;300;16;56.1;27.5;51;226;276;25.2;10.1;8;0.4;282;50;1010
2005;10;300;17;65.5;15.9;24;117;141;24.6;11.2;8;0.4;291;54;1010
2005;10;300;18;73.4;3.5;0;10;10;23.8;10.6;8;0.9;297;55;1010
2005;10;300;19;80.4;0;0;0;0;23;11.3;8;0.6;308;61;1010
2005;10;300;20;87.2;0;0;0;0;22.2;10.3;8;0.9;302;59;1010
2005;10;300;21;94.3;0;0;0;0;21.4;9.9;8;0.6;303;60;1009
2005;10;300;22;103.2;0;0;0;0;20.6;8.9;8;0.5;300;58;1009
2005;10;300;23;117;0;0;0;0;19.8;8.8;8;0.4;301;60;1009
2005;10;300;24;144.1;0;0;0;0;19;9.1;8;1.3;263;65;1009
2005;10;301;1;-164.6;0;0;0;0;17.9;10.9;8;1.1;325;80;1009
2005;10;301;2;-126.1;0;0;0;0;16.9;10;8;1.6;346;80;1009
2005;10;301;3;-108.1;0;0;0;0;15.7;9.6;8;1.8;218;84;1009
2005;10;301;4;-97.5;0;0;0;0;14.5;9.7;8;0.5;212;92;1009
2005;10;301;5;-90;0;0;0;0;14.4;9.3;8;1.1;237;88;1009
2005;10;301;6;-83.2;0;0;0;0;14.3;9.2;8;0.6;286;87;1009
2005;10;301;7;-76.4;0;0;1;1;14.3;9.1;8;0.7;228;84;1009
2005;10;301;8;-69.2;10.1;0;10;10;14.4;9.5;8;1.3;175;84;1008
2005;10;301;9;-60.4;22.1;18;150;167;15.7;6.7;8;1.1;99;80;1008
2005;10;301;10;-49.3;33;0;124;124;16;9.1;8;1.3;129;80;1008
2005;10;301;11;-34.6;42;36;309;345;17.3;5.4;8;1.1;59;66;1008
2005;10;301;12;-15.6;47.7;91;370;461;18.6;5.5;7;1.6;322;63;1008
2005;10;301;13;6;48.8;77;371;448;19.4;5.4;8;1.4;350;58;1008
2005;10;301;14;26.5;45.1;91;342;433;19.9;5.3;7;1.6;354;55;1008
2005;10;301;15;43.2;37.4;5;182;188;19.7;7.1;8;1.8;60;52;1009
2005;10;301;16;55.6;27.3;41;205;246;19.7;6.1;8;1.8;94;57;1009
2005;10;301;17;65.3;15.7;4;107;111;19.2;7.4;7;1.1;231;60;1009
2005;10;301;18;73.2;3.3;0;7;7;18.6;6.5;7;0.5;272;60;1009
2005;10;301;19;80.2;0;0;0;0;18.4;7;6;1.1;158;64;1010
2005;10;301;20;86.6;0;0;0;0;18.3;6.7;6;1.6;123;64;1010
2005;10;301;21;94;0;0;0;0;18.2;6.2;5;0.7;47;63;1010
2005;10;301;22;102.6;0;0;0;0;18.1;6.5;5;1;349;66;1011
2005;10;301;23;116.3;0;0;0;0;17.9;6.2;4;1.4;348;66;1011
2005;10;301;24;143.3;0;0;0;0;17.8;6.2;4;1.3;314;68;1011
2005;10;302;1;-164.3;0;0;0;0;17.8;5;4;1.4;357;63;1012
2005;10;302;2;-125.3;0;0;0;0;17.8;5.3;3;1;43;65;1012
2005;10;302;3;-107.4;0;0;0;0;17.8;5.4;3;0.9;34;67;1012
2005;10;302;4;-97.2;0;0;0;0;17.8;6.2;2;0.5;75;72;1012
2005;10;302;5;-89.4;0;0;0;0;17.8;6.3;2;0.3;172;74;1013
2005;10;302;6;-83;0;0;0;0;17.8;7;1;1.4;123;79;1013
2005;10;302;7;-76.2;0;0;1;1;17.9;6.3;1;1.6;171;75;1013
2005;10;302;8;-69;10;71;48;119;19.2;6.6;0;1.6;192;69;1014
2005;10;302;9;-60.2;21.9;244;77;321;21.1;6.9;0;1;245;68;1014
2005;10;302;10;-49.2;32.8;425;93;518;23.2;6.1;0;1.3;125;57;1014
2005;10;302;11;-34.4;41.7;579;94;673;25.2;6.4;0;1.3;158;51;1015
2005;10;302;12;-15.5;47.4;657;104;761;26.7;7.5;0;2;47;50;1015
2005;10;302;13;6;48.5;663;111;774;28;7.2;0;1.8;88;43;1015
2005;10;302;14;26.4;44.8;605;109;714;28.9;7.6;0;1;162;41;1015
2005;10;302;15;43.1;37.1;493;97;590;29.2;8.2;0;0.6;284;41;1015
2005;10;302;16;55.4;27;341;76;418;28.9;8.2;0;0.6;231;40;1015
2005;10;302;17;65.2;15.5;153;59;211;27.9;8.7;0;0.3;224;42;1015
2005;10;302;18;73.1;3.1;0;12;12;26.5;8.9;0;0.9;265;47;1015
2005;10;302;19;80;0;0;0;0;25.9;10.3;0;1.4;277;55;1015
2005;10;302;20;86.4;0;0;0;0;25.3;10.8;0;1.4;283;60;1015
2005;10;302;21;93.4;0;0;0;0;24.7;10.8;0;0.7;273;62;1015
2005;10;302;22;102.3;0;0;0;0;24.1;10.5;0;1.4;320;64;1015
2005;10;302;23;115.6;0;0;0;0;23.5;10.8;0;2.2;287;68;1014
2005;10;302;24;143;0;0;0;0;22.9;10.6;0;1.8;212;70;1014
2005;10;303;1;-164.1;0;0;0;0;22.2;9.7;0;1.1;248;69;1014
2005;10;303;2;-124.6;0;0;0;0;21.5;9.9;0;1.8;319;74;1014
2005;10;303;3;-107.1;0;0;0;0;20.7;9.6;0;3.1;295;77;1014
2005;10;303;4;-96.6;0;0;0;0;20.3;9.8;0;3.1;291;81;1014
2005;10;303;5;-89.2;0;0;0;0;19.9;10.7;0;4.1;318;89;1014
2005;10;303;6;-82.4;0;0;0;0;19.6;11.9;0;3.9;304;100;1014
2005;10;303;7;-76;0;0;1;1;19.6;11.9;0;3.5;305;100;1014
2005;10;303;8;-68.4;9.8;51;60;111;20.6;12.8;0;3.7;300;97;1014
2005;10;303;9;-60;21.7;209;93;302;22.2;12.5;0;2.9;304;93;1014
2005;10;303;10;-48.6;32.5;290;170;460;23.8;12.1;1;2.2;309;81;1014
2005;10;303;11;-34.3;41.4;402;190;592;25.2;12.2;0;2.2;295;74;1014
2005;10;303;12;-15.4;47.1;484;210;694;26.4;12.4;0;1.4;323;70;1013
2005;10;303;13;5.6;48.2;480;223;703;27.3;12.1;0;2.2;304;64;1013
2005;10;303;14;26.3;44.4;413;215;628;27.9;12.7;1;1;328;61;1013
2005;10;303;15;42.5;36.9;276;224;500;28;13.1;3;0.7;335;60;1013
2005;10;303;16;55.2;26.8;261;119;380;27.7;13;0;0.7;335;61;1013
2005;10;303;17;64.6;15.3;116;81;197;26.8;13.1;0;1.8;304;62;1012
2005;10;303;18;72.5;3;0;13;13;25.7;13.1;1;2.6;316;67;1012
2005;10;303;19;79.4;0;0;0;0;25.2;14.5;1;3.5;223;77;1012
2005;10;303;20;86.2;0;0;0;0;24.6;15.7;2;4.3;225;87;1012
2005;10;303;21;93.2;0;0;0;0;24;15.7;2;5.9;331;89;1012
2005;10;303;22;102;0;0;0;0;23.5;15.4;3;5.7;303;90;1011
2005;10;303;23;115.2;0;0;0;0;22.9;15.2;3;5.2;288;91;1011
2005;10;303;24;142.3;0;0;0;0;22.3;14.6;4;5.9;269;89;1011
2005;10;304;1;-163.5;0;0;0;0;22;14.2;4;6.4;288;87;1011
2005;10;304;2;-124.2;0;0;0;0;21.7;14.4;5;5.2;321;89;1010
2005;10;304;3;-106.4;0;0;0;0;21.3;14.4;5;4.3;264;90;1010
2005;10;304;4;-96.3;0;0;0;0;21.2;14.6;6;3.5;277;91;1010
2005;10;304;5;-89;0;0;0;0;21;15.3;6;3.3;230;95;1010
2005;10;304;6;-82.2;0;0;0;0;20.9;16;7;3.3;123;100;1009
2005;10;304;7;-75.4;0;0;0;0;20.9;16.3;7;3.7;156;100;1009
2005;10;304;8;-68.3;9.6;0;55;55;21.5;17.2;8;3.3;160;100;1009
2005;10;304;9;-59.4;21.5;7;144;151;22.2;16.7;8;3.3;168;96;1009
2005;10;304;10;-48.4;32.3;14;238;252;22.9;17.1;8;2.2;97;98;1009
2005;10;304;11;-34.1;41.1;27;316;344;24.1;16;8;2.6;123;84;1008
2005;10;304;12;-15.3;46.7;51;342;393;24.8;15.2;8;2.4;86;75;1008
2005;10;304;13;5.6;47.9;28;346;374;25.3;15.7;8;2.4;219;72;1008
2005;10;304;14;26.2;44.1;23;325;349;25.6;15.8;8;2.9;239;71;1008
2005;10;304;15;42.4;36.6;10;241;250;25.7;16.5;8;2.8;223;71;1008
2005;10;304;16;55.1;26.6;3;166;169;25.5;16.5;8;1.8;237;70;1008
2005;10;304;17;64.4;15.1;0;73;73;25;16.8;8;2.8;262;69;1008
2005;10;304;18;72.3;2.8;0;3;3;23.3;18.1;8;2.2;157;88;1008
2005;10;304;19;79.2;0;0;0;0;23.3;17.4;8;2;121;84;1008
2005;10;304;20;85.6;0;0;0;0;23;16.3;8;2.2;177;80;1008
2005;10;304;21;92.6;0;0;0;0;22.5;15.7;8;1.8;113;80;1008
2005;10;304;22;101.4;0;0;0;0;21.9;15.7;8;1.8;112;84;1008
2005;10;304;23;114.5;0;0;0;0;20.6;14.6;8;1.4;96;86;1008
2005;10;304;24;141.5;0;0;0;0;19.4;14.1;8;1.3;124;92;1008
2005;11;305;1;-163.3;0;0;0;0;18.3;10.4;8;1.7;126;77;1008
2005;11;305;2;-123.4;0;0;0;0;17.3;10.8;8;1.7;97;87;1008
2005;11;305;3;-106.1;0;0;0;0;16;9.4;8;1.5;69;87;1008
2005;11;305;4;-96.1;0;0;0;0;15.1;8.3;8;2.2;49;87;1008
2005;11;305;5;-88.4;0;0;0;0;14.2;7.3;8;2.1;97;88;1008
2005;11;305;6;-82;0;0;0;0;13.6;6.6;8;2.8;138;88;1008
2005;11;305;7;-75.3;0;0;0;0;13.5;6.5;8;4.6;163;88;1008
2005;11;305;8;-68.1;9.5;0;53;53;14;7.1;8;3.9;231;88;1008
2005;11;305;9;-59.3;21.3;0;64;64;14.2;8.2;8;3.9;274;84;1008
2005;11;305;10;-48.3;32.1;0;40;40;14.1;9;8;4.2;171;84;1008
2005;11;305;11;-34;40.8;0;112;112;14.3;8.4;8;3.9;172;84;1008
2005;11;305;12;-15.2;46.4;75;342;417;15.3;6.2;8;4.9;129;87;1008
2005;11;305;13;5.5;47.5;10;229;239;16;8.7;8;5.1;250;84;1008
2005;11;305;14;26.1;43.8;177;320;497;17;6.2;6;3.4;209;84;1008
2005;11;305;15;42.3;36.3;112;281;393;17.5;6.3;7;2.6;112;78;1008
2005;11;305;16;54.5;26.4;84;203;286;17.5;5.9;8;3.2;71;74;1008
2005;11;305;17;64.3;14.9;7;101;108;17.1;8;8;5.1;25;77;1008
2005;11;305;18;72.2;2.6;0;11;11;16.3;7.9;8;3.9;100;80;1008
2005;11;305;19;79.1;0;0;0;0;15.8;8.1;8;3.7;76;83;1008
2005;11;305;20;85.4;0;0;0;0;15.3;8.1;8;3.7;171;86;1008
2005;11;305;21;92.4;0;0;0;0;14.9;8.3;8;4.9;235;89;1008
2005;11;305;22;101.1;0;0;0;0;14.5;8.6;8;4.9;215;93;1008
2005;11;305;23;114.1;0;0;0;0;13.1;7.9;8;3.7;162;98;1008
2005;11;305;24;141.1;0;0;0;0;13.5;7.9;8;3.4;251;93;1008
2005;11;306;1;-163.1;0;0;0;0;13.6;7.9;8;4.2;100;90;1007
2005;11;306;2;-122.6;0;0;0;0;13.6;8.5;8;3.4;168;93;1007
2005;11;306;3;-105.4;0;0;0;0;13.9;8.3;8;3;144;87;1007
2005;11;306;4;-95.5;0;0;0;0;14;9.5;8;3.4;128;93;1007
2005;11;306;5;-88.2;0;0;0;0;14.1;9.9;8;3.4;136;94;1007
2005;11;306;6;-81.5;0;0;0;0;14.4;10.6;8;5.3;235;95;1007
2005;11;306;7;-75.1;0;0;0;0;13.8;10.5;8;6.7;247;98;1007
2005;11;306;8;-67.5;9.3;0;10;10;14.3;11.1;8;6.2;206;97;1007
2005;11;306;9;-59.1;21.1;0;31;31;13.5;10.2;8;7.2;232;99;1007
2005;11;306;10;-48.1;31.8;0;58;58;15.4;11.7;8;4.9;311;95;1007
2005;11;306;11;-33.5;40.6;0;69;69;16.1;11.6;8;4.6;295;88;1007
2005;11;306;12;-15.2;46.1;0;75;75;16.5;11.5;8;3.9;284;84;1007
2005;11;306;13;5.5;47.2;0;91;91;16.8;11.6;8;2.6;311;84;1007
2005;11;306;14;25.5;43.5;210;330;539;19.3;8.2;6;2.6;291;84;1007
2005;11;306;15;42.1;36.1;206;241;447;20.7;10;5;2.2;301;84;1007
2005;11;306;16;54.3;26.2;83;219;302;21.3;11.4;7;1.7;309;84;1007
2005;11;306;17;64.1;14.8;33;117;150;21.3;12.3;7;1.6;304;84;1008
2005;11;306;18;71.6;2.5;0;7;7;20.6;11.8;7;1.3;231;84;1008
2005;11;306;19;78.5;0;0;0;0;20.1;11.4;7;1.5;297;84;1008
2005;11;306;20;85.2;0;0;0;0;19.6;11.1;7;1.7;329;84;1008
2005;11;306;21;92.1;0;0;0;0;19.1;11.4;7;1.9;305;87;1008
2005;11;306;22;100.4;0;0;0;0;18.6;10.6;7;0.9;305;84;1008
2005;11;306;23;113.4;0;0;0;0;18.1;10.7;7;1.2;232;87;1008
2005;11;306;24;140.3;0;0;0;0;17.5;9.8;7;2.2;282;84;1009
2005;11;307;1;-162.5;0;0;0;0;16.6;10.2;7;2.2;223;92;1009
2005;11;307;2;-122.2;0;0;0;0;15.6;9.6;8;2.8;286;95;1009
2005;11;307;3;-105.1;0;0;0;0;14.6;8.9;8;3.9;244;96;1009
2005;11;307;4;-95.2;0;0;0;0;14.1;8.2;8;2.6;234;93;1009
2005;11;307;5;-88;0;0;0;0;13.6;7.7;8;2.6;222;92;1009
2005;11;307;6;-81.3;0;0;0;0;13.2;7.1;8;1.7;313;89;1009
2005;11;307;7;-74.5;0;0;0;0;13.2;7.7;8;1.5;306;92;1010
2005;11;307;8;-67.4;9.1;0;30;30;13.6;8.5;8;1.5;307;92;1010
2005;11;307;9;-58.6;20.9;6;132;138;14.6;7.1;8;2.8;320;87;1010
2005;11;307;10;-47.6;31.6;327;170;497;17.4;2.2;3;3.4;271;69;1010
2005;11;307;11;-33.3;40.3;543;188;731;20;1.9;1;3.4;246;61;1010
2005;11;307;12;-15.1;45.8;466;240;707;21.7;3.7;3;2.6;176;55;1010
2005;11;307;13;5.5;46.9;10;228;238;21.1;9.3;8;4.2;111;55;1011
2005;11;307;14;25.4;43.3;8;258;266;20.7;8.7;8;4.6;73;57;1010
2005;11;307;15;41.6;35.8;11;242;253;20.4;8.3;8;5.1;96;59;1010
2005;11;307;16;54.2;26;10;176;186;19.9;8;8;6.4;352;60;1010
2005;11;307;17;63.5;14.6;0;17;17;18.8;11.3;8;6.7;38;66;1010
2005;11;307;18;71.4;2.3;0;3;3;17.9;9.5;8;4.9;12;63;1010
2005;11;307;19;78.3;0;0;0;0;17.4;10.6;8;4.6;84;73;1010
2005;11;307;20;85;0;0;0;0;16.9;10.8;8;5.5;62;79;1010
2005;11;307;21;91.5;0;0;0;0;16.3;10.2;8;5.7;345;81;1010
2005;11;307;22;100.2;0;0;0;0;15.8;9.8;8;6;327;84;1010
2005;11;307;23;113;0;0;0;0;15.3;9;8;6.7;335;84;1010
2005;11;307;24;139.6;0;0;0;0;14.8;8.8;8;5.3;340;89;1010
2005;11;308;1;-162.3;0;0;0;0;14.3;8;8;5.3;72;89;1010
2005;11;308;2;-121.4;0;0;0;0;13.8;7.2;8;4.9;128;89;1010
2005;11;308;3;-104.4;0;0;0;0;13.2;6.9;8;4.6;42;93;1010
2005;11;308;4;-94.6;0;0;0;0;13;6.7;8;4.6;63;95;1010
2005;11;308;5;-87.4;0;0;0;0;12.7;6.3;8;4.6;84;97;1010
2005;11;308;6;-81.1;0;0;0;0;12.5;5.6;8;5.3;355;95;1010
2005;11;308;7;-74.4;0;0;0;0;12.5;5;8;6.7;92;92;1009
2005;11;308;8;-67.2;8.9;8;62;70;13.6;5.2;8;5.7;38;87;1009
2005;11;308;9;-58.4;20.7;22;154;176;15;5.5;8;6;41;80;1009
2005;11;308;10;-47.4;31.4;16;238;254;16.4;7.2;8;6;161;81;1009
2005;11;308;11;-33.2;40;24;303;327;17.6;6.8;8;6.7;136;71;1009
2005;11;308;12;-15.1;45.5;63;342;405;18.8;7.1;8;5.5;190;69;1009
2005;11;308;13;5.5;46.6;47;350;397;19.5;7.4;8;5.7;146;64;1009
2005;11;308;14;25.3;43;51;318;369;20;7.2;8;5.3;78;61;1009
2005;11;308;15;41.4;35.6;15;252;267;20;8.1;8;3.7;34;61;1009
2005;11;308;16;54;25.7;10;185;195;19.7;8.1;8;2.8;111;62;1009
2005;11;308;17;63.4;14.4;0;81;81;19;8.8;8;3;56;64;1010
2005;11;308;18;71.3;2.2;0;3;3;18.1;7.7;8;2.8;12;64;1010
2005;11;308;19;78.1;0;0;0;0;17.5;9.7;8;3;78;80;1010
2005;11;308;20;84.4;0;0;0;0;17;10.1;8;3.2;59;87;1010
2005;11;308;21;91.3;0;0;0;0;16.3;9.1;8;2.8;128;87;1010
2005;11;308;22;99.5;0;0;0;0;15.9;8.6;8;2.1;117;87;1010
2005;11;308;23;112.3;0;0;0;0;15.4;8.2;8;2.1;138;90;1010
2005;11;308;24;139.1;0;0;0;0;14.8;7.6;8;1.9;326;91;1010
2005;11;309;1;-162.1;0;0;0;0;14.4;6.9;8;3;317;91;1010
2005;11;309;2;-121;0;0;0;0;14;6.5;7;4.2;339;92;1011
2005;11;309;3;-104.1;0;0;0;0;13.6;6;7;2.4;307;93;1011
2005;11;309;4;-94.4;0;0;0;0;13.4;5.7;7;1.9;334;93;1011
2005;11;309;5;-87.2;0;0;0;0;13.2;5.4;7;2.8;333;93;1011
2005;11;309;6;-80.5;0;0;0;0;13.1;5.7;7;3;322;97;1011
2005;11;309;7;-74.2;0;0;0;0;13.2;5.3;7;3.4;325;95;1011
2005;11;309;8;-67;8.8;26;55;81;14.4;5.3;7;4.9;352;85;1011
2005;11;309;9;-58.3;20.5;56;166;222;16.2;5.4;7;4.2;326;79;1011
2005;11;309;10;-47.3;31.1;77;265;342;18;5.9;7;5.7;349;71;1011
2005;11;309;11;-33.1;39.7;194;285;479;19.8;5.8;6;5.7;358;64;1012
2005;11;309;12;-14.6;45.2;295;296;591;21.4;5.3;5;5.1;356;57;1012
2005;11;309;13;5.4;46.3;443;236;679;23;4.9;3;5.5;346;52;1012
2005;11;309;14;25.2;42.7;379;254;634;24;5.9;4;6.7;356;51;1012
2005;11;309;15;41.3;35.4;45;240;285;23.6;10.8;8;5.7;348;57;1012
2005;11;309;16;53.5;25.5;0;108;108;22.4;13.1;8;4.6;343;63;1012
2005;11;309;17;63.2;14.2;0;17;17;21.1;14.1;8;3.9;348;67;1012
2005;11;309;18;71.1;2;0;3;3;20;13.9;8;3;324;73;1011
2005;11;309;19;77.6;0;0;0;0;19.5;14.5;8;2.4;330;79;1011
2005;11;309;20;84.2;0;0;0;0;19.1;14.1;8;2.8;360;80;1011
2005;11;309;21;91.1;0;0;0;0;18.6;13;8;2.8;359;76;1011
2005;11;309;22;99.2;0;0;0;0;18.2;12.5;8;2.2;337;76;1011
2005;11;309;23;111.5;0;0;0;0;17.7;12.9;8;2.6;351;82;1011
2005;11;309;24;138.3;0;0;0;0;17.2;12.2;8;2.2;342;82;1011
2005;11;310;1;-161.5;0;0;0;0;16.4;10.9;8;2.6;17;79;1011
2005;11;310;2;-120.3;0;0;0;0;15.7;10.7;8;2.2;66;83;1011
2005;11;310;3;-103.5;0;0;0;0;15;10.1;8;2.8;327;84;1011
2005;11;310;4;-94.1;0;0;0;0;14.6;10.1;8;2.6;78;87;1011
2005;11;310;5;-87;0;0;0;0;14.2;9.9;8;3;38;89;1011
2005;11;310;6;-80.4;0;0;0;0;14;9.8;8;3.7;25;90;1011
2005;11;310;7;-74;0;0;0;0;14;10.1;8;3.7;23;92;1011
2005;11;310;8;-66.5;8.6;0;9;9;14.1;10.5;8;3.7;327;94;1010
2005;11;310;9;-58.1;20.3;0;64;64;14.7;10.1;8;3.2;8;94;1010
2005;11;310;10;-47.1;30.9;87;235;322;16.9;6.9;7;4.2;70;83;1010
2005;11;310;11;-33;39.5;97;310;407;18.6;7.6;7;4.6;94;76;1010
2005;11;310;12;-14.5;44.9;275;302;577;20.5;6.5;5;3.9;57;67;1010
2005;11;310;13;5.4;46;256;327;583;21.9;7;6;2.8;59;61;1010
2005;11;310;14;25.1;42.4;30;304;334;22.1;10.6;8;2.6;67;64;1010
2005;11;310;15;41.1;35.1;22;264;287;22.1;10.5;8;2.6;28;63;1011
2005;11;310;16;53.3;25.4;4;158;163;21.5;12;8;3.7;218;69;1011
2005;11;310;17;63.1;14.1;14;96;110;20.8;11.1;8;2.4;311;72;1011
2005;11;310;18;70.5;1.9;0;6;6;19.8;10.8;7;2.1;298;78;1011
2005;11;310;19;77.4;0;0;0;0;19.1;10.5;7;1.6;239;80;1011
2005;11;310;20;84;0;0;0;0;18.6;9.9;7;2.6;307;82;1012
2005;11;310;21;90.5;0;0;0;0;17.8;9.4;6;1.9;295;84;1012
2005;11;310;22;98.6;0;0;0;0;17.1;8.3;6;3.2;319;83;1012
2005;11;310;23;111.2;0;0;0;0;16.4;7.7;6;3;284;86;1012
2005;11;310;24;137.5;0;0;0;0;15.7;6.8;5;3;275;86;1012
2005;11;311;1;-161.3;0;0;0;0;15;5.9;5;2.8;282;86;1013
2005;11;311;2;-119.5;0;0;0;0;14.3;5;5;1.5;309;87;1013
2005;11;311;3;-103.2;0;0;0;0;13.5;4.4;4;1.3;324;88;1013
2005;11;311;4;-93.5;0;0;0;0;13.2;3.5;4;1.9;315;86;1013
2005;11;311;5;-86.4;0;0;0;0;12.8;3.2;4;1.6;299;87;1013
2005;11;311;6;-80.2;0;0;0;0;12.5;3.2;3;2.1;308;91;1014
2005;11;311;7;-73.5;0;0;0;0;12.5;3.5;3;2.1;173;94;1014
2005;11;311;8;-66.4;8.4;39;53;91;14;4.6;3;2.1;120;90;1014
2005;11;311;9;-57.6;20.1;170;102;272;16.4;4.7;2;1.6;69;82;1014
2005;11;311;10;-47;30.7;304;143;446;18.9;4;2;1.2;102;66;1014
2005;11;311;11;-32.5;39.2;426;159;585;21.2;5.1;1;0.7;131;61;1015
2005;11;311;12;-14.5;44.6;494;176;670;23.1;5.5;1;0.6;87;55;1015
2005;11;311;13;5.3;45.7;523;170;693;24.6;5.6;0;0.6;208;49;1015
2005;11;311;14;25;42.2;509;142;651;25.5;5.3;0;0.5;249;44;1015
2005;11;311;15;40.6;34.9;419;117;536;25.8;6;0;0.6;250;44;1015
2005;11;311;16;53.2;25.2;270;99;368;25.5;6.8;0;0.7;139;46;1015
2005;11;311;17;62.5;13.9;115;63;178;24.3;7.2;0;1.2;66;48;1015
2005;11;311;18;70.4;1.7;0;7;7;22.5;6.9;0;1;117;54;1015
2005;11;311;19;77.2;0;0;0;0;21.8;7.9;0;1;207;62;1015
2005;11;311;20;83.5;0;0;0;0;21.1;7.4;0;1.2;164;64;1015
2005;11;311;21;90.3;0;0;0;0;20.4;7.3;0;1.9;128;67;1014
2005;11;311;22;98.3;0;0;0;0;19.7;7.8;1;2.1;190;74;1014
2005;11;311;23;110.4;0;0;0;0;19;7.7;1;2.8;122;77;1014
2005;11;311;24;137.1;0;0;0;0;18.3;7.6;1;1.9;37;81;1014
2005;11;312;1;-161.1;0;0;0;0;17.7;7.2;1;2.1;51;83;1014
2005;11;312;2;-119.1;0;0;0;0;17;7.1;1;2.2;27;87;1014
2005;11;312;3;-102.5;0;0;0;0;16.3;6.7;1;1.7;3;89;1014
2005;11;312;4;-93.3;0;0;0;0;16;6.9;1;1.2;16;93;1014
2005;11;312;5;-86.3;0;0;0;0;15.6;6.5;1;1.7;344;93;1014
2005;11;312;6;-80;0;0;0;0;15.4;6.9;1;2.1;326;97;1014
2005;11;312;7;-73.3;0;0;0;0;15.4;6.6;1;2.1;317;95;1014
2005;11;312;8;-66.2;8.2;49;42;91;16.8;6.8;1;1.9;330;83;1014
2005;11;312;9;-57.4;19.9;142;108;249;18.9;7.1;2;1.2;29;76;1014
2005;11;312;10;-46.5;30.4;191;192;383;20.9;7.4;4;1.3;15;67;1014
2005;11;312;11;-32.4;38.9;233;259;491;22.7;8;5;1.5;28;61;1014
2005;11;312;12;-14.5;44.3;364;247;612;24.5;7.6;3;1.3;68;54;1014
2005;11;312;13;5.3;45.4;406;235;640;25.9;7.8;3;1.1;65;49;1014
2005;11;312;14;24.5;41.9;377;211;588;26.7;8.5;2;1.6;122;48;1014
2005;11;312;15;40.4;34.7;262;203;465;26.9;9.3;3;2.1;157;48;1014
2005;11;312;16;53;25;174;150;324;26.5;9.5;3;2.2;34;48;1014
2005;11;312;17;62.3;13.8;77;83;159;25.6;9.6;3;1.6;64;50;1014
2005;11;312;18;70.2;1.6;0;9;9;24.1;9.9;3;1.7;74;57;1014
2005;11;312;19;77.1;0;0;0;0;23.4;11.1;3;1.7;38;67;1014
2005;11;312;20;83.3;0;0;0;0;22.7;11.2;2;3.2;63;72;1014
2005;11;312;21;90.1;0;0;0;0;21.9;11.1;2;3;65;76;1014
2005;11;312;22;98;0;0;0;0;21.2;11.4;2;1.9;123;83;1014
2005;11;312;23;110.1;0;0;0;0;20.5;10.6;2;1.6;114;83;1014
2005;11;312;24;136.2;0;0;0;0;19.8;10.1;2;1.7;149;85;1014
2005;11;313;1;-160.5;0;0;0;0;19.2;9.5;2;1;58;86;1015
2005;11;313;2;-118.3;0;0;0;0;18.7;8.9;1;1.1;139;85;1015
2005;11;313;3;-102.2;0;0;0;0;18;8.7;1;1.2;127;90;1015
2005;11;313;4;-93.1;0;0;0;0;17.7;8.2;1;2.2;104;88;1015
2005;11;313;5;-86.1;0;0;0;0;17.4;7.6;1;2.4;227;87;1015
2005;11;313;6;-79.5;0;0;0;0;17.2;7.9;1;2.6;239;91;1015
2005;11;313;7;-73.2;0;0;0;0;17.2;7.5;0;3;250;88;1015
2005;11;313;8;-66.1;8.1;52;41;93;18.7;8.3;0;2.2;322;81;1015
2005;11;313;9;-57.3;19.7;200;79;279;20.8;7.9;0;1.9;330;73;1015
2005;11;313;10;-46.4;30.2;360;100;461;23.3;7.1;0;1.9;300;59;1015
2005;11;313;11;-32.3;38.7;478;123;602;25.6;7.5;0;2.2;290;52;1015
2005;11;313;12;-14.4;44;554;135;689;27.5;8.5;0;3;331;49;1015
2005;11;313;13;5.3;45.1;545;151;696;29.1;9.2;0;5.3;308;45;1015
2005;11;313;14;24.4;41.6;515;133;648;30;10;0;5.5;205;44;1016
2005;11;313;15;40.3;34.5;419;112;532;30.4;10.8;0;5.3;195;44;1016
2005;11;313;16;52.5;24.8;287;84;372;30;10.7;0;3.9;186;43;1016
2005;11;313;17;62.2;13.6;124;57;181;28.8;12.1;0;4.6;118;49;1016
2005;11;313;18;70.1;1.5;0;6;6;26.9;11.5;0;5.3;46;55;1016
2005;11;313;19;76.5;0;0;0;0;26.1;12.1;0;3.2;77;62;1016
2005;11;313;20;83.1;0;0;0;0;25.3;11.4;0;4.2;66;63;1016
2005;11;313;21;89.4;0;0;0;0;24.4;11;0;3;94;65;1016
2005;11;313;22;97.4;0;0;0;0;23.5;10.5;0;2.6;131;67;1016
2005;11;313;23;109.3;0;0;0;0;22.7;10;0;2.4;120;70;1016
2005;11;313;24;135.3;0;0;0;0;21.8;9.2;0;2.2;61;71;1016
2005;11;314;1;-160.3;0;0;0;0;20.9;9.3;0;2.2;131;77;1016
2005;11;314;2;-117.6;0;0;0;0;20;8.8;0;1.3;182;80;1016
2005;11;314;3;-101.6;0;0;0;0;19.1;8.6;0;1.6;163;85;1016
2005;11;314;4;-92.5;0;0;0;0;18.7;8.8;0;2.6;229;89;1016
2005;11;314;5;-85.5;0;0;0;0;18.3;8.1;0;3;316;87;1016
2005;11;314;6;-79.3;0;0;0;0;18;8.3;0;1.9;302;91;1016
2005;11;314;7;-73;0;0;0;0;18.1;8.7;0;2.4;277;94;1016
2005;11;314;8;-65.5;7.9;63;38;101;19.3;9.1;0;1.5;107;86;1016
2005;11;314;9;-57.2;19.5;243;56;299;21.4;9;0;1.5;68;80;1016
2005;11;314;10;-46.2;30;431;61;492;23.8;9;0;0.7;75;69;1016
2005;11;314;11;-32.2;38.4;568;73;641;25.9;9.1;0;0.6;61;60;1016
2005;11;314;12;-14.4;43.7;647;82;728;27.7;9.9;0;1.5;91;56;1016
2005;11;314;13;5.2;44.8;662;83;745;29.2;10.6;0;2.2;79;52;1016
2005;11;314;14;24.3;41.4;609;79;688;30.2;11.1;0;2.1;151;49;1016
2005;11;314;15;40.2;34.2;504;65;569;30.5;10.4;0;1.2;184;44;1016
2005;11;314;16;52.3;24.6;340;55;395;30.2;11.4;0;1.2;117;47;1016
2005;11;314;17;62;13.5;146;46;192;29;13.1;0;0.9;134;54;1016
2005;11;314;18;69.5;1.4;0;6;6;27.3;13;0;0.7;66;62;1016
2005;11;314;19;76.3;0;0;0;0;26.6;14.2;0;0.8;94;72;1016
2005;11;314;20;82.5;0;0;0;0;26;13.9;0;1.3;76;73;1016
2005;11;314;21;89.2;0;0;0;0;25.3;13.6;0;1.7;69;75;1016
2005;11;314;22;97.1;0;0;0;0;24.7;13.2;0;2.1;125;76;1015
2005;11;314;23;108.6;0;0;0;0;24;12.9;1;2.6;76;77;1015
2005;11;314;24;134.5;0;0;0;0;23.4;12.1;1;3.9;73;76;1015
2005;11;315;1;-160.2;0;0;0;0;22.6;12.4;1;3.9;39;83;1015
2005;11;315;2;-117.2;0;0;0;0;22;11.8;1;3.4;125;83;1015
2005;11;315;3;-101.3;0;0;0;0;21.3;11.2;1;3.4;67;83;1015
2005;11;315;4;-92.3;0;0;0;0;21;11.6;1;3.9;56;87;1015
2005;11;315;5;-85.3;0;0;0;0;20.7;11.8;1;4.6;58;91;1015
2005;11;315;6;-79.2;0;0;0;0;20.5;12.2;1;4.2;66;94;1015
2005;11;315;7;-72.5;0;0;0;0;20.5;11.9;1;5.1;125;90;1015
2005;11;315;8;-65.4;7.7;37;48;84;21.6;12.8;1;6.7;69;87;1014
2005;11;315;9;-57;19.3;168;99;267;23.5;11.6;1;8.7;62;76;1014
2005;11;315;10;-46.1;29.7;294;133;426;25.5;10.6;1;8;37;62;1014
2005;11;315;11;-32.1;38.2;424;153;577;27.5;11.1;0;7.7;63;58;1014
2005;11;315;12;-14.4;43.5;435;196;631;29.2;11.5;2;7.2;48;51;1014
2005;11;315;13;5.2;44.5;388;231;619;30.3;11.9;3;6.7;96;46;1014
2005;11;315;14;24.2;41.1;332;235;567;31.1;12.5;4;7.7;208;45;1014
2005;11;315;15;40;34;179;237;416;31.2;13.4;6;7.2;208;43;1014
2005;11;315;16;52.2;24.5;121;161;282;30.7;13.4;5;4.6;231;43;1014
2005;11;315;17;61.5;13.3;33;98;132;29.7;14.1;5;3.9;245;46;1014
2005;11;315;18;69.3;1.3;0;5;5;28.4;13.6;5;4.2;221;50;1014
2005;11;315;19;76.2;0;0;0;0;27.3;14.2;5;2.6;205;57;1014
2005;11;315;20;82.3;0;0;0;0;26.4;13.6;5;1.9;292;59;1014
2005;11;315;21;89;0;0;0;0;25.4;12.9;5;2.1;301;61;1014
2005;11;315;22;96.5;0;0;0;0;24.4;12.5;5;1.5;244;65;1014
2005;11;315;23;108.2;0;0;0;0;23.4;12.3;5;0.8;296;69;1014
2005;11;315;24;133.6;0;0;0;0;22.5;11.6;4;1.3;321;71;1014
2005;11;316;1;-159.6;0;0;0;0;21.2;11.5;4;1.2;299;80;1014
2005;11;316;2;-116.4;0;0;0;0;19.9;10.5;4;1.7;305;83;1014
2005;11;316;3;-101;0;0;0;0;18.7;9.9;4;2.4;226;88;1014
2005;11;316;4;-92.1;0;0;0;0;17.9;9.6;4;1.9;259;92;1014
2005;11;316;5;-85.2;0;0;0;0;17.2;9;4;1.7;263;94;1014
2005;11;316;6;-79;0;0;0;0;16.6;8.7;4;1.2;307;97;1014
2005;11;316;7;-72.4;0;0;0;0;16.6;8.2;4;1.6;319;93;1014
2005;11;316;8;-65.3;7.5;41;40;81;17.7;9.1;4;2.1;267;91;1014
2005;11;316;9;-56.5;19.1;139;102;241;19.5;8.9;3;2.1;237;83;1014
2005;11;316;10;-46;29.5;223;169;392;21.4;8.9;4;3;185;74;1014
2005;11;316;11;-32;37.9;379;169;549;23.3;9.1;2;4.2;235;68;1014
2005;11;316;12;-14.3;43.2;431;201;632;25;9;3;3.7;117;60;1014
2005;11;316;13;5.1;44.3;441;207;648;26.2;8.8;3;3;166;53;1014
2005;11;316;14;24.1;40.9;444;167;612;27;8.3;2;3.9;159;48;1014
2005;11;316;15;39.5;33.8;386;128;513;27.3;8.3;0;3.9;242;46;1014
2005;11;316;16;52;24.3;234;108;342;26.9;8.8;1;3;293;46;1014
2005;11;316;17;61.3;13.2;113;58;171;26;9.6;1;4.6;170;50;1014
2005;11;316;18;69.2;1.1;0;6;6;24.5;9;1;5.3;226;55;1015
2005;11;316;19;76;0;0;0;0;23.3;9.4;1;5.7;289;62;1015
2005;11;316;20;82.2;0;0;0;0;22.2;9;1;5.3;236;67;1015
2005;11;316;21;88.4;0;0;0;0;21;8;1;6.7;164;68;1015
2005;11;316;22;96.2;0;0;0;0;19.9;7.4;1;7.2;250;72;1015
2005;11;316;23;107.5;0;0;0;0;18.7;7;1;5.5;141;77;1015
2005;11;316;24;133.1;0;0;0;0;17.6;6.4;1;6.2;9;81;1015
2005;11;317;1;-159.4;0;0;0;0;16.6;6.1;1;4.6;116;87;1015
2005;11;317;2;-116.1;0;0;0;0;15.5;5.5;1;3.9;193;90;1015
2005;11;317;3;-100.4;0;0;0;0;14.5;5.5;1;3.9;227;99;1015
2005;11;317;4;-91.5;0;0;0;0;13.9;4.8;0;3.4;111;99;1015
2005;11;317;5;-85;0;0;0;0;13.4;4.3;0;2.1;117;100;1015
2005;11;317;6;-78.5;0;0;0;0;13;3.8;0;1.7;114;99;1015
2005;11;317;7;-72.2;0;0;0;0;13;3.9;0;2.1;106;100;1015
2005;11;317;8;-65.1;7.4;50;41;91;14.3;5.1;0;1.1;57;97;1015
2005;11;317;9;-56.4;18.9;220;60;280;16.7;4.7;0;1.1;73;85;1015
2005;11;317;10;-45.5;29.3;363;90;453;19.1;4.7;0;1.5;79;71;1015
2005;11;317;11;-31.6;37.6;445;132;578;21.2;5.7;0;2.1;28;65;1015
2005;11;317;12;-14.3;42.9;485;165;650;22.9;5.4;2;2.6;314;55;1015
2005;11;317;13;5.1;44;497;170;666;24.2;6.7;2;2.6;44;55;1015
2005;11;317;14;23.6;40.6;443;166;608;24.9;6.4;2;3.7;18;49;1015
2005;11;317;15;39.4;33.6;342;154;496;25.1;7.1;3;4.9;62;50;1015
2005;11;317;16;51.5;24.1;254;97;351;24.7;7.1;1;6;60;50;1015
2005;11;317;17;61.2;13.1;121;53;174;23.6;7.3;2;4.2;140;52;1015
2005;11;317;18;69;1;0;6;6;22;7.3;2;3.9;196;59;1015
2005;11;317;19;75.5;0;0;0;0;21.2;8.4;2;4.9;226;68;1014
2005;11;317;20;81.6;0;0;0;0;20.4;8.3;3;3.9;216;71;1014
2005;11;317;21;88.2;0;0;0;0;19.6;8;3;4.9;199;74;1014
2005;11;317;22;95.6;0;0;0;0;18.8;7.5;3;3.4;199;75;1014
2005;11;317;23;107.1;0;0;0;0;18;7.4;4;3.2;151;78;1014
2005;11;317;24;132.2;0;0;0;0;17.1;6.5;4;3.7;111;77;1014
2005;11;318;1;-159.3;0;0;0;0;16.5;6.5;5;3.2;108;80;1014
2005;11;318;2;-115.3;0;0;0;0;15.9;6.7;5;5.7;63;84;1014
2005;11;318;3;-100.1;0;0;0;0;15.3;6.8;5;5.1;235;88;1014
2005;11;318;4;-91.3;0;0;0;0;15;6.6;6;4.6;232;87;1014
2005;11;318;5;-84.4;0;0;0;0;14.7;6.2;6;3.9;119;85;1014
2005;11;318;6;-78.3;0;0;0;0;14.5;6.5;6;2.4;283;87;1013
2005;11;318;7;-72.1;0;0;0;0;14.6;6.3;7;2.6;228;84;1013
2005;11;318;8;-65;7.2;3;46;50;15.4;7.7;7;1.9;195;86;1013
2005;11;318;9;-56.3;18.7;40;147;187;17.1;7.3;7;0.8;200;81;1013
2005;11;318;10;-45.4;29.1;74;248;322;19;6.5;7;0.8;249;68;1013
2005;11;318;11;-31.5;37.4;122;291;413;20.6;7.7;7;1.6;281;66;1013
2005;11;318;12;-14.3;42.6;221;304;525;22.3;7.2;6;1.1;230;59;1013
2005;11;318;13;5;43.7;317;272;588;23.7;6.5;5;0.9;232;52;1013
2005;11;318;14;23.5;40.4;221;290;511;24.5;8.3;6;0.7;318;53;1013
2005;11;318;15;39.2;33.4;377;171;547;25.3;7.9;3;0.7;313;56;1013
2005;11;318;16;51.3;24;143;159;302;25.1;9.9;5;1.5;311;56;1013
2005;11;318;17;61;12.9;86;66;153;24.2;10;5;1.6;329;58;1013
2005;11;318;18;68.5;0.9;0;7;7;22.8;8.6;5;1.1;309;58;1013
2005;11;318;19;75.3;0;0;0;0;22;8.7;5;1.2;311;63;1013
2005;11;318;20;81.4;0;0;0;0;21.1;7.7;5;0.5;291;63;1013
2005;11;318;21;88;0;0;0;0;20.3;7;5;0.6;303;64;1013
2005;11;318;22;95.3;0;0;0;0;19.4;6.9;5;0.7;305;68;1013
2005;11;318;23;106.4;0;0;0;0;18.6;6;4;0.7;316;68;1014
2005;11;318;24;131.2;0;0;0;0;17.7;5.7;4;0.3;310;72;1014
2005;11;319;1;-159.1;0;0;0;0;16.7;5;4;0.5;319;75;1014
2005;11;319;2;-114.6;0;0;0;0;15.6;4.3;4;0.5;304;78;1014
2005;11;319;3;-99.5;0;0;0;0;14.6;4.4;4;0.8;299;86;1014
2005;11;319;4;-91.1;0;0;0;0;14;4.1;4;1.3;311;88;1014
2005;11;319;5;-84.3;0;0;0;0;13.5;3.7;4;1.3;276;89;1014
2005;11;319;6;-78.2;0;0;0;0;13.1;3.3;4;0.9;209;90;1014
2005;11;319;7;-71.6;0;0;0;0;13;3.3;3;2.1;149;90;1014
2005;11;319;8;-64.5;7;30;48;79;14.2;4.1;3;2.2;125;86;1014
2005;11;319;9;-56.2;18.5;146;92;238;16.2;4.4;3;2.8;61;79;1014
2005;11;319;10;-45.3;28.8;249;156;406;18.5;4.4;4;2.6;118;69;1014
2005;11;319;11;-31.4;37.1;336;191;527;20.4;4.4;4;2.4;55;60;1014
2005;11;319;12;-14.3;42.4;406;201;607;22;4.3;3;1.9;252;52;1014
2005;11;319;13;4.6;43.5;470;185;655;23.4;4;2;1.6;208;47;1015
2005;11;319;14;23.4;40.2;448;158;606;24.2;4.6;2;1.1;184;45;1014
2005;11;319;15;39.1;33.3;385;120;505;24.5;5.1;0;0.7;164;46;1014
2005;11;319;16;51.2;23.8;252;95;347;24.2;6.4;1;1.5;149;49;1014
2005;11;319;17;60.5;12.8;117;53;170;23.2;7.1;1;2.4;134;54;1014
2005;11;319;18;68.3;0.8;0;5;5;21.6;6.8;1;2.2;100;59;1014
2005;11;319;19;75.1;0;0;0;0;20.9;8.4;2;4.2;33;70;1014
2005;11;319;20;81.3;0;0;0;0;20.2;8;2;4.2;28;71;1014
2005;11;319;21;87.4;0;0;0;0;19.5;8.2;2;4.2;62;75;1014
2005;11;319;22;95.1;0;0;0;0;18.8;8;2;4.2;66;78;1014
2005;11;319;23;106;0;0;0;0;18.2;7.7;3;3.2;70;79;1014
2005;11;319;24;130.3;0;0;0;0;17.4;7.9;3;2.8;28;85;1014
2005;11;320;1;-158.6;0;0;0;0;17;8;3;2.8;28;88;1014
2005;11;320;2;-114.2;0;0;0;0;16.5;7.8;4;3.7;8;89;1014
2005;11;320;3;-99.2;0;0;0;0;16;7.9;4;5.3;82;92;1014
2005;11;320;4;-90.5;0;0;0;0;15.8;8.3;4;4.6;82;95;1014
2005;11;320;5;-84.1;0;0;0;0;15.6;8.2;4;3.7;148;95;1014
2005;11;320;6;-78.1;0;0;0;0;15.5;8.9;5;3.2;68;100;1013
2005;11;320;7;-71.5;0;0;0;0;15.5;8.8;5;2.6;123;98;1013
2005;11;320;8;-64.4;6.8;10;43;53;16.4;9.6;5;3.9;262;94;1013
2005;11;320;9;-56.1;18.4;106;125;231;18.6;7.9;5;2.6;143;84;1013
2005;11;320;10;-45.2;28.6;61;216;277;19.9;9.5;7;1.6;158;75;1013
2005;11;320;11;-31.4;36.9;220;257;477;21.9;8.4;6;1.3;166;67;1013
2005;11;320;12;-14.3;42.1;345;238;584;23.8;7.7;4;1.5;193;57;1013
2005;11;320;13;4.5;43.2;486;192;678;25.5;7.4;3;2.4;185;53;1013
2005;11;320;14;23.2;40;252;267;519;26.3;9.6;5;2.6;45;51;1013
2005;11;320;15;38.5;33.1;213;210;423;26.5;10.7;5;2.4;163;54;1013
2005;11;320;16;51;23.7;70;197;267;26.1;11.5;7;2.4;186;55;1013
2005;11;320;17;60.4;12.7;29;100;129;25.1;11.6;7;2.4;224;57;1013
2005;11;320;18;68.2;0.8;0;3;3;23.7;10.7;6;1.9;138;60;1013
2005;11;320;19;74.6;0;0;0;0;22.9;10;6;2.1;192;61;1013
2005;11;320;20;81.1;0;0;0;0;22.2;9;6;1.5;193;60;1013
2005;11;320;21;87.2;0;0;0;0;21.4;8.3;5;0.8;275;61;1013
2005;11;320;22;94.4;0;0;0;0;20.7;7.4;5;0.6;254;62;1013
2005;11;320;23;105.3;0;0;0;0;19.9;7.6;5;0.4;114;67;1013
2005;11;320;24;129.4;0;0;0;0;19.2;7.3;4;0.7;253;70;1013
2005;11;321;1;-158.4;0;0;0;0;18.4;6.6;4;0.8;179;72;1013
2005;11;321;2;-113.5;0;0;0;0;17.4;6.3;4;0.7;105;77;1013
2005;11;321;3;-98.6;0;0;0;0;16.5;5.6;3;0.6;117;79;1013
2005;11;321;4;-90.3;0;0;0;0;16;5.5;3;0.4;38;83;1013
2005;11;321;5;-83.6;0;0;0;0;15.5;5.1;3;0.5;43;84;1013
2005;11;321;6;-77.5;0;0;0;0;15.1;4.6;2;1.2;71;84;1013
2005;11;321;7;-71.3;0;0;0;0;15.1;4.8;2;0.9;20;86;1013
2005;11;321;8;-64.3;6.7;33;47;80;16.3;4.9;2;1.3;29;79;1013
2005;11;321;9;-55.6;18.2;160;82;242;18.3;6.1;1;1;11;76;1013
2005;11;321;10;-45.1;28.4;252;157;409;20.3;5.5;3;1.3;314;65;1013
2005;11;321;11;-31.3;36.7;159;270;429;21.7;7.6;6;1.2;323;61;1013
2005;11;321;12;-14.2;41.9;256;291;547;23.1;7.9;5;1.7;328;60;1013
2005;11;321;13;4.5;43;477;195;672;24.6;6.8;2;2.2;318;54;1013
2005;11;321;14;23.1;39.8;375;207;582;25.4;7.4;3;4.6;343;50;1013
2005;11;321;15;38.4;32.9;110;280;389;25.5;9.7;7;4.9;349;52;1013
2005;11;321;16;50.5;23.6;71;196;267;24.9;10.1;7;3.9;1;54;1013
2005;11;321;17;60.2;12.6;29;93;121;23.9;9.9;7;4.6;57;54;1013
2005;11;321;18;68.1;0.7;0;2;2;22.5;9.3;7;5.1;61;58;1013
2005;11;321;19;74.4;0;0;0;0;21.7;9;7;6.2;62;60;1013
2005;11;321;20;80.5;0;0;0;0;20.9;8.5;6;6;122;62;1013
2005;11;321;21;87.1;0;0;0;0;20.1;8;6;6;127;64;1013
2005;11;321;22;94.2;0;0;0;0;19.3;7.6;6;6.4;55;66;1013
2005;11;321;23;104.5;0;0;0;0;18.6;6.8;6;7.2;233;66;1013
2005;11;321;24;128.5;0;0;0;0;17.7;5.9;6;7.2;248;66;1013
2005;11;322;1;-158.3;0;0;0;0;17;5.6;6;8;234;69;1014
2005;11;322;2;-113.2;0;0;0;0;16.3;5.4;6;7.7;227;72;1014
2005;11;322;3;-98.4;0;0;0;0;15.5;4.5;5;8.7;238;72;1014
2005;11;322;4;-90.1;0;0;0;0;15.1;4.6;5;10.7;226;75;1014
2005;11;322;5;-83.4;0;0;0;0;14.7;4.3;5;9.7;255;76;1014
2005;11;322;6;-77.4;0;0;0;0;14.4;4.2;5;8.7;312;77;1014
2005;11;322;7;-71.2;0;0;0;0;14.4;4;5;6.4;314;76;1014
2005;11;322;8;-64.2;6.5;16;42;57;15.3;5.5;5;5.7;301;79;1014
2005;11;322;9;-55.5;18;94;109;204;17.1;5.5;5;4.9;285;75;1014
2005;11;322;10;-45.1;28.2;212;176;387;19.3;4.9;4;3.4;248;66;1014
2005;11;322;11;-31.2;36.4;433;141;574;21.6;4.3;0;2.6;257;57;1014
2005;11;322;12;-14.2;41.6;464;180;644;23.5;5.9;1;3.2;229;55;1014
2005;11;322;13;4.4;42.8;370;231;601;24.7;6.8;3;3.2;239;50;1014
2005;11;322;14;23;39.5;285;243;528;25.3;8.1;4;3;262;50;1014
2005;11;322;15;38.3;32.7;204;218;422;25.4;9.3;5;2.8;109;53;1014
2005;11;322;16;50.4;23.4;144;147;291;24.9;9.3;4;3.7;160;53;1014
2005;11;322;17;60.1;12.5;61;77;138;23.9;9.7;4;3;352;56;1014
2005;11;322;18;67.5;0.6;0;4;4;22.4;8.5;4;2.8;31;58;1014
2005;11;322;19;74.3;0;0;0;0;21.9;9.7;4;3.9;342;67;1014
2005;11;322;20;80.4;0;0;0;0;21.4;9.5;3;2.6;59;70;1015
2005;11;322;21;86.5;0;0;0;0;20.9;9.5;3;2.4;39;73;1015
2005;11;322;22;93.6;0;0;0;0;20.4;9.5;3;2.1;331;77;1015
2005;11;322;23;104.2;0;0;0;0;19.9;9.5;3;2.6;328;81;1015
2005;11;322;24;127.5;0;0;0;0;19.3;9.5;2;3;324;85;1015
2005;11;323;1;-158.2;0;0;0;0;19;9;2;4.2;338;85;1015
2005;11;323;2;-112.5;0;0;0;0;18.7;9.1;2;4.2;326;88;1015
2005;11;323;3;-98.1;0;0;0;0;18.6;9;2;4.6;341;89;1015
2005;11;323;4;-89.6;0;0;0;0;18.5;9.1;1;4.2;34;90;1015
2005;11;323;5;-83.3;0;0;0;0;18.4;9.6;1;4.2;142;95;1015
2005;11;323;6;-77.3;0;0;0;0;18.4;10.1;1;4.6;36;100;1016
2005;11;323;7;-71.1;0;0;0;0;18.5;9.9;1;3.2;107;98;1016
2005;11;323;8;-64.1;6.3;43;37;80;19.6;10.1;0;2.6;129;91;1016
2005;11;323;9;-55.4;17.8;220;52;272;21.7;9.5;0;2.8;76;81;1016
2005;11;323;10;-44.6;28;413;53;466;24.1;9.1;0;3.4;77;68;1016
2005;11;323;11;-31.2;36.2;558;62;620;26.5;9.2;0;2.6;345;59;1016
2005;11;323;12;-14.2;41.4;644;69;714;28.5;10.1;0;2.2;87;54;1016
2005;11;323;13;4.4;42.5;659;72;731;30.2;11.1;0;2.6;88;51;1016
2005;11;323;14;22.5;39.3;614;66;680;31.3;11.7;0;3.2;141;48;1016
2005;11;323;15;38.2;32.6;508;56;564;30.3;12.3;0;4.6;60;54;1016
2005;11;323;16;50.2;23.3;340;48;388;30.3;11.9;0;5.7;65;50;1016
2005;11;323;17;59.5;12.4;144;41;185;30.4;12.5;0;8.7;39;47;1016
2005;11;323;18;67.4;0.5;0;5;5;28.8;12.8;0;7.2;76;55;1016
2005;11;323;19;74.2;0;0;0;0;28;14.5;0;6.7;13;65;1016
2005;11;323;20;80.2;0;0;0;0;27.3;14.4;0;6;34;68;1016
2005;11;323;21;86.3;0;0;0;0;26.5;13.9;0;7.2;86;69;1016
2005;11;323;22;93.3;0;0;0;0;26;14.1;0;7.2;160;73;1015
2005;11;323;23;103.5;0;0;0;0;25.3;13.2;0;6.2;72;71;1015
2005;11;323;24;126.6;0;0;0;0;24.6;12.9;0;5.1;57;72;1015
2005;11;324;1;-158.1;0;0;0;0;23.4;12.5;0;4.6;150;77;1015
2005;11;324;2;-112.1;0;0;0;0;22.2;12.6;0;3.9;136;84;1015
2005;11;324;3;-97.5;0;0;0;0;21;12.1;0;5.1;154;89;1015
2005;11;324;4;-89.4;0;0;0;0;20.4;11.8;0;3.9;155;91;1015
2005;11;324;5;-83.2;0;0;0;0;19.7;11.7;0;3.2;65;94;1015
2005;11;324;6;-77.2;0;0;0;0;19.3;11.7;0;3.7;58;97;1015
2005;11;324;7;-71;0;0;0;0;19.2;11.4;0;4.6;43;94;1015
2005;11;324;8;-63.6;6.1;21;39;60;20;11.9;0;5.1;103;90;1014
2005;11;324;9;-55.3;17.6;131;98;229;21.7;10.9;0;4.9;112;82;1014
2005;11;324;10;-44.5;27.8;229;148;378;23.6;10.1;1;6;74;67;1014
2005;11;324;11;-31.1;36;356;163;520;25.5;9.7;0;5.7;49;59;1014
2005;11;324;12;-14.2;41.1;403;191;594;27;10.4;0;6.4;8;55;1014
2005;11;324;13;4.3;42.3;329;246;575;28.1;10.9;3;5.1;84;51;1014
2005;11;324;14;22.4;39.2;257;252;510;28.7;11.7;4;3.4;69;49;1014
2005;11;324;15;38;32.4;251;192;442;28.9;11.9;3;3.2;64;50;1014
2005;11;324;16;50.1;23.2;249;96;345;28.7;11.4;0;2.8;47;50;1014
2005;11;324;17;59.4;12.3;104;58;163;27.7;12;0;2.1;50;53;1014
2005;11;324;18;67.2;0.5;0;8;8;26.3;11.9;1;1.6;32;59;1014
2005;11;324;19;74;0;0;0;0;25.4;12.5;1;2.1;155;66;1013
2005;11;324;20;80;0;0;0;0;24.4;11.9;2;2.1;225;67;1013
2005;11;324;21;86.1;0;0;0;0;23.5;11.4;2;1.5;218;69;1013
2005;11;324;22;93.1;0;0;0;0;22.6;10.8;3;1.2;310;70;1013
2005;11;324;23;103.2;0;0;0;0;21.6;10.2;3;1.3;295;72;1013
2005;11;324;24;126;0;0;0;0;20.7;9.6;4;1.2;238;73;1013
2005;11;325;1;-157.6;0;0;0;0;20.2;9.6;4;2.4;256;75;1013
2005;11;325;2;-111.4;0;0;0;0;19.6;9.3;5;2.2;221;76;1013
2005;11;325;3;-97.3;0;0;0;0;19.1;8.8;5;2.8;176;76;1013
2005;11;325;4;-89.2;0;0;0;0;18.8;8.3;6;2.8;95;74;1013
2005;11;325;5;-83;0;0;0;0;18.6;8.8;6;2.2;72;77;1013
2005;11;325;6;-77;0;0;0;0;18.3;8.8;7;3.4;106;78;1012
2005;11;325;7;-70.5;0;0;0;0;18.1;9.5;7;3;193;82;1012
2005;11;325;8;-63.5;6;0;24;24;18.7;10;8;3;139;80;1012
2005;11;325;9;-55.2;17.4;7;125;132;20.1;11.6;8;1.5;187;79;1012
2005;11;325;10;-44.4;27.6;13;207;220;21.3;11.1;8;1.1;204;70;1012
2005;11;325;11;-31.1;35.7;16;256;273;22.2;12.4;8;1.1;97;71;1012
2005;11;325;12;-14.2;40.9;68;309;377;23.3;12;8;1;144;68;1012
2005;11;325;13;4.2;42.1;237;301;538;24.7;10.5;5;1.3;164;63;1012
2005;11;325;14;22.3;39;409;182;591;25.9;9.3;0;1;212;57;1012
2005;11;325;15;37.5;32.3;356;129;485;26.5;9.4;0;0.7;156;54;1012
2005;11;325;16;49.6;23.1;254;108;362;26.5;9.2;0;2.1;149;53;1012
2005;11;325;17;59.3;12.2;83;67;150;25.7;10.9;0;2.1;159;56;1011
2005;11;325;18;67.1;0.4;0;2;2;24.4;10.9;1;2.2;163;61;1011
2005;11;325;19;73.5;0;0;0;0;23.9;11.8;1;2.4;252;68;1011
2005;11;325;20;79.5;0;0;0;0;23.4;12.1;2;2.2;323;72;1011
2005;11;325;21;85.5;0;0;0;0;22.9;12.2;2;2.2;328;74;1011
2005;11;325;22;92.5;0;0;0;0;22.3;11.7;2;2.1;326;74;1011
2005;11;325;23;102.4;0;0;0;0;21.8;11.4;3;1.6;238;75;1011
2005;11;325;24;125.1;0;0;0;0;21.3;11.8;3;1.6;241;80;1011
2005;11;326;1;-157.5;0;0;0;0;20.9;11.4;3;1.6;331;78;1011
2005;11;326;2;-111.1;0;0;0;0;20.5;10.6;4;2.2;264;76;1011
2005;11;326;3;-97.1;0;0;0;0;20.1;10.3;4;2.2;314;75;1011
2005;11;326;4;-89.1;0;0;0;0;19.9;10.4;5;1.5;316;76;1011
2005;11;326;5;-82.5;0;0;0;0;19.6;10.4;5;1.3;295;77;1010
2005;11;326;6;-76.5;0;0;0;0;19.5;11.1;5;1.3;289;81;1010
2005;11;326;7;-70.4;0;0;0;0;19.3;11.8;6;1.5;280;86;1010
2005;11;326;8;-63.4;5.8;0;21;21;19.9;12.4;6;1.3;295;85;1010
2005;11;326;9;-55.1;17.2;39;125;164;21.6;12.6;7;1.5;313;81;1010
2005;11;326;10;-44.4;27.4;51;227;278;23.2;12.5;7;1.1;251;73;1010
2005;11;326;11;-31.1;35.5;82;276;358;24.4;12.2;7;1.6;200;64;1010
2005;11;326;12;-14.3;40.7;64;312;376;25.3;13.7;8;1.7;289;65;1010
2005;11;326;13;4.2;41.9;70;323;392;25.9;13.7;8;1.9;195;63;1010
2005;11;326;14;22.2;38.8;31;285;316;26;14.3;8;2.4;68;61;1010
2005;11;326;15;37.4;32.1;54;264;318;26.2;13.6;8;2.4;159;61;1010
2005;11;326;16;49.4;23;32;178;210;25.8;13.3;8;2.8;106;59;1010
2005;11;326;17;59.1;12.2;0;74;74;25;14.9;7;3.4;202;62;1010
2005;11;326;18;66.6;0.3;0;2;2;24;14.3;7;3.4;151;65;1011
2005;11;326;19;73.3;0;0;0;0;23.4;14.3;7;2.8;87;69;1011
2005;11;326;20;79.3;0;0;0;0;22.8;13.2;7;3.4;80;67;1011
2005;11;326;21;85.4;0;0;0;0;22.3;13;7;4.2;28;70;1011
2005;11;326;22;92.3;0;0;0;0;21.7;12.3;6;3.7;308;70;1011
2005;11;326;23;102.1;0;0;0;0;21.1;11.6;6;3.7;20;70;1012
2005;11;326;24;124.1;0;0;0;0;20.5;10.7;6;3.7;58;70;1012
2005;11;327;1;-157.4;0;0;0;0;20;10.5;6;4.9;126;72;1012
2005;11;327;2;-110.4;0;0;0;0;19.5;10;6;3.9;97;73;1012
2005;11;327;3;-96.5;0;0;0;0;19;9.9;5;4.6;120;76;1012
2005;11;327;4;-88.5;0;0;0;0;18.8;10.3;5;3.7;110;81;1012
2005;11;327;5;-82.4;0;0;0;0;18.6;10.4;5;3.4;73;83;1013
2005;11;327;6;-76.4;0;0;0;0;18.5;9.9;5;4.6;33;82;1013
2005;11;327;7;-70.3;0;0;0;0;18.3;10.1;5;3.9;65;86;1013
2005;11;327;8;-63.3;5.6;0;24;24;18.9;10.8;4;4.6;128;87;1013
2005;11;327;9;-55;17;94;116;210;21.3;10.8;4;4.2;101;82;1013
2005;11;327;10;-44.3;27.2;242;136;378;23.5;9.8;1;4.6;50;67;1014
2005;11;327;11;-31;35.3;339;171;510;25.5;10.4;1;4.6;315;62;1014
2005;11;327;12;-14.3;40.5;363;211;574;27;11;3;3.4;353;57;1014
2005;11;327;13;4.1;41.6;394;207;600;28.2;10.9;2;2.6;61;52;1014
2005;11;327;14;22.1;38.6;356;196;552;28.9;11.7;2;3.2;70;51;1014
2005;11;327;15;37.3;32;339;131;470;29.2;11.1;0;2.8;130;48;1014
2005;11;327;16;49.3;22.8;206;114;320;28.6;11.4;0;2.6;246;49;1014
2005;11;327;17;59;12.1;82;61;144;27.4;11.8;0;2.6;257;51;1014
2005;11;327;18;66.4;0.3;0;4;4;25.9;11.5;1;4.2;229;56;1014
2005;11;327;19;73.2;0;0;0;0;24.9;12;1;3.4;128;63;1014
2005;11;327;20;79.2;0;0;0;0;23.9;11.3;1;3;174;65;1014
2005;11;327;21;85.2;0;0;0;0;22.8;10.9;1;5.5;57;68;1014
2005;11;327;22;92;0;0;0;0;21.8;10.1;2;6.2;54;70;1014
2005;11;327;23;101.4;0;0;0;0;20.8;9.9;2;6.2;89;75;1014
2005;11;327;24;123.2;0;0;0;0;19.7;9;2;4.9;49;77;1014
2005;11;328;1;-157.4;0;0;0;0;18.7;7.7;2;4.9;89;75;1014
2005;11;328;2;-110.1;0;0;0;0;17.5;6.7;3;4.6;125;77;1014
2005;11;328;3;-96.3;0;0;0;0;16.2;6.3;3;4.9;76;83;1014
2005;11;328;4;-88.4;0;0;0;0;15.5;6.1;3;3.9;173;87;1014
2005;11;328;5;-82.2;0;0;0;0;14.8;6.1;4;5.3;99;92;1014
2005;11;328;6;-76.3;0;0;0;0;14.3;6;4;4.9;63;96;1014
2005;11;328;7;-70.2;0;0;0;0;13.8;5.5;4;4.2;121;96;1014
2005;11;328;8;-63.2;5.5;0;27;27;14.3;5.7;4;4.2;53;92;1014
2005;11;328;9;-54.6;16.8;121;113;233;16.8;5.2;5;5.5;80;84;1014
2005;11;328;10;-44.2;27;314;93;408;18.8;5.1;0;4.6;173;74;1014
2005;11;328;11;-31;35.1;403;130;534;20.5;5.2;1;4.6;155;65;1014
2005;11;328;12;-14.3;40.2;422;179;601;21.7;6;3;5.1;227;62;1014
2005;11;328;13;4;41.4;388;203;591;22.5;7;4;3.7;206;61;1014
2005;11;328;14;22;38.4;391;175;566;22.9;7;3;3.4;258;60;1014
2005;11;328;15;37.1;31.9;320;148;469;23;6.4;3;1.9;315;56;1014
2005;11;328;16;49.2;22.8;204;108;312;22.4;6.8;3;2.6;288;58;1014
2005;11;328;17;58.5;12;81;66;147;21.2;7.6;3;1.9;167;63;1014
2005;11;328;18;66.3;0.2;0;3;3;19.7;7.2;3;2.2;72;69;1014
2005;11;328;19;73.1;0;0;0;0;19.2;7.6;3;1.1;351;75;1014
2005;11;328;20;79.1;0;0;0;0;18.7;7.8;3;1.1;327;78;1014
2005;11;328;21;85;0;0;0;0;18.1;7.7;3;1.9;53;81;1014
2005;11;328;22;91.4;0;0;0;0;17.4;6.8;3;1.9;98;79;1013
2005;11;328;23;101.1;0;0;0;0;16.8;6.5;3;2.8;60;81;1013
2005;11;328;24;122.2;0;0;0;0;16.2;6.2;3;3.2;105;83;1013
2005;11;329;1;-157.4;0;0;0;0;16.1;5.6;3;4.2;172;79;1013
2005;11;329;2;-109.5;0;0;0;0;16.1;5.6;3;3.9;138;79;1013
2005;11;329;3;-96.1;0;0;0;0;16;5.7;3;3.7;86;79;1013
2005;11;329;4;-88.2;0;0;0;0;16.1;6.3;4;3.4;125;82;1013
2005;11;329;5;-82.1;0;0;0;0;16.1;7;4;3;171;85;1013
2005;11;329;6;-76.2;0;0;0;0;16.2;7.9;4;5.7;262;91;1013
2005;11;329;7;-70.1;0;0;0;0;16.2;7.7;4;5.5;299;88;1012
2005;11;329;8;-63.1;5.3;0;23;23;16.9;8.4;4;3.7;244;86;1012
2005;11;329;9;-54.5;16.7;155;103;257;19.8;6.1;4;3.9;254;73;1012
2005;11;329;10;-44.2;26.8;336;92;427;22.2;6;0;4.2;246;61;1012
2005;11;329;11;-30.6;34.9;472;164;636;24.6;5.3;2;3.9;252;53;1012
2005;11;329;12;-14.3;40;207;293;500;25.5;9;6;2.8;323;51;1012
2005;11;329;13;3.6;41.3;275;279;554;26.3;8.9;5;2.6;297;50;1012
2005;11;329;14;21.5;38.3;58;287;345;26;11.7;8;3;283;52;1012
2005;11;329;15;37;31.7;40;234;274;25.5;11.9;8;3.4;317;53;1012
2005;11;329;16;49;22.7;0;55;55;24.2;14.5;8;3.7;320;56;1012
2005;11;329;17;58.4;12;0;14;14;22.9;14.4;8;3.7;318;58;1013
2005;11;329;18;66.2;0.2;0;2;2;21.9;13.6;7;2.6;305;61;1013
2005;11;329;19;72.5;0;0;0;0;21.4;13.4;7;2.6;180;64;1013
2005;11;329;20;78.5;0;0;0;0;20.9;13.1;7;3.4;19;67;1013
2005;11;329;21;84.5;0;0;0;0;20.4;12.4;7;3;52;68;1013
2005;11;329;22;91.2;0;0;0;0;19.9;11.4;6;2.6;2;67;1014
2005;11;329;23;100.4;0;0;0;0;19.4;10.7;6;2.8;326;68;1014
2005;11;329;24;121.3;0;0;0;0;18.9;9.9;6;3;326;68;1014
2005;11;330;1;-157.3;0;0;0;0;18.1;9.7;6;3;305;73;1014
2005;11;330;2;-109.2;0;0;0;0;17.2;8.6;5;2.2;314;75;1014
2005;11;330;3;-95.5;0;0;0;0;16.2;8;5;2.6;323;79;1015
2005;11;330;4;-88.1;0;0;0;0;15.7;7.8;5;1.9;316;84;1015
2005;11;330;5;-82;0;0;0;0;15.2;7.3;5;1.6;319;87;1015
2005;11;330;6;-76.1;0;0;0;0;14.8;6.9;4;1.1;338;88;1015
2005;11;330;7;-70;0;0;0;0;14.5;6.9;4;0.9;5;93;1015
2005;11;330;8;-63;5.1;0;23;23;15;6.9;4;0.9;355;91;1016
2005;11;330;9;-54.4;16.5;157;102;259;18.2;5.3;4;0.6;315;80;1016
2005;11;330;10;-44.1;26.6;400;50;449;20.6;5.1;0;0.3;340;68;1016
2005;11;330;11;-30.6;34.7;535;60;594;22.7;5.2;0;0.4;0;59;1016
2005;11;330;12;-14.3;39.8;618;68;685;24.4;6.4;0;0.5;79;57;1016
2005;11;330;13;3.5;41.1;634;70;704;25.6;7;0;0.7;171;54;1017
2005;11;330;14;21.4;38.1;596;64;660;26.3;6.7;0;0.7;299;49;1016
2005;11;330;15;36.5;31.6;488;55;543;26.4;6.6;0;0.6;287;47;1016
2005;11;330;16;48.5;22.6;330;48;379;25.9;7.3;0;0.4;303;50;1016
2005;11;330;17;58.2;11.9;139;41;180;24.6;7.5;0;0.3;327;53;1016
2005;11;330;18;66.1;0.2;0;4;4;22.8;6.3;1;0.5;302;55;1016
2005;11;330;19;72.4;0;0;0;0;22;6.8;1;0.3;295;61;1016
2005;11;330;20;78.4;0;0;0;0;21.2;7;1;0.4;272;66;1016
2005;11;330;21;84.3;0;0;0;0;20.3;6.7;2;0.2;309;68;1016
2005;11;330;22;91;0;0;0;0;19.5;6.6;2;0.4;308;72;1015
2005;11;330;23;100.1;0;0;0;0;18.7;6.3;2;0.3;264;74;1015
2005;11;330;24;120.4;0;0;0;0;17.9;5.2;2;0.2;177;72;1015
2005;11;331;1;-157.4;0;0;0;0;17.2;5.1;3;0.2;66;74;1015
2005;11;331;2;-108.5;0;0;0;0;16.6;5.3;3;0.1;32;80;1015
2005;11;331;3;-95.3;0;0;0;0;15.9;5;3;0.1;59;81;1015
2005;11;331;4;-87.6;0;0;0;0;15.6;5.1;4;0;22;83;1015
2005;11;331;5;-81.5;0;0;0;0;15.3;4.8;4;0.1;31;83;1015
2005;11;331;6;-76;0;0;0;0;15;5.5;4;0.2;21;88;1014
2005;11;331;7;-69.6;0;0;0;0;14.8;5.9;5;0.1;127;92;1014
2005;11;331;8;-62.6;5;0;25;25;15.5;6.1;5;0.4;69;86;1014
2005;11;331;9;-54.4;16.3;100;107;207;17.9;6.4;5;0.7;131;79;1014
2005;11;331;10;-44.1;26.4;264;115;379;20.1;5.2;3;0.9;171;64;1014
2005;11;331;11;-30.5;34.5;324;173;496;21.9;5.8;4;1.3;181;58;1014
2005;11;331;12;-14.3;39.6;253;265;518;23.1;6.4;5;1.5;280;53;1014
2005;11;331;13;3.4;40.9;307;247;554;24.1;7.4;5;1.5;284;54;1014
2005;11;331;14;21.3;38;330;202;532;24.6;7.6;4;1.9;80;53;1013
2005;11;331;15;36.4;31.5;339;126;465;24.9;7.2;2;1.9;60;51;1013
2005;11;331;16;48.4;22.5;198;112;310;24.4;8.3;3;1.7;137;54;1013
2005;11;331;17;58.1;11.8;50;75;125;23.3;9.4;4;1.5;214;56;1013
2005;11;331;18;65.5;0.1;0;3;3;21.9;8.8;4;1.7;264;60;1013
2005;11;331;19;72.3;0;0;0;0;21.1;9.2;4;1.2;243;66;1012
2005;11;331;20;78.2;0;0;0;0;20.2;9.4;5;1.1;178;71;1012
2005;11;331;21;84.1;0;0;0;0;19.4;9.7;5;0.7;270;77;1012
2005;11;331;22;90.4;0;0;0;0;18.7;9.2;5;0.6;225;78;1012
2005;11;331;23;99.4;0;0;0;0;17.8;9.1;5;0.5;266;83;1011
2005;11;331;24;119.4;0;0;0;0;16.9;8.5;6;0.5;232;85;1011
2005;11;332;1;-157.4;0;0;0;0;16.1;7.7;6;0.7;232;84;1011
2005;11;332;2;-108.3;0;0;0;0;15.2;7.1;6;0.8;268;85;1011
2005;11;332;3;-95.2;0;0;0;0;14.3;6.6;6;1.1;306;88;1011
2005;11;332;4;-87.4;0;0;0;0;13.9;5.9;7;1.3;271;86;1010
2005;11;332;5;-81.4;0;0;0;0;13.4;5.8;7;1.7;167;87;1010
2005;11;332;6;-75.5;0;0;0;0;13.1;5;7;3.2;142;83;1010
2005;11;332;7;-69.5;0;0;0;0;12.8;4.6;7;3;53;82;1010
2005;11;332;8;-62.5;4.8;0;14;14;13.1;5.3;8;3.4;23;83;1010
2005;11;332;9;-54.3;16.1;10;113;122;14.1;5.6;8;3.9;358;84;1009
2005;11;332;10;-44;26.2;17;195;212;14.8;6.5;8;3.4;317;87;1009
2005;11;332;11;-30.5;34.3;21;259;280;16.2;7.4;8;3.9;321;84;1009
2005;11;332;12;-14.4;39.4;25;304;329;16.9;5.4;8;3.9;343;68;1009
2005;11;332;13;3.4;40.7;22;294;315;17.3;8.3;8;3.2;334;80;1009
2005;11;332;14;21.2;37.8;20;273;293;17.5;9.1;8;3.7;358;84;1009
2005;11;332;15;36.3;31.4;12;220;232;17.5;7.1;8;4.9;351;70;1009
2005;11;332;16;48.3;22.4;8;155;163;17.2;6.3;8;6.2;2;66;1009
2005;11;332;17;57.6;11.8;0;72;72;16.6;6.8;8;7.7;334;69;1010
2005;11;332;18;65.4;0.1;0;2;2;15.8;5.4;7;8.7;68;67;1010
2005;11;332;19;72.2;0;0;0;0;15;4.5;7;8;75;68;1010
2005;11;332;20;78.1;0;0;0;0;14.1;3.4;7;6.2;64;68;1011
2005;11;332;21;83.6;0;0;0;0;13.2;2.6;7;3.9;10;70;1011
2005;11;332;22;90.2;0;0;0;0;12.3;1.9;6;2.8;44;72;1011
2005;11;332;23;99.2;0;0;0;0;11.5;0.8;6;3.4;88;72;1011
2005;11;332;24;118.5;0;0;0;0;10.6;-0.6;6;2.6;44;70;1012
2005;11;333;1;-157.4;0;0;0;0;9.9;-1.2;6;2.6;100;72;1012
2005;11;333;2;-108;0;0;0;0;9.2;-1.2;5;3;4;78;1012
2005;11;333;3;-94.6;0;0;0;0;8.4;-1.7;5;2.6;12;81;1012
2005;11;333;4;-87.3;0;0;0;0;8;-2.1;5;1.9;350;82;1013
2005;11;333;5;-81.3;0;0;0;0;7.5;-2.1;5;2.1;321;86;1013
2005;11;333;6;-75.5;0;0;0;0;7.2;-2.7;4;2.6;17;85;1013
2005;11;333;7;-69.4;0;0;0;0;6.9;-3;4;3.9;18;86;1014
2005;11;333;8;-62.4;4.6;0;20;20;7.3;-2.5;4;3.7;97;87;1014
2005;11;333;9;-54.3;16;120;105;225;9.9;-4.4;4;2.6;57;75;1014
2005;11;333;10;-44;26;312;85;397;12.1;-4;0;3;60;67;1014
2005;11;333;11;-30.5;34.1;438;101;539;14.1;-4.8;0;3.4;87;54;1015
2005;11;333;12;-14.4;39.2;492;125;617;15.7;-4.7;0;3.2;58;48;1015
2005;11;333;13;3.3;40.5;501;133;634;16.7;-4.2;0;3.2;124;45;1015
2005;11;333;14;21.1;37.7;479;116;595;17.3;-3.3;0;3.4;141;46;1015
2005;11;333;15;36.1;31.3;407;88;495;17.5;-2.6;0;5.1;217;47;1015
2005;11;333;16;48.2;22.4;281;64;346;16.9;-2.9;0;3.9;247;47;1015
2005;11;333;17;57.5;11.8;118;45;163;15.6;-2.4;0;3.4;241;50;1014
2005;11;333;18;65.3;0.1;0;4;4;14;-2.3;1;2.2;331;58;1014
2005;11;333;19;72;0;0;0;0;13.4;-0.6;1;2.8;316;68;1014
2005;11;333;20;77.6;0;0;0;0;12.8;-0.7;2;2.2;314;69;1014
2005;11;333;21;83.4;0;0;0;0;12.2;-0.9;2;1.7;320;70;1013
2005;11;333;22;90.1;0;0;0;0;11.7;-0.4;3;1.2;299;75;1013
2005;11;333;23;98.5;0;0;0;0;11.1;-0.5;3;1.1;314;77;1013
2005;11;333;24;118;0;0;0;0;10.5;-1.2;4;1.5;272;75;1013
2005;11;334;1;-157.5;0;0;0;0;10.4;-1;4;1.2;235;76;1012
2005;11;334;2;-107.4;0;0;0;0;10.2;-1.3;5;1.5;66;73;1012
2005;11;334;3;-94.4;0;0;0;0;10.1;-0.9;5;2.2;59;75;1012
2005;11;334;4;-87.2;0;0;0;0;10;0.2;6;2.4;321;80;1012
2005;11;334;5;-81.2;0;0;0;0;9.9;0.4;6;3;346;80;1011
2005;11;334;6;-75.4;0;0;0;0;9.9;1.1;6;2.8;323;82;1011
2005;11;334;7;-69.3;0;0;0;0;9.9;1;7;3;346;81;1011
2005;11;334;8;-62.4;4.5;0;12;12;10.2;2.3;7;3.4;340;84;1011
2005;11;334;9;-54.2;15.8;18;111;129;12;1.8;8;4.2;334;78;1010
2005;11;334;10;-43.6;25.8;30;203;233;13.6;2.3;8;4.2;340;73;1010
2005;11;334;11;-30.5;33.9;34;269;304;14.9;2.5;8;3.2;32;66;1010
2005;11;334;12;-14.4;39.1;47;303;350;16;2.8;8;1.7;55;62;1010
2005;11;334;13;3.2;40.4;48;313;361;16.8;2.7;8;1.3;328;57;1009
2005;11;334;14;20.6;37.6;50;294;343;17.3;3;8;1.1;336;56;1009
2005;11;334;15;36;31.2;40;253;293;17.5;3.4;8;1.9;11;57;1010
2005;11;334;16;48.1;22.3;20;165;185;17.1;2.8;8;1.7;18;53;1010
2005;11;334;17;57.4;11.7;1;75;76;16.3;3.8;8;1.1;360;57;1010
2005;11;334;18;65.2;0.1;0;2;2;15.3;5.9;8;1;68;73;1010
2005;11;334;19;71.5;0;0;0;0;14.8;7.1;8;0.9;156;84;1010
2005;11;334;20;77.5;0;0;0;0;14.3;6.5;8;0.9;259;84;1010
2005;11;334;21;83.3;0;0;0;0;13.8;6;8;1;317;84;1010
2005;11;334;22;89.5;0;0;0;0;13.3;5.5;8;1.2;285;84;1010
2005;11;334;23;98.2;0;0;0;0;12.8;4.9;8;0.9;285;84;1010
2005;11;334;24;117.1;0;0;0;0;12.3;4.4;8;1.2;259;84;1010
2005;12;335;1;-158;0;0;0;0;11.7;4.6;6;1.8;122;97;1011
2005;12;335;2;-107.2;0;0;0;0;11.1;3.8;6;1.6;90;97;1011
2005;12;335;3;-94.3;0;0;0;0;10.5;3.1;6;0.9;79;97;1011
2005;12;335;4;-87.1;0;0;0;0;10.2;2.7;6;0.7;359;97;1011
2005;12;335;5;-81.1;0;0;0;0;9.9;2.7;6;1.6;95;100;1011
2005;12;335;6;-75.3;0;0;0;0;9.6;1.8;6;1.8;187;95;1012
2005;12;335;7;-69.3;0;0;0;0;9.4;1.7;6;1.4;225;96;1012
2005;12;335;8;-62.3;4.3;0;17;17;9.9;1.9;6;1.1;226;93;1012
2005;12;335;9;-54.2;15.6;55;106;161;12.3;2.6;6;1.8;288;88;1012
2005;12;335;10;-43.6;25.6;133;173;306;14.7;3.3;6;2.1;306;81;1012
2005;12;335;11;-30.5;33.7;81;287;368;16.4;3.2;7;2.8;61;66;1012
2005;12;335;12;-14.4;38.9;147;304;451;18;2.9;7;2.6;106;58;1012
2005;12;335;13;3.2;40.2;216;301;517;19.3;2.4;6;2.3;162;53;1012
2005;12;335;14;20.5;37.4;35;249;284;19.1;5.5;8;1.8;339;54;1012
2005;12;335;15;35.5;31.1;107;247;354;19.3;4.3;7;1.6;291;57;1012
2005;12;335;16;47.5;22.2;52;182;234;18.9;4.7;6;1.8;301;58;1012
2005;12;335;17;57.3;11.7;18;84;102;17.8;5.3;6;2.1;271;61;1012
2005;12;335;18;65.1;0.1;0;2;2;16.3;5.6;7;2.8;291;71;1011
2005;12;335;19;71.4;0;0;0;0;15.7;6.5;7;2.6;286;80;1011
2005;12;335;20;77.3;0;0;0;0;15;5.9;7;1.4;326;80;1011
2005;12;335;21;83.2;0;0;0;0;14.3;5.9;7;1.1;302;84;1011
2005;12;335;22;89.3;0;0;0;0;13.6;5.7;7;0.9;337;86;1011
2005;12;335;23;97.6;0;0;0;0;12.9;5.2;7;1.6;59;87;1011
2005;12;335;24;116.2;0;0;0;0;12.2;4.4;7;2.1;12;86;1011
2005;12;336;1;-158.2;0;0;0;0;11.7;3.9;7;2.6;94;85;1010
2005;12;336;2;-106.5;0;0;0;0;11.1;3.2;7;2.3;159;83;1010
2005;12;336;3;-94.1;0;0;0;0;10.6;2.7;7;2.6;133;83;1010
2005;12;336;4;-86.6;0;0;0;0;10.2;2.5;7;2.3;219;83;1010
2005;12;336;5;-81;0;0;0;0;9.9;1.9;8;3;181;81;1010
2005;12;336;6;-75.2;0;0;0;0;9.7;1;8;3;134;75;1010
2005;12;336;7;-69.2;0;0;0;0;9.5;1.7;8;2.6;215;80;1010
2005;12;336;8;-62.3;4.2;0;4;4;9.6;1.5;8;3.7;103;77;1010
2005;12;336;9;-54.1;15.5;0;45;45;10.3;2.1;8;4.1;238;75;1009
2005;12;336;10;-43.5;25.5;0;60;60;10.7;3.2;8;4.3;117;76;1009
2005;12;336;11;-30.5;33.5;0;110;110;11.3;2.9;8;5.1;57;74;1009
2005;12;336;12;-14.5;38.7;0;94;94;11.5;4.2;8;5.6;186;77;1009
2005;12;336;13;3.1;40.1;0;97;97;11.7;4.4;8;5.4;114;78;1009
2005;12;336;14;20.4;37.3;283;242;525;13.9;-0.9;5;4.5;117;70;1009
2005;12;336;15;35.4;31;185;217;402;15;0.1;5;4.5;171;64;1009
2005;12;336;16;47.4;22.2;188;131;319;15.6;0.1;3;2.6;117;64;1009
2005;12;336;17;57.1;11.7;107;68;175;15.5;0.1;4;3;78;65;1009
2005;12;336;18;64.6;0.1;0;6;6;14.5;-0.4;4;2.5;80;68;1010
2005;12;336;19;71.3;0;0;0;0;14.4;-0.4;4;3;38;67;1010
2005;12;336;20;77.2;0;0;0;0;14.2;-0.5;4;3.3;77;67;1010
2005;12;336;21;83;0;0;0;0;14.1;-0.8;4;2.6;34;65;1010
2005;12;336;22;89.1;0;0;0;0;14;-0.8;5;3;20;65;1010
2005;12;336;23;97.3;0;0;0;0;13.8;-0.3;5;3.9;30;67;1010
2005;12;336;24;115.3;0;0;0;0;13.7;0.1;5;5.4;98;69;1010
2005;12;337;1;-158.3;0;0;0;0;13.8;0.6;5;5.4;110;71;1010
2005;12;337;2;-106.3;0;0;0;0;13.9;1.4;5;5.1;45;74;1011
2005;12;337;3;-94;0;0;0;0;13.9;2;6;4.3;103;76;1011
2005;12;337;4;-86.5;0;0;0;0;14;2.8;6;3.9;109;79;1011
2005;12;337;5;-80.6;0;0;0;0;14.1;3.1;6;3.7;236;79;1011
2005;12;337;6;-75.2;0;0;0;0;14.1;4.1;6;3.3;192;84;1011
2005;12;337;7;-69.2;0;0;0;0;14.2;4.2;6;3.9;159;83;1011
2005;12;337;8;-62.2;4;0;14;14;14.8;4.7;7;2.6;106;81;1011
2005;12;337;9;-54.1;15.3;28;116;144;17.3;6.1;7;1.9;26;71;1011
2005;12;337;10;-43.5;25.3;73;213;286;19.8;6.1;7;1.1;38;62;1012
2005;12;337;11;-30.5;33.4;100;292;393;22;6.3;7;1.1;12;53;1012
2005;12;337;12;-14.5;38.5;139;303;442;23.7;6.6;7;0.3;75;47;1012
2005;12;337;13;3;39.9;85;315;401;24.6;8.2;7;0.2;75;46;1012
2005;12;337;14;20.3;37.2;104;292;396;25.2;8.4;7;0.1;120;46;1012
2005;12;337;15;35.3;31;72;266;338;25.4;8.6;7;0.2;204;46;1012
2005;12;337;16;47.3;22.1;53;178;232;25;9.4;7;0.7;292;49;1012
2005;12;337;17;57;11.7;12;79;90;23.8;9.5;7;0.7;214;48;1012
2005;12;337;18;64.5;0.1;0;2;2;22.4;8.8;7;0.6;188;53;1012
2005;12;337;19;71.2;0;0;0;0;21.9;9.9;7;0.7;253;60;1012
2005;12;337;20;77.1;0;0;0;0;21.5;9.3;7;0.8;303;61;1012
2005;12;337;21;82.5;0;0;0;0;21;9;7;1.1;217;62;1012
2005;12;337;22;88.6;0;0;0;0;20.6;8.5;7;0.9;221;63;1012
2005;12;337;23;97.1;0;0;0;0;20.2;8.3;7;1.6;280;65;1012
2005;12;337;24;114.5;0;0;0;0;19.7;7.7;7;1.1;290;66;1012
2005;12;338;1;-158.5;0;0;0;0;19.1;6.9;7;1.8;311;66;1012
2005;12;338;2;-106.2;0;0;0;0;18.5;6.1;7;0.9;315;66;1012
2005;12;338;3;-93.5;0;0;0;0;17.8;6.2;7;1.1;285;71;1012
2005;12;338;4;-86.4;0;0;0;0;17.5;6;7;0.9;300;74;1012
2005;12;338;5;-80.5;0;0;0;0;17.1;5.1;7;0.8;282;72;1012
2005;12;338;6;-75.1;0;0;0;0;16.8;5.3;7;1.6;281;75;1012
2005;12;338;7;-69.1;0;0;0;0;16.6;5;7;1.4;248;76;1012
2005;12;338;8;-62.2;3.9;0;4;4;16.7;5.5;7;1.3;274;80;1012
2005;12;338;9;-54;15.1;88;100;188;19.6;7.1;7;1.3;119;70;1012
2005;12;338;10;-43.5;25.1;73;188;260;21.4;8.3;7;1.1;114;62;1012
2005;12;338;11;-30.5;33.2;0;45;45;20.5;13.3;8;1.1;74;67;1011
2005;12;338;12;-14.6;38.4;5;198;203;21;11.1;8;0.3;164;65;1011
2005;12;338;13;2.5;39.8;81;306;386;22.2;9.3;7;0.7;143;61;1011
2005;12;338;14;20.2;37.1;122;278;400;23.2;8.8;7;0.3;85;56;1011
2005;12;338;15;35.2;30.9;367;164;530;24.4;5.9;0;0.2;72;53;1011
2005;12;338;16;47.2;22.1;293;80;372;24.8;6.8;0;0.2;28;53;1011
2005;12;338;17;56.5;11.6;111;58;169;24.3;8.5;0;0.6;103;57;1011
2005;12;338;18;64.4;0.1;0;4;4;23;8.4;1;0.7;345;61;1011
2005;12;338;19;71.1;0;0;0;0;22.3;9.5;1;1.1;340;69;1011
2005;12;338;20;77;0;0;0;0;21.5;9.5;2;1.9;46;72;1010
2005;12;338;21;82.4;0;0;0;0;20.7;8.6;2;1.3;114;70;1010
2005;12;338;22;88.4;0;0;0;0;20;9;3;1.8;116;75;1010
2005;12;338;23;96.5;0;0;0;0;19.2;8.6;3;1.6;270;76;1010
2005;12;338;24;114;0;0;0;0;18.5;8.7;4;1.4;125;79;1010
2005;12;339;1;-159.1;0;0;0;0;17.8;8.1;4;2.3;78;78;1010
2005;12;339;2;-105.6;0;0;0;0;17;7.5;4;3;74;78;1009
2005;12;339;3;-93.4;0;0;0;0;16.2;8.3;5;4.1;141;86;1009
2005;12;339;4;-86.3;0;0;0;0;15.8;8.6;5;3;293;88;1009
2005;12;339;5;-80.4;0;0;0;0;15.4;8.9;6;2.6;271;92;1009
2005;12;339;6;-75.1;0;0;0;0;15.1;9.5;6;3.9;207;96;1009
2005;12;339;7;-69.1;0;0;0;0;14.9;9.6;7;4.5;287;96;1009
2005;12;339;8;-62.2;3.7;0;5;5;15;10.3;7;4.1;276;98;1008
2005;12;339;9;-54;15;0;54;54;15.3;11.1;8;5.4;303;98;1008
2005;12;339;10;-43.5;25;0;73;73;15.9;12;8;5.1;301;97;1008
2005;12;339;11;-30.5;33;0;73;73;16.2;12.4;8;4.8;312;95;1008
2005;12;339;12;-15;38.2;0;60;60;16.2;12.8;8;2.8;299;95;1008
2005;12;339;13;2.5;39.7;0;72;72;16.3;12.3;8;3;228;92;1008
2005;12;339;14;20.1;37;163;286;449;17.9;7.6;6;2.6;84;87;1008
2005;12;339;15;35.1;30.8;73;265;338;18.6;7.3;7;3.3;162;75;1008
2005;12;339;16;47.1;22.1;56;182;238;18.9;7;7;2.6;271;70;1008
2005;12;339;17;56.4;11.6;20;84;104;18.6;7.4;7;2.3;295;68;1008
2005;12;339;18;64.3;0.1;0;1;1;18;7.3;7;1.8;302;70;1008
2005;12;339;19;71;0;0;0;0;17.4;7;7;2.5;311;73;1008
2005;12;339;20;76.5;0;0;0;0;16.8;6.6;7;3;292;74;1008
2005;12;339;21;82.3;0;0;0;0;16.2;6.5;7;3;280;77;1008
2005;12;339;22;88.3;0;0;0;0;15.6;5.7;7;2.3;315;76;1008
2005;12;339;23;96.3;0;0;0;0;14.9;6.2;8;1.8;301;84;1008
2005;12;339;24;113.2;0;0;0;0;14.4;6.2;8;2.2;293;87;1008
2005;12;340;1;-159.4;0;0;0;0;13.9;5.9;8;1.9;283;89;1009
2005;12;340;2;-105.4;0;0;0;0;13.4;5.9;8;2.6;281;92;1009
2005;12;340;3;-93.3;0;0;0;0;13;5.4;8;3.7;331;92;1009
2005;12;340;4;-86.2;0;0;0;0;12.7;5.4;8;4.1;299;94;1009
2005;12;340;5;-80.4;0;0;0;0;12.5;5.1;8;4.5;289;93;1009
2005;12;340;6;-75;0;0;0;0;12.3;4.7;8;5.4;296;91;1009
2005;12;340;7;-69;0;0;0;0;12.1;5.3;8;4.1;293;96;1009
2005;12;340;8;-62.1;3.6;0;9;9;12.4;5.4;8;4.5;289;95;1009
2005;12;340;9;-53.6;14.8;3;99;102;13.9;5.9;8;5.9;294;85;1009
2005;12;340;10;-43.5;24.8;12;178;190;15.4;5.4;8;5.4;233;74;1009
2005;12;340;11;-30.5;32.9;23;252;275;16.8;6.3;8;4.3;234;73;1009
2005;12;340;12;-15;38.1;28;290;318;17.9;6.5;8;4.1;253;68;1009
2005;12;340;13;2.4;39.5;23;301;324;18.7;6.7;8;3.9;303;64;1009
2005;12;340;14;19.6;36.9;16;268;284;18.9;6.7;8;4.5;303;61;1010
2005;12;340;15;34.6;30.8;14;230;244;19;6.5;8;4.3;292;59;1010
2005;12;340;16;47;22.1;3;142;145;18.7;7.3;8;3.5;282;61;1010
2005;12;340;17;56.3;11.6;1;72;73;17.9;7.7;8;5.1;286;66;1010
2005;12;340;18;64.2;0.1;0;2;2;16.9;7.1;7;4.5;288;70;1010
2005;12;340;19;70.5;0;0;0;0;16.4;6.6;7;4.5;291;72;1011
2005;12;340;20;76.4;0;0;0;0;15.8;5.8;7;3.7;287;72;1011
2005;12;340;21;82.2;0;0;0;0;15.3;5.8;7;2.5;277;77;1011
2005;12;340;22;88.1;0;0;0;0;14.8;5.4;6;2.2;300;79;1011
2005;12;340;23;96.1;0;0;0;0;14.3;5;6;1.6;220;82;1011
2005;12;340;24;112.4;0;0;0;0;13.7;4.8;6;1.6;116;86;1012
2005;12;341;1;-160.1;0;0;0;0;13.3;4.2;5;1.4;26;86;1012
2005;12;341;2;-105.3;0;0;0;0;12.8;4.3;5;1.3;68;92;1012
2005;12;341;3;-93.1;0;0;0;0;12.4;4;5;1.4;112;96;1012
2005;12;341;4;-86.2;0;0;0;0;12.1;3.6;5;1.6;56;96;1012
2005;12;341;5;-80.3;0;0;0;0;11.9;3.4;4;2.6;125;98;1013
2005;12;341;6;-74.6;0;0;0;0;11.7;3.3;4;2.6;186;100;1013
2005;12;341;7;-68.6;0;0;0;0;11.6;2.9;4;2.5;177;100;1013
2005;12;341;8;-62.1;3.4;0;13;13;12;3.2;4;2.5;166;100;1013
2005;12;341;9;-53.6;14.7;99;78;176;15;5;3;4.3;218;89;1013
2005;12;341;10;-43.5;24.7;237;117;354;18.1;4.9;3;5.6;237;75;1014
2005;12;341;11;-30.5;32.7;282;180;462;20.3;5.7;4;4.3;114;65;1014
2005;12;341;12;-15.1;38;258;242;500;22;7.1;5;4.5;165;61;1014
2005;12;341;13;2.3;39.4;232;267;500;23;7.1;6;5.1;72;55;1014
2005;12;341;14;19.5;36.8;197;260;458;23.6;7.5;6;4.8;177;53;1014
2005;12;341;15;34.5;30.7;314;138;452;24;5.7;3;4.3;173;48;1014
2005;12;341;16;46.5;22;195;112;307;23.6;5.9;3;4.3;281;48;1014
2005;12;341;17;56.3;11.6;79;64;143;22.4;6.6;3;4.3;303;52;1014
2005;12;341;18;64.1;0.1;0;7;7;20.8;5.6;4;3.5;301;56;1014
2005;12;341;19;70.4;0;0;0;0;20;6.2;4;2.3;266;63;1014
2005;12;341;20;76.3;0;0;0;0;19.3;5.7;4;1.6;290;65;1014
2005;12;341;21;82;0;0;0;0;18.6;5.4;4;1.9;318;67;1015
2005;12;341;22;88;0;0;0;0;17.8;5.6;4;1.8;308;73;1015
2005;12;341;23;95.5;0;0;0;0;17;4.8;4;2.1;294;74;1015
2005;12;341;24;111.6;0;0;0;0;16.1;4.8;4;1.8;290;80;1015
2005;12;342;1;-160.4;0;0;0;0;15.3;4.7;4;2.3;304;85;1015
2005;12;342;2;-105.1;0;0;0;0;14.5;3.7;4;1.9;295;85;1015
2005;12;342;3;-93.1;0;0;0;0;13.7;3.4;4;1.4;294;89;1015
2005;12;342;4;-86.1;0;0;0;0;13.3;3.6;4;1.9;230;95;1015
2005;12;342;5;-80.3;0;0;0;0;12.8;3.2;4;1.3;183;96;1015
2005;12;342;6;-74.5;0;0;0;0;12.5;3.2;4;1.3;80;98;1015
2005;12;342;7;-68.5;0;0;0;0;12.3;3.1;4;0.7;122;100;1015
2005;12;342;8;-62.1;3.3;0;12;12;12.6;3.3;4;0.2;221;99;1015
2005;12;342;9;-53.6;14.5;97;83;181;15.5;5.5;4;0.1;108;90;1015
2005;12;342;10;-43.5;24.5;194;139;333;18.2;5.4;4;0.2;188;74;1015
2005;12;342;11;-30.6;32.6;266;183;449;20.2;6.2;4;0.4;31;67;1015
2005;12;342;12;-15.1;37.8;381;171;552;22.2;6.5;3;0.4;84;61;1015
2005;12;342;13;2.2;39.3;368;194;562;23.5;6.7;4;0.9;140;55;1015
2005;12;342;14;19.4;36.8;379;167;546;24.3;5.9;3;1.6;118;49;1015
2005;12;342;15;34.4;30.7;388;95;484;24.7;5.5;0;1.4;184;47;1015
2005;12;342;16;46.4;22;249;85;333;24.4;5.6;1;0.7;271;47;1015
2005;12;342;17;56.2;11.6;110;71;181;23.3;5;1;0.9;116;49;1015
2005;12;342;18;64;0.1;0;7;7;21.5;5;1;0.7;38;57;1015
2005;12;342;19;70.3;0;0;0;0;20.5;5.9;1;0.2;350;66;1015
2005;12;342;20;76.2;0;0;0;0;19.6;5.7;1;0.4;342;71;1015
2005;12;342;21;81.5;0;0;0;0;18.7;4.6;1;0.4;6;70;1015
2005;12;342;22;87.5;0;0;0;0;17.6;4.4;1;0.9;4;75;1015
2005;12;342;23;95.3;0;0;0;0;16.6;3.5;1;1.1;355;77;1015
2005;12;342;24;111.2;0;0;0;0;15.5;3.1;1;0.6;337;81;1015
2005;12;343;1;-161.2;0;0;0;0;14.6;2.9;1;0.6;326;86;1015
2005;12;343;2;-104.6;0;0;0;0;13.6;2;1;0.4;356;88;1015
2005;12;343;3;-92.6;0;0;0;0;12.7;1.5;1;0.9;343;92;1015
2005;12;343;4;-86;0;0;0;0;12.1;1;1;0.7;28;92;1015
2005;12;343;5;-80.2;0;0;0;0;11.6;0.8;1;1.1;48;94;1015
2005;12;343;6;-74.5;0;0;0;0;11.2;1.2;1;0.7;112;100;1016
2005;12;343;7;-68.5;0;0;0;0;10.9;0.8;1;0.7;141;100;1016
2005;12;343;8;-62;3.2;0;13;13;11.2;1.3;1;0.9;336;100;1016
2005;12;343;9;-53.6;14.4;129;63;193;14.2;3.6;2;0.8;79;91;1016
2005;12;343;10;-43.5;24.4;240;114;354;16.9;3.1;2;0.4;73;72;1016
2005;12;343;11;-30.6;32.5;325;154;479;19.2;3.9;2;0.8;347;65;1016
2005;12;343;12;-15.2;37.7;416;153;569;21;4.9;1;0.7;335;61;1016
2005;12;343;13;2.1;39.2;433;160;593;22.3;5.2;1;1.1;27;56;1016
2005;12;343;14;19.3;36.7;441;132;573;23.2;5;0;0.8;56;52;1016
2005;12;343;15;34.3;30.6;403;85;488;23.4;5.5;0;1.4;105;52;1016
2005;12;343;16;46.3;22;278;63;341;23;5.2;0;1.4;192;52;1015
2005;12;343;17;56.1;11.7;120;44;164;21.7;4.9;0;1.1;122;53;1015
2005;12;343;18;63.5;0.2;0;5;5;19.9;5;1;1.3;113;62;1015
2005;12;343;19;70.3;0;0;0;0;19.2;5.6;1;1.3;346;69;1015
2005;12;343;20;76.1;0;0;0;0;18.5;5.5;1;1.6;334;73;1015
2005;12;343;21;81.4;0;0;0;0;17.8;5.4;1;1.8;66;77;1015
2005;12;343;22;87.4;0;0;0;0;17;5.6;2;1.6;83;84;1015
2005;12;343;23;95.1;0;0;0;0;16.2;5.2;2;2.1;81;87;1015
2005;12;343;24;110.4;0;0;0;0;15.4;5.1;2;2.3;113;92;1015
2005;12;344;1;-162;0;0;0;0;14.9;4.8;2;1.4;60;94;1015
2005;12;344;2;-104.5;0;0;0;0;14.5;4.4;3;1.8;74;95;1015
2005;12;344;3;-92.5;0;0;0;0;14;4.2;3;1.6;117;98;1015
2005;12;344;4;-85.6;0;0;0;0;13.7;4.2;3;1.9;23;99;1015
2005;12;344;5;-80.2;0;0;0;0;13.5;3.4;3;1.9;118;95;1015
2005;12;344;6;-74.4;0;0;0;0;13.4;3.9;4;2.2;73;100;1015
2005;12;344;7;-68.5;0;0;0;0;13.2;3.6;4;1.6;149;99;1015
2005;12;344;8;-62;3;0;16;16;13.8;4.2;4;1.3;76;97;1014
2005;12;344;9;-53.5;14.3;113;74;187;16.8;5.9;5;2.2;67;85;1014
2005;12;344;10;-43.5;24.2;144;156;299;19;6.6;5;2.6;69;72;1014
2005;12;344;11;-31;32.3;199;211;410;20.9;6.8;5;1.9;93;63;1014
2005;12;344;12;-15.2;37.6;152;292;444;22.3;7.5;6;1.6;76;57;1014
2005;12;344;13;2.1;39.1;266;263;529;23.7;7;5;1.9;192;53;1014
2005;12;344;14;19.2;36.6;425;162;587;25;5.4;1;1.8;147;47;1014
2005;12;344;15;34.2;30.6;309;141;449;25.4;6.5;2;1.3;136;46;1014
2005;12;344;16;46.2;22;165;124;289;24.9;6.8;4;1.1;117;45;1013
2005;12;344;17;55.6;11.7;36;80;116;23.6;8.3;4;1.8;135;49;1013
2005;12;344;18;63.5;0.2;0;1;1;22;8;4;2.2;133;54;1013
2005;12;344;19;70.2;0;0;0;0;21.2;8.6;4;2.6;183;60;1012
2005;12;344;20;76;0;0;0;0;20.4;8.2;5;2.2;114;61;1012
2005;12;344;21;81.4;0;0;0;0;19.6;8.1;5;1.9;223;64;1012
2005;12;344;22;87.2;0;0;0;0;18.8;8.7;5;2.2;237;71;1011
2005;12;344;23;94.5;0;0;0;0;18.1;8;5;1.6;224;70;1011
2005;12;344;24;110.1;0;0;0;0;17.2;7.3;6;2.1;82;71;1011
2005;12;345;1;-162.5;0;0;0;0;16.3;6.8;6;1.8;119;73;1011
2005;12;345;2;-104.4;0;0;0;0;15.3;6.6;6;2.2;77;77;1010
2005;12;345;3;-92.4;0;0;0;0;14.3;6.2;6;1.3;53;81;1010
2005;12;345;4;-85.5;0;0;0;0;13.7;6.1;7;0.4;118;83;1010
2005;12;345;5;-80.1;0;0;0;0;13.1;5.9;7;0.7;29;85;1009
2005;12;345;6;-74.4;0;0;0;0;12.7;6.2;7;0.8;174;89;1009
2005;12;345;7;-68.5;0;0;0;0;12.3;6.2;7;1.4;118;91;1009
2005;12;345;8;-62;2.9;0;4;4;12.2;6.6;8;2.1;288;93;1009
2005;12;345;9;-53.5;14.1;0;51;51;12.7;7.3;8;2.8;279;92;1008
2005;12;345;10;-43.5;24.1;0;127;127;13.3;6.2;8;3.3;117;86;1008
2005;12;345;11;-31;32.2;0;152;152;13.8;6.6;8;3.3;184;84;1008
2005;12;345;12;-15.3;37.5;0;171;171;14.1;6.6;8;3.5;115;81;1007
2005;12;345;13;1.6;39;2;201;203;14.3;6.1;8;2.5;230;79;1007
2005;12;345;14;19.1;36.6;1;182;183;14.4;6.5;8;3;180;79;1007
2005;12;345;15;34.1;30.6;0;142;142;14.4;7.2;8;3;228;82;1007
2005;12;345;16;46.2;22;7;149;156;14.3;5.5;8;2.8;208;80;1007
2005;12;345;17;55.5;11.7;0;65;65;13.9;6.4;8;3.7;234;84;1007
2005;12;345;18;63.4;0.3;0;3;3;13.4;6.1;8;3;268;85;1007
2005;12;345;19;70.1;0;0;0;0;13.2;7.3;8;3;221;93;1007
2005;12;345;20;75.6;0;0;0;0;12.4;7.1;8;3;225;98;1007
2005;12;345;21;81.3;0;0;0;0;12.7;7.6;8;3;324;98;1007
2005;12;345;22;87.1;0;0;0;0;12.7;7.6;8;3.5;288;97;1008
2005;12;345;23;94.4;0;0;0;0;12.7;7.9;8;4.1;279;98;1008
2005;12;345;24;109.3;0;0;0;0;12.4;7.6;8;3.9;280;97;1008
2005;12;346;1;-163.4;0;0;0;0;12.9;8.5;8;3.9;226;98;1008
2005;12;346;2;-104.3;0;0;0;0;13.3;8.9;8;4.5;82;97;1008
2005;12;346;3;-92.4;0;0;0;0;14;10;8;4.5;73;98;1008
2005;12;346;4;-85.5;0;0;0;0;14.3;10.6;8;4.8;119;98;1008
2005;12;346;5;-80.1;0;0;0;0;14.6;11.1;8;4.5;80;98;1008
2005;12;346;6;-74.4;0;0;0;0;14.9;11.4;8;3.7;48;97;1008
2005;12;346;7;-68.5;0;0;0;0;15.2;12;8;3;122;98;1008
2005;12;346;8;-62;2.8;0;4;4;15.5;12.4;8;3.3;190;97;1008
2005;12;346;9;-53.5;14;0;15;15;15.9;12.5;8;4.1;253;93;1008
2005;12;346;10;-43.5;24;0;65;65;16.9;12.1;8;5.1;311;88;1008
2005;12;346;11;-31.1;32.1;0;101;101;17.9;12.2;8;3.7;227;84;1008
2005;12;346;12;-15.4;37.4;0;89;89;18.5;11.1;8;3.7;108;71;1008
2005;12;346;13;1.5;39;0;81;81;18.7;11.6;8;3.5;253;71;1008
2005;12;346;14;19;36.5;210;268;478;21.4;6.9;5;4.1;250;63;1008
2005;12;346;15;34;30.6;183;207;390;23;7.5;5;5.6;328;56;1008
2005;12;346;16;46.1;22;141;136;277;23.7;8.1;4;5.9;298;54;1009
2005;12;346;17;55.4;11.7;53;74;127;23.5;9.2;4;5.4;243;55;1009
2005;12;346;18;63.3;0.3;0;5;5;22.6;9.4;4;5.4;183;60;1009
2005;12;346;19;70;0;0;0;0;22.1;9.5;4;5.1;113;63;1009
2005;12;346;20;75.5;0;0;0;0;21.5;8.6;5;5.9;357;61;1009
2005;12;346;21;81.2;0;0;0;0;20.9;8.4;5;5.6;7;63;1009
2005;12;346;22;87;0;0;0;0;20.3;8.6;5;5.9;25;66;1009
2005;12;346;23;94.2;0;0;0;0;19.7;7.9;5;6.8;82;65;1009
2005;12;346;24;109;0;0;0;0;19.2;7.7;6;6.8;59;67;1009
2005;12;347;1;-164.3;0;0;0;0;18.1;7;6;7.7;334;69;1009
2005;12;347;2;-104.2;0;0;0;0;16.6;6.5;6;8.2;125;75;1009
2005;12;347;3;-92.3;0;0;0;0;15.2;6.3;6;10.5;141;83;1009
2005;12;347;4;-85.4;0;0;0;0;14.5;6.1;7;9.3;91;87;1009
2005;12;347;5;-80.1;0;0;0;0;13.7;5.3;7;6.8;116;87;1009
2005;12;347;6;-74.4;0;0;0;0;13.1;5;7;7.4;89;88;1009
2005;12;347;7;-68.4;0;0;0;0;12.6;5.3;7;5.9;65;94;1009
2005;12;347;8;-61.6;2.6;0;7;7;12.6;5.4;8;4.1;83;94;1009
2005;12;347;9;-53.5;13.9;4;95;99;13.6;5.8;8;3.9;111;88;1010
2005;12;347;10;-43.5;23.9;19;179;199;14.6;5.8;8;4.8;113;84;1010
2005;12;347;11;-31.1;32;34;255;289;15.6;6;8;4.5;1;82;1010
2005;12;347;12;-15.4;37.3;40;285;326;16.3;6.2;8;4.3;6;77;1010
2005;12;347;13;1.4;38.9;43;299;343;16.8;6.5;8;4.1;346;76;1010
2005;12;347;14;18.5;36.5;44;273;317;17.1;6.6;8;1.9;122;74;1010
2005;12;347;15;33.5;30.6;9;217;226;16.9;7.1;8;1.3;331;73;1010
2005;12;347;16;45.6;22;2;140;143;16.4;7.4;8;1.4;341;75;1010
2005;12;347;17;55.4;11.8;0;65;65;15.6;8.1;8;1.9;26;81;1011
2005;12;347;18;63.2;0.3;0;2;2;14.7;7.3;8;2.3;46;84;1011
2005;12;347;19;69.6;0;0;0;0;14.3;6.8;7;3;13;86;1011
2005;12;347;20;75.4;0;0;0;0;13.9;6.8;7;2.6;4;91;1011
2005;12;347;21;81.1;0;0;0;0;13.5;6.5;7;2.2;111;93;1012
2005;12;347;22;86.5;0;0;0;0;13.1;6.3;7;3.5;177;97;1012
2005;12;347;23;94.1;0;0;0;0;12.7;5.9;6;4.8;182;99;1012
2005;12;347;24;108.3;0;0;0;0;12.3;5.2;6;5.4;179;99;1012
2005;12;348;1;-165.3;0;0;0;0;12.6;5.2;6;4.8;234;99;1012
2005;12;348;2;-104.2;0;0;0;0;12.8;4.7;6;5.6;148;95;1013
2005;12;348;3;-92.3;0;0;0;0;13.1;4.6;5;5.4;232;93;1013
2005;12;348;4;-85.4;0;0;0;0;13.3;4.2;5;5.9;314;90;1013
2005;12;348;5;-80;0;0;0;0;13.5;4.5;5;6.3;291;92;1013
2005;12;348;6;-74.4;0;0;0;0;13.6;4.2;5;5.4;307;90;1014
2005;12;348;7;-68.4;0;0;0;0;13.8;4;4;5.9;282;90;1014
2005;12;348;8;-61.6;2.5;0;10;10;14.3;4.3;4;6.2;306;90;1014
2005;12;348;9;-53.6;13.7;101;69;170;17.5;5.7;4;7.2;241;76;1014
2005;12;348;10;-43.5;23.7;178;132;310;20.2;5.4;4;8.5;246;60;1014
2005;12;348;11;-31.2;31.9;289;163;452;22.9;6.4;3;8.5;299;55;1015
2005;12;348;12;-15.5;37.2;358;178;536;25.1;7.2;3;9.3;310;49;1015
2005;12;348;13;1.4;38.8;437;158;595;27;7.2;1;8.5;287;44;1015
2005;12;348;14;18.5;36.5;429;133;562;28.3;7.1;0;7.4;276;39;1015
2005;12;348;15;33.4;30.6;358;111;469;27.7;7.5;0;6.8;296;42;1015
2005;12;348;16;45.5;22.1;217;95;312;28.3;8.9;0;6.5;152;41;1015
2005;12;348;17;55.3;11.8;99;56;154;26.9;8.9;0;5.4;88;44;1014
2005;12;348;18;63.2;0.4;0;5;5;25.1;8.2;1;5.1;77;48;1014
2005;12;348;19;69.5;0;0;0;0;24.7;9.4;1;5.1;2;54;1014
2005;12;348;20;75.4;0;0;0;0;24.3;9.7;2;5.9;335;56;1014
2005;12;348;21;81;0;0;0;0;23.9;9.7;2;6.3;0;57;1013
2005;12;348;22;86.5;0;0;0;0;23.6;10.5;3;6.8;331;62;1013
2005;12;348;23;93.6;0;0;0;0;23.2;10.4;3;5.1;15;62;1013
2005;12;348;24;108.1;0;0;0;0;22.8;10;3;6.2;65;62;1013
2005;12;349;1;-166.3;0;0;0;0;22.1;9.4;4;5.1;66;61;1013
2005;12;349;2;-104.1;0;0;0;0;21.3;9.9;4;4.3;144;67;1012
2005;12;349;3;-92.2;0;0;0;0;20.6;10.7;5;3.7;75;76;1012
2005;12;349;4;-85.4;0;0;0;0;20.1;11.1;5;3;190;80;1012
2005;12;349;5;-80;0;0;0;0;19.7;11;6;1.9;111;81;1012
2005;12;349;6;-74.4;0;0;0;0;19.4;11;6;2.3;130;82;1012
2005;12;349;7;-68.4;0;0;0;0;19.1;11.3;6;2.2;52;85;1011
2005;12;349;8;-62;2.4;0;7;7;19.2;12;7;2.1;91;88;1011
2005;12;349;9;-53.6;13.6;4;94;98;20.4;12.7;7;2.1;16;82;1011
2005;12;349;10;-43.6;23.6;30;184;214;21.9;12.6;8;3;87;78;1011
2005;12;349;11;-31.2;31.7;48;264;312;23.2;13.2;8;3.5;146;76;1011
2005;12;349;12;-15.5;37.1;53;284;336;24.2;14.2;8;2.6;64;74;1010
2005;12;349;13;1.3;38.8;21;287;307;24.6;14.7;8;2.6;137;70;1010
2005;12;349;14;18.4;36.4;41;271;312;24.9;14.5;8;1.6;119;69;1010
2005;12;349;15;33.4;30.6;33;243;276;25;14.3;8;1.1;118;68;1010
2005;12;349;16;45.4;22.1;17;164;181;24.7;15.5;8;1.1;75;74;1010
2005;12;349;17;55.2;11.9;3;80;83;23.9;16.1;8;0.6;80;78;1010
2005;12;349;18;63.1;0.5;0;2;2;22.9;16;8;0.4;240;84;1009
2005;12;349;19;69.4;0;0;0;0;22.6;16.2;8;0.6;320;87;1009
2005;12;349;20;75.3;0;0;0;0;22.4;16.2;8;1.1;296;88;1009
2005;12;349;21;80.6;0;0;0;0;22.1;15.7;8;1.4;293;86;1009
2005;12;349;22;86.4;0;0;0;0;21.8;15.2;8;1.4;176;85;1009
2005;12;349;23;93.5;0;0;0;0;21.5;15.5;8;1.8;155;88;1009
2005;12;349;24;107.4;0;0;0;0;21.2;15.5;8;1.6;136;90;1009
2005;12;350;1;-167.4;0;0;0;0;21.2;16;8;1.6;127;93;1008
2005;12;350;2;-104.1;0;0;0;0;21.2;16.4;8;1.9;350;95;1008
2005;12;350;3;-92.2;0;0;0;0;21.3;16.7;8;1.3;144;96;1008
2005;12;350;4;-85.4;0;0;0;0;21.1;16.9;8;1.1;92;98;1008
2005;12;350;5;-80;0;0;0;0;21.3;17;8;1.1;52;97;1008
2005;12;350;6;-74.3;0;0;0;0;21.1;17;8;0.9;10;98;1008
2005;12;350;7;-68.4;0;0;0;0;20.4;16.5;8;1.4;2;99;1007
2005;12;350;8;-62;2.3;0;4;4;21.7;17.8;8;2.1;6;97;1007
2005;12;350;9;-53.6;13.5;0;57;57;22.7;19;8;2.8;0;97;1007
2005;12;350;10;-43.6;23.5;0;103;103;23.6;19.4;8;2.8;357;94;1007
2005;12;350;11;-31.2;31.7;0;133;133;24.4;19.9;8;2.5;17;91;1007
2005;12;350;12;-16;37;0;166;166;25.1;19.7;8;1.9;47;86;1007
2005;12;350;13;1.2;38.7;1;184;185;25.6;19.8;8;2.1;24;83;1007
2005;12;350;14;18.3;36.4;1;180;181;26.1;20.2;8;2.6;344;83;1007
2005;12;350;15;33.3;30.6;0;135;135;26.2;20.9;8;2.6;101;85;1007
2005;12;350;16;45.4;22.1;0;107;107;26.1;20.6;8;3;356;85;1007
2005;12;350;17;55.2;11.9;0;38;38;25.6;21.2;8;3.9;349;86;1006
2005;12;350;18;63;0.5;0;2;2;25.1;20.9;8;4.3;341;88;1006
2005;12;350;19;69.4;0;0;0;0;24.7;20.2;8;4.5;35;86;1006
2005;12;350;20;75.2;0;0;0;0;24.4;20.7;8;4.3;349;93;1006
2005;12;350;21;80.5;0;0;0;0;24;20.9;8;5.1;344;96;1006
2005;12;350;22;86.3;0;0;0;0;23.7;20.5;8;5.1;359;96;1006
2005;12;350;23;93.3;0;0;0;0;23.4;20.4;8;6.2;353;98;1006
2005;12;350;24;107.2;0;0;0;0;23;20;8;5.1;109;98;1006
2005;12;351;1;-168.4;0;0;0;0;21.5;18.4;8;4.5;66;99;1006
2005;12;351;2;-104.1;0;0;0;0;21.6;18.4;8;5.4;39;98;1006
2005;12;351;3;-92.2;0;0;0;0;21.2;18;8;5.6;351;98;1006
2005;12;351;4;-85.4;0;0;0;0;21;17.7;8;4.1;32;97;1006
2005;12;351;5;-80;0;0;0;0;20.4;17.1;8;3.7;335;98;1006
2005;12;351;6;-74.3;0;0;0;0;20.5;17.3;8;3.7;333;98;1006
2005;12;351;7;-68.4;0;0;0;0;20.3;17;8;3.5;18;98;1006
2005;12;351;8;-62;2.2;0;3;3;19.9;16.6;8;3.3;28;98;1006
2005;12;351;9;-54;13.4;0;43;43;19;15.7;8;3.9;82;99;1006
2005;12;351;10;-44;23.4;0;79;79;21.3;17.8;8;4.1;321;97;1006
2005;12;351;11;-31.3;31.6;0;124;124;21.8;18.1;8;5.1;19;97;1006
2005;12;351;12;-16.1;36.9;0;152;152;22.3;18.2;8;3.5;353;95;1006
2005;12;351;13;1.1;38.7;0;159;159;22.4;17.9;8;3.7;354;92;1006
2005;12;351;14;18.2;36.4;0;133;133;22.6;18.2;8;3.3;354;90;1006
2005;12;351;15;33.2;30.6;0;100;100;22.6;18.4;8;3.5;359;90;1007
2005;12;351;16;45.3;22.2;0;68;68;22.5;17.7;8;4.5;7;86;1007
2005;12;351;17;55.1;12;0;26;26;22.1;17.9;8;5.9;14;86;1007
2005;12;351;18;62.6;0.6;0;2;2;21.8;16.7;7;5.4;341;82;1008
2005;12;351;19;69.3;0;0;0;0;21.3;16.3;7;5.6;337;86;1008
2005;12;351;20;75.2;0;0;0;0;20.8;15.6;7;5.1;341;87;1009
2005;12;351;21;80.4;0;0;0;0;20.4;16;6;3.7;334;95;1009
2005;12;351;22;86.2;0;0;0;0;19.9;14.5;6;4.1;348;91;1009
2005;12;351;23;93.3;0;0;0;0;19.4;13.8;6;3.7;334;92;1010
2005;12;351;24;106.6;0;0;0;0;19;13.3;5;5.4;2;94;1010
2005;12;352;1;-169.6;0;0;0;0;18.7;13;5;5.6;25;96;1011
2005;12;352;2;-104.1;0;0;0;0;18.3;12.2;5;6.2;2;95;1011
2005;12;352;3;-92.2;0;0;0;0;18;11.8;4;6.2;31;98;1011
2005;12;352;4;-85.4;0;0;0;0;17.9;11.5;4;7.1;43;98;1012
2005;12;352;5;-80;0;0;0;0;17.8;10.9;4;6.5;23;97;1012
2005;12;352;6;-74.3;0;0;0;0;17.8;10.3;3;6.8;16;95;1013
2005;12;352;7;-68.4;0;0;0;0;17.8;10.2;3;5.9;345;97;1013
2005;12;352;8;-62;2.1;0;8;8;18.1;10.3;3;4.8;124;97;1013
2005;12;352;9;-54;13.3;80;73;153;20.2;11.4;2;4.5;189;91;1014
2005;12;352;10;-44.1;23.3;192;125;317;22.4;10.5;2;3.5;77;77;1014
2005;12;352;11;-31.3;31.5;343;130;473;24.6;9.9;0;4.5;104;65;1015
2005;12;352;12;-16.2;36.9;407;150;557;26.5;10.5;0;5.1;49;59;1015
2005;12;352;13;1;38.6;433;155;587;27.9;10.8;0;3.9;112;54;1015
2005;12;352;14;18.1;36.4;414;141;555;27.7;10.4;0;3.7;317;53;1015
2005;12;352;15;33.1;30.6;352;113;466;27.7;10.7;0;3.5;23;53;1015
2005;12;352;16;45.2;22.2;248;82;330;27.7;10.8;0;3.3;102;52;1015
2005;12;352;17;55;12;90;58;148;28;12.2;0;3;124;50;1015
2005;12;352;18;62.5;0.7;0;4;4;26.6;12;0;3.3;139;56;1015
2005;12;352;19;69.3;0;0;0;0;26;13.1;0;3;216;65;1016
2005;12;352;20;75.1;0;0;0;0;25.3;12.6;0;4.1;287;66;1016
2005;12;352;21;80.4;0;0;0;0;24.7;12.3;0;4.8;222;68;1016
2005;12;352;22;86.2;0;0;0;0;24.1;11.6;0;3.3;175;68;1016
2005;12;352;23;93.2;0;0;0;0;23.5;11.3;0;2.5;96;71;1016
2005;12;352;24;106.4;0;0;0;0;22.9;10.8;0;2.3;337;72;1016
2005;12;353;1;-171.1;0;0;0;0;21.8;10.1;0;1.4;29;75;1016
2005;12;353;2;-104.1;0;0;0;0;20.7;9.7;0;0.7;17;80;1016
2005;12;353;3;-92.2;0;0;0;0;19.6;9;0;1.3;353;84;1016
2005;12;353;4;-85.4;0;0;0;0;19.1;8.7;0;1.6;20;86;1016
2005;12;353;5;-80;0;0;0;0;18.7;8;0;1.9;359;85;1016
2005;12;353;6;-74.4;0;0;0;0;18.3;7.9;0;1.8;25;87;1016
2005;12;353;7;-68.5;0;0;0;0;17.9;7.9;0;2.3;321;90;1016
2005;12;353;8;-62.1;1.9;0;8;8;18.2;7.9;0;1.8;336;89;1016
2005;12;353;9;-54.1;13.2;122;56;178;20.1;8.6;0;2.1;7;79;1016
2005;12;353;10;-44.1;23.2;278;76;354;22.2;8.2;0;2.6;16;70;1016
2005;12;353;11;-31.4;31.4;415;87;502;24.1;8.4;0;2.1;8;62;1016
2005;12;353;12;-16.2;36.8;481;107;588;25.7;8.8;0;2.5;337;57;1016
2005;12;353;13;0.5;38.6;504;113;617;26.8;9.6;0;2.3;20;56;1016
2005;12;353;14;18;36.4;477;105;582;27.6;10.2;0;2.5;98;55;1016
2005;12;353;15;33;30.7;420;77;496;27.9;11;0;2.5;23;56;1016
2005;12;353;16;45.2;22.3;273;69;342;27.5;11.7;0;3.3;78;58;1016
2005;12;353;17;54.6;12.1;109;52;161;26.6;12.4;0;4.8;175;60;1016
2005;12;353;18;62.5;0.7;0;5;5;25.2;11.7;0;4.5;145;64;1016
2005;12;353;19;69.2;0;0;0;0;24.5;12.3;0;6.5;289;71;1016
2005;12;353;20;75.1;0;0;0;0;23.8;11.9;0;7.9;241;73;1016
2005;12;353;21;80.4;0;0;0;0;23;11;0;7.4;244;73;1016
2005;12;353;22;86.1;0;0;0;0;22.3;10.9;0;7.2;247;77;1016
2005;12;353;23;93.1;0;0;0;0;21.6;10.6;0;7.4;228;79;1016
2005;12;353;24;106.2;0;0;0;0;20.9;10;0;7.7;246;80;1016
2005;12;354;1;-172.3;0;0;0;0;20.1;9.3;0;7.9;300;81;1016
2005;12;354;2;-104.2;0;0;0;0;19.4;8.7;0;6.3;297;82;1016
2005;12;354;3;-92.2;0;0;0;0;18.7;8.3;0;6.8;288;84;1015
2005;12;354;4;-85.4;0;0;0;0;18.5;8.2;0;6.8;285;85;1015
2005;12;354;5;-80;0;0;0;0;18.1;8.2;0;5.9;276;87;1015
2005;12;354;6;-74.4;0;0;0;0;17.9;8.2;0;5.1;255;89;1015
2005;12;354;7;-68.5;0;0;0;0;17.8;8.4;0;4.1;176;91;1015
2005;12;354;8;-62.1;1.8;0;7;7;18.1;8.4;0;3.9;232;89;1015
2005;12;354;9;-54.1;13.1;92;66;159;20.1;9.8;0;2.8;158;82;1015
2005;12;354;10;-44.1;23.1;240;97;337;22.4;9.4;0;2.3;118;73;1015
2005;12;354;11;-31.5;31.3;360;117;476;24.5;9.5;0;1.9;339;63;1015
2005;12;354;12;-16.3;36.8;398;157;555;26.3;9.3;1;2.1;101;55;1015
2005;12;354;13;0.5;38.6;455;146;600;27.7;8.4;0;2.1;116;46;1015
2005;12;354;14;17.6;36.4;398;154;551;28.6;8.5;1;2.6;14;42;1015
2005;12;354;15;32.6;30.7;295;153;448;27.7;8.9;2;1.9;102;45;1015
2005;12;354;16;45.1;22.3;203;109;313;28.5;9.7;2;1.4;275;43;1015
2005;12;354;17;54.5;12.2;55;77;131;27.4;11;2;1.9;187;45;1015
2005;12;354;18;62.5;0.8;0;3;3;26;9.7;2;1.3;128;46;1015
2005;12;354;19;69.2;0;0;0;0;24.6;9.8;2;2.1;141;53;1015
2005;12;354;20;75.1;0;0;0;0;23.2;8.3;1;2.3;147;54;1015
2005;12;354;21;80.3;0;0;0;0;21.8;7.8;1;2.3;181;59;1015
2005;12;354;22;86.1;0;0;0;0;20.4;6.7;1;1.3;183;61;1015
2005;12;354;23;93;0;0;0;0;19;5.4;1;0.9;114;63;1015
2005;12;354;24;106.1;0;0;0;0;17.6;4.6;1;1.3;17;68;1015
2005;12;355;1;-173.5;0;0;0;0;15.7;3.6;1;0.7;26;75;1015
2005;12;355;2;-104.3;0;0;0;0;13.6;2.1;1;0.7;351;82;1015
2005;12;355;3;-92.2;0;0;0;0;11.5;0.7;1;0.6;354;90;1015
2005;12;355;4;-85.4;0;0;0;0;10.3;-0.3;1;0.4;5;94;1015
2005;12;355;5;-80;0;0;0;0;9.1;-1.5;1;0.4;18;96;1015
2005;12;355;6;-74.4;0;0;0;0;8.2;-2.7;0;0.8;338;95;1015
2005;12;355;7;-68.5;0;0;0;0;7.3;-3.9;0;0.4;26;95;1015
2005;12;355;8;-62.1;1.7;0;9;9;7.3;-3.9;0;0.4;116;96;1015
2005;12;355;9;-54.1;13;128;50;179;9.4;-2.4;0;1.1;27;89;1015
2005;12;355;10;-44.2;23.1;257;86;343;11.4;-1.8;0;1.6;50;82;1015
2005;12;355;11;-31.5;31.3;334;128;463;13.1;-1.7;0;1.4;26;72;1015
2005;12;355;12;-16.4;36.7;364;174;538;14.5;-1.7;2;0.7;355;63;1015
2005;12;355;13;0.4;38.6;408;165;573;15.4;-1.3;1;1.6;339;61;1015
2005;12;355;14;17.5;36.5;321;194;515;15.8;0.9;3;0.9;6;67;1015
2005;12;355;15;32.5;30.8;263;166;429;15.8;1.1;3;0.6;352;67;1015
2005;12;355;16;45.1;22.4;230;100;330;15.3;0.3;0;0.7;338;68;1015
2005;12;355;17;54.5;12.2;99;58;157;14;0.9;0;1.4;115;73;1015
2005;12;355;18;62.4;0.9;0;6;6;12.3;1;1;2.3;116;85;1015
2005;12;355;19;69.2;0;0;0;0;11.9;1.3;1;2.3;71;90;1014
2005;12;355;20;75;0;0;0;0;11.6;1;1;1.8;151;90;1014
2005;12;355;21;80.3;0;0;0;0;11.2;1.6;1;0.7;63;97;1014
2005;12;355;22;86;0;0;0;0;10.8;1.6;2;0.9;121;99;1014
2005;12;355;23;92.6;0;0;0;0;10.5;1.3;2;0.3;95;100;1014
2005;12;355;24;105.5;0;0;0;0;10.1;1;2;1.6;108;100;1014
2005;12;356;1;-175.1;0;0;0;0;10.8;1.8;3;2.3;227;99;1014
2005;12;356;2;-104.3;0;0;0;0;11.6;2.6;3;3;172;97;1014
2005;12;356;3;-92.3;0;0;0;0;12.5;3.4;3;2.5;245;95;1014
2005;12;356;4;-85.4;0;0;0;0;13.1;4.3;4;3.3;294;96;1014
2005;12;356;5;-80.1;0;0;0;0;13.6;4.9;4;2.2;277;95;1014
2005;12;356;6;-74.4;0;0;0;0;14;6.1;4;2.5;301;100;1013
2005;12;356;7;-68.5;0;0;0;0;14.4;6.6;4;2.3;288;100;1013
2005;12;356;8;-62.1;1.7;0;7;7;14.9;6.5;5;2.3;296;94;1013
2005;12;356;9;-54.2;12.9;35;96;131;17.7;8.2;5;1.8;292;82;1013
2005;12;356;10;-44.2;23;119;153;272;20.5;7.4;5;2.6;315;65;1013
2005;12;356;11;-31.6;31.2;241;186;427;23.5;7.2;4;2.2;196;54;1013
2005;12;356;12;-16.4;36.7;262;234;496;25.9;7.7;5;2.5;220;46;1013
2005;12;356;13;0.3;38.6;159;301;460;27.3;8.6;6;3.9;314;41;1013
2005;12;356;14;17.4;36.5;182;263;446;28.4;8.3;6;2.6;263;37;1013
2005;12;356;15;32.4;30.8;68;259;327;28.7;9.3;7;1.6;64;36;1013
2005;12;356;16;45;22.5;40;179;218;28;9.8;8;2.3;67;37;1013
2005;12;356;17;54.5;12.3;4;82;86;26.6;10.6;7;2.3;38;40;1013
2005;12;356;18;62.4;1;0;2;2;25.1;9.7;7;1.6;133;43;1013
2005;12;356;19;69.1;0;0;0;0;24.3;10.4;7;1.9;113;49;1013
2005;12;356;20;75;0;0;0;0;23.4;10.1;6;2.1;234;53;1014
2005;12;356;21;80.3;0;0;0;0;22.6;10;6;1.6;183;57;1014
2005;12;356;22;86;0;0;0;0;21.7;9.6;6;1.8;276;60;1014
2005;12;356;23;92.5;0;0;0;0;20.9;8.7;5;2.2;235;62;1014
2005;12;356;24;105.4;0;0;0;0;20;8;5;2.5;310;64;1014
2005;12;357;1;-176.3;0;0;0;0;18.5;6.7;5;1.9;317;67;1014
2005;12;357;2;-104.4;0;0;0;0;16.6;5;4;2.6;312;71;1014
2005;12;357;3;-92.3;0;0;0;0;14.7;3.4;4;3;285;75;1014
2005;12;357;4;-85.4;0;0;0;0;13.7;2.8;4;3.9;287;79;1015
2005;12;357;5;-80.1;0;0;0;0;12.7;2.3;3;1.9;296;84;1015
2005;12;357;6;-74.4;0;0;0;0;12;2;3;1.8;287;89;1015
2005;12;357;7;-68.6;0;0;0;0;11.3;0.9;3;1.3;298;89;1015
2005;12;357;8;-62.2;1.6;0;6;6;11.4;0.2;2;1.1;280;85;1015
2005;12;357;9;-54.2;12.8;96;63;159;13.5;0.9;2;1.4;319;75;1015
2005;12;357;10;-44.3;22.9;234;98;332;15.8;0.5;2;2.2;290;65;1015
2005;12;357;11;-32.1;31.2;340;126;466;17.8;0.5;2;3.3;317;56;1015
2005;12;357;12;-16.5;36.7;429;136;565;19.4;0.6;1;3.5;287;51;1016
2005;12;357;13;0.2;38.6;470;133;603;20.6;1.3;0;3.9;272;49;1016
2005;12;357;14;17.3;36.5;458;121;579;21.3;1.5;0;3.3;313;46;1016
2005;12;357;15;32.4;30.9;430;73;503;21.6;1.6;0;3.3;225;46;1016
2005;12;357;16;44.6;22.5;297;59;356;21.3;0.9;0;3.7;228;43;1016
2005;12;357;17;54.4;12.4;131;45;176;20.1;0.5;0;3.7;223;43;1016
2005;12;357;18;62.3;1.1;0;6;6;18.6;-0.1;0;3.7;182;47;1016
2005;12;357;19;69.1;0;0;0;0;17.1;0.3;0;2.5;68;55;1016
2005;12;357;20;74.6;0;0;0;0;15.5;-1.2;0;1.6;74;56;1016
2005;12;357;21;80.2;0;0;0;0;14;-2.4;0;1.1;79;59;1016
2005;12;357;22;85.6;0;0;0;0;12.5;-3;0;0.9;122;65;1016
2005;12;357;23;92.5;0;0;0;0;11;-4.1;0;1.8;122;68;1016
2005;12;357;24;105.3;0;0;0;0;9.4;-5.3;0;1.6;162;72;1016
2005;12;358;1;-177.5;0;0;0;0;8.4;-4.9;0;1.9;156;81;1016
2005;12;358;2;-104.6;0;0;0;0;7.3;-5.7;0;1.6;121;85;1016
2005;12;358;3;-92.4;0;0;0;0;6.2;-6.4;0;1.4;222;89;1016
2005;12;358;4;-85.5;0;0;0;0;5.6;-7.3;0;1.3;200;88;1016
2005;12;358;5;-80.1;0;0;0;0;5;-7.9;0;1.3;189;89;1016
2005;12;358;6;-74.5;0;0;0;0;4.5;-8.7;0;1.4;128;87;1016
2005;12;358;7;-68.6;0;0;0;0;4.1;-8.9;0;1.3;93;90;1016
2005;12;358;8;-62.2;1.5;0;7;7;4.1;-8.4;0;0.8;70;93;1016
2005;12;358;9;-54.3;12.8;128;49;177;6.6;-7.5;0;0.2;186;78;1016
2005;12;358;10;-44.3;22.9;293;64;357;9.1;-7.1;0;0.2;251;69;1016
2005;12;358;11;-32.1;31.1;435;73;508;11.4;-7.7;0;0.1;279;56;1016
2005;12;358;12;-17;36.7;525;81;606;13.3;-7.4;0;0.6;279;49;1016
2005;12;358;13;0.1;38.6;543;91;634;14.7;-7.1;0;1.6;309;44;1016
2005;12;358;14;17.2;36.6;529;78;608;15.5;-6.7;0;1.4;283;43;1016
2005;12;358;15;32.3;30.9;446;66;512;15.7;-7.6;0;1.6;160;38;1016
2005;12;358;16;44.5;22.6;306;56;362;15.2;-6.6;0;1.6;237;41;1016
2005;12;358;17;54.4;12.5;132;45;178;13.9;-6.1;0;1.6;200;45;1016
2005;12;358;18;62.3;1.2;0;6;6;12;-6;0;0.8;257;54;1016
2005;12;358;19;69.1;0;0;0;0;11;-5;0;1.1;289;64;1016
2005;12;358;20;74.6;0;0;0;0;9.9;-5.1;0;0.9;284;69;1016
2005;12;358;21;80.2;0;0;0;0;8.9;-5.7;0;1.1;270;73;1016
2005;12;358;22;85.6;0;0;0;0;7.9;-6.2;0;1.8;274;77;1016
2005;12;358;23;92.5;0;0;0;0;6.9;-6.8;0;1.3;251;81;1016
2005;12;358;24;105.3;0;0;0;0;5.9;-7;0;1.1;264;87;1016
2005;12;359;1;-179.2;0;0;0;0;5.4;-7;0;2.3;211;91;1016
2005;12;359;2;-105.1;0;0;0;0;4.8;-7.3;0;3.3;119;94;1016
2005;12;359;3;-92.4;0;0;0;0;4.2;-7.5;0;2.6;73;98;1016
2005;12;359;4;-85.5;0;0;0;0;3.8;-8.1;0;4.3;108;96;1016
2005;12;359;5;-80.2;0;0;0;0;3.5;-8.4;0;3.7;192;97;1016
2005;12;359;6;-74.5;0;0;0;0;3.2;-8.8;0;4.8;242;96;1016
2005;12;359;7;-69;0;0;0;0;2.9;-8.7;0;5.1;281;99;1016
2005;12;359;8;-62.3;1.4;0;7;7;3;-8.5;0;3;292;100;1016
2005;12;359;9;-54.3;12.7;113;56;168;5.3;-6.7;0;2.5;299;92;1016
2005;12;359;10;-44.4;22.8;266;78;344;7.7;-6.5;0;3;303;82;1016
2005;12;359;11;-32.2;31.1;396;94;490;9.9;-6.9;0;2.8;229;67;1016
2005;12;359;12;-17.1;36.6;495;103;598;11.8;-5.6;0;2.8;177;64;1016
2005;12;359;13;0;38.6;516;107;623;13.1;-5.6;0;3;214;57;1016
2005;12;359;14;17.2;36.6;486;107;593;13.9;-5.1;0;3.3;199;54;1016
2005;12;359;15;32.3;31;371;109;480;14.1;-4.2;0;3;230;55;1016
2005;12;359;16;44.5;22.7;244;90;334;13.6;-4.1;0;2.5;290;56;1016
2005;12;359;17;54.3;12.6;101;60;161;12.2;-3.5;0;2.5;299;60;1016
2005;12;359;18;62.3;1.3;0;5;5;10.4;-4.6;0;3.9;342;65;1016
2005;12;359;19;69.1;0;0;0;0;9.6;-4.1;0;2.6;289;73;1016
2005;12;359;20;74.5;0;0;0;0;8.7;-4.2;0;2.3;312;79;1016
2005;12;359;21;80.2;0;0;0;0;7.9;-4.8;0;1.9;287;81;1016
2005;12;359;22;85.6;0;0;0;0;7;-5.5;0;2.1;277;83;1016
2005;12;359;23;92.5;0;0;0;0;6.2;-6.1;0;1.8;230;86;1016
2005;12;359;24;105.2;0;0;0;0;5.3;-6.8;0;1.1;225;88;1016
2005;12;360;1;-179.2;0;0;0;0;5;-7.5;0;0.6;117;86;1016
2005;12;360;2;-105.3;0;0;0;0;4.7;-8.1;0;0.4;148;85;1016
2005;12;360;3;-92.5;0;0;0;0;4.3;-7.7;0;0.4;287;90;1016
2005;12;360;4;-85.6;0;0;0;0;4.2;-7.5;0;0.9;181;93;1016
2005;12;360;5;-80.2;0;0;0;0;4;-7.6;0;0.9;186;94;1016
2005;12;360;6;-74.6;0;0;0;0;3.9;-7.1;0;0.8;184;98;1016
2005;12;360;7;-69.1;0;0;0;0;3.8;-7.3;0;0.9;257;97;1016
2005;12;360;8;-62.3;1.3;0;6;6;4.1;-7.1;0;1.9;287;96;1016
2005;12;360;9;-54.4;12.6;92;63;155;6.9;-4.8;0;1.8;131;88;1016
2005;12;360;10;-44.5;22.7;233;97;330;10;-5.3;0;2.1;84;70;1016
2005;12;360;11;-32.3;31;353;119;473;12.8;-4.6;0;3;108;59;1016
2005;12;360;12;-17.2;36.6;456;124;580;15.4;-4.2;0;1.6;125;50;1016
2005;12;360;13;0;38.7;451;145;595;17.2;-3.9;0;2.1;17;43;1016
2005;12;360;14;17.1;36.7;415;147;562;18.3;-3.9;0;1.8;18;39;1016
2005;12;360;15;32.2;31.1;402;93;495;18.7;-3.5;0;1.4;14;39;1016
2005;12;360;16;44.4;22.8;267;78;345;18.4;-2.3;0;1.1;115;42;1016
2005;12;360;17;54.3;12.7;129;48;177;17.1;-3;0;1.9;233;42;1016
2005;12;360;18;62.3;1.4;0;7;7;15;-3.3;0;3;294;49;1016
2005;12;360;19;69;0;0;0;0;14.2;-2.8;0;2.2;308;56;1016
2005;12;360;20;74.5;0;0;0;0;13.3;-3.6;0;2.6;278;56;1016
2005;12;360;21;80.2;0;0;0;0;12.5;-4.3;0;2.5;295;57;1016
2005;12;360;22;85.5;0;0;0;0;11.7;-4;0;3.3;289;63;1016
2005;12;360;23;92.5;0;0;0;0;10.8;-4.2;0;3.3;315;67;1016
2005;12;360;24;105.2;0;0;0;0;10;-4.9;0;2.8;277;69;1016
2005;12;361;1;-178;0;0;0;0;9;-5.3;0;3.3;201;73;1016
2005;12;361;2;-105.4;0;0;0;0;8;-6.2;0;4.5;265;74;1016
2005;12;361;3;-92.6;0;0;0;0;7;-7.1;0;3.5;235;76;1016
2005;12;361;4;-86;0;0;0;0;6.5;-7.7;0;5.1;298;76;1016
2005;12;361;5;-80.3;0;0;0;0;5.9;-8.3;0;4.5;227;77;1016
2005;12;361;6;-75;0;0;0;0;5.5;-8.6;0;3.9;236;78;1016
2005;12;361;7;-69.1;0;0;0;0;5.1;-8.4;0;2.6;66;81;1016
2005;12;361;8;-62.4;1.2;0;6;6;5.3;-8.4;0;1.9;99;80;1016
2005;12;361;9;-54.4;12.6;109;56;165;7.9;-6.7;0;1.8;75;71;1016
2005;12;361;10;-44.5;22.7;248;88;336;10.6;-6.9;0;2.6;114;59;1016
2005;12;361;11;-32.3;31;381;101;483;13.2;-6.9;0;2.8;90;49;1016
2005;12;361;12;-17.3;36.6;465;115;580;15.3;-5.6;0;2.5;168;45;1016
2005;12;361;13;-0.1;38.7;472;133;605;16.9;-4.5;0;2.8;27;43;1016
2005;12;361;14;17;36.7;414;148;562;17.8;-4.1;1;2.6;128;40;1016
2005;12;361;15;32.2;31.2;387;100;487;18.1;-3.6;0;2.8;114;41;1016
2005;12;361;16;44.4;22.9;273;76;349;17.7;-2.6;0;3.9;19;44;1016
2005;12;361;17;54.3;12.8;130;48;178;16.4;-1.4;0;4.1;336;51;1015
2005;12;361;18;62.3;1.5;0;8;8;14.4;-1.8;1;3.5;10;58;1015
2005;12;361;19;69;0;0;0;0;13.6;-0.3;1;3.7;7;69;1015
2005;12;361;20;74.5;0;0;0;0;12.8;-0.5;1;2.3;22;72;1015
2005;12;361;21;80.2;0;0;0;0;12;-0.9;2;2.5;16;74;1015
2005;12;361;22;85.6;0;0;0;0;11.3;-0.6;2;2.1;1;81;1015
2005;12;361;23;92.5;0;0;0;0;10.5;-2.1;2;3;38;76;1015
2005;12;361;24;105.2;0;0;0;0;9.7;-1.9;3;3.7;121;82;1015
2005;12;362;1;-176.5;0;0;0;0;9.2;-2.1;3;3.5;77;83;1015
2005;12;362;2;-106;0;0;0;0;8.7;-2.2;3;2.8;14;85;1015
2005;12;362;3;-93.1;0;0;0;0;8.2;-2.1;4;4.1;13;89;1015
2005;12;362;4;-86.1;0;0;0;0;7.9;-2.3;4;3.5;138;88;1015
2005;12;362;5;-80.3;0;0;0;0;7.7;-2.4;4;4.1;112;88;1014
2005;12;362;6;-75.1;0;0;0;0;7.5;-1.9;5;4.8;286;91;1014
2005;12;362;7;-69.2;0;0;0;0;7.3;-1.6;5;4.3;308;94;1014
2005;12;362;8;-62.4;1.2;0;4;4;7.5;-1.4;5;3.7;293;93;1014
2005;12;362;9;-54.5;12.5;14;86;100;9.1;0.7;6;3.9;325;93;1014
2005;12;362;10;-45;22.7;84;171;255;11.4;-0.6;6;4.1;332;78;1014
2005;12;362;11;-32.4;31;224;192;416;13.9;-0.7;4;4.8;289;68;1014
2005;12;362;12;-17.3;36.7;314;204;519;16.1;-0.1;3;4.1;315;61;1014
2005;12;362;13;-0.2;38.7;485;142;627;18.2;0.8;0;3;288;59;1014
2005;12;362;14;16.6;36.8;390;183;573;19.3;1.3;0;1.8;296;54;1014
2005;12;362;15;32.1;31.3;125;247;372;19.3;2.9;6;1.3;273;52;1014
2005;12;362;16;44.4;23;35;181;216;18.5;4.8;8;1.1;283;57;1014
2005;12;362;17;54.3;12.9;13;91;104;17.1;5.7;7;0.6;309;65;1014
2005;12;362;18;62.2;1.6;0;2;2;15.5;4.9;7;0.4;324;72;1014
2005;12;362;19;69;0;0;0;0;15.2;6;6;1.3;300;81;1014
2005;12;362;20;74.5;0;0;0;0;15;6;6;0.9;219;84;1014
2005;12;362;21;80.2;0;0;0;0;14.7;5.8;5;2.2;128;85;1014
2005;12;362;22;85.6;0;0;0;0;14.5;4.5;5;2.8;124;79;1014
2005;12;362;23;92.5;0;0;0;0;14.2;4.1;5;3.3;75;80;1014
2005;12;362;24;105.2;0;0;0;0;14;4.2;4;3.9;118;83;1015
2005;12;363;1;-175.3;0;0;0;0;13.8;3.6;4;3.9;146;81;1015
2005;12;363;2;-106.3;0;0;0;0;13.6;3.1;3;3.5;99;81;1015
2005;12;363;3;-93.2;0;0;0;0;13.4;3.3;3;4.5;99;84;1015
2005;12;363;4;-86.2;0;0;0;0;13.3;2.5;3;4.8;107;81;1015
2005;12;363;5;-80.4;0;0;0;0;13.2;1.8;2;2.8;56;77;1015
2005;12;363;6;-75.1;0;0;0;0;13.2;2.5;2;3;113;83;1015
2005;12;363;7;-69.2;0;0;0;0;13.1;2.5;1;3.3;22;84;1015
2005;12;363;8;-62.5;1.1;0;6;6;13.4;2.3;1;3.3;332;82;1015
2005;12;363;9;-54.5;12.5;85;64;149;16.1;3.6;0;3.7;36;72;1015
2005;12;363;10;-45.1;22.6;228;96;324;19.1;3;0;3.7;13;58;1015
2005;12;363;11;-32.5;31;367;111;478;21.9;3.8;0;3.7;340;51;1015
2005;12;363;12;-17.4;36.7;412;148;561;24.2;4.8;0;4.8;357;46;1015
2005;12;363;13;-0.3;38.8;391;177;568;25.7;5.7;0;4.8;1;42;1015
2005;12;363;14;16.5;36.9;394;161;555;26.7;5.8;0;5.9;339;40;1015
2005;12;363;15;32.1;31.4;365;114;480;27.2;6.3;0;6.5;348;39;1015
2005;12;363;16;44.3;23.1;247;93;340;26.8;7.2;0;6.3;346;42;1015
2005;12;363;17;54.3;13;114;62;176;25.7;7.3;0;6.5;335;44;1015
2005;12;363;18;62.2;1.7;0;9;9;23.8;7.5;1;6.5;29;51;1015
2005;12;363;19;69;0;0;0;0;23.2;8.7;1;5.6;11;59;1015
2005;12;363;20;74.5;0;0;0;0;22.6;8.5;1;6.2;348;60;1015
2005;12;363;21;80.2;0;0;0;0;22.1;8.5;2;5.6;356;62;1015
2005;12;363;22;85.6;0;0;0;0;21.5;8.5;2;4.5;333;64;1015
2005;12;363;23;92.5;0;0;0;0;20.9;8.8;3;4.8;102;68;1015
2005;12;363;24;105.2;0;0;0;0;20.3;9.5;3;2.6;85;74;1015
2005;12;364;1;-174.2;0;0;0;0;19.6;9.6;3;4.1;16;79;1015
2005;12;364;2;-106.5;0;0;0;0;18.9;9.5;4;3.5;24;82;1015
2005;12;364;3;-93.3;0;0;0;0;18.3;9.3;4;3.3;4;84;1014
2005;12;364;4;-86.2;0;0;0;0;17.9;9.7;4;3.5;334;88;1014
2005;12;364;5;-80.4;0;0;0;0;17.6;10.4;5;5.1;12;94;1014
2005;12;364;6;-75.2;0;0;0;0;17.3;10.3;5;3.5;1;94;1014
2005;12;364;7;-69.3;0;0;0;0;17.1;10.2;6;3.3;40;94;1014
2005;12;364;8;-62.5;1;0;6;6;17.3;10.3;6;3.7;357;91;1014
2005;12;364;9;-55;12.4;8;83;90;18.6;11.2;6;2.8;27;86;1014
2005;12;364;10;-45.2;22.6;65;173;238;20.6;10.3;7;2.8;3;77;1014
2005;12;364;11;-32.6;31;184;209;392;22.7;9.7;5;3.3;65;68;1014
2005;12;364;12;-17.5;36.7;184;271;455;24.4;9.9;6;3.3;116;59;1014
2005;12;364;13;-0.4;38.8;398;200;598;26.3;8.4;2;3.3;344;52;1014
2005;12;364;14;16.4;37;395;182;577;27.5;8.9;1;3.3;52;49;1014
2005;12;364;15;32;31.5;172;228;400;27.7;11.1;5;2.5;79;49;1014
2005;12;364;16;44.3;23.2;118;155;274;27.3;11.5;5;2.8;73;50;1014
2005;12;364;17;54.2;13.2;89;73;163;26.4;10.6;5;2.8;66;51;1014
2005;12;364;18;62.2;1.9;0;14;14;25;10.1;5;2.8;359;55;1014
2005;12;364;19;69;0;0;0;0;24;10.4;4;2.8;109;62;1014
2005;12;364;20;74.5;0;0;0;0;23;9.3;4;4.1;27;62;1014
2005;12;364;21;80.2;0;0;0;0;22.1;7.5;4;3.9;334;59;1014
2005;12;364;22;86;0;0;0;0;21.1;6.4;3;4.5;357;59;1014
2005;12;364;23;92.5;0;0;0;0;20.1;6.1;3;3.7;17;63;1015
2005;12;364;24;105.2;0;0;0;0;19.1;5.4;3;2.6;348;65;1015
2005;12;365;1;-173.1;0;0;0;0;18.2;5.6;3;2.8;49;72;1015
2005;12;365;2;-107.1;0;0;0;0;17.1;4.5;2;3.3;17;73;1015
2005;12;365;3;-93.4;0;0;0;0;16;3.8;2;4.1;93;76;1015
2005;12;365;4;-86.3;0;0;0;0;15.5;3.2;2;3.5;356;76;1015
2005;12;365;5;-80.5;0;0;0;0;14.9;2.8;1;4.1;104;78;1015
2005;12;365;6;-75.2;0;0;0;0;14.6;2.5;1;3.5;134;79;1015
2005;12;365;7;-69.4;0;0;0;0;14.2;2.7;1;2.6;83;83;1015
2005;12;365;8;-62.6;1;0;6;6;14.4;2.5;1;3.9;58;80;1015
2005;12;365;9;-55.1;12.4;109;54;162;16.9;4.1;0;3.7;92;72;1015
2005;12;365;10;-45.2;22.6;236;93;329;19.4;4;0;3.7;6;62;1015
2005;12;365;11;-33.1;31;366;112;478;21.7;4;0;2.3;53;53;1015
2005;12;365;12;-18;36.7;401;155;556;23.6;4.5;0;2.3;100;47;1015
2005;12;365;13;-0.4;38.9;482;134;616;25.1;4.5;0;2.3;144;43;1015
2005;12;365;14;16.4;37.1;403;158;561;26;5.8;0;2.6;87;42;1015
2005;12;365;15;31.6;31.6;362;121;482;26.4;5.5;0;3;71;40;1015
2005;12;365;16;44.3;23.4;228;104;332;26;6.9;0;3.9;76;43;1015
2005;12;365;17;54.2;13.3;93;68;162;24.8;7.8;0;3.3;116;47;1015
2005;12;365;18;62.2;2;0;6;6;23.2;6.9;0;3;227;50;1015
2005;12;365;19;69;0;0;0;0;21.4;7;0;3.5;295;59;1015
2005;12;365;20;74.6;0;0;0;0;19.6;6.7;0;2.3;129;68;1015
2005;12;365;21;80.2;0;0;0;0;17.9;5.6;0;1.9;69;73;1015
2005;12;365;22;86;0;0;0;0;15.9;4.8;0;0.7;165;82;1014
2005;12;365;23;92.6;0;0;0;0;14;3.7;0;0.3;118;89;1014
2005;12;365;24;105.3;0;0;0;0;12.1;2;0;0.6;133;94;1014
